-- phpMyAdmin SQL Dump
-- version 2.8.0.1
-- http://www.phpmyadmin.net
-- 
-- Host: localhost
-- Generation Time: Aug 20, 2007 at 02:07 PM
-- Server version: 4.1.20
-- PHP Version: 4.3.11
-- 
-- Database: `mahsie_demo`
-- 

-- --------------------------------------------------------

-- 
-- Table structure for table `CustomerDetails`
-- 

CREATE TABLE `CustomerDetails` (
  `customerid` int(19) NOT NULL default '0',
  `portal` char(3) default NULL,
  `support_start_date` date default NULL,
  `support_end_date` date default NULL,
  PRIMARY KEY  (`customerid`)
) ENGINE=MyISAM DEFAULT CHARSET=latin1;

-- 
-- Dumping data for table `CustomerDetails`
-- 

INSERT INTO `CustomerDetails` VALUES (11, '0', '0000-00-00', '0000-00-00');
INSERT INTO `CustomerDetails` VALUES (12, '0', '0000-00-00', '0000-00-00');
INSERT INTO `CustomerDetails` VALUES (13, '0', '0000-00-00', '0000-00-00');
INSERT INTO `CustomerDetails` VALUES (14, '0', '0000-00-00', '0000-00-00');
INSERT INTO `CustomerDetails` VALUES (15, '0', '0000-00-00', '0000-00-00');
INSERT INTO `CustomerDetails` VALUES (16, '0', '0000-00-00', '0000-00-00');
INSERT INTO `CustomerDetails` VALUES (17, '0', '0000-00-00', '0000-00-00');
INSERT INTO `CustomerDetails` VALUES (18, '0', '0000-00-00', '0000-00-00');
INSERT INTO `CustomerDetails` VALUES (19, '0', '0000-00-00', '0000-00-00');
INSERT INTO `CustomerDetails` VALUES (20, '0', '0000-00-00', '0000-00-00');
INSERT INTO `CustomerDetails` VALUES (5035, '0', '2006-09-06', '2006-09-06');
INSERT INTO `CustomerDetails` VALUES (5263, '0', '2006-09-06', '2006-09-06');
INSERT INTO `CustomerDetails` VALUES (5264, '0', '2006-09-06', '2006-09-06');
INSERT INTO `CustomerDetails` VALUES (6481, '0', '2006-11-29', '2006-11-29');
INSERT INTO `CustomerDetails` VALUES (6491, '0', '2006-11-29', '2006-11-29');
INSERT INTO `CustomerDetails` VALUES (4803, '0', '2006-12-01', '2006-12-01');
INSERT INTO `CustomerDetails` VALUES (6517, '0', '2006-12-04', '2006-12-04');
INSERT INTO `CustomerDetails` VALUES (4590, '0', '2006-12-04', '2006-12-04');
INSERT INTO `CustomerDetails` VALUES (4191, '0', '2006-12-05', '2006-12-05');
INSERT INTO `CustomerDetails` VALUES (6565, '0', '2006-12-06', '2006-12-06');
INSERT INTO `CustomerDetails` VALUES (6568, '0', '2006-12-06', '2006-12-06');
INSERT INTO `CustomerDetails` VALUES (6587, '0', '2006-12-06', '2006-12-06');
INSERT INTO `CustomerDetails` VALUES (4668, '0', '2006-12-12', '2006-12-12');
INSERT INTO `CustomerDetails` VALUES (4310, '0', '2006-12-12', '2006-12-12');
INSERT INTO `CustomerDetails` VALUES (6619, '0', '2006-12-13', '2006-12-13');
INSERT INTO `CustomerDetails` VALUES (6620, '0', '2006-12-13', '2006-12-13');
INSERT INTO `CustomerDetails` VALUES (6627, '0', '2006-12-13', '2006-12-13');
INSERT INTO `CustomerDetails` VALUES (5024, '0', '2006-12-13', '2006-12-13');
INSERT INTO `CustomerDetails` VALUES (6634, '0', '2006-12-13', '2006-12-13');
INSERT INTO `CustomerDetails` VALUES (6644, '0', '2006-12-13', '2006-12-13');
INSERT INTO `CustomerDetails` VALUES (6646, '0', '2006-12-14', '2006-12-14');
INSERT INTO `CustomerDetails` VALUES (6647, '0', '2006-12-14', '2006-12-14');
INSERT INTO `CustomerDetails` VALUES (6648, '0', '2006-12-14', '2006-12-14');
INSERT INTO `CustomerDetails` VALUES (4874, '0', '2006-12-14', '2006-12-14');
INSERT INTO `CustomerDetails` VALUES (4487, '0', '2007-01-10', '2007-01-10');
INSERT INTO `CustomerDetails` VALUES (4589, '0', '2007-01-10', '2007-01-10');
INSERT INTO `CustomerDetails` VALUES (6832, '0', '2007-01-15', '2007-01-15');
INSERT INTO `CustomerDetails` VALUES (4786, '0', '2007-01-15', '2007-01-15');
INSERT INTO `CustomerDetails` VALUES (5071, '0', '2007-01-17', '2007-01-17');
INSERT INTO `CustomerDetails` VALUES (4609, '0', '2007-01-17', '2007-01-17');
INSERT INTO `CustomerDetails` VALUES (4785, '0', '2007-01-17', '2007-01-17');
INSERT INTO `CustomerDetails` VALUES (6861, '0', '2007-01-18', '2007-01-18');
INSERT INTO `CustomerDetails` VALUES (4098, '0', '2007-01-18', '2007-01-18');
INSERT INTO `CustomerDetails` VALUES (4071, '0', '2007-01-18', '2007-01-18');
INSERT INTO `CustomerDetails` VALUES (6885, '0', '2007-01-24', '2007-01-24');
INSERT INTO `CustomerDetails` VALUES (4035, '0', '2007-01-24', '2007-01-24');
INSERT INTO `CustomerDetails` VALUES (6895, '0', '2007-01-25', '2007-01-25');
INSERT INTO `CustomerDetails` VALUES (6899, '0', '2007-01-25', '2007-01-25');
INSERT INTO `CustomerDetails` VALUES (6946, '0', '2007-02-01', '2007-02-01');
INSERT INTO `CustomerDetails` VALUES (6950, '0', '2007-02-01', '2007-02-01');
INSERT INTO `CustomerDetails` VALUES (6962, '0', '2007-02-02', '2007-02-02');
INSERT INTO `CustomerDetails` VALUES (6966, '0', '2007-02-02', '2007-02-02');
INSERT INTO `CustomerDetails` VALUES (6985, '0', '2007-02-06', '2007-02-06');
INSERT INTO `CustomerDetails` VALUES (6986, '0', '2007-02-06', '2007-02-06');
INSERT INTO `CustomerDetails` VALUES (5103, '0', '2007-02-11', '2007-02-11');
INSERT INTO `CustomerDetails` VALUES (7032, '0', '2007-02-13', '2007-02-13');
INSERT INTO `CustomerDetails` VALUES (7053, '0', '2007-02-14', '2007-02-14');
INSERT INTO `CustomerDetails` VALUES (4395, '0', '2007-02-14', '2007-02-14');
INSERT INTO `CustomerDetails` VALUES (7063, '0', '2007-02-16', '2007-02-16');
INSERT INTO `CustomerDetails` VALUES (7080, '0', '2007-02-19', '2007-02-19');
INSERT INTO `CustomerDetails` VALUES (7091, '0', '2007-02-21', '2007-02-21');
INSERT INTO `CustomerDetails` VALUES (4019, '0', '2007-02-21', '2007-02-21');
INSERT INTO `CustomerDetails` VALUES (7097, '0', '2007-02-21', '2007-02-21');
INSERT INTO `CustomerDetails` VALUES (7099, '0', '2007-02-22', '2007-02-22');
INSERT INTO `CustomerDetails` VALUES (7107, '0', '2007-02-22', '2007-02-22');
INSERT INTO `CustomerDetails` VALUES (7111, '0', '2007-02-22', '2007-02-22');
INSERT INTO `CustomerDetails` VALUES (4692, '0', '2007-02-22', '2007-02-22');
INSERT INTO `CustomerDetails` VALUES (7119, '0', '2007-02-23', '2007-02-23');
INSERT INTO `CustomerDetails` VALUES (7135, '0', '2007-02-26', '2007-02-26');
INSERT INTO `CustomerDetails` VALUES (7140, '0', '2007-02-26', '2007-02-26');
INSERT INTO `CustomerDetails` VALUES (4915, '0', '2007-02-27', '2007-02-27');
INSERT INTO `CustomerDetails` VALUES (7152, '0', '2007-02-27', '2007-02-27');
INSERT INTO `CustomerDetails` VALUES (7162, '0', '2007-03-01', '2007-03-01');
INSERT INTO `CustomerDetails` VALUES (7167, '0', '2007-03-01', '2007-03-01');
INSERT INTO `CustomerDetails` VALUES (7179, '0', '2007-03-05', '2007-03-05');
INSERT INTO `CustomerDetails` VALUES (4916, '0', '2007-03-06', '2007-03-06');
INSERT INTO `CustomerDetails` VALUES (4491, '0', '2007-03-06', '2007-03-06');
INSERT INTO `CustomerDetails` VALUES (4419, '0', '2007-03-06', '2007-03-06');
INSERT INTO `CustomerDetails` VALUES (7195, '0', '2007-03-08', '2007-03-08');
INSERT INTO `CustomerDetails` VALUES (4820, '0', '2007-03-09', '2007-03-09');
INSERT INTO `CustomerDetails` VALUES (7702, '0', '2007-03-09', '2007-03-09');
INSERT INTO `CustomerDetails` VALUES (4219, '0', '2007-03-09', '2007-03-09');
INSERT INTO `CustomerDetails` VALUES (4601, '0', '2007-03-13', '2007-03-13');
INSERT INTO `CustomerDetails` VALUES (7759, '0', '2007-03-14', '2007-03-14');
INSERT INTO `CustomerDetails` VALUES (7762, '0', '2007-03-14', '2007-03-14');
INSERT INTO `CustomerDetails` VALUES (7774, '0', '2007-03-15', '2007-03-15');
INSERT INTO `CustomerDetails` VALUES (7775, '0', '2007-03-15', '2007-03-15');
INSERT INTO `CustomerDetails` VALUES (7776, '0', '2007-03-15', '2007-03-15');
INSERT INTO `CustomerDetails` VALUES (7786, '0', '2007-03-15', '2007-03-15');
INSERT INTO `CustomerDetails` VALUES (7794, '0', '2007-03-19', '2007-03-19');
INSERT INTO `CustomerDetails` VALUES (7801, '0', '2007-03-19', '2007-03-19');
INSERT INTO `CustomerDetails` VALUES (7802, '0', '2007-03-19', '2007-03-19');
INSERT INTO `CustomerDetails` VALUES (3955, '0', '2007-03-19', '2007-03-19');
INSERT INTO `CustomerDetails` VALUES (7806, '0', '2007-03-19', '2007-03-19');
INSERT INTO `CustomerDetails` VALUES (7807, '0', '2007-03-19', '2007-03-19');

-- --------------------------------------------------------

-- 
-- Table structure for table `PortalInfo`
-- 

CREATE TABLE `PortalInfo` (
  `id` int(11) NOT NULL default '0',
  `user_name` varchar(50) default NULL,
  `user_password` varchar(30) default NULL,
  `type` varchar(5) default NULL,
  `last_login_time` datetime NOT NULL default '0000-00-00 00:00:00',
  `login_time` datetime NOT NULL default '0000-00-00 00:00:00',
  `logout_time` datetime NOT NULL default '0000-00-00 00:00:00',
  `isactive` int(1) default NULL,
  PRIMARY KEY  (`id`)
) ENGINE=MyISAM DEFAULT CHARSET=latin1;

-- 
-- Dumping data for table `PortalInfo`
-- 


-- --------------------------------------------------------

-- 
-- Table structure for table `account`
-- 

CREATE TABLE `account` (
  `accountid` int(19) NOT NULL default '0',
  `accountname` varchar(100) NOT NULL default '',
  `parentid` int(19) default '0',
  `account_type` varchar(50) default NULL,
  `industry` varchar(50) default NULL,
  `annualrevenue` int(19) default '0',
  `rating` varchar(50) default NULL,
  `ownership` varchar(50) default NULL,
  `siccode` int(10) default '0',
  `tickersymbol` varchar(30) default NULL,
  `phone` varchar(30) default NULL,
  `otherphone` varchar(30) default NULL,
  `email1` varchar(100) default NULL,
  `email2` varchar(100) default NULL,
  `website` varchar(30) default NULL,
  `fax` varchar(30) default NULL,
  `employees` int(10) default '0',
  PRIMARY KEY  (`accountid`),
  KEY `account_type` (`account_type`)
) ENGINE=InnoDB DEFAULT CHARSET=latin1;

-- 
-- Dumping data for table `account`
-- 

INSERT INTO `account` VALUES (1, 'vtiger', 0, '', 'Food & Beverage', 0, '', '', 0, '', '(447) 916-9499', '', '', '', 'www.vtiger.com', '', 0);
INSERT INTO `account` VALUES (3, 't3M Invest A/S', 0, '', 'Food & Beverage', 0, '', '', 0, '', '(036) 055-9562', '', '', '', 'www.t3minvesta/s.com', '', 0);
INSERT INTO `account` VALUES (5, 'EDFG Group Limited', 0, '', 'Entertainment', 0, '', '', 0, '', '(302) 412-5705', '', '', '', 'www.edfggrouplimited.com', '', 0);
INSERT INTO `account` VALUES (7, 'vtigerCRM Inc', 0, '', 'Finance', 0, '', '', 0, '', '(660) 674-6537', '', '', '', 'www.vtigercrminc.com', '', 0);
INSERT INTO `account` VALUES (9, 'X-CEED INC 99', 0, '', 'Shipping', 0, '', '', 0, '', '(225) 917-3166', '', '', '', 'www.x-ceedinc99.com', '', 0);

-- --------------------------------------------------------

-- 
-- Table structure for table `accountbillads`
-- 

CREATE TABLE `accountbillads` (
  `accountaddressid` int(19) NOT NULL default '0',
  `city` varchar(30) default NULL,
  `code` varchar(30) default NULL,
  `country` varchar(30) default NULL,
  `state` varchar(30) default NULL,
  `street` varchar(250) default NULL,
  PRIMARY KEY  (`accountaddressid`)
) ENGINE=InnoDB DEFAULT CHARSET=latin1;

-- 
-- Dumping data for table `accountbillads`
-- 


-- --------------------------------------------------------

-- 
-- Table structure for table `accountdepstatus`
-- 

CREATE TABLE `accountdepstatus` (
  `deploymentstatusid` int(19) NOT NULL auto_increment,
  `deploymentstatus` varchar(200) NOT NULL default '',
  `sortorderid` int(19) NOT NULL default '0',
  `presence` int(1) NOT NULL default '1',
  PRIMARY KEY  (`deploymentstatusid`),
  UNIQUE KEY `AccountDepStatus_UK0` (`deploymentstatus`)
) ENGINE=InnoDB DEFAULT CHARSET=latin1 AUTO_INCREMENT=1 ;

-- 
-- Dumping data for table `accountdepstatus`
-- 


-- --------------------------------------------------------

-- 
-- Table structure for table `accountgroups`
-- 

CREATE TABLE `accountgroups` (
  `groupname` char(30) NOT NULL default '',
  `sectioninaccounts` int(11) NOT NULL default '0',
  `pandl` tinyint(4) NOT NULL default '1',
  `sequenceintb` smallint(6) NOT NULL default '0',
  PRIMARY KEY  (`groupname`),
  KEY `SequenceInTB` (`sequenceintb`),
  KEY `sectioninaccounts` (`sectioninaccounts`)
) ENGINE=InnoDB DEFAULT CHARSET=latin1;

-- 
-- Dumping data for table `accountgroups`
-- 

INSERT INTO `accountgroups` VALUES ('', 1, 0, 0);
INSERT INTO `accountgroups` VALUES ('Accounts Payable', 30, 0, 2000);
INSERT INTO `accountgroups` VALUES ('Accounts Receivable', 10, 0, 1200);
INSERT INTO `accountgroups` VALUES ('Administration', 100, 1, 8500);
INSERT INTO `accountgroups` VALUES ('Board of Directors', 100, 1, 8700);
INSERT INTO `accountgroups` VALUES ('Capital Assets', 20, 0, 1600);
INSERT INTO `accountgroups` VALUES ('Cash and Bank', 10, 0, 1000);
INSERT INTO `accountgroups` VALUES ('Co-Executive Director 1', 100, 1, 8000);
INSERT INTO `accountgroups` VALUES ('Co-Executive Director 2', 100, 1, 8100);
INSERT INTO `accountgroups` VALUES ('Cost of Goods Sold', 70, 1, 5000);
INSERT INTO `accountgroups` VALUES ('Equity', 50, 0, 3000);
INSERT INTO `accountgroups` VALUES ('Finance', 100, 1, 8200);
INSERT INTO `accountgroups` VALUES ('Human Resources', 100, 1, 8600);
INSERT INTO `accountgroups` VALUES ('Information Technology', 100, 1, 8400);
INSERT INTO `accountgroups` VALUES ('Inventory', 10, 0, 1500);
INSERT INTO `accountgroups` VALUES ('Investments', 10, 0, 1100);
INSERT INTO `accountgroups` VALUES ('Lines of Credit', 40, 0, 2100);
INSERT INTO `accountgroups` VALUES ('Loans Payable', 45, 0, 2200);
INSERT INTO `accountgroups` VALUES ('Marketing Expenses', 80, 1, 6000);
INSERT INTO `accountgroups` VALUES ('Operating Expenses', 90, 1, 7000);
INSERT INTO `accountgroups` VALUES ('Other Assets', 25, 0, 1900);
INSERT INTO `accountgroups` VALUES ('Other Revenue', 60, 1, 4700);
INSERT INTO `accountgroups` VALUES ('Prepaid Expenses', 10, 0, 1300);
INSERT INTO `accountgroups` VALUES ('Sales', 60, 1, 4000);
INSERT INTO `accountgroups` VALUES ('Sales Expenses', 80, 1, 6000);

-- --------------------------------------------------------

-- 
-- Table structure for table `accountownership`
-- 

CREATE TABLE `accountownership` (
  `acctownershipid` int(19) NOT NULL auto_increment,
  `ownership` varchar(200) NOT NULL default '',
  `sortorderid` int(19) NOT NULL default '0',
  `presence` int(1) NOT NULL default '1',
  PRIMARY KEY  (`acctownershipid`),
  UNIQUE KEY `AccountOwnership_UK0` (`ownership`)
) ENGINE=InnoDB DEFAULT CHARSET=latin1 AUTO_INCREMENT=1 ;

-- 
-- Dumping data for table `accountownership`
-- 


-- --------------------------------------------------------

-- 
-- Table structure for table `accountrating`
-- 

CREATE TABLE `accountrating` (
  `accountratingid` int(19) NOT NULL auto_increment,
  `rating` varchar(200) NOT NULL default '',
  `sortorderid` int(19) NOT NULL default '0',
  `presence` int(1) NOT NULL default '1',
  PRIMARY KEY  (`accountratingid`),
  UNIQUE KEY `AccountRating_UK0` (`rating`)
) ENGINE=InnoDB DEFAULT CHARSET=latin1 AUTO_INCREMENT=1 ;

-- 
-- Dumping data for table `accountrating`
-- 


-- --------------------------------------------------------

-- 
-- Table structure for table `accountregion`
-- 

CREATE TABLE `accountregion` (
  `accountregionid` int(19) NOT NULL auto_increment,
  `region` varchar(200) NOT NULL default '',
  `sortorderid` int(19) NOT NULL default '0',
  `presence` int(1) NOT NULL default '1',
  PRIMARY KEY  (`accountregionid`),
  UNIQUE KEY `AccountRegion_UK0` (`region`)
) ENGINE=InnoDB DEFAULT CHARSET=latin1 AUTO_INCREMENT=1 ;

-- 
-- Dumping data for table `accountregion`
-- 


-- --------------------------------------------------------

-- 
-- Table structure for table `accountscf`
-- 

CREATE TABLE `accountscf` (
  `accountid` int(19) NOT NULL default '0',
  `cf_374` varchar(255) default NULL,
  `cf_382` char(3) default NULL,
  `cf_384` char(3) default NULL,
  `cf_386` char(3) default NULL,
  PRIMARY KEY  (`accountid`)
) ENGINE=InnoDB DEFAULT CHARSET=latin1;

-- 
-- Dumping data for table `accountscf`
-- 

INSERT INTO `accountscf` VALUES (1027, 'English', '0', '0', '0');
INSERT INTO `accountscf` VALUES (1053, 'English', '0', '0', '0');
INSERT INTO `accountscf` VALUES (1056, 'English', '0', '0', '0');
INSERT INTO `accountscf` VALUES (1058, 'English', '0', '0', '0');
INSERT INTO `accountscf` VALUES (1060, 'English', '0', '0', '0');
INSERT INTO `accountscf` VALUES (1062, 'English', '0', '0', '0');
INSERT INTO `accountscf` VALUES (1064, 'English', NULL, NULL, NULL);
INSERT INTO `accountscf` VALUES (1068, 'English', NULL, NULL, NULL);
INSERT INTO `accountscf` VALUES (1070, 'English', NULL, NULL, NULL);
INSERT INTO `accountscf` VALUES (1077, NULL, NULL, NULL, NULL);
INSERT INTO `accountscf` VALUES (1080, 'English', NULL, NULL, NULL);
INSERT INTO `accountscf` VALUES (1084, 'English', NULL, NULL, NULL);
INSERT INTO `accountscf` VALUES (1087, 'English', NULL, NULL, NULL);
INSERT INTO `accountscf` VALUES (1094, 'English', NULL, NULL, NULL);
INSERT INTO `accountscf` VALUES (1103, 'English', NULL, NULL, NULL);
INSERT INTO `accountscf` VALUES (1109, 'English', NULL, NULL, NULL);
INSERT INTO `accountscf` VALUES (1113, NULL, NULL, NULL, NULL);
INSERT INTO `accountscf` VALUES (1117, 'English', '0', '0', '0');
INSERT INTO `accountscf` VALUES (1118, 'English', NULL, NULL, NULL);
INSERT INTO `accountscf` VALUES (1121, 'English', NULL, NULL, NULL);
INSERT INTO `accountscf` VALUES (1128, 'English', NULL, NULL, NULL);
INSERT INTO `accountscf` VALUES (1131, 'English', NULL, NULL, NULL);

-- --------------------------------------------------------

-- 
-- Table structure for table `accountsection`
-- 

CREATE TABLE `accountsection` (
  `sectionid` int(11) NOT NULL default '0',
  `sectionname` text NOT NULL,
  PRIMARY KEY  (`sectionid`)
) ENGINE=InnoDB DEFAULT CHARSET=latin1;

-- 
-- Dumping data for table `accountsection`
-- 

INSERT INTO `accountsection` VALUES (1, 'Income');
INSERT INTO `accountsection` VALUES (2, 'Cost Of Sales');
INSERT INTO `accountsection` VALUES (10, 'Current Assets');
INSERT INTO `accountsection` VALUES (20, 'Capital Assets');
INSERT INTO `accountsection` VALUES (25, 'Other Assets');
INSERT INTO `accountsection` VALUES (30, 'Current Liabilities');
INSERT INTO `accountsection` VALUES (40, 'Lines of Credit');
INSERT INTO `accountsection` VALUES (45, 'Loans Payable');
INSERT INTO `accountsection` VALUES (50, 'Equity');
INSERT INTO `accountsection` VALUES (60, 'Sales');
INSERT INTO `accountsection` VALUES (70, 'Cost of Goods Sold');
INSERT INTO `accountsection` VALUES (80, 'Sales and Marketing');
INSERT INTO `accountsection` VALUES (90, 'Operations');
INSERT INTO `accountsection` VALUES (100, 'Management and Administration');

-- --------------------------------------------------------

-- 
-- Table structure for table `accountshipads`
-- 

CREATE TABLE `accountshipads` (
  `accountaddressid` int(19) NOT NULL default '0',
  `city` varchar(30) default NULL,
  `code` varchar(30) default NULL,
  `country` varchar(30) default NULL,
  `state` varchar(30) default NULL,
  `street` varchar(250) default NULL,
  PRIMARY KEY  (`accountaddressid`)
) ENGINE=InnoDB DEFAULT CHARSET=latin1;

-- 
-- Dumping data for table `accountshipads`
-- 


-- --------------------------------------------------------

-- 
-- Table structure for table `accounttype`
-- 

CREATE TABLE `accounttype` (
  `accounttypeid` int(19) NOT NULL auto_increment,
  `accounttype` varchar(200) NOT NULL default '',
  `sortorderid` int(19) NOT NULL default '0',
  `presence` int(1) NOT NULL default '1',
  PRIMARY KEY  (`accounttypeid`),
  UNIQUE KEY `AccountType_UK0` (`accounttype`)
) ENGINE=InnoDB DEFAULT CHARSET=latin1 AUTO_INCREMENT=135 ;

-- 
-- Dumping data for table `accounttype`
-- 

INSERT INTO `accounttype` VALUES (131, '--None--', 0, 1);
INSERT INTO `accounttype` VALUES (132, 'Retail', 1, 1);
INSERT INTO `accounttype` VALUES (133, 'Distributor', 2, 1);
INSERT INTO `accounttype` VALUES (134, 'Other', 3, 1);

-- --------------------------------------------------------

-- 
-- Table structure for table `activity`
-- 

CREATE TABLE `activity` (
  `activityid` int(19) NOT NULL default '0',
  `subject` varchar(100) NOT NULL default '',
  `semodule` varchar(20) default NULL,
  `activitytype` varchar(50) NOT NULL default '',
  `description` longtext,
  `date_start` date NOT NULL default '0000-00-00',
  `due_date` date default NULL,
  `time_start` varchar(50) NOT NULL default '',
  `sendnotification` varchar(50) NOT NULL default 'false',
  `duration_hours` char(2) default NULL,
  `duration_minutes` char(2) default NULL,
  `status` varchar(100) default NULL,
  `eventstatus` varchar(100) default NULL,
  `priority` varchar(150) default NULL,
  `location` varchar(150) default NULL,
  PRIMARY KEY  (`activityid`),
  KEY `Activity_IDX0` (`activityid`,`subject`),
  KEY `activitytype` (`activitytype`,`date_start`),
  KEY `date_start` (`date_start`,`due_date`),
  KEY `date_start2` (`date_start`,`time_start`),
  KEY `eventstatus` (`eventstatus`),
  KEY `status` (`status`,`eventstatus`)
) ENGINE=InnoDB DEFAULT CHARSET=latin1;

-- 
-- Dumping data for table `activity`
-- 


-- --------------------------------------------------------

-- 
-- Table structure for table `activity_reminder`
-- 

CREATE TABLE `activity_reminder` (
  `activity_id` int(11) NOT NULL default '0',
  `reminder_time` int(11) NOT NULL default '0',
  `reminder_sent` int(2) NOT NULL default '0',
  `recurringid` int(19) NOT NULL default '0'
) ENGINE=MyISAM DEFAULT CHARSET=latin1;

-- 
-- Dumping data for table `activity_reminder`
-- 


-- --------------------------------------------------------

-- 
-- Table structure for table `activitygrouprelation`
-- 

CREATE TABLE `activitygrouprelation` (
  `activityid` int(19) default NULL,
  `groupname` varchar(100) default NULL,
  KEY `activitygrouprelation_IDX0` (`activityid`),
  KEY `activitygrouprelation_IDX1` (`groupname`)
) ENGINE=InnoDB DEFAULT CHARSET=latin1;

-- 
-- Dumping data for table `activitygrouprelation`
-- 


-- --------------------------------------------------------

-- 
-- Table structure for table `activityproductrel`
-- 

CREATE TABLE `activityproductrel` (
  `activityid` int(19) NOT NULL default '0',
  `productid` int(19) NOT NULL default '0',
  PRIMARY KEY  (`activityid`,`productid`),
  KEY `activityproductrel_IDX0` (`activityid`),
  KEY `activityproductRel_IDX1` (`productid`)
) ENGINE=InnoDB DEFAULT CHARSET=latin1;

-- 
-- Dumping data for table `activityproductrel`
-- 


-- --------------------------------------------------------

-- 
-- Table structure for table `activitytype`
-- 

CREATE TABLE `activitytype` (
  `activitytypeid` int(19) NOT NULL auto_increment,
  `activitytype` varchar(200) NOT NULL default '',
  `sortorderid` int(19) NOT NULL default '0',
  `presence` int(1) NOT NULL default '1',
  PRIMARY KEY  (`activitytypeid`),
  UNIQUE KEY `ActivityType_UK0` (`activitytype`)
) ENGINE=InnoDB DEFAULT CHARSET=latin1 AUTO_INCREMENT=3 ;

-- 
-- Dumping data for table `activitytype`
-- 

INSERT INTO `activitytype` VALUES (1, 'Call', 0, 1);
INSERT INTO `activitytype` VALUES (2, 'Meeting', 1, 1);

-- --------------------------------------------------------

-- 
-- Table structure for table `activsubtype`
-- 

CREATE TABLE `activsubtype` (
  `activesubtypeid` int(19) NOT NULL auto_increment,
  `activsubtype` varchar(100) default NULL,
  `sortorderid` int(19) NOT NULL default '0',
  `presence` int(1) NOT NULL default '1',
  PRIMARY KEY  (`activesubtypeid`)
) ENGINE=MyISAM DEFAULT CHARSET=latin1 AUTO_INCREMENT=1 ;

-- 
-- Dumping data for table `activsubtype`
-- 


-- --------------------------------------------------------

-- 
-- Table structure for table `areas`
-- 

CREATE TABLE `areas` (
  `areacode` char(2) NOT NULL default '',
  `areadescription` varchar(25) NOT NULL default '',
  `ordering` int(8) NOT NULL default '100',
  PRIMARY KEY  (`areacode`)
) ENGINE=InnoDB DEFAULT CHARSET=latin1;

-- 
-- Dumping data for table `areas`
-- 

INSERT INTO `areas` VALUES ('DB', 'Distributor', 100);
INSERT INTO `areas` VALUES ('DE', 'General', 1);
INSERT INTO `areas` VALUES ('DI', 'Direct Sales', 100);

-- --------------------------------------------------------

-- 
-- Table structure for table `attachments`
-- 

CREATE TABLE `attachments` (
  `attachmentsid` int(19) NOT NULL default '0',
  `name` varchar(100) NOT NULL default '',
  `description` varchar(100) default NULL,
  `type` varchar(100) default NULL,
  `attachmentsize` varchar(50) NOT NULL default '',
  `attachmentcontents` longblob,
  PRIMARY KEY  (`attachmentsid`),
  KEY `attachmentsid` (`attachmentsid`),
  KEY `description` (`description`,`name`,`type`,`attachmentsid`)
) ENGINE=InnoDB DEFAULT CHARSET=latin1;

-- 
-- Dumping data for table `attachments`
-- 


-- --------------------------------------------------------

-- 
-- Table structure for table `bankaccounts`
-- 

CREATE TABLE `bankaccounts` (
  `accountcode` int(11) NOT NULL default '0',
  `bankaccountname` char(50) NOT NULL default '',
  `bankaccountnumber` char(50) NOT NULL default '',
  `bankaddress` char(50) default NULL,
  PRIMARY KEY  (`accountcode`),
  KEY `BankAccountName` (`bankaccountname`),
  KEY `BankAccountNumber` (`bankaccountnumber`)
) ENGINE=InnoDB DEFAULT CHARSET=latin1;

-- 
-- Dumping data for table `bankaccounts`
-- 

INSERT INTO `bankaccounts` VALUES (1010, 'Undeposited Funds', '', '');
INSERT INTO `bankaccounts` VALUES (1030, 'Cheque Account', '112233', '');
INSERT INTO `bankaccounts` VALUES (1058, 'US Account', '778899', 'Ottawa');
INSERT INTO `bankaccounts` VALUES (1060, 'Saving Account', '445566', 'Ottawa');
INSERT INTO `bankaccounts` VALUES (2030, 'Credit Card', '', '');

-- --------------------------------------------------------

-- 
-- Table structure for table `banktrans`
-- 

CREATE TABLE `banktrans` (
  `banktransid` bigint(20) NOT NULL auto_increment,
  `type` smallint(6) NOT NULL default '0',
  `transno` bigint(20) NOT NULL default '0',
  `bankact` int(11) NOT NULL default '0',
  `ref` varchar(50) NOT NULL default '',
  `amountcleared` double NOT NULL default '0',
  `exrate` double NOT NULL default '1',
  `transdate` date NOT NULL default '0000-00-00',
  `banktranstype` varchar(30) NOT NULL default '',
  `amount` double NOT NULL default '0',
  `currcode` char(3) NOT NULL default '',
  PRIMARY KEY  (`banktransid`),
  KEY `BankAct` (`bankact`,`ref`),
  KEY `TransDate` (`transdate`),
  KEY `TransType` (`banktranstype`),
  KEY `Type` (`type`,`transno`),
  KEY `CurrCode` (`currcode`)
) ENGINE=InnoDB DEFAULT CHARSET=latin1 AUTO_INCREMENT=7 ;

-- 
-- Dumping data for table `banktrans`
-- 

INSERT INTO `banktrans` VALUES (4, 12, 141, 1060, 'Closing Balance', 0, 1, '2006-11-30', 'Bank Transfer', -73288, 'CDN');
INSERT INTO `banktrans` VALUES (5, 12, 142, 1058, 'Closing Balance', 0, 1, '2006-11-30', 'Bank Transfer', 2633.17, 'CDN');
INSERT INTO `banktrans` VALUES (6, 12, 143, 2030, 'Closing Balance', 0, 1, '2006-11-30', 'Credit Card', -18643.41, 'CDN');

-- --------------------------------------------------------

-- 
-- Table structure for table `bom`
-- 

CREATE TABLE `bom` (
  `parent` char(20) NOT NULL default '',
  `component` char(20) NOT NULL default '',
  `workcentreadded` char(5) NOT NULL default '',
  `loccode` char(5) NOT NULL default '',
  `effectiveafter` date NOT NULL default '0000-00-00',
  `effectiveto` date NOT NULL default '9999-12-31',
  `quantity` double NOT NULL default '1',
  PRIMARY KEY  (`parent`,`component`,`workcentreadded`,`loccode`),
  KEY `Component` (`component`),
  KEY `EffectiveAfter` (`effectiveafter`),
  KEY `EffectiveTo` (`effectiveto`),
  KEY `LocCode` (`loccode`),
  KEY `Parent` (`parent`,`effectiveafter`,`effectiveto`,`loccode`),
  KEY `Parent_2` (`parent`),
  KEY `WorkCentreAdded` (`workcentreadded`)
) ENGINE=InnoDB DEFAULT CHARSET=latin1;

-- 
-- Dumping data for table `bom`
-- 

INSERT INTO `bom` VALUES ('H01', 'R01-H01', 'NY1', 'NY', '2007-03-21', '2037-03-22', 1);
INSERT INTO `bom` VALUES ('H01', 'R02-H01', 'NY1', 'NY', '2007-03-21', '2037-03-22', 1);
INSERT INTO `bom` VALUES ('H02', 'R03-H02', 'TO1', 'TOR', '2007-03-21', '2037-03-22', 1);
INSERT INTO `bom` VALUES ('H02', 'R04-H02', 'TO1', 'TOR', '2007-03-21', '2037-03-22', 1);

-- --------------------------------------------------------

-- 
-- Table structure for table `buckets`
-- 

CREATE TABLE `buckets` (
  `workcentre` char(5) NOT NULL default '',
  `availdate` datetime NOT NULL default '0000-00-00 00:00:00',
  `capacity` double NOT NULL default '0',
  PRIMARY KEY  (`workcentre`,`availdate`),
  KEY `WorkCentre` (`workcentre`),
  KEY `AvailDate` (`availdate`)
) ENGINE=InnoDB DEFAULT CHARSET=latin1;

-- 
-- Dumping data for table `buckets`
-- 


-- --------------------------------------------------------

-- 
-- Table structure for table `businesstype`
-- 

CREATE TABLE `businesstype` (
  `businesstypeid` int(19) NOT NULL auto_increment,
  `businesstype` varchar(200) NOT NULL default '',
  `sortorderid` int(19) NOT NULL default '0',
  `presence` int(1) NOT NULL default '1',
  PRIMARY KEY  (`businesstypeid`),
  UNIQUE KEY `BusinessType_UK0` (`businesstype`)
) ENGINE=InnoDB DEFAULT CHARSET=latin1 AUTO_INCREMENT=1 ;

-- 
-- Dumping data for table `businesstype`
-- 


-- --------------------------------------------------------

-- 
-- Table structure for table `carrier`
-- 

CREATE TABLE `carrier` (
  `carrierid` int(19) NOT NULL auto_increment,
  `carrier` varchar(200) NOT NULL default '',
  `sortorderid` int(19) NOT NULL default '0',
  `presence` int(1) NOT NULL default '1',
  PRIMARY KEY  (`carrierid`),
  UNIQUE KEY `carrier_UK0` (`carrier`)
) ENGINE=InnoDB DEFAULT CHARSET=latin1 AUTO_INCREMENT=6 ;

-- 
-- Dumping data for table `carrier`
-- 

INSERT INTO `carrier` VALUES (1, 'FedEx', 0, 1);
INSERT INTO `carrier` VALUES (2, 'UPS', 1, 1);
INSERT INTO `carrier` VALUES (3, 'USPS', 2, 1);
INSERT INTO `carrier` VALUES (4, 'DHL', 3, 1);
INSERT INTO `carrier` VALUES (5, 'BlueDart', 4, 1);

-- --------------------------------------------------------

-- 
-- Table structure for table `cf_374`
-- 

CREATE TABLE `cf_374` (
  `cf_374` varchar(255) default NULL
) ENGINE=MyISAM DEFAULT CHARSET=latin1;

-- 
-- Dumping data for table `cf_374`
-- 

INSERT INTO `cf_374` VALUES ('English');
INSERT INTO `cf_374` VALUES ('French');
INSERT INTO `cf_374` VALUES ('Spanish');

-- --------------------------------------------------------

-- 
-- Table structure for table `chartdetails`
-- 

CREATE TABLE `chartdetails` (
  `accountcode` int(11) NOT NULL default '0',
  `period` smallint(6) NOT NULL default '0',
  `budget` double NOT NULL default '0',
  `actual` double NOT NULL default '0',
  `bfwd` double NOT NULL default '0',
  `bfwdbudget` double NOT NULL default '0',
  `budget1` int(10) default NULL,
  `budget2` int(10) default '0',
  `budget3` int(10) default '0',
  `budget4` int(10) default '0',
  PRIMARY KEY  (`accountcode`,`period`),
  KEY `Period` (`period`)
) ENGINE=InnoDB DEFAULT CHARSET=latin1;

-- 
-- Dumping data for table `chartdetails`
-- 

INSERT INTO `chartdetails` VALUES (1010, -1, 0, 0, 0, 0, NULL, 0, 0, 0);
INSERT INTO `chartdetails` VALUES (1010, 1, 0, 0, 0, 0, NULL, 0, 0, 0);
INSERT INTO `chartdetails` VALUES (1010, 2, 0, 0, 0, 0, NULL, 0, 0, 0);
INSERT INTO `chartdetails` VALUES (1010, 3, 0, 0, 0, 0, NULL, 0, 0, 0);
INSERT INTO `chartdetails` VALUES (1010, 4, 0, 0, 0, 0, NULL, 0, 0, 0);
INSERT INTO `chartdetails` VALUES (1010, 5, 0, 0, 0, 0, NULL, 0, 0, 0);
INSERT INTO `chartdetails` VALUES (1010, 6, 0, 0, 0, 0, NULL, 0, 0, 0);
INSERT INTO `chartdetails` VALUES (1010, 7, 0, 0, 0, 0, NULL, 0, 0, 0);
INSERT INTO `chartdetails` VALUES (1010, 8, 0, 0, 0, 0, NULL, 0, 0, 0);
INSERT INTO `chartdetails` VALUES (1010, 9, 0, 0, 0, 0, NULL, 0, 0, 0);
INSERT INTO `chartdetails` VALUES (1010, 10, 0, 0, 0, 0, NULL, 0, 0, 0);
INSERT INTO `chartdetails` VALUES (1010, 11, 0, 0, 0, 0, NULL, 0, 0, 0);
INSERT INTO `chartdetails` VALUES (1010, 12, 0, 0, 0, 0, NULL, 0, 0, 0);
INSERT INTO `chartdetails` VALUES (1010, 13, 0, 0, 0, 0, NULL, 0, 0, 0);
INSERT INTO `chartdetails` VALUES (1010, 14, 0, 0, 0, 0, NULL, 0, 0, 0);
INSERT INTO `chartdetails` VALUES (1035, -1, 0, 0, 0, 0, NULL, 0, 0, 0);
INSERT INTO `chartdetails` VALUES (1035, 1, 0, 0, 0, 0, NULL, 0, 0, 0);
INSERT INTO `chartdetails` VALUES (1035, 2, 0, 0, 0, 0, NULL, 0, 0, 0);
INSERT INTO `chartdetails` VALUES (1035, 3, 0, 0, 0, 0, NULL, 0, 0, 0);
INSERT INTO `chartdetails` VALUES (1035, 4, 0, 0, 0, 0, NULL, 0, 0, 0);
INSERT INTO `chartdetails` VALUES (1035, 5, 0, 0, 0, 0, NULL, 0, 0, 0);
INSERT INTO `chartdetails` VALUES (1035, 6, 0, 0, 0, 0, NULL, 0, 0, 0);
INSERT INTO `chartdetails` VALUES (1035, 7, 0, 0, 0, 0, NULL, 0, 0, 0);
INSERT INTO `chartdetails` VALUES (1035, 8, 0, 0, 0, 0, NULL, 0, 0, 0);
INSERT INTO `chartdetails` VALUES (1035, 9, 0, 0, 0, 0, NULL, 0, 0, 0);
INSERT INTO `chartdetails` VALUES (1035, 10, 0, 0, 0, 0, NULL, 0, 0, 0);
INSERT INTO `chartdetails` VALUES (1035, 11, 0, 0, 0, 0, NULL, 0, 0, 0);
INSERT INTO `chartdetails` VALUES (1035, 12, 0, 0, 0, 0, NULL, 0, 0, 0);
INSERT INTO `chartdetails` VALUES (1035, 13, 0, 0, 0, 0, NULL, 0, 0, 0);
INSERT INTO `chartdetails` VALUES (1035, 14, 0, 0, 0, 0, NULL, 0, 0, 0);
INSERT INTO `chartdetails` VALUES (1040, -1, 0, 0, 0, 0, NULL, 0, 0, 0);
INSERT INTO `chartdetails` VALUES (1040, 1, 0, 0, 0, 0, NULL, 0, 0, 0);
INSERT INTO `chartdetails` VALUES (1040, 2, 0, 0, 0, 0, NULL, 0, 0, 0);
INSERT INTO `chartdetails` VALUES (1040, 3, 0, 0, 0, 0, NULL, 0, 0, 0);
INSERT INTO `chartdetails` VALUES (1040, 4, 0, 0, 0, 0, NULL, 0, 0, 0);
INSERT INTO `chartdetails` VALUES (1040, 5, 0, 0, 0, 0, NULL, 0, 0, 0);
INSERT INTO `chartdetails` VALUES (1040, 6, 0, 0, 0, 0, NULL, 0, 0, 0);
INSERT INTO `chartdetails` VALUES (1040, 7, 0, 0, 0, 0, NULL, 0, 0, 0);
INSERT INTO `chartdetails` VALUES (1040, 8, 0, 0, 0, 0, NULL, 0, 0, 0);
INSERT INTO `chartdetails` VALUES (1040, 9, 0, 0, 0, 0, NULL, 0, 0, 0);
INSERT INTO `chartdetails` VALUES (1040, 10, 0, 0, 0, 0, NULL, 0, 0, 0);
INSERT INTO `chartdetails` VALUES (1040, 11, 0, 0, 0, 0, NULL, 0, 0, 0);
INSERT INTO `chartdetails` VALUES (1040, 12, 0, 0, 0, 0, NULL, 0, 0, 0);
INSERT INTO `chartdetails` VALUES (1040, 13, 0, 0, 0, 0, NULL, 0, 0, 0);
INSERT INTO `chartdetails` VALUES (1040, 14, 0, 0, 0, 0, NULL, 0, 0, 0);
INSERT INTO `chartdetails` VALUES (1051, -1, 0, 0, 0, 0, NULL, 0, 0, 0);
INSERT INTO `chartdetails` VALUES (1051, 1, 0, 0, 0, 0, NULL, 0, 0, 0);
INSERT INTO `chartdetails` VALUES (1051, 2, 0, 0, 0, 0, NULL, 0, 0, 0);
INSERT INTO `chartdetails` VALUES (1051, 3, 0, 0, 0, 0, NULL, 0, 0, 0);
INSERT INTO `chartdetails` VALUES (1051, 4, 0, 0, 0, 0, NULL, 0, 0, 0);
INSERT INTO `chartdetails` VALUES (1051, 5, 0, 0, 0, 0, NULL, 0, 0, 0);
INSERT INTO `chartdetails` VALUES (1051, 6, 0, 0, 0, 0, NULL, 0, 0, 0);
INSERT INTO `chartdetails` VALUES (1051, 7, 0, 0, 0, 0, NULL, 0, 0, 0);
INSERT INTO `chartdetails` VALUES (1051, 8, 0, 0, 0, 0, NULL, 0, 0, 0);
INSERT INTO `chartdetails` VALUES (1051, 9, 0, 0, 0, 0, NULL, 0, 0, 0);
INSERT INTO `chartdetails` VALUES (1051, 10, 0, 0, 0, 0, NULL, 0, 0, 0);
INSERT INTO `chartdetails` VALUES (1051, 11, 0, 0, 0, 0, NULL, 0, 0, 0);
INSERT INTO `chartdetails` VALUES (1051, 12, 0, 0, 0, 0, NULL, 0, 0, 0);
INSERT INTO `chartdetails` VALUES (1051, 13, 0, 0, 0, 0, NULL, 0, 0, 0);
INSERT INTO `chartdetails` VALUES (1051, 14, 0, 0, 0, 0, NULL, 0, 0, 0);
INSERT INTO `chartdetails` VALUES (1052, -1, 0, 0, 0, 0, NULL, 0, 0, 0);
INSERT INTO `chartdetails` VALUES (1052, 1, 0, 0, 0, 0, NULL, 0, 0, 0);
INSERT INTO `chartdetails` VALUES (1052, 2, 0, 0, 0, 0, NULL, 0, 0, 0);
INSERT INTO `chartdetails` VALUES (1052, 3, 0, 0, 0, 0, NULL, 0, 0, 0);
INSERT INTO `chartdetails` VALUES (1052, 4, 0, 0, 0, 0, NULL, 0, 0, 0);
INSERT INTO `chartdetails` VALUES (1052, 5, 0, 0, 0, 0, NULL, 0, 0, 0);
INSERT INTO `chartdetails` VALUES (1052, 6, 0, 0, 0, 0, NULL, 0, 0, 0);
INSERT INTO `chartdetails` VALUES (1052, 7, 0, 0, 0, 0, NULL, 0, 0, 0);
INSERT INTO `chartdetails` VALUES (1052, 8, 0, 0, 0, 0, NULL, 0, 0, 0);
INSERT INTO `chartdetails` VALUES (1052, 9, 0, 0, 0, 0, NULL, 0, 0, 0);
INSERT INTO `chartdetails` VALUES (1052, 10, 0, 0, 0, 0, NULL, 0, 0, 0);
INSERT INTO `chartdetails` VALUES (1052, 11, 0, 0, 0, 0, NULL, 0, 0, 0);
INSERT INTO `chartdetails` VALUES (1052, 12, 0, 0, 0, 0, NULL, 0, 0, 0);
INSERT INTO `chartdetails` VALUES (1052, 13, 0, 0, 0, 0, NULL, 0, 0, 0);
INSERT INTO `chartdetails` VALUES (1052, 14, 0, 0, 0, 0, NULL, 0, 0, 0);
INSERT INTO `chartdetails` VALUES (1055, -1, 0, 0, 0, 0, NULL, 0, 0, 0);
INSERT INTO `chartdetails` VALUES (1055, 1, 0, 0, 0, 0, NULL, 0, 0, 0);
INSERT INTO `chartdetails` VALUES (1055, 2, 0, 0, 0, 0, NULL, 0, 0, 0);
INSERT INTO `chartdetails` VALUES (1055, 3, 0, 0, 0, 0, NULL, 0, 0, 0);
INSERT INTO `chartdetails` VALUES (1055, 4, 0, 0, 0, 0, NULL, 0, 0, 0);
INSERT INTO `chartdetails` VALUES (1055, 5, 0, 0, 0, 0, NULL, 0, 0, 0);
INSERT INTO `chartdetails` VALUES (1055, 6, 0, 0, 0, 0, NULL, 0, 0, 0);
INSERT INTO `chartdetails` VALUES (1055, 7, 0, 0, 0, 0, NULL, 0, 0, 0);
INSERT INTO `chartdetails` VALUES (1055, 8, 0, 0, 0, 0, NULL, 0, 0, 0);
INSERT INTO `chartdetails` VALUES (1055, 9, 0, 0, 0, 0, NULL, 0, 0, 0);
INSERT INTO `chartdetails` VALUES (1055, 10, 0, 0, 0, 0, NULL, 0, 0, 0);
INSERT INTO `chartdetails` VALUES (1055, 11, 0, 0, 0, 0, NULL, 0, 0, 0);
INSERT INTO `chartdetails` VALUES (1055, 12, 0, 0, 0, 0, NULL, 0, 0, 0);
INSERT INTO `chartdetails` VALUES (1055, 13, 0, 0, 0, 0, NULL, 0, 0, 0);
INSERT INTO `chartdetails` VALUES (1055, 14, 0, 0, 0, 0, NULL, 0, 0, 0);
INSERT INTO `chartdetails` VALUES (1058, -1, 0, 0, 0, 0, NULL, 0, 0, 0);
INSERT INTO `chartdetails` VALUES (1058, 1, 0, 0, 0, 0, NULL, 0, 0, 0);
INSERT INTO `chartdetails` VALUES (1058, 2, 0, 0, 0, 0, NULL, 0, 0, 0);
INSERT INTO `chartdetails` VALUES (1058, 3, 0, 0, 0, 0, NULL, 0, 0, 0);
INSERT INTO `chartdetails` VALUES (1058, 4, 0, 0, 0, 0, NULL, 0, 0, 0);
INSERT INTO `chartdetails` VALUES (1058, 5, 0, 0, 0, 0, NULL, 0, 0, 0);
INSERT INTO `chartdetails` VALUES (1058, 6, 0, 0, 0, 0, NULL, 0, 0, 0);
INSERT INTO `chartdetails` VALUES (1058, 7, 0, 0, 0, 0, NULL, 0, 0, 0);
INSERT INTO `chartdetails` VALUES (1058, 8, 0, 0, 0, 0, NULL, 0, 0, 0);
INSERT INTO `chartdetails` VALUES (1058, 9, 0, 0, 0, 0, NULL, 0, 0, 0);
INSERT INTO `chartdetails` VALUES (1058, 10, 0, 0, 0, 0, NULL, 0, 0, 0);
INSERT INTO `chartdetails` VALUES (1058, 11, 0, 0, 0, 0, NULL, 0, 0, 0);
INSERT INTO `chartdetails` VALUES (1058, 12, 0, 0, 0, 0, NULL, 0, 0, 0);
INSERT INTO `chartdetails` VALUES (1058, 13, 0, 0, 0, 0, NULL, 0, 0, 0);
INSERT INTO `chartdetails` VALUES (1058, 14, 0, 0, 0, 0, NULL, 0, 0, 0);
INSERT INTO `chartdetails` VALUES (1060, -1, 0, 0, 0, 0, NULL, 0, 0, 0);
INSERT INTO `chartdetails` VALUES (1060, 1, 0, 0, 0, 0, NULL, 0, 0, 0);
INSERT INTO `chartdetails` VALUES (1060, 2, 0, 0, 0, 0, NULL, 0, 0, 0);
INSERT INTO `chartdetails` VALUES (1060, 3, 0, 0, 0, 0, NULL, 0, 0, 0);
INSERT INTO `chartdetails` VALUES (1060, 4, 0, 0, 0, 0, NULL, 0, 0, 0);
INSERT INTO `chartdetails` VALUES (1060, 5, 0, 0, 0, 0, NULL, 0, 0, 0);
INSERT INTO `chartdetails` VALUES (1060, 6, 0, 0, 0, 0, NULL, 0, 0, 0);
INSERT INTO `chartdetails` VALUES (1060, 7, 0, 0, 0, 0, NULL, 0, 0, 0);
INSERT INTO `chartdetails` VALUES (1060, 8, 0, 0, 0, 0, NULL, 0, 0, 0);
INSERT INTO `chartdetails` VALUES (1060, 9, 0, 0, 0, 0, NULL, 0, 0, 0);
INSERT INTO `chartdetails` VALUES (1060, 10, 0, 0, 0, 0, NULL, 0, 0, 0);
INSERT INTO `chartdetails` VALUES (1060, 11, 0, 0, 0, 0, NULL, 0, 0, 0);
INSERT INTO `chartdetails` VALUES (1060, 12, 0, 0, 0, 0, NULL, 0, 0, 0);
INSERT INTO `chartdetails` VALUES (1060, 13, 0, 0, 0, 0, NULL, 0, 0, 0);
INSERT INTO `chartdetails` VALUES (1060, 14, 0, 0, 0, 0, NULL, 0, 0, 0);
INSERT INTO `chartdetails` VALUES (1210, -1, 0, 0, 0, 0, NULL, 0, 0, 0);
INSERT INTO `chartdetails` VALUES (1210, 1, 0, 0, 0, 0, NULL, 0, 0, 0);
INSERT INTO `chartdetails` VALUES (1210, 2, 0, 2058.63, 0, 0, NULL, 0, 0, 0);
INSERT INTO `chartdetails` VALUES (1210, 3, 0, 1.33, 2058.63, 0, NULL, 0, 0, 0);
INSERT INTO `chartdetails` VALUES (1210, 4, 0, 0, 2059.96, 0, NULL, 0, 0, 0);
INSERT INTO `chartdetails` VALUES (1210, 5, 0, 0, 2059.96, 0, NULL, 0, 0, 0);
INSERT INTO `chartdetails` VALUES (1210, 6, 0, 0, 2059.96, 0, NULL, 0, 0, 0);
INSERT INTO `chartdetails` VALUES (1210, 7, 0, 0, 2059.96, 0, NULL, 0, 0, 0);
INSERT INTO `chartdetails` VALUES (1210, 8, 0, 0, 2059.96, 0, NULL, 0, 0, 0);
INSERT INTO `chartdetails` VALUES (1210, 9, 0, 0, 2059.96, 0, NULL, 0, 0, 0);
INSERT INTO `chartdetails` VALUES (1210, 10, 0, 0, 2059.96, 0, NULL, 0, 0, 0);
INSERT INTO `chartdetails` VALUES (1210, 11, 0, 0, 2059.96, 0, NULL, 0, 0, 0);
INSERT INTO `chartdetails` VALUES (1210, 12, 0, 0, 2059.96, 0, NULL, 0, 0, 0);
INSERT INTO `chartdetails` VALUES (1210, 13, 0, 0, 2059.96, 0, NULL, 0, 0, 0);
INSERT INTO `chartdetails` VALUES (1210, 14, 0, 0, 2059.96, 0, NULL, 0, 0, 0);
INSERT INTO `chartdetails` VALUES (1221, -1, 0, 0, 0, 0, NULL, 0, 0, 0);
INSERT INTO `chartdetails` VALUES (1221, 1, 0, 0, 0, 0, NULL, 0, 0, 0);
INSERT INTO `chartdetails` VALUES (1221, 2, 0, 0, 0, 0, NULL, 0, 0, 0);
INSERT INTO `chartdetails` VALUES (1221, 3, 0, 0, 0, 0, NULL, 0, 0, 0);
INSERT INTO `chartdetails` VALUES (1221, 4, 0, 0, 0, 0, NULL, 0, 0, 0);
INSERT INTO `chartdetails` VALUES (1221, 5, 0, 0, 0, 0, NULL, 0, 0, 0);
INSERT INTO `chartdetails` VALUES (1221, 6, 0, 0, 0, 0, NULL, 0, 0, 0);
INSERT INTO `chartdetails` VALUES (1221, 7, 0, 0, 0, 0, NULL, 0, 0, 0);
INSERT INTO `chartdetails` VALUES (1221, 8, 0, 0, 0, 0, NULL, 0, 0, 0);
INSERT INTO `chartdetails` VALUES (1221, 9, 0, 0, 0, 0, NULL, 0, 0, 0);
INSERT INTO `chartdetails` VALUES (1221, 10, 0, 0, 0, 0, NULL, 0, 0, 0);
INSERT INTO `chartdetails` VALUES (1221, 11, 0, 0, 0, 0, NULL, 0, 0, 0);
INSERT INTO `chartdetails` VALUES (1221, 12, 0, 0, 0, 0, NULL, 0, 0, 0);
INSERT INTO `chartdetails` VALUES (1221, 13, 0, 0, 0, 0, NULL, 0, 0, 0);
INSERT INTO `chartdetails` VALUES (1221, 14, 0, 0, 0, 0, NULL, 0, 0, 0);
INSERT INTO `chartdetails` VALUES (1230, -1, 0, 0, 0, 0, NULL, 0, 0, 0);
INSERT INTO `chartdetails` VALUES (1230, 1, 0, 0, 0, 0, NULL, 0, 0, 0);
INSERT INTO `chartdetails` VALUES (1230, 2, 0, 0, 0, 0, NULL, 0, 0, 0);
INSERT INTO `chartdetails` VALUES (1230, 3, 0, 0, 0, 0, NULL, 0, 0, 0);
INSERT INTO `chartdetails` VALUES (1230, 4, 0, 0, 0, 0, NULL, 0, 0, 0);
INSERT INTO `chartdetails` VALUES (1230, 5, 0, 0, 0, 0, NULL, 0, 0, 0);
INSERT INTO `chartdetails` VALUES (1230, 6, 0, 0, 0, 0, NULL, 0, 0, 0);
INSERT INTO `chartdetails` VALUES (1230, 7, 0, 0, 0, 0, NULL, 0, 0, 0);
INSERT INTO `chartdetails` VALUES (1230, 8, 0, 0, 0, 0, NULL, 0, 0, 0);
INSERT INTO `chartdetails` VALUES (1230, 9, 0, 0, 0, 0, NULL, 0, 0, 0);
INSERT INTO `chartdetails` VALUES (1230, 10, 0, 0, 0, 0, NULL, 0, 0, 0);
INSERT INTO `chartdetails` VALUES (1230, 11, 0, 0, 0, 0, NULL, 0, 0, 0);
INSERT INTO `chartdetails` VALUES (1230, 12, 0, 0, 0, 0, NULL, 0, 0, 0);
INSERT INTO `chartdetails` VALUES (1230, 13, 0, 0, 0, 0, NULL, 0, 0, 0);
INSERT INTO `chartdetails` VALUES (1230, 14, 0, 0, 0, 0, NULL, 0, 0, 0);
INSERT INTO `chartdetails` VALUES (1231, -1, 0, 0, 0, 0, NULL, 0, 0, 0);
INSERT INTO `chartdetails` VALUES (1231, 1, 0, 0, 0, 0, NULL, 0, 0, 0);
INSERT INTO `chartdetails` VALUES (1231, 2, 0, 0, 0, 0, NULL, 0, 0, 0);
INSERT INTO `chartdetails` VALUES (1231, 3, 0, 0, 0, 0, NULL, 0, 0, 0);
INSERT INTO `chartdetails` VALUES (1231, 4, 0, 0, 0, 0, NULL, 0, 0, 0);
INSERT INTO `chartdetails` VALUES (1231, 5, 0, 0, 0, 0, NULL, 0, 0, 0);
INSERT INTO `chartdetails` VALUES (1231, 6, 0, 0, 0, 0, NULL, 0, 0, 0);
INSERT INTO `chartdetails` VALUES (1231, 7, 0, 0, 0, 0, NULL, 0, 0, 0);
INSERT INTO `chartdetails` VALUES (1231, 8, 0, 0, 0, 0, NULL, 0, 0, 0);
INSERT INTO `chartdetails` VALUES (1231, 9, 0, 0, 0, 0, NULL, 0, 0, 0);
INSERT INTO `chartdetails` VALUES (1231, 10, 0, 0, 0, 0, NULL, 0, 0, 0);
INSERT INTO `chartdetails` VALUES (1231, 11, 0, 0, 0, 0, NULL, 0, 0, 0);
INSERT INTO `chartdetails` VALUES (1231, 12, 0, 0, 0, 0, NULL, 0, 0, 0);
INSERT INTO `chartdetails` VALUES (1231, 13, 0, 0, 0, 0, NULL, 0, 0, 0);
INSERT INTO `chartdetails` VALUES (1231, 14, 0, 0, 0, 0, NULL, 0, 0, 0);
INSERT INTO `chartdetails` VALUES (1250, -1, 0, 0, 0, 0, NULL, 0, 0, 0);
INSERT INTO `chartdetails` VALUES (1250, 1, 0, 0, 0, 0, NULL, 0, 0, 0);
INSERT INTO `chartdetails` VALUES (1250, 2, 0, 0, 0, 0, NULL, 0, 0, 0);
INSERT INTO `chartdetails` VALUES (1250, 3, 0, 0, 0, 0, NULL, 0, 0, 0);
INSERT INTO `chartdetails` VALUES (1250, 4, 0, 0, 0, 0, NULL, 0, 0, 0);
INSERT INTO `chartdetails` VALUES (1250, 5, 0, 0, 0, 0, NULL, 0, 0, 0);
INSERT INTO `chartdetails` VALUES (1250, 6, 0, 0, 0, 0, NULL, 0, 0, 0);
INSERT INTO `chartdetails` VALUES (1250, 7, 0, 0, 0, 0, NULL, 0, 0, 0);
INSERT INTO `chartdetails` VALUES (1250, 8, 0, 0, 0, 0, NULL, 0, 0, 0);
INSERT INTO `chartdetails` VALUES (1250, 9, 0, 0, 0, 0, NULL, 0, 0, 0);
INSERT INTO `chartdetails` VALUES (1250, 10, 0, 0, 0, 0, NULL, 0, 0, 0);
INSERT INTO `chartdetails` VALUES (1250, 11, 0, 0, 0, 0, NULL, 0, 0, 0);
INSERT INTO `chartdetails` VALUES (1250, 12, 0, 0, 0, 0, NULL, 0, 0, 0);
INSERT INTO `chartdetails` VALUES (1250, 13, 0, 0, 0, 0, NULL, 0, 0, 0);
INSERT INTO `chartdetails` VALUES (1250, 14, 0, 0, 0, 0, NULL, 0, 0, 0);
INSERT INTO `chartdetails` VALUES (1260, -1, 0, 0, 0, 0, NULL, 0, 0, 0);
INSERT INTO `chartdetails` VALUES (1260, 1, 0, 0, 0, 0, NULL, 0, 0, 0);
INSERT INTO `chartdetails` VALUES (1260, 2, 0, 0, 0, 0, NULL, 0, 0, 0);
INSERT INTO `chartdetails` VALUES (1260, 3, 0, 0, 0, 0, NULL, 0, 0, 0);
INSERT INTO `chartdetails` VALUES (1260, 4, 0, 0, 0, 0, NULL, 0, 0, 0);
INSERT INTO `chartdetails` VALUES (1260, 5, 0, 0, 0, 0, NULL, 0, 0, 0);
INSERT INTO `chartdetails` VALUES (1260, 6, 0, 0, 0, 0, NULL, 0, 0, 0);
INSERT INTO `chartdetails` VALUES (1260, 7, 0, 0, 0, 0, NULL, 0, 0, 0);
INSERT INTO `chartdetails` VALUES (1260, 8, 0, 0, 0, 0, NULL, 0, 0, 0);
INSERT INTO `chartdetails` VALUES (1260, 9, 0, 0, 0, 0, NULL, 0, 0, 0);
INSERT INTO `chartdetails` VALUES (1260, 10, 0, 0, 0, 0, NULL, 0, 0, 0);
INSERT INTO `chartdetails` VALUES (1260, 11, 0, 0, 0, 0, NULL, 0, 0, 0);
INSERT INTO `chartdetails` VALUES (1260, 12, 0, 0, 0, 0, NULL, 0, 0, 0);
INSERT INTO `chartdetails` VALUES (1260, 13, 0, 0, 0, 0, NULL, 0, 0, 0);
INSERT INTO `chartdetails` VALUES (1260, 14, 0, 0, 0, 0, NULL, 0, 0, 0);
INSERT INTO `chartdetails` VALUES (1310, -1, 0, 0, 0, 0, NULL, 0, 0, 0);
INSERT INTO `chartdetails` VALUES (1310, 1, 0, 0, 0, 0, NULL, 0, 0, 0);
INSERT INTO `chartdetails` VALUES (1310, 2, 0, 0, 0, 0, NULL, 0, 0, 0);
INSERT INTO `chartdetails` VALUES (1310, 3, 0, 0, 0, 0, NULL, 0, 0, 0);
INSERT INTO `chartdetails` VALUES (1310, 4, 0, 0, 0, 0, NULL, 0, 0, 0);
INSERT INTO `chartdetails` VALUES (1310, 5, 0, 0, 0, 0, NULL, 0, 0, 0);
INSERT INTO `chartdetails` VALUES (1310, 6, 0, 0, 0, 0, NULL, 0, 0, 0);
INSERT INTO `chartdetails` VALUES (1310, 7, 0, 0, 0, 0, NULL, 0, 0, 0);
INSERT INTO `chartdetails` VALUES (1310, 8, 0, 0, 0, 0, NULL, 0, 0, 0);
INSERT INTO `chartdetails` VALUES (1310, 9, 0, 0, 0, 0, NULL, 0, 0, 0);
INSERT INTO `chartdetails` VALUES (1310, 10, 0, 0, 0, 0, NULL, 0, 0, 0);
INSERT INTO `chartdetails` VALUES (1310, 11, 0, 0, 0, 0, NULL, 0, 0, 0);
INSERT INTO `chartdetails` VALUES (1310, 12, 0, 0, 0, 0, NULL, 0, 0, 0);
INSERT INTO `chartdetails` VALUES (1310, 13, 0, 0, 0, 0, NULL, 0, 0, 0);
INSERT INTO `chartdetails` VALUES (1310, 14, 0, 0, 0, 0, NULL, 0, 0, 0);
INSERT INTO `chartdetails` VALUES (1320, -1, 0, 0, 0, 0, NULL, 0, 0, 0);
INSERT INTO `chartdetails` VALUES (1320, 1, 0, 0, 0, 0, NULL, 0, 0, 0);
INSERT INTO `chartdetails` VALUES (1320, 2, 0, 0, 0, 0, NULL, 0, 0, 0);
INSERT INTO `chartdetails` VALUES (1320, 3, 0, 0, 0, 0, NULL, 0, 0, 0);
INSERT INTO `chartdetails` VALUES (1320, 4, 0, 0, 0, 0, NULL, 0, 0, 0);
INSERT INTO `chartdetails` VALUES (1320, 5, 0, 0, 0, 0, NULL, 0, 0, 0);
INSERT INTO `chartdetails` VALUES (1320, 6, 0, 0, 0, 0, NULL, 0, 0, 0);
INSERT INTO `chartdetails` VALUES (1320, 7, 0, 0, 0, 0, NULL, 0, 0, 0);
INSERT INTO `chartdetails` VALUES (1320, 8, 0, 0, 0, 0, NULL, 0, 0, 0);
INSERT INTO `chartdetails` VALUES (1320, 9, 0, 0, 0, 0, NULL, 0, 0, 0);
INSERT INTO `chartdetails` VALUES (1320, 10, 0, 0, 0, 0, NULL, 0, 0, 0);
INSERT INTO `chartdetails` VALUES (1320, 11, 0, 0, 0, 0, NULL, 0, 0, 0);
INSERT INTO `chartdetails` VALUES (1320, 12, 0, 0, 0, 0, NULL, 0, 0, 0);
INSERT INTO `chartdetails` VALUES (1320, 13, 0, 0, 0, 0, NULL, 0, 0, 0);
INSERT INTO `chartdetails` VALUES (1320, 14, 0, 0, 0, 0, NULL, 0, 0, 0);
INSERT INTO `chartdetails` VALUES (1510, -1, 0, 0, 0, 0, NULL, 0, 0, 0);
INSERT INTO `chartdetails` VALUES (1510, 1, 0, 0, 0, 0, NULL, 0, 0, 0);
INSERT INTO `chartdetails` VALUES (1510, 2, 0, 0, 0, 0, NULL, 0, 0, 0);
INSERT INTO `chartdetails` VALUES (1510, 3, 0, 0, 0, 0, NULL, 0, 0, 0);
INSERT INTO `chartdetails` VALUES (1510, 4, 0, 0, 0, 0, NULL, 0, 0, 0);
INSERT INTO `chartdetails` VALUES (1510, 5, 0, 0, 0, 0, NULL, 0, 0, 0);
INSERT INTO `chartdetails` VALUES (1510, 6, 0, 0, 0, 0, NULL, 0, 0, 0);
INSERT INTO `chartdetails` VALUES (1510, 7, 0, 0, 0, 0, NULL, 0, 0, 0);
INSERT INTO `chartdetails` VALUES (1510, 8, 0, 0, 0, 0, NULL, 0, 0, 0);
INSERT INTO `chartdetails` VALUES (1510, 9, 0, 0, 0, 0, NULL, 0, 0, 0);
INSERT INTO `chartdetails` VALUES (1510, 10, 0, 0, 0, 0, NULL, 0, 0, 0);
INSERT INTO `chartdetails` VALUES (1510, 11, 0, 0, 0, 0, NULL, 0, 0, 0);
INSERT INTO `chartdetails` VALUES (1510, 12, 0, 0, 0, 0, NULL, 0, 0, 0);
INSERT INTO `chartdetails` VALUES (1510, 13, 0, 0, 0, 0, NULL, 0, 0, 0);
INSERT INTO `chartdetails` VALUES (1510, 14, 0, 0, 0, 0, NULL, 0, 0, 0);
INSERT INTO `chartdetails` VALUES (1550, -1, 0, 0, 0, 0, NULL, 0, 0, 0);
INSERT INTO `chartdetails` VALUES (1550, 1, 0, 0, 0, 0, NULL, 0, 0, 0);
INSERT INTO `chartdetails` VALUES (1550, 2, 0, 0, 0, 0, NULL, 0, 0, 0);
INSERT INTO `chartdetails` VALUES (1550, 3, 0, 0, 0, 0, NULL, 0, 0, 0);
INSERT INTO `chartdetails` VALUES (1550, 4, 0, 0, 0, 0, NULL, 0, 0, 0);
INSERT INTO `chartdetails` VALUES (1550, 5, 0, 0, 0, 0, NULL, 0, 0, 0);
INSERT INTO `chartdetails` VALUES (1550, 6, 0, 0, 0, 0, NULL, 0, 0, 0);
INSERT INTO `chartdetails` VALUES (1550, 7, 0, 0, 0, 0, NULL, 0, 0, 0);
INSERT INTO `chartdetails` VALUES (1550, 8, 0, 0, 0, 0, NULL, 0, 0, 0);
INSERT INTO `chartdetails` VALUES (1550, 9, 0, 0, 0, 0, NULL, 0, 0, 0);
INSERT INTO `chartdetails` VALUES (1550, 10, 0, 0, 0, 0, NULL, 0, 0, 0);
INSERT INTO `chartdetails` VALUES (1550, 11, 0, 0, 0, 0, NULL, 0, 0, 0);
INSERT INTO `chartdetails` VALUES (1550, 12, 0, 0, 0, 0, NULL, 0, 0, 0);
INSERT INTO `chartdetails` VALUES (1550, 13, 0, 0, 0, 0, NULL, 0, 0, 0);
INSERT INTO `chartdetails` VALUES (1550, 14, 0, 0, 0, 0, NULL, 0, 0, 0);
INSERT INTO `chartdetails` VALUES (1610, -1, 0, 0, 0, 0, NULL, 0, 0, 0);
INSERT INTO `chartdetails` VALUES (1610, 1, 0, 0, 0, 0, NULL, 0, 0, 0);
INSERT INTO `chartdetails` VALUES (1610, 2, 0, 0, 0, 0, NULL, 0, 0, 0);
INSERT INTO `chartdetails` VALUES (1610, 3, 0, 0, 0, 0, NULL, 0, 0, 0);
INSERT INTO `chartdetails` VALUES (1610, 4, 0, 0, 0, 0, NULL, 0, 0, 0);
INSERT INTO `chartdetails` VALUES (1610, 5, 0, 0, 0, 0, NULL, 0, 0, 0);
INSERT INTO `chartdetails` VALUES (1610, 6, 0, 0, 0, 0, NULL, 0, 0, 0);
INSERT INTO `chartdetails` VALUES (1610, 7, 0, 0, 0, 0, NULL, 0, 0, 0);
INSERT INTO `chartdetails` VALUES (1610, 8, 0, 0, 0, 0, NULL, 0, 0, 0);
INSERT INTO `chartdetails` VALUES (1610, 9, 0, 0, 0, 0, NULL, 0, 0, 0);
INSERT INTO `chartdetails` VALUES (1610, 10, 0, 0, 0, 0, NULL, 0, 0, 0);
INSERT INTO `chartdetails` VALUES (1610, 11, 0, 0, 0, 0, NULL, 0, 0, 0);
INSERT INTO `chartdetails` VALUES (1610, 12, 0, 0, 0, 0, NULL, 0, 0, 0);
INSERT INTO `chartdetails` VALUES (1610, 13, 0, 0, 0, 0, NULL, 0, 0, 0);
INSERT INTO `chartdetails` VALUES (1610, 14, 0, 0, 0, 0, NULL, 0, 0, 0);
INSERT INTO `chartdetails` VALUES (1611, -1, 0, 0, 0, 0, NULL, 0, 0, 0);
INSERT INTO `chartdetails` VALUES (1611, 1, 0, 0, 0, 0, NULL, 0, 0, 0);
INSERT INTO `chartdetails` VALUES (1611, 2, 0, 0, 0, 0, NULL, 0, 0, 0);
INSERT INTO `chartdetails` VALUES (1611, 3, 0, 0, 0, 0, NULL, 0, 0, 0);
INSERT INTO `chartdetails` VALUES (1611, 4, 0, 0, 0, 0, NULL, 0, 0, 0);
INSERT INTO `chartdetails` VALUES (1611, 5, 0, 0, 0, 0, NULL, 0, 0, 0);
INSERT INTO `chartdetails` VALUES (1611, 6, 0, 0, 0, 0, NULL, 0, 0, 0);
INSERT INTO `chartdetails` VALUES (1611, 7, 0, 0, 0, 0, NULL, 0, 0, 0);
INSERT INTO `chartdetails` VALUES (1611, 8, 0, 0, 0, 0, NULL, 0, 0, 0);
INSERT INTO `chartdetails` VALUES (1611, 9, 0, 0, 0, 0, NULL, 0, 0, 0);
INSERT INTO `chartdetails` VALUES (1611, 10, 0, 0, 0, 0, NULL, 0, 0, 0);
INSERT INTO `chartdetails` VALUES (1611, 11, 0, 0, 0, 0, NULL, 0, 0, 0);
INSERT INTO `chartdetails` VALUES (1611, 12, 0, 0, 0, 0, NULL, 0, 0, 0);
INSERT INTO `chartdetails` VALUES (1611, 13, 0, 0, 0, 0, NULL, 0, 0, 0);
INSERT INTO `chartdetails` VALUES (1611, 14, 0, 0, 0, 0, NULL, 0, 0, 0);
INSERT INTO `chartdetails` VALUES (1612, -1, 0, 0, 0, 0, NULL, 0, 0, 0);
INSERT INTO `chartdetails` VALUES (1612, 1, 0, 0, 0, 0, NULL, 0, 0, 0);
INSERT INTO `chartdetails` VALUES (1612, 2, 0, 0, 0, 0, NULL, 0, 0, 0);
INSERT INTO `chartdetails` VALUES (1612, 3, 0, 0, 0, 0, NULL, 0, 0, 0);
INSERT INTO `chartdetails` VALUES (1612, 4, 0, 0, 0, 0, NULL, 0, 0, 0);
INSERT INTO `chartdetails` VALUES (1612, 5, 0, 0, 0, 0, NULL, 0, 0, 0);
INSERT INTO `chartdetails` VALUES (1612, 6, 0, 0, 0, 0, NULL, 0, 0, 0);
INSERT INTO `chartdetails` VALUES (1612, 7, 0, 0, 0, 0, NULL, 0, 0, 0);
INSERT INTO `chartdetails` VALUES (1612, 8, 0, 0, 0, 0, NULL, 0, 0, 0);
INSERT INTO `chartdetails` VALUES (1612, 9, 0, 0, 0, 0, NULL, 0, 0, 0);
INSERT INTO `chartdetails` VALUES (1612, 10, 0, 0, 0, 0, NULL, 0, 0, 0);
INSERT INTO `chartdetails` VALUES (1612, 11, 0, 0, 0, 0, NULL, 0, 0, 0);
INSERT INTO `chartdetails` VALUES (1612, 12, 0, 0, 0, 0, NULL, 0, 0, 0);
INSERT INTO `chartdetails` VALUES (1612, 13, 0, 0, 0, 0, NULL, 0, 0, 0);
INSERT INTO `chartdetails` VALUES (1612, 14, 0, 0, 0, 0, NULL, 0, 0, 0);
INSERT INTO `chartdetails` VALUES (1613, -1, 0, 0, 0, 0, NULL, 0, 0, 0);
INSERT INTO `chartdetails` VALUES (1613, 1, 0, 0, 0, 0, NULL, 0, 0, 0);
INSERT INTO `chartdetails` VALUES (1613, 2, 0, 0, 0, 0, NULL, 0, 0, 0);
INSERT INTO `chartdetails` VALUES (1613, 3, 0, 0, 0, 0, NULL, 0, 0, 0);
INSERT INTO `chartdetails` VALUES (1613, 4, 0, 0, 0, 0, NULL, 0, 0, 0);
INSERT INTO `chartdetails` VALUES (1613, 5, 0, 0, 0, 0, NULL, 0, 0, 0);
INSERT INTO `chartdetails` VALUES (1613, 6, 0, 0, 0, 0, NULL, 0, 0, 0);
INSERT INTO `chartdetails` VALUES (1613, 7, 0, 0, 0, 0, NULL, 0, 0, 0);
INSERT INTO `chartdetails` VALUES (1613, 8, 0, 0, 0, 0, NULL, 0, 0, 0);
INSERT INTO `chartdetails` VALUES (1613, 9, 0, 0, 0, 0, NULL, 0, 0, 0);
INSERT INTO `chartdetails` VALUES (1613, 10, 0, 0, 0, 0, NULL, 0, 0, 0);
INSERT INTO `chartdetails` VALUES (1613, 11, 0, 0, 0, 0, NULL, 0, 0, 0);
INSERT INTO `chartdetails` VALUES (1613, 12, 0, 0, 0, 0, NULL, 0, 0, 0);
INSERT INTO `chartdetails` VALUES (1613, 13, 0, 0, 0, 0, NULL, 0, 0, 0);
INSERT INTO `chartdetails` VALUES (1613, 14, 0, 0, 0, 0, NULL, 0, 0, 0);
INSERT INTO `chartdetails` VALUES (1620, -1, 0, 0, 0, 0, NULL, 0, 0, 0);
INSERT INTO `chartdetails` VALUES (1620, 1, 0, 0, 0, 0, NULL, 0, 0, 0);
INSERT INTO `chartdetails` VALUES (1620, 2, 0, 0, 0, 0, NULL, 0, 0, 0);
INSERT INTO `chartdetails` VALUES (1620, 3, 0, 0, 0, 0, NULL, 0, 0, 0);
INSERT INTO `chartdetails` VALUES (1620, 4, 0, 0, 0, 0, NULL, 0, 0, 0);
INSERT INTO `chartdetails` VALUES (1620, 5, 0, 0, 0, 0, NULL, 0, 0, 0);
INSERT INTO `chartdetails` VALUES (1620, 6, 0, 0, 0, 0, NULL, 0, 0, 0);
INSERT INTO `chartdetails` VALUES (1620, 7, 0, 0, 0, 0, NULL, 0, 0, 0);
INSERT INTO `chartdetails` VALUES (1620, 8, 0, 0, 0, 0, NULL, 0, 0, 0);
INSERT INTO `chartdetails` VALUES (1620, 9, 0, 0, 0, 0, NULL, 0, 0, 0);
INSERT INTO `chartdetails` VALUES (1620, 10, 0, 0, 0, 0, NULL, 0, 0, 0);
INSERT INTO `chartdetails` VALUES (1620, 11, 0, 0, 0, 0, NULL, 0, 0, 0);
INSERT INTO `chartdetails` VALUES (1620, 12, 0, 0, 0, 0, NULL, 0, 0, 0);
INSERT INTO `chartdetails` VALUES (1620, 13, 0, 0, 0, 0, NULL, 0, 0, 0);
INSERT INTO `chartdetails` VALUES (1620, 14, 0, 0, 0, 0, NULL, 0, 0, 0);
INSERT INTO `chartdetails` VALUES (1621, -1, 0, 0, 0, 0, NULL, 0, 0, 0);
INSERT INTO `chartdetails` VALUES (1621, 1, 0, 0, 0, 0, NULL, 0, 0, 0);
INSERT INTO `chartdetails` VALUES (1621, 2, 0, 0, 0, 0, NULL, 0, 0, 0);
INSERT INTO `chartdetails` VALUES (1621, 3, 0, 0, 0, 0, NULL, 0, 0, 0);
INSERT INTO `chartdetails` VALUES (1621, 4, 0, 0, 0, 0, NULL, 0, 0, 0);
INSERT INTO `chartdetails` VALUES (1621, 5, 0, 0, 0, 0, NULL, 0, 0, 0);
INSERT INTO `chartdetails` VALUES (1621, 6, 0, 0, 0, 0, NULL, 0, 0, 0);
INSERT INTO `chartdetails` VALUES (1621, 7, 0, 0, 0, 0, NULL, 0, 0, 0);
INSERT INTO `chartdetails` VALUES (1621, 8, 0, 0, 0, 0, NULL, 0, 0, 0);
INSERT INTO `chartdetails` VALUES (1621, 9, 0, 0, 0, 0, NULL, 0, 0, 0);
INSERT INTO `chartdetails` VALUES (1621, 10, 0, 0, 0, 0, NULL, 0, 0, 0);
INSERT INTO `chartdetails` VALUES (1621, 11, 0, 0, 0, 0, NULL, 0, 0, 0);
INSERT INTO `chartdetails` VALUES (1621, 12, 0, 0, 0, 0, NULL, 0, 0, 0);
INSERT INTO `chartdetails` VALUES (1621, 13, 0, 0, 0, 0, NULL, 0, 0, 0);
INSERT INTO `chartdetails` VALUES (1621, 14, 0, 0, 0, 0, NULL, 0, 0, 0);
INSERT INTO `chartdetails` VALUES (1630, -1, 0, 0, 0, 0, NULL, 0, 0, 0);
INSERT INTO `chartdetails` VALUES (1630, 1, 0, 0, 0, 0, NULL, 0, 0, 0);
INSERT INTO `chartdetails` VALUES (1630, 2, 0, 0, 0, 0, NULL, 0, 0, 0);
INSERT INTO `chartdetails` VALUES (1630, 3, 0, 0, 0, 0, NULL, 0, 0, 0);
INSERT INTO `chartdetails` VALUES (1630, 4, 0, 0, 0, 0, NULL, 0, 0, 0);
INSERT INTO `chartdetails` VALUES (1630, 5, 0, 0, 0, 0, NULL, 0, 0, 0);
INSERT INTO `chartdetails` VALUES (1630, 6, 0, 0, 0, 0, NULL, 0, 0, 0);
INSERT INTO `chartdetails` VALUES (1630, 7, 0, 0, 0, 0, NULL, 0, 0, 0);
INSERT INTO `chartdetails` VALUES (1630, 8, 0, 0, 0, 0, NULL, 0, 0, 0);
INSERT INTO `chartdetails` VALUES (1630, 9, 0, 0, 0, 0, NULL, 0, 0, 0);
INSERT INTO `chartdetails` VALUES (1630, 10, 0, 0, 0, 0, NULL, 0, 0, 0);
INSERT INTO `chartdetails` VALUES (1630, 11, 0, 0, 0, 0, NULL, 0, 0, 0);
INSERT INTO `chartdetails` VALUES (1630, 12, 0, 0, 0, 0, NULL, 0, 0, 0);
INSERT INTO `chartdetails` VALUES (1630, 13, 0, 0, 0, 0, NULL, 0, 0, 0);
INSERT INTO `chartdetails` VALUES (1630, 14, 0, 0, 0, 0, NULL, 0, 0, 0);
INSERT INTO `chartdetails` VALUES (1631, -1, 0, 0, 0, 0, NULL, 0, 0, 0);
INSERT INTO `chartdetails` VALUES (1631, 1, 0, 0, 0, 0, NULL, 0, 0, 0);
INSERT INTO `chartdetails` VALUES (1631, 2, 0, 0, 0, 0, NULL, 0, 0, 0);
INSERT INTO `chartdetails` VALUES (1631, 3, 0, 0, 0, 0, NULL, 0, 0, 0);
INSERT INTO `chartdetails` VALUES (1631, 4, 0, 0, 0, 0, NULL, 0, 0, 0);
INSERT INTO `chartdetails` VALUES (1631, 5, 0, 0, 0, 0, NULL, 0, 0, 0);
INSERT INTO `chartdetails` VALUES (1631, 6, 0, 0, 0, 0, NULL, 0, 0, 0);
INSERT INTO `chartdetails` VALUES (1631, 7, 0, 0, 0, 0, NULL, 0, 0, 0);
INSERT INTO `chartdetails` VALUES (1631, 8, 0, 0, 0, 0, NULL, 0, 0, 0);
INSERT INTO `chartdetails` VALUES (1631, 9, 0, 0, 0, 0, NULL, 0, 0, 0);
INSERT INTO `chartdetails` VALUES (1631, 10, 0, 0, 0, 0, NULL, 0, 0, 0);
INSERT INTO `chartdetails` VALUES (1631, 11, 0, 0, 0, 0, NULL, 0, 0, 0);
INSERT INTO `chartdetails` VALUES (1631, 12, 0, 0, 0, 0, NULL, 0, 0, 0);
INSERT INTO `chartdetails` VALUES (1631, 13, 0, 0, 0, 0, NULL, 0, 0, 0);
INSERT INTO `chartdetails` VALUES (1631, 14, 0, 0, 0, 0, NULL, 0, 0, 0);
INSERT INTO `chartdetails` VALUES (1640, -1, 0, 0, 0, 0, NULL, 0, 0, 0);
INSERT INTO `chartdetails` VALUES (1640, 1, 0, 0, 0, 0, NULL, 0, 0, 0);
INSERT INTO `chartdetails` VALUES (1640, 2, 0, 0, 0, 0, NULL, 0, 0, 0);
INSERT INTO `chartdetails` VALUES (1640, 3, 0, 0, 0, 0, NULL, 0, 0, 0);
INSERT INTO `chartdetails` VALUES (1640, 4, 0, 0, 0, 0, NULL, 0, 0, 0);
INSERT INTO `chartdetails` VALUES (1640, 5, 0, 0, 0, 0, NULL, 0, 0, 0);
INSERT INTO `chartdetails` VALUES (1640, 6, 0, 0, 0, 0, NULL, 0, 0, 0);
INSERT INTO `chartdetails` VALUES (1640, 7, 0, 0, 0, 0, NULL, 0, 0, 0);
INSERT INTO `chartdetails` VALUES (1640, 8, 0, 0, 0, 0, NULL, 0, 0, 0);
INSERT INTO `chartdetails` VALUES (1640, 9, 0, 0, 0, 0, NULL, 0, 0, 0);
INSERT INTO `chartdetails` VALUES (1640, 10, 0, 0, 0, 0, NULL, 0, 0, 0);
INSERT INTO `chartdetails` VALUES (1640, 11, 0, 0, 0, 0, NULL, 0, 0, 0);
INSERT INTO `chartdetails` VALUES (1640, 12, 0, 0, 0, 0, NULL, 0, 0, 0);
INSERT INTO `chartdetails` VALUES (1640, 13, 0, 0, 0, 0, NULL, 0, 0, 0);
INSERT INTO `chartdetails` VALUES (1640, 14, 0, 0, 0, 0, NULL, 0, 0, 0);
INSERT INTO `chartdetails` VALUES (1641, -1, 0, 0, 0, 0, NULL, 0, 0, 0);
INSERT INTO `chartdetails` VALUES (1641, 1, 0, 0, 0, 0, NULL, 0, 0, 0);
INSERT INTO `chartdetails` VALUES (1641, 2, 0, 0, 0, 0, NULL, 0, 0, 0);
INSERT INTO `chartdetails` VALUES (1641, 3, 0, 0, 0, 0, NULL, 0, 0, 0);
INSERT INTO `chartdetails` VALUES (1641, 4, 0, 0, 0, 0, NULL, 0, 0, 0);
INSERT INTO `chartdetails` VALUES (1641, 5, 0, 0, 0, 0, NULL, 0, 0, 0);
INSERT INTO `chartdetails` VALUES (1641, 6, 0, 0, 0, 0, NULL, 0, 0, 0);
INSERT INTO `chartdetails` VALUES (1641, 7, 0, 0, 0, 0, NULL, 0, 0, 0);
INSERT INTO `chartdetails` VALUES (1641, 8, 0, 0, 0, 0, NULL, 0, 0, 0);
INSERT INTO `chartdetails` VALUES (1641, 9, 0, 0, 0, 0, NULL, 0, 0, 0);
INSERT INTO `chartdetails` VALUES (1641, 10, 0, 0, 0, 0, NULL, 0, 0, 0);
INSERT INTO `chartdetails` VALUES (1641, 11, 0, 0, 0, 0, NULL, 0, 0, 0);
INSERT INTO `chartdetails` VALUES (1641, 12, 0, 0, 0, 0, NULL, 0, 0, 0);
INSERT INTO `chartdetails` VALUES (1641, 13, 0, 0, 0, 0, NULL, 0, 0, 0);
INSERT INTO `chartdetails` VALUES (1641, 14, 0, 0, 0, 0, NULL, 0, 0, 0);
INSERT INTO `chartdetails` VALUES (1650, -1, 0, 0, 0, 0, NULL, 0, 0, 0);
INSERT INTO `chartdetails` VALUES (1650, 1, 0, 0, 0, 0, NULL, 0, 0, 0);
INSERT INTO `chartdetails` VALUES (1650, 2, 0, 0, 0, 0, NULL, 0, 0, 0);
INSERT INTO `chartdetails` VALUES (1650, 3, 0, 0, 0, 0, NULL, 0, 0, 0);
INSERT INTO `chartdetails` VALUES (1650, 4, 0, 0, 0, 0, NULL, 0, 0, 0);
INSERT INTO `chartdetails` VALUES (1650, 5, 0, 0, 0, 0, NULL, 0, 0, 0);
INSERT INTO `chartdetails` VALUES (1650, 6, 0, 0, 0, 0, NULL, 0, 0, 0);
INSERT INTO `chartdetails` VALUES (1650, 7, 0, 0, 0, 0, NULL, 0, 0, 0);
INSERT INTO `chartdetails` VALUES (1650, 8, 0, 0, 0, 0, NULL, 0, 0, 0);
INSERT INTO `chartdetails` VALUES (1650, 9, 0, 0, 0, 0, NULL, 0, 0, 0);
INSERT INTO `chartdetails` VALUES (1650, 10, 0, 0, 0, 0, NULL, 0, 0, 0);
INSERT INTO `chartdetails` VALUES (1650, 11, 0, 0, 0, 0, NULL, 0, 0, 0);
INSERT INTO `chartdetails` VALUES (1650, 12, 0, 0, 0, 0, NULL, 0, 0, 0);
INSERT INTO `chartdetails` VALUES (1650, 13, 0, 0, 0, 0, NULL, 0, 0, 0);
INSERT INTO `chartdetails` VALUES (1650, 14, 0, 0, 0, 0, NULL, 0, 0, 0);
INSERT INTO `chartdetails` VALUES (1651, -1, 0, 0, 0, 0, NULL, 0, 0, 0);
INSERT INTO `chartdetails` VALUES (1651, 1, 0, 0, 0, 0, NULL, 0, 0, 0);
INSERT INTO `chartdetails` VALUES (1651, 2, 0, 0, 0, 0, NULL, 0, 0, 0);
INSERT INTO `chartdetails` VALUES (1651, 3, 0, 0, 0, 0, NULL, 0, 0, 0);
INSERT INTO `chartdetails` VALUES (1651, 4, 0, 0, 0, 0, NULL, 0, 0, 0);
INSERT INTO `chartdetails` VALUES (1651, 5, 0, 0, 0, 0, NULL, 0, 0, 0);
INSERT INTO `chartdetails` VALUES (1651, 6, 0, 0, 0, 0, NULL, 0, 0, 0);
INSERT INTO `chartdetails` VALUES (1651, 7, 0, 0, 0, 0, NULL, 0, 0, 0);
INSERT INTO `chartdetails` VALUES (1651, 8, 0, 0, 0, 0, NULL, 0, 0, 0);
INSERT INTO `chartdetails` VALUES (1651, 9, 0, 0, 0, 0, NULL, 0, 0, 0);
INSERT INTO `chartdetails` VALUES (1651, 10, 0, 0, 0, 0, NULL, 0, 0, 0);
INSERT INTO `chartdetails` VALUES (1651, 11, 0, 0, 0, 0, NULL, 0, 0, 0);
INSERT INTO `chartdetails` VALUES (1651, 12, 0, 0, 0, 0, NULL, 0, 0, 0);
INSERT INTO `chartdetails` VALUES (1651, 13, 0, 0, 0, 0, NULL, 0, 0, 0);
INSERT INTO `chartdetails` VALUES (1651, 14, 0, 0, 0, 0, NULL, 0, 0, 0);
INSERT INTO `chartdetails` VALUES (1660, -1, 0, 0, 0, 0, NULL, 0, 0, 0);
INSERT INTO `chartdetails` VALUES (1660, 1, 0, 0, 0, 0, NULL, 0, 0, 0);
INSERT INTO `chartdetails` VALUES (1660, 2, 0, 0, 0, 0, NULL, 0, 0, 0);
INSERT INTO `chartdetails` VALUES (1660, 3, 0, 0, 0, 0, NULL, 0, 0, 0);
INSERT INTO `chartdetails` VALUES (1660, 4, 0, 0, 0, 0, NULL, 0, 0, 0);
INSERT INTO `chartdetails` VALUES (1660, 5, 0, 0, 0, 0, NULL, 0, 0, 0);
INSERT INTO `chartdetails` VALUES (1660, 6, 0, 0, 0, 0, NULL, 0, 0, 0);
INSERT INTO `chartdetails` VALUES (1660, 7, 0, 0, 0, 0, NULL, 0, 0, 0);
INSERT INTO `chartdetails` VALUES (1660, 8, 0, 0, 0, 0, NULL, 0, 0, 0);
INSERT INTO `chartdetails` VALUES (1660, 9, 0, 0, 0, 0, NULL, 0, 0, 0);
INSERT INTO `chartdetails` VALUES (1660, 10, 0, 0, 0, 0, NULL, 0, 0, 0);
INSERT INTO `chartdetails` VALUES (1660, 11, 0, 0, 0, 0, NULL, 0, 0, 0);
INSERT INTO `chartdetails` VALUES (1660, 12, 0, 0, 0, 0, NULL, 0, 0, 0);
INSERT INTO `chartdetails` VALUES (1660, 13, 0, 0, 0, 0, NULL, 0, 0, 0);
INSERT INTO `chartdetails` VALUES (1660, 14, 0, 0, 0, 0, NULL, 0, 0, 0);
INSERT INTO `chartdetails` VALUES (1661, -1, 0, 0, 0, 0, NULL, 0, 0, 0);
INSERT INTO `chartdetails` VALUES (1661, 1, 0, 0, 0, 0, NULL, 0, 0, 0);
INSERT INTO `chartdetails` VALUES (1661, 2, 0, 0, 0, 0, NULL, 0, 0, 0);
INSERT INTO `chartdetails` VALUES (1661, 3, 0, 0, 0, 0, NULL, 0, 0, 0);
INSERT INTO `chartdetails` VALUES (1661, 4, 0, 0, 0, 0, NULL, 0, 0, 0);
INSERT INTO `chartdetails` VALUES (1661, 5, 0, 0, 0, 0, NULL, 0, 0, 0);
INSERT INTO `chartdetails` VALUES (1661, 6, 0, 0, 0, 0, NULL, 0, 0, 0);
INSERT INTO `chartdetails` VALUES (1661, 7, 0, 0, 0, 0, NULL, 0, 0, 0);
INSERT INTO `chartdetails` VALUES (1661, 8, 0, 0, 0, 0, NULL, 0, 0, 0);
INSERT INTO `chartdetails` VALUES (1661, 9, 0, 0, 0, 0, NULL, 0, 0, 0);
INSERT INTO `chartdetails` VALUES (1661, 10, 0, 0, 0, 0, NULL, 0, 0, 0);
INSERT INTO `chartdetails` VALUES (1661, 11, 0, 0, 0, 0, NULL, 0, 0, 0);
INSERT INTO `chartdetails` VALUES (1661, 12, 0, 0, 0, 0, NULL, 0, 0, 0);
INSERT INTO `chartdetails` VALUES (1661, 13, 0, 0, 0, 0, NULL, 0, 0, 0);
INSERT INTO `chartdetails` VALUES (1661, 14, 0, 0, 0, 0, NULL, 0, 0, 0);
INSERT INTO `chartdetails` VALUES (1680, -1, 0, 0, 0, 0, NULL, 0, 0, 0);
INSERT INTO `chartdetails` VALUES (1680, 1, 0, 0, 0, 0, NULL, 0, 0, 0);
INSERT INTO `chartdetails` VALUES (1680, 2, 0, 0, 0, 0, NULL, 0, 0, 0);
INSERT INTO `chartdetails` VALUES (1680, 3, 0, 0, 0, 0, NULL, 0, 0, 0);
INSERT INTO `chartdetails` VALUES (1680, 4, 0, 0, 0, 0, NULL, 0, 0, 0);
INSERT INTO `chartdetails` VALUES (1680, 5, 0, 0, 0, 0, NULL, 0, 0, 0);
INSERT INTO `chartdetails` VALUES (1680, 6, 0, 0, 0, 0, NULL, 0, 0, 0);
INSERT INTO `chartdetails` VALUES (1680, 7, 0, 0, 0, 0, NULL, 0, 0, 0);
INSERT INTO `chartdetails` VALUES (1680, 8, 0, 0, 0, 0, NULL, 0, 0, 0);
INSERT INTO `chartdetails` VALUES (1680, 9, 0, 0, 0, 0, NULL, 0, 0, 0);
INSERT INTO `chartdetails` VALUES (1680, 10, 0, 0, 0, 0, NULL, 0, 0, 0);
INSERT INTO `chartdetails` VALUES (1680, 11, 0, 0, 0, 0, NULL, 0, 0, 0);
INSERT INTO `chartdetails` VALUES (1680, 12, 0, 0, 0, 0, NULL, 0, 0, 0);
INSERT INTO `chartdetails` VALUES (1680, 13, 0, 0, 0, 0, NULL, 0, 0, 0);
INSERT INTO `chartdetails` VALUES (1680, 14, 0, 0, 0, 0, NULL, 0, 0, 0);
INSERT INTO `chartdetails` VALUES (1681, -1, 0, 0, 0, 0, NULL, 0, 0, 0);
INSERT INTO `chartdetails` VALUES (1681, 1, 0, 0, 0, 0, NULL, 0, 0, 0);
INSERT INTO `chartdetails` VALUES (1681, 2, 0, 0, 0, 0, NULL, 0, 0, 0);
INSERT INTO `chartdetails` VALUES (1681, 3, 0, 0, 0, 0, NULL, 0, 0, 0);
INSERT INTO `chartdetails` VALUES (1681, 4, 0, 0, 0, 0, NULL, 0, 0, 0);
INSERT INTO `chartdetails` VALUES (1681, 5, 0, 0, 0, 0, NULL, 0, 0, 0);
INSERT INTO `chartdetails` VALUES (1681, 6, 0, 0, 0, 0, NULL, 0, 0, 0);
INSERT INTO `chartdetails` VALUES (1681, 7, 0, 0, 0, 0, NULL, 0, 0, 0);
INSERT INTO `chartdetails` VALUES (1681, 8, 0, 0, 0, 0, NULL, 0, 0, 0);
INSERT INTO `chartdetails` VALUES (1681, 9, 0, 0, 0, 0, NULL, 0, 0, 0);
INSERT INTO `chartdetails` VALUES (1681, 10, 0, 0, 0, 0, NULL, 0, 0, 0);
INSERT INTO `chartdetails` VALUES (1681, 11, 0, 0, 0, 0, NULL, 0, 0, 0);
INSERT INTO `chartdetails` VALUES (1681, 12, 0, 0, 0, 0, NULL, 0, 0, 0);
INSERT INTO `chartdetails` VALUES (1681, 13, 0, 0, 0, 0, NULL, 0, 0, 0);
INSERT INTO `chartdetails` VALUES (1681, 14, 0, 0, 0, 0, NULL, 0, 0, 0);
INSERT INTO `chartdetails` VALUES (1910, -1, 0, 0, 0, 0, NULL, 0, 0, 0);
INSERT INTO `chartdetails` VALUES (1910, 1, 0, 0, 0, 0, NULL, 0, 0, 0);
INSERT INTO `chartdetails` VALUES (1910, 2, 0, 0, 0, 0, NULL, 0, 0, 0);
INSERT INTO `chartdetails` VALUES (1910, 3, 0, 0, 0, 0, NULL, 0, 0, 0);
INSERT INTO `chartdetails` VALUES (1910, 4, 0, 0, 0, 0, NULL, 0, 0, 0);
INSERT INTO `chartdetails` VALUES (1910, 5, 0, 0, 0, 0, NULL, 0, 0, 0);
INSERT INTO `chartdetails` VALUES (1910, 6, 0, 0, 0, 0, NULL, 0, 0, 0);
INSERT INTO `chartdetails` VALUES (1910, 7, 0, 0, 0, 0, NULL, 0, 0, 0);
INSERT INTO `chartdetails` VALUES (1910, 8, 0, 0, 0, 0, NULL, 0, 0, 0);
INSERT INTO `chartdetails` VALUES (1910, 9, 0, 0, 0, 0, NULL, 0, 0, 0);
INSERT INTO `chartdetails` VALUES (1910, 10, 0, 0, 0, 0, NULL, 0, 0, 0);
INSERT INTO `chartdetails` VALUES (1910, 11, 0, 0, 0, 0, NULL, 0, 0, 0);
INSERT INTO `chartdetails` VALUES (1910, 12, 0, 0, 0, 0, NULL, 0, 0, 0);
INSERT INTO `chartdetails` VALUES (1910, 13, 0, 0, 0, 0, NULL, 0, 0, 0);
INSERT INTO `chartdetails` VALUES (1910, 14, 0, 0, 0, 0, NULL, 0, 0, 0);
INSERT INTO `chartdetails` VALUES (1911, -1, 0, 0, 0, 0, NULL, 0, 0, 0);
INSERT INTO `chartdetails` VALUES (1911, 1, 0, 0, 0, 0, NULL, 0, 0, 0);
INSERT INTO `chartdetails` VALUES (1911, 2, 0, 0, 0, 0, NULL, 0, 0, 0);
INSERT INTO `chartdetails` VALUES (1911, 3, 0, 0, 0, 0, NULL, 0, 0, 0);
INSERT INTO `chartdetails` VALUES (1911, 4, 0, 0, 0, 0, NULL, 0, 0, 0);
INSERT INTO `chartdetails` VALUES (1911, 5, 0, 0, 0, 0, NULL, 0, 0, 0);
INSERT INTO `chartdetails` VALUES (1911, 6, 0, 0, 0, 0, NULL, 0, 0, 0);
INSERT INTO `chartdetails` VALUES (1911, 7, 0, 0, 0, 0, NULL, 0, 0, 0);
INSERT INTO `chartdetails` VALUES (1911, 8, 0, 0, 0, 0, NULL, 0, 0, 0);
INSERT INTO `chartdetails` VALUES (1911, 9, 0, 0, 0, 0, NULL, 0, 0, 0);
INSERT INTO `chartdetails` VALUES (1911, 10, 0, 0, 0, 0, NULL, 0, 0, 0);
INSERT INTO `chartdetails` VALUES (1911, 11, 0, 0, 0, 0, NULL, 0, 0, 0);
INSERT INTO `chartdetails` VALUES (1911, 12, 0, 0, 0, 0, NULL, 0, 0, 0);
INSERT INTO `chartdetails` VALUES (1911, 13, 0, 0, 0, 0, NULL, 0, 0, 0);
INSERT INTO `chartdetails` VALUES (1911, 14, 0, 0, 0, 0, NULL, 0, 0, 0);
INSERT INTO `chartdetails` VALUES (2010, -1, 0, 0, 0, 0, NULL, 0, 0, 0);
INSERT INTO `chartdetails` VALUES (2010, 1, 0, 0, 0, 0, NULL, 0, 0, 0);
INSERT INTO `chartdetails` VALUES (2010, 2, 0, 0, 0, 0, NULL, 0, 0, 0);
INSERT INTO `chartdetails` VALUES (2010, 3, 0, 0, 0, 0, NULL, 0, 0, 0);
INSERT INTO `chartdetails` VALUES (2010, 4, 0, 0, 0, 0, NULL, 0, 0, 0);
INSERT INTO `chartdetails` VALUES (2010, 5, 0, 0, 0, 0, NULL, 0, 0, 0);
INSERT INTO `chartdetails` VALUES (2010, 6, 0, 0, 0, 0, NULL, 0, 0, 0);
INSERT INTO `chartdetails` VALUES (2010, 7, 0, 0, 0, 0, NULL, 0, 0, 0);
INSERT INTO `chartdetails` VALUES (2010, 8, 0, 0, 0, 0, NULL, 0, 0, 0);
INSERT INTO `chartdetails` VALUES (2010, 9, 0, 0, 0, 0, NULL, 0, 0, 0);
INSERT INTO `chartdetails` VALUES (2010, 10, 0, 0, 0, 0, NULL, 0, 0, 0);
INSERT INTO `chartdetails` VALUES (2010, 11, 0, 0, 0, 0, NULL, 0, 0, 0);
INSERT INTO `chartdetails` VALUES (2010, 12, 0, 0, 0, 0, NULL, 0, 0, 0);
INSERT INTO `chartdetails` VALUES (2010, 13, 0, 0, 0, 0, NULL, 0, 0, 0);
INSERT INTO `chartdetails` VALUES (2010, 14, 0, 0, 0, 0, NULL, 0, 0, 0);
INSERT INTO `chartdetails` VALUES (2015, -1, 0, 0, 0, 0, NULL, 0, 0, 0);
INSERT INTO `chartdetails` VALUES (2015, 1, 0, 0, 0, 0, NULL, 0, 0, 0);
INSERT INTO `chartdetails` VALUES (2015, 2, 0, 0, 0, 0, NULL, 0, 0, 0);
INSERT INTO `chartdetails` VALUES (2015, 3, 0, 0, 0, 0, NULL, 0, 0, 0);
INSERT INTO `chartdetails` VALUES (2015, 4, 0, 0, 0, 0, NULL, 0, 0, 0);
INSERT INTO `chartdetails` VALUES (2015, 5, 0, 0, 0, 0, NULL, 0, 0, 0);
INSERT INTO `chartdetails` VALUES (2015, 6, 0, 0, 0, 0, NULL, 0, 0, 0);
INSERT INTO `chartdetails` VALUES (2015, 7, 0, 0, 0, 0, NULL, 0, 0, 0);
INSERT INTO `chartdetails` VALUES (2015, 8, 0, 0, 0, 0, NULL, 0, 0, 0);
INSERT INTO `chartdetails` VALUES (2015, 9, 0, 0, 0, 0, NULL, 0, 0, 0);
INSERT INTO `chartdetails` VALUES (2015, 10, 0, 0, 0, 0, NULL, 0, 0, 0);
INSERT INTO `chartdetails` VALUES (2015, 11, 0, 0, 0, 0, NULL, 0, 0, 0);
INSERT INTO `chartdetails` VALUES (2015, 12, 0, 0, 0, 0, NULL, 0, 0, 0);
INSERT INTO `chartdetails` VALUES (2015, 13, 0, 0, 0, 0, NULL, 0, 0, 0);
INSERT INTO `chartdetails` VALUES (2015, 14, 0, 0, 0, 0, NULL, 0, 0, 0);
INSERT INTO `chartdetails` VALUES (2020, -1, 0, 0, 0, 0, NULL, 0, 0, 0);
INSERT INTO `chartdetails` VALUES (2020, 1, 0, 0, 0, 0, NULL, 0, 0, 0);
INSERT INTO `chartdetails` VALUES (2020, 2, 0, 0, 0, 0, NULL, 0, 0, 0);
INSERT INTO `chartdetails` VALUES (2020, 3, 0, 0, 0, 0, NULL, 0, 0, 0);
INSERT INTO `chartdetails` VALUES (2020, 4, 0, 0, 0, 0, NULL, 0, 0, 0);
INSERT INTO `chartdetails` VALUES (2020, 5, 0, 0, 0, 0, NULL, 0, 0, 0);
INSERT INTO `chartdetails` VALUES (2020, 6, 0, 0, 0, 0, NULL, 0, 0, 0);
INSERT INTO `chartdetails` VALUES (2020, 7, 0, 0, 0, 0, NULL, 0, 0, 0);
INSERT INTO `chartdetails` VALUES (2020, 8, 0, 0, 0, 0, NULL, 0, 0, 0);
INSERT INTO `chartdetails` VALUES (2020, 9, 0, 0, 0, 0, NULL, 0, 0, 0);
INSERT INTO `chartdetails` VALUES (2020, 10, 0, 0, 0, 0, NULL, 0, 0, 0);
INSERT INTO `chartdetails` VALUES (2020, 11, 0, 0, 0, 0, NULL, 0, 0, 0);
INSERT INTO `chartdetails` VALUES (2020, 12, 0, 0, 0, 0, NULL, 0, 0, 0);
INSERT INTO `chartdetails` VALUES (2020, 13, 0, 0, 0, 0, NULL, 0, 0, 0);
INSERT INTO `chartdetails` VALUES (2020, 14, 0, 0, 0, 0, NULL, 0, 0, 0);
INSERT INTO `chartdetails` VALUES (2025, -1, 0, 0, 0, 0, NULL, 0, 0, 0);
INSERT INTO `chartdetails` VALUES (2025, 1, 0, 0, 0, 0, NULL, 0, 0, 0);
INSERT INTO `chartdetails` VALUES (2025, 2, 0, 0, 0, 0, NULL, 0, 0, 0);
INSERT INTO `chartdetails` VALUES (2025, 3, 0, 0, 0, 0, NULL, 0, 0, 0);
INSERT INTO `chartdetails` VALUES (2025, 4, 0, 0, 0, 0, NULL, 0, 0, 0);
INSERT INTO `chartdetails` VALUES (2025, 5, 0, 0, 0, 0, NULL, 0, 0, 0);
INSERT INTO `chartdetails` VALUES (2025, 6, 0, 0, 0, 0, NULL, 0, 0, 0);
INSERT INTO `chartdetails` VALUES (2025, 7, 0, 0, 0, 0, NULL, 0, 0, 0);
INSERT INTO `chartdetails` VALUES (2025, 8, 0, 0, 0, 0, NULL, 0, 0, 0);
INSERT INTO `chartdetails` VALUES (2025, 9, 0, 0, 0, 0, NULL, 0, 0, 0);
INSERT INTO `chartdetails` VALUES (2025, 10, 0, 0, 0, 0, NULL, 0, 0, 0);
INSERT INTO `chartdetails` VALUES (2025, 11, 0, 0, 0, 0, NULL, 0, 0, 0);
INSERT INTO `chartdetails` VALUES (2025, 12, 0, 0, 0, 0, NULL, 0, 0, 0);
INSERT INTO `chartdetails` VALUES (2025, 13, 0, 0, 0, 0, NULL, 0, 0, 0);
INSERT INTO `chartdetails` VALUES (2025, 14, 0, 0, 0, 0, NULL, 0, 0, 0);
INSERT INTO `chartdetails` VALUES (2030, -1, 0, 0, 0, 0, NULL, 0, 0, 0);
INSERT INTO `chartdetails` VALUES (2030, 1, 0, 0, 0, 0, NULL, 0, 0, 0);
INSERT INTO `chartdetails` VALUES (2030, 2, 0, 0, 0, 0, NULL, 0, 0, 0);
INSERT INTO `chartdetails` VALUES (2030, 3, 0, 0, 0, 0, NULL, 0, 0, 0);
INSERT INTO `chartdetails` VALUES (2030, 4, 0, 0, 0, 0, NULL, 0, 0, 0);
INSERT INTO `chartdetails` VALUES (2030, 5, 0, 0, 0, 0, NULL, 0, 0, 0);
INSERT INTO `chartdetails` VALUES (2030, 6, 0, 0, 0, 0, NULL, 0, 0, 0);
INSERT INTO `chartdetails` VALUES (2030, 7, 0, 0, 0, 0, NULL, 0, 0, 0);
INSERT INTO `chartdetails` VALUES (2030, 8, 0, 0, 0, 0, NULL, 0, 0, 0);
INSERT INTO `chartdetails` VALUES (2030, 9, 0, 0, 0, 0, NULL, 0, 0, 0);
INSERT INTO `chartdetails` VALUES (2030, 10, 0, 0, 0, 0, NULL, 0, 0, 0);
INSERT INTO `chartdetails` VALUES (2030, 11, 0, 0, 0, 0, NULL, 0, 0, 0);
INSERT INTO `chartdetails` VALUES (2030, 12, 0, 0, 0, 0, NULL, 0, 0, 0);
INSERT INTO `chartdetails` VALUES (2030, 13, 0, 0, 0, 0, NULL, 0, 0, 0);
INSERT INTO `chartdetails` VALUES (2030, 14, 0, 0, 0, 0, NULL, 0, 0, 0);
INSERT INTO `chartdetails` VALUES (2050, -1, 0, 0, 0, 0, NULL, 0, 0, 0);
INSERT INTO `chartdetails` VALUES (2050, 1, 0, 0, 0, 0, NULL, 0, 0, 0);
INSERT INTO `chartdetails` VALUES (2050, 2, 0, -25.6662, 0, 0, NULL, 0, 0, 0);
INSERT INTO `chartdetails` VALUES (2050, 3, 0, -0.075, -25.6662, 0, NULL, 0, 0, 0);
INSERT INTO `chartdetails` VALUES (2050, 4, 0, 0, -25.7412, 0, NULL, 0, 0, 0);
INSERT INTO `chartdetails` VALUES (2050, 5, 0, 0, -25.7412, 0, NULL, 0, 0, 0);
INSERT INTO `chartdetails` VALUES (2050, 6, 0, 0, -25.7412, 0, NULL, 0, 0, 0);
INSERT INTO `chartdetails` VALUES (2050, 7, 0, 0, -25.7412, 0, NULL, 0, 0, 0);
INSERT INTO `chartdetails` VALUES (2050, 8, 0, 0, -25.7412, 0, NULL, 0, 0, 0);
INSERT INTO `chartdetails` VALUES (2050, 9, 0, 0, -25.7412, 0, NULL, 0, 0, 0);
INSERT INTO `chartdetails` VALUES (2050, 10, 0, 0, -25.7412, 0, NULL, 0, 0, 0);
INSERT INTO `chartdetails` VALUES (2050, 11, 0, 0, -25.7412, 0, NULL, 0, 0, 0);
INSERT INTO `chartdetails` VALUES (2050, 12, 0, 0, -25.7412, 0, NULL, 0, 0, 0);
INSERT INTO `chartdetails` VALUES (2050, 13, 0, 0, -25.7412, 0, NULL, 0, 0, 0);
INSERT INTO `chartdetails` VALUES (2050, 14, 0, 0, -25.7412, 0, NULL, 0, 0, 0);
INSERT INTO `chartdetails` VALUES (2051, -1, 0, 0, 0, 0, NULL, 0, 0, 0);
INSERT INTO `chartdetails` VALUES (2051, 1, 0, 0, 0, 0, NULL, 0, 0, 0);
INSERT INTO `chartdetails` VALUES (2051, 2, 0, 0, 0, 0, NULL, 0, 0, 0);
INSERT INTO `chartdetails` VALUES (2051, 3, 0, 0, 0, 0, NULL, 0, 0, 0);
INSERT INTO `chartdetails` VALUES (2051, 4, 0, 0, 0, 0, NULL, 0, 0, 0);
INSERT INTO `chartdetails` VALUES (2051, 5, 0, 0, 0, 0, NULL, 0, 0, 0);
INSERT INTO `chartdetails` VALUES (2051, 6, 0, 0, 0, 0, NULL, 0, 0, 0);
INSERT INTO `chartdetails` VALUES (2051, 7, 0, 0, 0, 0, NULL, 0, 0, 0);
INSERT INTO `chartdetails` VALUES (2051, 8, 0, 0, 0, 0, NULL, 0, 0, 0);
INSERT INTO `chartdetails` VALUES (2051, 9, 0, 0, 0, 0, NULL, 0, 0, 0);
INSERT INTO `chartdetails` VALUES (2051, 10, 0, 0, 0, 0, NULL, 0, 0, 0);
INSERT INTO `chartdetails` VALUES (2051, 11, 0, 0, 0, 0, NULL, 0, 0, 0);
INSERT INTO `chartdetails` VALUES (2051, 12, 0, 0, 0, 0, NULL, 0, 0, 0);
INSERT INTO `chartdetails` VALUES (2051, 13, 0, 0, 0, 0, NULL, 0, 0, 0);
INSERT INTO `chartdetails` VALUES (2051, 14, 0, 0, 0, 0, NULL, 0, 0, 0);
INSERT INTO `chartdetails` VALUES (2055, -1, 0, 0, 0, 0, NULL, 0, 0, 0);
INSERT INTO `chartdetails` VALUES (2055, 1, 0, 0, 0, 0, NULL, 0, 0, 0);
INSERT INTO `chartdetails` VALUES (2055, 2, 0, 0, 0, 0, NULL, 0, 0, 0);
INSERT INTO `chartdetails` VALUES (2055, 3, 0, 0, 0, 0, NULL, 0, 0, 0);
INSERT INTO `chartdetails` VALUES (2055, 4, 0, 0, 0, 0, NULL, 0, 0, 0);
INSERT INTO `chartdetails` VALUES (2055, 5, 0, 0, 0, 0, NULL, 0, 0, 0);
INSERT INTO `chartdetails` VALUES (2055, 6, 0, 0, 0, 0, NULL, 0, 0, 0);
INSERT INTO `chartdetails` VALUES (2055, 7, 0, 0, 0, 0, NULL, 0, 0, 0);
INSERT INTO `chartdetails` VALUES (2055, 8, 0, 0, 0, 0, NULL, 0, 0, 0);
INSERT INTO `chartdetails` VALUES (2055, 9, 0, 0, 0, 0, NULL, 0, 0, 0);
INSERT INTO `chartdetails` VALUES (2055, 10, 0, 0, 0, 0, NULL, 0, 0, 0);
INSERT INTO `chartdetails` VALUES (2055, 11, 0, 0, 0, 0, NULL, 0, 0, 0);
INSERT INTO `chartdetails` VALUES (2055, 12, 0, 0, 0, 0, NULL, 0, 0, 0);
INSERT INTO `chartdetails` VALUES (2055, 13, 0, 0, 0, 0, NULL, 0, 0, 0);
INSERT INTO `chartdetails` VALUES (2055, 14, 0, 0, 0, 0, NULL, 0, 0, 0);
INSERT INTO `chartdetails` VALUES (2060, -1, 0, 0, 0, 0, NULL, 0, 0, 0);
INSERT INTO `chartdetails` VALUES (2060, 1, 0, 0, 0, 0, NULL, 0, 0, 0);
INSERT INTO `chartdetails` VALUES (2060, 2, 0, 0, 0, 0, NULL, 0, 0, 0);
INSERT INTO `chartdetails` VALUES (2060, 3, 0, 0, 0, 0, NULL, 0, 0, 0);
INSERT INTO `chartdetails` VALUES (2060, 4, 0, 0, 0, 0, NULL, 0, 0, 0);
INSERT INTO `chartdetails` VALUES (2060, 5, 0, 0, 0, 0, NULL, 0, 0, 0);
INSERT INTO `chartdetails` VALUES (2060, 6, 0, 0, 0, 0, NULL, 0, 0, 0);
INSERT INTO `chartdetails` VALUES (2060, 7, 0, 0, 0, 0, NULL, 0, 0, 0);
INSERT INTO `chartdetails` VALUES (2060, 8, 0, 0, 0, 0, NULL, 0, 0, 0);
INSERT INTO `chartdetails` VALUES (2060, 9, 0, 0, 0, 0, NULL, 0, 0, 0);
INSERT INTO `chartdetails` VALUES (2060, 10, 0, 0, 0, 0, NULL, 0, 0, 0);
INSERT INTO `chartdetails` VALUES (2060, 11, 0, 0, 0, 0, NULL, 0, 0, 0);
INSERT INTO `chartdetails` VALUES (2060, 12, 0, 0, 0, 0, NULL, 0, 0, 0);
INSERT INTO `chartdetails` VALUES (2060, 13, 0, 0, 0, 0, NULL, 0, 0, 0);
INSERT INTO `chartdetails` VALUES (2060, 14, 0, 0, 0, 0, NULL, 0, 0, 0);
INSERT INTO `chartdetails` VALUES (2070, -1, 0, 0, 0, 0, NULL, 0, 0, 0);
INSERT INTO `chartdetails` VALUES (2070, 1, 0, 0, 0, 0, NULL, 0, 0, 0);
INSERT INTO `chartdetails` VALUES (2070, 2, 0, 0, 0, 0, NULL, 0, 0, 0);
INSERT INTO `chartdetails` VALUES (2070, 3, 0, 0, 0, 0, NULL, 0, 0, 0);
INSERT INTO `chartdetails` VALUES (2070, 4, 0, 0, 0, 0, NULL, 0, 0, 0);
INSERT INTO `chartdetails` VALUES (2070, 5, 0, 0, 0, 0, NULL, 0, 0, 0);
INSERT INTO `chartdetails` VALUES (2070, 6, 0, 0, 0, 0, NULL, 0, 0, 0);
INSERT INTO `chartdetails` VALUES (2070, 7, 0, 0, 0, 0, NULL, 0, 0, 0);
INSERT INTO `chartdetails` VALUES (2070, 8, 0, 0, 0, 0, NULL, 0, 0, 0);
INSERT INTO `chartdetails` VALUES (2070, 9, 0, 0, 0, 0, NULL, 0, 0, 0);
INSERT INTO `chartdetails` VALUES (2070, 10, 0, 0, 0, 0, NULL, 0, 0, 0);
INSERT INTO `chartdetails` VALUES (2070, 11, 0, 0, 0, 0, NULL, 0, 0, 0);
INSERT INTO `chartdetails` VALUES (2070, 12, 0, 0, 0, 0, NULL, 0, 0, 0);
INSERT INTO `chartdetails` VALUES (2070, 13, 0, 0, 0, 0, NULL, 0, 0, 0);
INSERT INTO `chartdetails` VALUES (2070, 14, 0, 0, 0, 0, NULL, 0, 0, 0);
INSERT INTO `chartdetails` VALUES (2080, -1, 0, 0, 0, 0, NULL, 0, 0, 0);
INSERT INTO `chartdetails` VALUES (2080, 1, 0, 0, 0, 0, NULL, 0, 0, 0);
INSERT INTO `chartdetails` VALUES (2080, 2, 0, 0, 0, 0, NULL, 0, 0, 0);
INSERT INTO `chartdetails` VALUES (2080, 3, 0, 0, 0, 0, NULL, 0, 0, 0);
INSERT INTO `chartdetails` VALUES (2080, 4, 0, 0, 0, 0, NULL, 0, 0, 0);
INSERT INTO `chartdetails` VALUES (2080, 5, 0, 0, 0, 0, NULL, 0, 0, 0);
INSERT INTO `chartdetails` VALUES (2080, 6, 0, 0, 0, 0, NULL, 0, 0, 0);
INSERT INTO `chartdetails` VALUES (2080, 7, 0, 0, 0, 0, NULL, 0, 0, 0);
INSERT INTO `chartdetails` VALUES (2080, 8, 0, 0, 0, 0, NULL, 0, 0, 0);
INSERT INTO `chartdetails` VALUES (2080, 9, 0, 0, 0, 0, NULL, 0, 0, 0);
INSERT INTO `chartdetails` VALUES (2080, 10, 0, 0, 0, 0, NULL, 0, 0, 0);
INSERT INTO `chartdetails` VALUES (2080, 11, 0, 0, 0, 0, NULL, 0, 0, 0);
INSERT INTO `chartdetails` VALUES (2080, 12, 0, 0, 0, 0, NULL, 0, 0, 0);
INSERT INTO `chartdetails` VALUES (2080, 13, 0, 0, 0, 0, NULL, 0, 0, 0);
INSERT INTO `chartdetails` VALUES (2080, 14, 0, 0, 0, 0, NULL, 0, 0, 0);
INSERT INTO `chartdetails` VALUES (2110, -1, 0, 0, 0, 0, NULL, 0, 0, 0);
INSERT INTO `chartdetails` VALUES (2110, 1, 0, 0, 0, 0, NULL, 0, 0, 0);
INSERT INTO `chartdetails` VALUES (2110, 2, 0, 0, 0, 0, NULL, 0, 0, 0);
INSERT INTO `chartdetails` VALUES (2110, 3, 0, 0, 0, 0, NULL, 0, 0, 0);
INSERT INTO `chartdetails` VALUES (2110, 4, 0, 0, 0, 0, NULL, 0, 0, 0);
INSERT INTO `chartdetails` VALUES (2110, 5, 0, 0, 0, 0, NULL, 0, 0, 0);
INSERT INTO `chartdetails` VALUES (2110, 6, 0, 0, 0, 0, NULL, 0, 0, 0);
INSERT INTO `chartdetails` VALUES (2110, 7, 0, 0, 0, 0, NULL, 0, 0, 0);
INSERT INTO `chartdetails` VALUES (2110, 8, 0, 0, 0, 0, NULL, 0, 0, 0);
INSERT INTO `chartdetails` VALUES (2110, 9, 0, 0, 0, 0, NULL, 0, 0, 0);
INSERT INTO `chartdetails` VALUES (2110, 10, 0, 0, 0, 0, NULL, 0, 0, 0);
INSERT INTO `chartdetails` VALUES (2110, 11, 0, 0, 0, 0, NULL, 0, 0, 0);
INSERT INTO `chartdetails` VALUES (2110, 12, 0, 0, 0, 0, NULL, 0, 0, 0);
INSERT INTO `chartdetails` VALUES (2110, 13, 0, 0, 0, 0, NULL, 0, 0, 0);
INSERT INTO `chartdetails` VALUES (2110, 14, 0, 0, 0, 0, NULL, 0, 0, 0);
INSERT INTO `chartdetails` VALUES (2120, -1, 0, 0, 0, 0, NULL, 0, 0, 0);
INSERT INTO `chartdetails` VALUES (2120, 1, 0, 0, 0, 0, NULL, 0, 0, 0);
INSERT INTO `chartdetails` VALUES (2120, 2, 0, 0, 0, 0, NULL, 0, 0, 0);
INSERT INTO `chartdetails` VALUES (2120, 3, 0, 0, 0, 0, NULL, 0, 0, 0);
INSERT INTO `chartdetails` VALUES (2120, 4, 0, 0, 0, 0, NULL, 0, 0, 0);
INSERT INTO `chartdetails` VALUES (2120, 5, 0, 0, 0, 0, NULL, 0, 0, 0);
INSERT INTO `chartdetails` VALUES (2120, 6, 0, 0, 0, 0, NULL, 0, 0, 0);
INSERT INTO `chartdetails` VALUES (2120, 7, 0, 0, 0, 0, NULL, 0, 0, 0);
INSERT INTO `chartdetails` VALUES (2120, 8, 0, 0, 0, 0, NULL, 0, 0, 0);
INSERT INTO `chartdetails` VALUES (2120, 9, 0, 0, 0, 0, NULL, 0, 0, 0);
INSERT INTO `chartdetails` VALUES (2120, 10, 0, 0, 0, 0, NULL, 0, 0, 0);
INSERT INTO `chartdetails` VALUES (2120, 11, 0, 0, 0, 0, NULL, 0, 0, 0);
INSERT INTO `chartdetails` VALUES (2120, 12, 0, 0, 0, 0, NULL, 0, 0, 0);
INSERT INTO `chartdetails` VALUES (2120, 13, 0, 0, 0, 0, NULL, 0, 0, 0);
INSERT INTO `chartdetails` VALUES (2120, 14, 0, 0, 0, 0, NULL, 0, 0, 0);
INSERT INTO `chartdetails` VALUES (3100, -1, 0, 0, 0, 0, NULL, 0, 0, 0);
INSERT INTO `chartdetails` VALUES (3100, 1, 0, 0, 0, 0, NULL, 0, 0, 0);
INSERT INTO `chartdetails` VALUES (3100, 2, 0, 0, 0, 0, NULL, 0, 0, 0);
INSERT INTO `chartdetails` VALUES (3100, 3, 0, 0, 0, 0, NULL, 0, 0, 0);
INSERT INTO `chartdetails` VALUES (3100, 4, 0, 0, 0, 0, NULL, 0, 0, 0);
INSERT INTO `chartdetails` VALUES (3100, 5, 0, 0, 0, 0, NULL, 0, 0, 0);
INSERT INTO `chartdetails` VALUES (3100, 6, 0, 0, 0, 0, NULL, 0, 0, 0);
INSERT INTO `chartdetails` VALUES (3100, 7, 0, 0, 0, 0, NULL, 0, 0, 0);
INSERT INTO `chartdetails` VALUES (3100, 8, 0, 0, 0, 0, NULL, 0, 0, 0);
INSERT INTO `chartdetails` VALUES (3100, 9, 0, 0, 0, 0, NULL, 0, 0, 0);
INSERT INTO `chartdetails` VALUES (3100, 10, 0, 0, 0, 0, NULL, 0, 0, 0);
INSERT INTO `chartdetails` VALUES (3100, 11, 0, 0, 0, 0, NULL, 0, 0, 0);
INSERT INTO `chartdetails` VALUES (3100, 12, 0, 0, 0, 0, NULL, 0, 0, 0);
INSERT INTO `chartdetails` VALUES (3100, 13, 0, 0, 0, 0, NULL, 0, 0, 0);
INSERT INTO `chartdetails` VALUES (3100, 14, 0, 0, 0, 0, NULL, 0, 0, 0);
INSERT INTO `chartdetails` VALUES (3200, -1, 0, 0, 0, 0, NULL, 0, 0, 0);
INSERT INTO `chartdetails` VALUES (3200, 1, 0, 0, 0, 0, NULL, 0, 0, 0);
INSERT INTO `chartdetails` VALUES (3200, 2, 0, 0, 0, 0, NULL, 0, 0, 0);
INSERT INTO `chartdetails` VALUES (3200, 3, 0, 0, 0, 0, NULL, 0, 0, 0);
INSERT INTO `chartdetails` VALUES (3200, 4, 0, 0, 0, 0, NULL, 0, 0, 0);
INSERT INTO `chartdetails` VALUES (3200, 5, 0, 0, 0, 0, NULL, 0, 0, 0);
INSERT INTO `chartdetails` VALUES (3200, 6, 0, 0, 0, 0, NULL, 0, 0, 0);
INSERT INTO `chartdetails` VALUES (3200, 7, 0, 0, 0, 0, NULL, 0, 0, 0);
INSERT INTO `chartdetails` VALUES (3200, 8, 0, 0, 0, 0, NULL, 0, 0, 0);
INSERT INTO `chartdetails` VALUES (3200, 9, 0, 0, 0, 0, NULL, 0, 0, 0);
INSERT INTO `chartdetails` VALUES (3200, 10, 0, 0, 0, 0, NULL, 0, 0, 0);
INSERT INTO `chartdetails` VALUES (3200, 11, 0, 0, 0, 0, NULL, 0, 0, 0);
INSERT INTO `chartdetails` VALUES (3200, 12, 0, 0, 0, 0, NULL, 0, 0, 0);
INSERT INTO `chartdetails` VALUES (3200, 13, 0, 0, 0, 0, NULL, 0, 0, 0);
INSERT INTO `chartdetails` VALUES (3200, 14, 0, 0, 0, 0, NULL, 0, 0, 0);
INSERT INTO `chartdetails` VALUES (3300, -1, 0, 0, 0, 0, NULL, 0, 0, 0);
INSERT INTO `chartdetails` VALUES (3300, 1, 0, 0, 0, 0, NULL, 0, 0, 0);
INSERT INTO `chartdetails` VALUES (3300, 2, 0, 0, 0, 0, NULL, 0, 0, 0);
INSERT INTO `chartdetails` VALUES (3300, 3, 0, 0, 0, 0, NULL, 0, 0, 0);
INSERT INTO `chartdetails` VALUES (3300, 4, 0, 0, 0, 0, NULL, 0, 0, 0);
INSERT INTO `chartdetails` VALUES (3300, 5, 0, 0, 0, 0, NULL, 0, 0, 0);
INSERT INTO `chartdetails` VALUES (3300, 6, 0, 0, 0, 0, NULL, 0, 0, 0);
INSERT INTO `chartdetails` VALUES (3300, 7, 0, 0, 0, 0, NULL, 0, 0, 0);
INSERT INTO `chartdetails` VALUES (3300, 8, 0, 0, 0, 0, NULL, 0, 0, 0);
INSERT INTO `chartdetails` VALUES (3300, 9, 0, 0, 0, 0, NULL, 0, 0, 0);
INSERT INTO `chartdetails` VALUES (3300, 10, 0, 0, 0, 0, NULL, 0, 0, 0);
INSERT INTO `chartdetails` VALUES (3300, 11, 0, 0, 0, 0, NULL, 0, 0, 0);
INSERT INTO `chartdetails` VALUES (3300, 12, 0, 0, 0, 0, NULL, 0, 0, 0);
INSERT INTO `chartdetails` VALUES (3300, 13, 0, 0, 0, 0, NULL, 0, 0, 0);
INSERT INTO `chartdetails` VALUES (3300, 14, 0, 0, 0, 0, NULL, 0, 0, 0);
INSERT INTO `chartdetails` VALUES (3400, -1, 0, 0, 0, 0, NULL, 0, 0, 0);
INSERT INTO `chartdetails` VALUES (3400, 1, 0, 0, 0, 0, NULL, 0, 0, 0);
INSERT INTO `chartdetails` VALUES (3400, 2, 0, 0, 0, 0, NULL, 0, 0, 0);
INSERT INTO `chartdetails` VALUES (3400, 3, 0, 0, 0, 0, NULL, 0, 0, 0);
INSERT INTO `chartdetails` VALUES (3400, 4, 0, 0, 0, 0, NULL, 0, 0, 0);
INSERT INTO `chartdetails` VALUES (3400, 5, 0, 0, 0, 0, NULL, 0, 0, 0);
INSERT INTO `chartdetails` VALUES (3400, 6, 0, 0, 0, 0, NULL, 0, 0, 0);
INSERT INTO `chartdetails` VALUES (3400, 7, 0, 0, 0, 0, NULL, 0, 0, 0);
INSERT INTO `chartdetails` VALUES (3400, 8, 0, 0, 0, 0, NULL, 0, 0, 0);
INSERT INTO `chartdetails` VALUES (3400, 9, 0, 0, 0, 0, NULL, 0, 0, 0);
INSERT INTO `chartdetails` VALUES (3400, 10, 0, 0, 0, 0, NULL, 0, 0, 0);
INSERT INTO `chartdetails` VALUES (3400, 11, 0, 0, 0, 0, NULL, 0, 0, 0);
INSERT INTO `chartdetails` VALUES (3400, 12, 0, 0, 0, 0, NULL, 0, 0, 0);
INSERT INTO `chartdetails` VALUES (3400, 13, 0, 0, 0, 0, NULL, 0, 0, 0);
INSERT INTO `chartdetails` VALUES (3400, 14, 0, 0, 0, 0, NULL, 0, 0, 0);
INSERT INTO `chartdetails` VALUES (3500, -1, 0, 0, 0, 0, NULL, 0, 0, 0);
INSERT INTO `chartdetails` VALUES (3500, 1, 0, 0, 0, 0, NULL, 0, 0, 0);
INSERT INTO `chartdetails` VALUES (3500, 2, 0, 0, 0, 0, NULL, 0, 0, 0);
INSERT INTO `chartdetails` VALUES (3500, 3, 0, 0, 0, 0, NULL, 0, 0, 0);
INSERT INTO `chartdetails` VALUES (3500, 4, 0, 0, 0, 0, NULL, 0, 0, 0);
INSERT INTO `chartdetails` VALUES (3500, 5, 0, 0, 0, 0, NULL, 0, 0, 0);
INSERT INTO `chartdetails` VALUES (3500, 6, 0, 0, 0, 0, NULL, 0, 0, 0);
INSERT INTO `chartdetails` VALUES (3500, 7, 0, 0, 0, 0, NULL, 0, 0, 0);
INSERT INTO `chartdetails` VALUES (3500, 8, 0, 0, 0, 0, NULL, 0, 0, 0);
INSERT INTO `chartdetails` VALUES (3500, 9, 0, 0, 0, 0, NULL, 0, 0, 0);
INSERT INTO `chartdetails` VALUES (3500, 10, 0, 0, 0, 0, NULL, 0, 0, 0);
INSERT INTO `chartdetails` VALUES (3500, 11, 0, 0, 0, 0, NULL, 0, 0, 0);
INSERT INTO `chartdetails` VALUES (3500, 12, 0, 0, 0, 0, NULL, 0, 0, 0);
INSERT INTO `chartdetails` VALUES (3500, 13, 0, 0, 0, 0, NULL, 0, 0, 0);
INSERT INTO `chartdetails` VALUES (3500, 14, 0, 0, 0, 0, NULL, 0, 0, 0);
INSERT INTO `chartdetails` VALUES (3600, -1, 0, 0, 0, 0, NULL, 0, 0, 0);
INSERT INTO `chartdetails` VALUES (3600, 1, 0, 0, 0, 0, NULL, 0, 0, 0);
INSERT INTO `chartdetails` VALUES (3600, 2, 0, 0, 0, 0, NULL, 0, 0, 0);
INSERT INTO `chartdetails` VALUES (3600, 3, 0, 0, 0, 0, NULL, 0, 0, 0);
INSERT INTO `chartdetails` VALUES (3600, 4, 0, 0, 0, 0, NULL, 0, 0, 0);
INSERT INTO `chartdetails` VALUES (3600, 5, 0, 0, 0, 0, NULL, 0, 0, 0);
INSERT INTO `chartdetails` VALUES (3600, 6, 0, 0, 0, 0, NULL, 0, 0, 0);
INSERT INTO `chartdetails` VALUES (3600, 7, 0, 0, 0, 0, NULL, 0, 0, 0);
INSERT INTO `chartdetails` VALUES (3600, 8, 0, 0, 0, 0, NULL, 0, 0, 0);
INSERT INTO `chartdetails` VALUES (3600, 9, 0, 0, 0, 0, NULL, 0, 0, 0);
INSERT INTO `chartdetails` VALUES (3600, 10, 0, 0, 0, 0, NULL, 0, 0, 0);
INSERT INTO `chartdetails` VALUES (3600, 11, 0, 0, 0, 0, NULL, 0, 0, 0);
INSERT INTO `chartdetails` VALUES (3600, 12, 0, 0, 0, 0, NULL, 0, 0, 0);
INSERT INTO `chartdetails` VALUES (3600, 13, 0, 0, 0, 0, NULL, 0, 0, 0);
INSERT INTO `chartdetails` VALUES (3600, 14, 0, 0, 0, 0, NULL, 0, 0, 0);
INSERT INTO `chartdetails` VALUES (4100, -1, 0, 0, 0, 0, NULL, 0, 0, 0);
INSERT INTO `chartdetails` VALUES (4100, 1, 0, 0, 0, 0, NULL, 0, 0, 0);
INSERT INTO `chartdetails` VALUES (4100, 2, 0, 0, 0, 0, NULL, 0, 0, 0);
INSERT INTO `chartdetails` VALUES (4100, 3, 0, 0, 0, 0, NULL, 0, 0, 0);
INSERT INTO `chartdetails` VALUES (4100, 4, 0, 0, 0, 0, NULL, 0, 0, 0);
INSERT INTO `chartdetails` VALUES (4100, 5, 0, 0, 0, 0, NULL, 0, 0, 0);
INSERT INTO `chartdetails` VALUES (4100, 6, 0, 0, 0, 0, NULL, 0, 0, 0);
INSERT INTO `chartdetails` VALUES (4100, 7, 0, 0, 0, 0, NULL, 0, 0, 0);
INSERT INTO `chartdetails` VALUES (4100, 8, 0, 0, 0, 0, NULL, 0, 0, 0);
INSERT INTO `chartdetails` VALUES (4100, 9, 0, 0, 0, 0, NULL, 0, 0, 0);
INSERT INTO `chartdetails` VALUES (4100, 10, 0, 0, 0, 0, NULL, 0, 0, 0);
INSERT INTO `chartdetails` VALUES (4100, 11, 0, 0, 0, 0, NULL, 0, 0, 0);
INSERT INTO `chartdetails` VALUES (4100, 12, 0, 0, 0, 0, NULL, 0, 0, 0);
INSERT INTO `chartdetails` VALUES (4100, 13, 0, 0, 0, 0, NULL, 0, 0, 0);
INSERT INTO `chartdetails` VALUES (4100, 14, 0, 0, 0, 0, NULL, 0, 0, 0);
INSERT INTO `chartdetails` VALUES (4200, -1, 0, 0, 0, 0, NULL, 0, 0, 0);
INSERT INTO `chartdetails` VALUES (4200, 1, 0, 0, 0, 0, NULL, 0, 0, 0);
INSERT INTO `chartdetails` VALUES (4200, 2, 0, 0, 0, 0, NULL, 0, 0, 0);
INSERT INTO `chartdetails` VALUES (4200, 3, 0, 0, 0, 0, NULL, 0, 0, 0);
INSERT INTO `chartdetails` VALUES (4200, 4, 0, 0, 0, 0, NULL, 0, 0, 0);
INSERT INTO `chartdetails` VALUES (4200, 5, 0, 0, 0, 0, NULL, 0, 0, 0);
INSERT INTO `chartdetails` VALUES (4200, 6, 0, 0, 0, 0, NULL, 0, 0, 0);
INSERT INTO `chartdetails` VALUES (4200, 7, 0, 0, 0, 0, NULL, 0, 0, 0);
INSERT INTO `chartdetails` VALUES (4200, 8, 0, 0, 0, 0, NULL, 0, 0, 0);
INSERT INTO `chartdetails` VALUES (4200, 9, 0, 0, 0, 0, NULL, 0, 0, 0);
INSERT INTO `chartdetails` VALUES (4200, 10, 0, 0, 0, 0, NULL, 0, 0, 0);
INSERT INTO `chartdetails` VALUES (4200, 11, 0, 0, 0, 0, NULL, 0, 0, 0);
INSERT INTO `chartdetails` VALUES (4200, 12, 0, 0, 0, 0, NULL, 0, 0, 0);
INSERT INTO `chartdetails` VALUES (4200, 13, 0, 0, 0, 0, NULL, 0, 0, 0);
INSERT INTO `chartdetails` VALUES (4200, 14, 0, 0, 0, 0, NULL, 0, 0, 0);
INSERT INTO `chartdetails` VALUES (4250, -1, 0, 0, 0, 0, NULL, 0, 0, 0);
INSERT INTO `chartdetails` VALUES (4250, 1, 0, 0, 0, 0, NULL, 0, 0, 0);
INSERT INTO `chartdetails` VALUES (4250, 2, 0, 0, 0, 0, NULL, 0, 0, 0);
INSERT INTO `chartdetails` VALUES (4250, 3, 0, 0, 0, 0, NULL, 0, 0, 0);
INSERT INTO `chartdetails` VALUES (4250, 4, 0, 0, 0, 0, NULL, 0, 0, 0);
INSERT INTO `chartdetails` VALUES (4250, 5, 0, 0, 0, 0, NULL, 0, 0, 0);
INSERT INTO `chartdetails` VALUES (4250, 6, 0, 0, 0, 0, NULL, 0, 0, 0);
INSERT INTO `chartdetails` VALUES (4250, 7, 0, 0, 0, 0, NULL, 0, 0, 0);
INSERT INTO `chartdetails` VALUES (4250, 8, 0, 0, 0, 0, NULL, 0, 0, 0);
INSERT INTO `chartdetails` VALUES (4250, 9, 0, 0, 0, 0, NULL, 0, 0, 0);
INSERT INTO `chartdetails` VALUES (4250, 10, 0, 0, 0, 0, NULL, 0, 0, 0);
INSERT INTO `chartdetails` VALUES (4250, 11, 0, 0, 0, 0, NULL, 0, 0, 0);
INSERT INTO `chartdetails` VALUES (4250, 12, 0, 0, 0, 0, NULL, 0, 0, 0);
INSERT INTO `chartdetails` VALUES (4250, 13, 0, 0, 0, 0, NULL, 0, 0, 0);
INSERT INTO `chartdetails` VALUES (4250, 14, 0, 0, 0, 0, NULL, 0, 0, 0);
INSERT INTO `chartdetails` VALUES (4300, -1, 0, 0, 0, 0, NULL, 0, 0, 0);
INSERT INTO `chartdetails` VALUES (4300, 1, 0, 0, 0, 0, NULL, 0, 0, 0);
INSERT INTO `chartdetails` VALUES (4300, 2, 0, 0, 0, 0, NULL, 0, 0, 0);
INSERT INTO `chartdetails` VALUES (4300, 3, 0, 0, 0, 0, NULL, 0, 0, 0);
INSERT INTO `chartdetails` VALUES (4300, 4, 0, 0, 0, 0, NULL, 0, 0, 0);
INSERT INTO `chartdetails` VALUES (4300, 5, 0, 0, 0, 0, NULL, 0, 0, 0);
INSERT INTO `chartdetails` VALUES (4300, 6, 0, 0, 0, 0, NULL, 0, 0, 0);
INSERT INTO `chartdetails` VALUES (4300, 7, 0, 0, 0, 0, NULL, 0, 0, 0);
INSERT INTO `chartdetails` VALUES (4300, 8, 0, 0, 0, 0, NULL, 0, 0, 0);
INSERT INTO `chartdetails` VALUES (4300, 9, 0, 0, 0, 0, NULL, 0, 0, 0);
INSERT INTO `chartdetails` VALUES (4300, 10, 0, 0, 0, 0, NULL, 0, 0, 0);
INSERT INTO `chartdetails` VALUES (4300, 11, 0, 0, 0, 0, NULL, 0, 0, 0);
INSERT INTO `chartdetails` VALUES (4300, 12, 0, 0, 0, 0, NULL, 0, 0, 0);
INSERT INTO `chartdetails` VALUES (4300, 13, 0, 0, 0, 0, NULL, 0, 0, 0);
INSERT INTO `chartdetails` VALUES (4300, 14, 0, 0, 0, 0, NULL, 0, 0, 0);
INSERT INTO `chartdetails` VALUES (4350, -1, 0, 0, 0, 0, NULL, 0, 0, 0);
INSERT INTO `chartdetails` VALUES (4350, 1, 0, 0, 0, 0, NULL, 0, 0, 0);
INSERT INTO `chartdetails` VALUES (4350, 2, 0, 0, 0, 0, NULL, 0, 0, 0);
INSERT INTO `chartdetails` VALUES (4350, 3, 0, 0, 0, 0, NULL, 0, 0, 0);
INSERT INTO `chartdetails` VALUES (4350, 4, 0, 0, 0, 0, NULL, 0, 0, 0);
INSERT INTO `chartdetails` VALUES (4350, 5, 0, 0, 0, 0, NULL, 0, 0, 0);
INSERT INTO `chartdetails` VALUES (4350, 6, 0, 0, 0, 0, NULL, 0, 0, 0);
INSERT INTO `chartdetails` VALUES (4350, 7, 0, 0, 0, 0, NULL, 0, 0, 0);
INSERT INTO `chartdetails` VALUES (4350, 8, 0, 0, 0, 0, NULL, 0, 0, 0);
INSERT INTO `chartdetails` VALUES (4350, 9, 0, 0, 0, 0, NULL, 0, 0, 0);
INSERT INTO `chartdetails` VALUES (4350, 10, 0, 0, 0, 0, NULL, 0, 0, 0);
INSERT INTO `chartdetails` VALUES (4350, 11, 0, 0, 0, 0, NULL, 0, 0, 0);
INSERT INTO `chartdetails` VALUES (4350, 12, 0, 0, 0, 0, NULL, 0, 0, 0);
INSERT INTO `chartdetails` VALUES (4350, 13, 0, 0, 0, 0, NULL, 0, 0, 0);
INSERT INTO `chartdetails` VALUES (4350, 14, 0, 0, 0, 0, NULL, 0, 0, 0);
INSERT INTO `chartdetails` VALUES (4400, -1, 0, 0, 0, 0, NULL, 0, 0, 0);
INSERT INTO `chartdetails` VALUES (4400, 1, 0, 0, 0, 0, NULL, 0, 0, 0);
INSERT INTO `chartdetails` VALUES (4400, 2, 0, 0, 0, 0, NULL, 0, 0, 0);
INSERT INTO `chartdetails` VALUES (4400, 3, 0, 0, 0, 0, NULL, 0, 0, 0);
INSERT INTO `chartdetails` VALUES (4400, 4, 0, 0, 0, 0, NULL, 0, 0, 0);
INSERT INTO `chartdetails` VALUES (4400, 5, 0, 0, 0, 0, NULL, 0, 0, 0);
INSERT INTO `chartdetails` VALUES (4400, 6, 0, 0, 0, 0, NULL, 0, 0, 0);
INSERT INTO `chartdetails` VALUES (4400, 7, 0, 0, 0, 0, NULL, 0, 0, 0);
INSERT INTO `chartdetails` VALUES (4400, 8, 0, 0, 0, 0, NULL, 0, 0, 0);
INSERT INTO `chartdetails` VALUES (4400, 9, 0, 0, 0, 0, NULL, 0, 0, 0);
INSERT INTO `chartdetails` VALUES (4400, 10, 0, 0, 0, 0, NULL, 0, 0, 0);
INSERT INTO `chartdetails` VALUES (4400, 11, 0, 0, 0, 0, NULL, 0, 0, 0);
INSERT INTO `chartdetails` VALUES (4400, 12, 0, 0, 0, 0, NULL, 0, 0, 0);
INSERT INTO `chartdetails` VALUES (4400, 13, 0, 0, 0, 0, NULL, 0, 0, 0);
INSERT INTO `chartdetails` VALUES (4400, 14, 0, 0, 0, 0, NULL, 0, 0, 0);
INSERT INTO `chartdetails` VALUES (4450, -1, 0, 0, 0, 0, NULL, 0, 0, 0);
INSERT INTO `chartdetails` VALUES (4450, 1, 0, 0, 0, 0, NULL, 0, 0, 0);
INSERT INTO `chartdetails` VALUES (4450, 2, 0, 0, 0, 0, NULL, 0, 0, 0);
INSERT INTO `chartdetails` VALUES (4450, 3, 0, 0, 0, 0, NULL, 0, 0, 0);
INSERT INTO `chartdetails` VALUES (4450, 4, 0, 0, 0, 0, NULL, 0, 0, 0);
INSERT INTO `chartdetails` VALUES (4450, 5, 0, 0, 0, 0, NULL, 0, 0, 0);
INSERT INTO `chartdetails` VALUES (4450, 6, 0, 0, 0, 0, NULL, 0, 0, 0);
INSERT INTO `chartdetails` VALUES (4450, 7, 0, 0, 0, 0, NULL, 0, 0, 0);
INSERT INTO `chartdetails` VALUES (4450, 8, 0, 0, 0, 0, NULL, 0, 0, 0);
INSERT INTO `chartdetails` VALUES (4450, 9, 0, 0, 0, 0, NULL, 0, 0, 0);
INSERT INTO `chartdetails` VALUES (4450, 10, 0, 0, 0, 0, NULL, 0, 0, 0);
INSERT INTO `chartdetails` VALUES (4450, 11, 0, 0, 0, 0, NULL, 0, 0, 0);
INSERT INTO `chartdetails` VALUES (4450, 12, 0, 0, 0, 0, NULL, 0, 0, 0);
INSERT INTO `chartdetails` VALUES (4450, 13, 0, 0, 0, 0, NULL, 0, 0, 0);
INSERT INTO `chartdetails` VALUES (4450, 14, 0, 0, 0, 0, NULL, 0, 0, 0);
INSERT INTO `chartdetails` VALUES (4500, -1, 0, 0, 0, 0, NULL, 0, 0, 0);
INSERT INTO `chartdetails` VALUES (4500, 1, 0, 0, 0, 0, NULL, 0, 0, 0);
INSERT INTO `chartdetails` VALUES (4500, 2, 0, 0, 0, 0, NULL, 0, 0, 0);
INSERT INTO `chartdetails` VALUES (4500, 3, 0, 0, 0, 0, NULL, 0, 0, 0);
INSERT INTO `chartdetails` VALUES (4500, 4, 0, 0, 0, 0, NULL, 0, 0, 0);
INSERT INTO `chartdetails` VALUES (4500, 5, 0, 0, 0, 0, NULL, 0, 0, 0);
INSERT INTO `chartdetails` VALUES (4500, 6, 0, 0, 0, 0, NULL, 0, 0, 0);
INSERT INTO `chartdetails` VALUES (4500, 7, 0, 0, 0, 0, NULL, 0, 0, 0);
INSERT INTO `chartdetails` VALUES (4500, 8, 0, 0, 0, 0, NULL, 0, 0, 0);
INSERT INTO `chartdetails` VALUES (4500, 9, 0, 0, 0, 0, NULL, 0, 0, 0);
INSERT INTO `chartdetails` VALUES (4500, 10, 0, 0, 0, 0, NULL, 0, 0, 0);
INSERT INTO `chartdetails` VALUES (4500, 11, 0, 0, 0, 0, NULL, 0, 0, 0);
INSERT INTO `chartdetails` VALUES (4500, 12, 0, 0, 0, 0, NULL, 0, 0, 0);
INSERT INTO `chartdetails` VALUES (4500, 13, 0, 0, 0, 0, NULL, 0, 0, 0);
INSERT INTO `chartdetails` VALUES (4500, 14, 0, 0, 0, 0, NULL, 0, 0, 0);
INSERT INTO `chartdetails` VALUES (4550, -1, 0, 0, 0, 0, NULL, 0, 0, 0);
INSERT INTO `chartdetails` VALUES (4550, 1, 0, 0, 0, 0, NULL, 0, 0, 0);
INSERT INTO `chartdetails` VALUES (4550, 2, 0, -1807.95969976905, 0, 0, NULL, 0, 0, 0);
INSERT INTO `chartdetails` VALUES (4550, 3, 0, -0.75, -1807.95969976905, 0, NULL, 0, 0, 0);
INSERT INTO `chartdetails` VALUES (4550, 4, 0, 0, -1808.70969976905, 0, NULL, 0, 0, 0);
INSERT INTO `chartdetails` VALUES (4550, 5, 0, 0, -1808.70969976905, 0, NULL, 0, 0, 0);
INSERT INTO `chartdetails` VALUES (4550, 6, 0, 0, -1808.70969976905, 0, NULL, 0, 0, 0);
INSERT INTO `chartdetails` VALUES (4550, 7, 0, 0, -1808.70969976905, 0, NULL, 0, 0, 0);
INSERT INTO `chartdetails` VALUES (4550, 8, 0, 0, -1808.70969976905, 0, NULL, 0, 0, 0);
INSERT INTO `chartdetails` VALUES (4550, 9, 0, 0, -1808.70969976905, 0, NULL, 0, 0, 0);
INSERT INTO `chartdetails` VALUES (4550, 10, 0, 0, -1808.70969976905, 0, NULL, 0, 0, 0);
INSERT INTO `chartdetails` VALUES (4550, 11, 0, 0, -1808.70969976905, 0, NULL, 0, 0, 0);
INSERT INTO `chartdetails` VALUES (4550, 12, 0, 0, -1808.70969976905, 0, NULL, 0, 0, 0);
INSERT INTO `chartdetails` VALUES (4550, 13, 0, 0, -1808.70969976905, 0, NULL, 0, 0, 0);
INSERT INTO `chartdetails` VALUES (4550, 14, 0, 0, -1808.70969976905, 0, NULL, 0, 0, 0);
INSERT INTO `chartdetails` VALUES (4555, -1, 0, 0, 0, 0, NULL, 0, 0, 0);
INSERT INTO `chartdetails` VALUES (4555, 1, 0, 0, 0, 0, NULL, 0, 0, 0);
INSERT INTO `chartdetails` VALUES (4555, 2, 0, 0, 0, 0, NULL, 0, 0, 0);
INSERT INTO `chartdetails` VALUES (4555, 3, 0, 0, 0, 0, NULL, 0, 0, 0);
INSERT INTO `chartdetails` VALUES (4555, 4, 0, 0, 0, 0, NULL, 0, 0, 0);
INSERT INTO `chartdetails` VALUES (4555, 5, 0, 0, 0, 0, NULL, 0, 0, 0);
INSERT INTO `chartdetails` VALUES (4555, 6, 0, 0, 0, 0, NULL, 0, 0, 0);
INSERT INTO `chartdetails` VALUES (4555, 7, 0, 0, 0, 0, NULL, 0, 0, 0);
INSERT INTO `chartdetails` VALUES (4555, 8, 0, 0, 0, 0, NULL, 0, 0, 0);
INSERT INTO `chartdetails` VALUES (4555, 9, 0, 0, 0, 0, NULL, 0, 0, 0);
INSERT INTO `chartdetails` VALUES (4555, 10, 0, 0, 0, 0, NULL, 0, 0, 0);
INSERT INTO `chartdetails` VALUES (4555, 11, 0, 0, 0, 0, NULL, 0, 0, 0);
INSERT INTO `chartdetails` VALUES (4555, 12, 0, 0, 0, 0, NULL, 0, 0, 0);
INSERT INTO `chartdetails` VALUES (4555, 13, 0, 0, 0, 0, NULL, 0, 0, 0);
INSERT INTO `chartdetails` VALUES (4555, 14, 0, 0, 0, 0, NULL, 0, 0, 0);
INSERT INTO `chartdetails` VALUES (4605, -1, 0, 0, 0, 0, NULL, 0, 0, 0);
INSERT INTO `chartdetails` VALUES (4605, 1, 0, 0, 0, 0, NULL, 0, 0, 0);
INSERT INTO `chartdetails` VALUES (4605, 2, 0, 0, 0, 0, NULL, 0, 0, 0);
INSERT INTO `chartdetails` VALUES (4605, 3, 0, 0, 0, 0, NULL, 0, 0, 0);
INSERT INTO `chartdetails` VALUES (4605, 4, 0, 0, 0, 0, NULL, 0, 0, 0);
INSERT INTO `chartdetails` VALUES (4605, 5, 0, 0, 0, 0, NULL, 0, 0, 0);
INSERT INTO `chartdetails` VALUES (4605, 6, 0, 0, 0, 0, NULL, 0, 0, 0);
INSERT INTO `chartdetails` VALUES (4605, 7, 0, 0, 0, 0, NULL, 0, 0, 0);
INSERT INTO `chartdetails` VALUES (4605, 8, 0, 0, 0, 0, NULL, 0, 0, 0);
INSERT INTO `chartdetails` VALUES (4605, 9, 0, 0, 0, 0, NULL, 0, 0, 0);
INSERT INTO `chartdetails` VALUES (4605, 10, 0, 0, 0, 0, NULL, 0, 0, 0);
INSERT INTO `chartdetails` VALUES (4605, 11, 0, 0, 0, 0, NULL, 0, 0, 0);
INSERT INTO `chartdetails` VALUES (4605, 12, 0, 0, 0, 0, NULL, 0, 0, 0);
INSERT INTO `chartdetails` VALUES (4605, 13, 0, 0, 0, 0, NULL, 0, 0, 0);
INSERT INTO `chartdetails` VALUES (4605, 14, 0, 0, 0, 0, NULL, 0, 0, 0);
INSERT INTO `chartdetails` VALUES (4610, -1, 0, 0, 0, 0, NULL, 0, 0, 0);
INSERT INTO `chartdetails` VALUES (4610, 1, 0, 0, 0, 0, NULL, 0, 0, 0);
INSERT INTO `chartdetails` VALUES (4610, 2, 0, 0, 0, 0, NULL, 0, 0, 0);
INSERT INTO `chartdetails` VALUES (4610, 3, 0, 0, 0, 0, NULL, 0, 0, 0);
INSERT INTO `chartdetails` VALUES (4610, 4, 0, 0, 0, 0, NULL, 0, 0, 0);
INSERT INTO `chartdetails` VALUES (4610, 5, 0, 0, 0, 0, NULL, 0, 0, 0);
INSERT INTO `chartdetails` VALUES (4610, 6, 0, 0, 0, 0, NULL, 0, 0, 0);
INSERT INTO `chartdetails` VALUES (4610, 7, 0, 0, 0, 0, NULL, 0, 0, 0);
INSERT INTO `chartdetails` VALUES (4610, 8, 0, 0, 0, 0, NULL, 0, 0, 0);
INSERT INTO `chartdetails` VALUES (4610, 9, 0, 0, 0, 0, NULL, 0, 0, 0);
INSERT INTO `chartdetails` VALUES (4610, 10, 0, 0, 0, 0, NULL, 0, 0, 0);
INSERT INTO `chartdetails` VALUES (4610, 11, 0, 0, 0, 0, NULL, 0, 0, 0);
INSERT INTO `chartdetails` VALUES (4610, 12, 0, 0, 0, 0, NULL, 0, 0, 0);
INSERT INTO `chartdetails` VALUES (4610, 13, 0, 0, 0, 0, NULL, 0, 0, 0);
INSERT INTO `chartdetails` VALUES (4610, 14, 0, 0, 0, 0, NULL, 0, 0, 0);
INSERT INTO `chartdetails` VALUES (4615, -1, 0, 0, 0, 0, NULL, 0, 0, 0);
INSERT INTO `chartdetails` VALUES (4615, 1, 0, 0, 0, 0, NULL, 0, 0, 0);
INSERT INTO `chartdetails` VALUES (4615, 2, 0, 0, 0, 0, NULL, 0, 0, 0);
INSERT INTO `chartdetails` VALUES (4615, 3, 0, 0, 0, 0, NULL, 0, 0, 0);
INSERT INTO `chartdetails` VALUES (4615, 4, 0, 0, 0, 0, NULL, 0, 0, 0);
INSERT INTO `chartdetails` VALUES (4615, 5, 0, 0, 0, 0, NULL, 0, 0, 0);
INSERT INTO `chartdetails` VALUES (4615, 6, 0, 0, 0, 0, NULL, 0, 0, 0);
INSERT INTO `chartdetails` VALUES (4615, 7, 0, 0, 0, 0, NULL, 0, 0, 0);
INSERT INTO `chartdetails` VALUES (4615, 8, 0, 0, 0, 0, NULL, 0, 0, 0);
INSERT INTO `chartdetails` VALUES (4615, 9, 0, 0, 0, 0, NULL, 0, 0, 0);
INSERT INTO `chartdetails` VALUES (4615, 10, 0, 0, 0, 0, NULL, 0, 0, 0);
INSERT INTO `chartdetails` VALUES (4615, 11, 0, 0, 0, 0, NULL, 0, 0, 0);
INSERT INTO `chartdetails` VALUES (4615, 12, 0, 0, 0, 0, NULL, 0, 0, 0);
INSERT INTO `chartdetails` VALUES (4615, 13, 0, 0, 0, 0, NULL, 0, 0, 0);
INSERT INTO `chartdetails` VALUES (4615, 14, 0, 0, 0, 0, NULL, 0, 0, 0);
INSERT INTO `chartdetails` VALUES (4620, -1, 0, 0, 0, 0, NULL, 0, 0, 0);
INSERT INTO `chartdetails` VALUES (4620, 1, 0, 0, 0, 0, NULL, 0, 0, 0);
INSERT INTO `chartdetails` VALUES (4620, 2, 0, 0, 0, 0, NULL, 0, 0, 0);
INSERT INTO `chartdetails` VALUES (4620, 3, 0, 0, 0, 0, NULL, 0, 0, 0);
INSERT INTO `chartdetails` VALUES (4620, 4, 0, 0, 0, 0, NULL, 0, 0, 0);
INSERT INTO `chartdetails` VALUES (4620, 5, 0, 0, 0, 0, NULL, 0, 0, 0);
INSERT INTO `chartdetails` VALUES (4620, 6, 0, 0, 0, 0, NULL, 0, 0, 0);
INSERT INTO `chartdetails` VALUES (4620, 7, 0, 0, 0, 0, NULL, 0, 0, 0);
INSERT INTO `chartdetails` VALUES (4620, 8, 0, 0, 0, 0, NULL, 0, 0, 0);
INSERT INTO `chartdetails` VALUES (4620, 9, 0, 0, 0, 0, NULL, 0, 0, 0);
INSERT INTO `chartdetails` VALUES (4620, 10, 0, 0, 0, 0, NULL, 0, 0, 0);
INSERT INTO `chartdetails` VALUES (4620, 11, 0, 0, 0, 0, NULL, 0, 0, 0);
INSERT INTO `chartdetails` VALUES (4620, 12, 0, 0, 0, 0, NULL, 0, 0, 0);
INSERT INTO `chartdetails` VALUES (4620, 13, 0, 0, 0, 0, NULL, 0, 0, 0);
INSERT INTO `chartdetails` VALUES (4620, 14, 0, 0, 0, 0, NULL, 0, 0, 0);
INSERT INTO `chartdetails` VALUES (4625, -1, 0, 0, 0, 0, NULL, 0, 0, 0);
INSERT INTO `chartdetails` VALUES (4625, 1, 0, 0, 0, 0, NULL, 0, 0, 0);
INSERT INTO `chartdetails` VALUES (4625, 2, 0, 0, 0, 0, NULL, 0, 0, 0);
INSERT INTO `chartdetails` VALUES (4625, 3, 0, 0, 0, 0, NULL, 0, 0, 0);
INSERT INTO `chartdetails` VALUES (4625, 4, 0, 0, 0, 0, NULL, 0, 0, 0);
INSERT INTO `chartdetails` VALUES (4625, 5, 0, 0, 0, 0, NULL, 0, 0, 0);
INSERT INTO `chartdetails` VALUES (4625, 6, 0, 0, 0, 0, NULL, 0, 0, 0);
INSERT INTO `chartdetails` VALUES (4625, 7, 0, 0, 0, 0, NULL, 0, 0, 0);
INSERT INTO `chartdetails` VALUES (4625, 8, 0, 0, 0, 0, NULL, 0, 0, 0);
INSERT INTO `chartdetails` VALUES (4625, 9, 0, 0, 0, 0, NULL, 0, 0, 0);
INSERT INTO `chartdetails` VALUES (4625, 10, 0, 0, 0, 0, NULL, 0, 0, 0);
INSERT INTO `chartdetails` VALUES (4625, 11, 0, 0, 0, 0, NULL, 0, 0, 0);
INSERT INTO `chartdetails` VALUES (4625, 12, 0, 0, 0, 0, NULL, 0, 0, 0);
INSERT INTO `chartdetails` VALUES (4625, 13, 0, 0, 0, 0, NULL, 0, 0, 0);
INSERT INTO `chartdetails` VALUES (4625, 14, 0, 0, 0, 0, NULL, 0, 0, 0);
INSERT INTO `chartdetails` VALUES (4630, -1, 0, 0, 0, 0, NULL, 0, 0, 0);
INSERT INTO `chartdetails` VALUES (4630, 1, 0, 0, 0, 0, NULL, 0, 0, 0);
INSERT INTO `chartdetails` VALUES (4630, 2, 0, 0, 0, 0, NULL, 0, 0, 0);
INSERT INTO `chartdetails` VALUES (4630, 3, 0, 0, 0, 0, NULL, 0, 0, 0);
INSERT INTO `chartdetails` VALUES (4630, 4, 0, 0, 0, 0, NULL, 0, 0, 0);
INSERT INTO `chartdetails` VALUES (4630, 5, 0, 0, 0, 0, NULL, 0, 0, 0);
INSERT INTO `chartdetails` VALUES (4630, 6, 0, 0, 0, 0, NULL, 0, 0, 0);
INSERT INTO `chartdetails` VALUES (4630, 7, 0, 0, 0, 0, NULL, 0, 0, 0);
INSERT INTO `chartdetails` VALUES (4630, 8, 0, 0, 0, 0, NULL, 0, 0, 0);
INSERT INTO `chartdetails` VALUES (4630, 9, 0, 0, 0, 0, NULL, 0, 0, 0);
INSERT INTO `chartdetails` VALUES (4630, 10, 0, 0, 0, 0, NULL, 0, 0, 0);
INSERT INTO `chartdetails` VALUES (4630, 11, 0, 0, 0, 0, NULL, 0, 0, 0);
INSERT INTO `chartdetails` VALUES (4630, 12, 0, 0, 0, 0, NULL, 0, 0, 0);
INSERT INTO `chartdetails` VALUES (4630, 13, 0, 0, 0, 0, NULL, 0, 0, 0);
INSERT INTO `chartdetails` VALUES (4630, 14, 0, 0, 0, 0, NULL, 0, 0, 0);
INSERT INTO `chartdetails` VALUES (4635, -1, 0, 0, 0, 0, NULL, 0, 0, 0);
INSERT INTO `chartdetails` VALUES (4635, 1, 0, 0, 0, 0, NULL, 0, 0, 0);
INSERT INTO `chartdetails` VALUES (4635, 2, 0, 0, 0, 0, NULL, 0, 0, 0);
INSERT INTO `chartdetails` VALUES (4635, 3, 0, 0, 0, 0, NULL, 0, 0, 0);
INSERT INTO `chartdetails` VALUES (4635, 4, 0, 0, 0, 0, NULL, 0, 0, 0);
INSERT INTO `chartdetails` VALUES (4635, 5, 0, 0, 0, 0, NULL, 0, 0, 0);
INSERT INTO `chartdetails` VALUES (4635, 6, 0, 0, 0, 0, NULL, 0, 0, 0);
INSERT INTO `chartdetails` VALUES (4635, 7, 0, 0, 0, 0, NULL, 0, 0, 0);
INSERT INTO `chartdetails` VALUES (4635, 8, 0, 0, 0, 0, NULL, 0, 0, 0);
INSERT INTO `chartdetails` VALUES (4635, 9, 0, 0, 0, 0, NULL, 0, 0, 0);
INSERT INTO `chartdetails` VALUES (4635, 10, 0, 0, 0, 0, NULL, 0, 0, 0);
INSERT INTO `chartdetails` VALUES (4635, 11, 0, 0, 0, 0, NULL, 0, 0, 0);
INSERT INTO `chartdetails` VALUES (4635, 12, 0, 0, 0, 0, NULL, 0, 0, 0);
INSERT INTO `chartdetails` VALUES (4635, 13, 0, 0, 0, 0, NULL, 0, 0, 0);
INSERT INTO `chartdetails` VALUES (4635, 14, 0, 0, 0, 0, NULL, 0, 0, 0);
INSERT INTO `chartdetails` VALUES (4650, -1, 0, 0, 0, 0, NULL, 0, 0, 0);
INSERT INTO `chartdetails` VALUES (4650, 1, 0, 0, 0, 0, NULL, 0, 0, 0);
INSERT INTO `chartdetails` VALUES (4650, 2, 0, 0, 0, 0, NULL, 0, 0, 0);
INSERT INTO `chartdetails` VALUES (4650, 3, 0, 0, 0, 0, NULL, 0, 0, 0);
INSERT INTO `chartdetails` VALUES (4650, 4, 0, 0, 0, 0, NULL, 0, 0, 0);
INSERT INTO `chartdetails` VALUES (4650, 5, 0, 0, 0, 0, NULL, 0, 0, 0);
INSERT INTO `chartdetails` VALUES (4650, 6, 0, 0, 0, 0, NULL, 0, 0, 0);
INSERT INTO `chartdetails` VALUES (4650, 7, 0, 0, 0, 0, NULL, 0, 0, 0);
INSERT INTO `chartdetails` VALUES (4650, 8, 0, 0, 0, 0, NULL, 0, 0, 0);
INSERT INTO `chartdetails` VALUES (4650, 9, 0, 0, 0, 0, NULL, 0, 0, 0);
INSERT INTO `chartdetails` VALUES (4650, 10, 0, 0, 0, 0, NULL, 0, 0, 0);
INSERT INTO `chartdetails` VALUES (4650, 11, 0, 0, 0, 0, NULL, 0, 0, 0);
INSERT INTO `chartdetails` VALUES (4650, 12, 0, 0, 0, 0, NULL, 0, 0, 0);
INSERT INTO `chartdetails` VALUES (4650, 13, 0, 0, 0, 0, NULL, 0, 0, 0);
INSERT INTO `chartdetails` VALUES (4650, 14, 0, 0, 0, 0, NULL, 0, 0, 0);
INSERT INTO `chartdetails` VALUES (4705, -1, 0, 0, 0, 0, NULL, 0, 0, 0);
INSERT INTO `chartdetails` VALUES (4705, 1, 0, 0, 0, 0, NULL, 0, 0, 0);
INSERT INTO `chartdetails` VALUES (4705, 2, 0, 0, 0, 0, NULL, 0, 0, 0);
INSERT INTO `chartdetails` VALUES (4705, 3, 0, 0, 0, 0, NULL, 0, 0, 0);
INSERT INTO `chartdetails` VALUES (4705, 4, 0, 0, 0, 0, NULL, 0, 0, 0);
INSERT INTO `chartdetails` VALUES (4705, 5, 0, 0, 0, 0, NULL, 0, 0, 0);
INSERT INTO `chartdetails` VALUES (4705, 6, 0, 0, 0, 0, NULL, 0, 0, 0);
INSERT INTO `chartdetails` VALUES (4705, 7, 0, 0, 0, 0, NULL, 0, 0, 0);
INSERT INTO `chartdetails` VALUES (4705, 8, 0, 0, 0, 0, NULL, 0, 0, 0);
INSERT INTO `chartdetails` VALUES (4705, 9, 0, 0, 0, 0, NULL, 0, 0, 0);
INSERT INTO `chartdetails` VALUES (4705, 10, 0, 0, 0, 0, NULL, 0, 0, 0);
INSERT INTO `chartdetails` VALUES (4705, 11, 0, 0, 0, 0, NULL, 0, 0, 0);
INSERT INTO `chartdetails` VALUES (4705, 12, 0, 0, 0, 0, NULL, 0, 0, 0);
INSERT INTO `chartdetails` VALUES (4705, 13, 0, 0, 0, 0, NULL, 0, 0, 0);
INSERT INTO `chartdetails` VALUES (4705, 14, 0, 0, 0, 0, NULL, 0, 0, 0);
INSERT INTO `chartdetails` VALUES (4710, -1, 0, 0, 0, 0, NULL, 0, 0, 0);
INSERT INTO `chartdetails` VALUES (4710, 1, 0, 0, 0, 0, NULL, 0, 0, 0);
INSERT INTO `chartdetails` VALUES (4710, 2, 0, 0, 0, 0, NULL, 0, 0, 0);
INSERT INTO `chartdetails` VALUES (4710, 3, 0, 0, 0, 0, NULL, 0, 0, 0);
INSERT INTO `chartdetails` VALUES (4710, 4, 0, 0, 0, 0, NULL, 0, 0, 0);
INSERT INTO `chartdetails` VALUES (4710, 5, 0, 0, 0, 0, NULL, 0, 0, 0);
INSERT INTO `chartdetails` VALUES (4710, 6, 0, 0, 0, 0, NULL, 0, 0, 0);
INSERT INTO `chartdetails` VALUES (4710, 7, 0, 0, 0, 0, NULL, 0, 0, 0);
INSERT INTO `chartdetails` VALUES (4710, 8, 0, 0, 0, 0, NULL, 0, 0, 0);
INSERT INTO `chartdetails` VALUES (4710, 9, 0, 0, 0, 0, NULL, 0, 0, 0);
INSERT INTO `chartdetails` VALUES (4710, 10, 0, 0, 0, 0, NULL, 0, 0, 0);
INSERT INTO `chartdetails` VALUES (4710, 11, 0, 0, 0, 0, NULL, 0, 0, 0);
INSERT INTO `chartdetails` VALUES (4710, 12, 0, 0, 0, 0, NULL, 0, 0, 0);
INSERT INTO `chartdetails` VALUES (4710, 13, 0, 0, 0, 0, NULL, 0, 0, 0);
INSERT INTO `chartdetails` VALUES (4710, 14, 0, 0, 0, 0, NULL, 0, 0, 0);
INSERT INTO `chartdetails` VALUES (4720, -1, 0, 0, 0, 0, NULL, 0, 0, 0);
INSERT INTO `chartdetails` VALUES (4720, 1, 0, 0, 0, 0, NULL, 0, 0, 0);
INSERT INTO `chartdetails` VALUES (4720, 2, 0, 0, 0, 0, NULL, 0, 0, 0);
INSERT INTO `chartdetails` VALUES (4720, 3, 0, 0, 0, 0, NULL, 0, 0, 0);
INSERT INTO `chartdetails` VALUES (4720, 4, 0, 0, 0, 0, NULL, 0, 0, 0);
INSERT INTO `chartdetails` VALUES (4720, 5, 0, 0, 0, 0, NULL, 0, 0, 0);
INSERT INTO `chartdetails` VALUES (4720, 6, 0, 0, 0, 0, NULL, 0, 0, 0);
INSERT INTO `chartdetails` VALUES (4720, 7, 0, 0, 0, 0, NULL, 0, 0, 0);
INSERT INTO `chartdetails` VALUES (4720, 8, 0, 0, 0, 0, NULL, 0, 0, 0);
INSERT INTO `chartdetails` VALUES (4720, 9, 0, 0, 0, 0, NULL, 0, 0, 0);
INSERT INTO `chartdetails` VALUES (4720, 10, 0, 0, 0, 0, NULL, 0, 0, 0);
INSERT INTO `chartdetails` VALUES (4720, 11, 0, 0, 0, 0, NULL, 0, 0, 0);
INSERT INTO `chartdetails` VALUES (4720, 12, 0, 0, 0, 0, NULL, 0, 0, 0);
INSERT INTO `chartdetails` VALUES (4720, 13, 0, 0, 0, 0, NULL, 0, 0, 0);
INSERT INTO `chartdetails` VALUES (4720, 14, 0, 0, 0, 0, NULL, 0, 0, 0);
INSERT INTO `chartdetails` VALUES (5100, -1, 0, 0, 0, 0, NULL, 0, 0, 0);
INSERT INTO `chartdetails` VALUES (5100, 1, 0, 0, 0, 0, NULL, 0, 0, 0);
INSERT INTO `chartdetails` VALUES (5100, 2, 0, 0, 0, 0, NULL, 0, 0, 0);
INSERT INTO `chartdetails` VALUES (5100, 3, 0, 0, 0, 0, NULL, 0, 0, 0);
INSERT INTO `chartdetails` VALUES (5100, 4, 0, 0, 0, 0, NULL, 0, 0, 0);
INSERT INTO `chartdetails` VALUES (5100, 5, 0, 0, 0, 0, NULL, 0, 0, 0);
INSERT INTO `chartdetails` VALUES (5100, 6, 0, 0, 0, 0, NULL, 0, 0, 0);
INSERT INTO `chartdetails` VALUES (5100, 7, 0, 0, 0, 0, NULL, 0, 0, 0);
INSERT INTO `chartdetails` VALUES (5100, 8, 0, 0, 0, 0, NULL, 0, 0, 0);
INSERT INTO `chartdetails` VALUES (5100, 9, 0, 0, 0, 0, NULL, 0, 0, 0);
INSERT INTO `chartdetails` VALUES (5100, 10, 0, 0, 0, 0, NULL, 0, 0, 0);
INSERT INTO `chartdetails` VALUES (5100, 11, 0, 0, 0, 0, NULL, 0, 0, 0);
INSERT INTO `chartdetails` VALUES (5100, 12, 0, 0, 0, 0, NULL, 0, 0, 0);
INSERT INTO `chartdetails` VALUES (5100, 13, 0, 0, 0, 0, NULL, 0, 0, 0);
INSERT INTO `chartdetails` VALUES (5100, 14, 0, 0, 0, 0, NULL, 0, 0, 0);
INSERT INTO `chartdetails` VALUES (5200, -1, 0, 0, 0, 0, NULL, 0, 0, 0);
INSERT INTO `chartdetails` VALUES (5200, 1, 0, 0, 0, 0, NULL, 0, 0, 0);
INSERT INTO `chartdetails` VALUES (5200, 2, 0, 0, 0, 0, NULL, 0, 0, 0);
INSERT INTO `chartdetails` VALUES (5200, 3, 0, 0, 0, 0, NULL, 0, 0, 0);
INSERT INTO `chartdetails` VALUES (5200, 4, 0, 0, 0, 0, NULL, 0, 0, 0);
INSERT INTO `chartdetails` VALUES (5200, 5, 0, 0, 0, 0, NULL, 0, 0, 0);
INSERT INTO `chartdetails` VALUES (5200, 6, 0, 0, 0, 0, NULL, 0, 0, 0);
INSERT INTO `chartdetails` VALUES (5200, 7, 0, 0, 0, 0, NULL, 0, 0, 0);
INSERT INTO `chartdetails` VALUES (5200, 8, 0, 0, 0, 0, NULL, 0, 0, 0);
INSERT INTO `chartdetails` VALUES (5200, 9, 0, 0, 0, 0, NULL, 0, 0, 0);
INSERT INTO `chartdetails` VALUES (5200, 10, 0, 0, 0, 0, NULL, 0, 0, 0);
INSERT INTO `chartdetails` VALUES (5200, 11, 0, 0, 0, 0, NULL, 0, 0, 0);
INSERT INTO `chartdetails` VALUES (5200, 12, 0, 0, 0, 0, NULL, 0, 0, 0);
INSERT INTO `chartdetails` VALUES (5200, 13, 0, 0, 0, 0, NULL, 0, 0, 0);
INSERT INTO `chartdetails` VALUES (5200, 14, 0, 0, 0, 0, NULL, 0, 0, 0);
INSERT INTO `chartdetails` VALUES (5300, -1, 0, 0, 0, 0, NULL, 0, 0, 0);
INSERT INTO `chartdetails` VALUES (5300, 1, 0, 0, 0, 0, NULL, 0, 0, 0);
INSERT INTO `chartdetails` VALUES (5300, 2, 0, 0, 0, 0, NULL, 0, 0, 0);
INSERT INTO `chartdetails` VALUES (5300, 3, 0, 0, 0, 0, NULL, 0, 0, 0);
INSERT INTO `chartdetails` VALUES (5300, 4, 0, 0, 0, 0, NULL, 0, 0, 0);
INSERT INTO `chartdetails` VALUES (5300, 5, 0, 0, 0, 0, NULL, 0, 0, 0);
INSERT INTO `chartdetails` VALUES (5300, 6, 0, 0, 0, 0, NULL, 0, 0, 0);
INSERT INTO `chartdetails` VALUES (5300, 7, 0, 0, 0, 0, NULL, 0, 0, 0);
INSERT INTO `chartdetails` VALUES (5300, 8, 0, 0, 0, 0, NULL, 0, 0, 0);
INSERT INTO `chartdetails` VALUES (5300, 9, 0, 0, 0, 0, NULL, 0, 0, 0);
INSERT INTO `chartdetails` VALUES (5300, 10, 0, 0, 0, 0, NULL, 0, 0, 0);
INSERT INTO `chartdetails` VALUES (5300, 11, 0, 0, 0, 0, NULL, 0, 0, 0);
INSERT INTO `chartdetails` VALUES (5300, 12, 0, 0, 0, 0, NULL, 0, 0, 0);
INSERT INTO `chartdetails` VALUES (5300, 13, 0, 0, 0, 0, NULL, 0, 0, 0);
INSERT INTO `chartdetails` VALUES (5300, 14, 0, 0, 0, 0, NULL, 0, 0, 0);
INSERT INTO `chartdetails` VALUES (5400, -1, 0, 0, 0, 0, NULL, 0, 0, 0);
INSERT INTO `chartdetails` VALUES (5400, 1, 0, 0, 0, 0, NULL, 0, 0, 0);
INSERT INTO `chartdetails` VALUES (5400, 2, 0, 0, 0, 0, NULL, 0, 0, 0);
INSERT INTO `chartdetails` VALUES (5400, 3, 0, 0, 0, 0, NULL, 0, 0, 0);
INSERT INTO `chartdetails` VALUES (5400, 4, 0, 0, 0, 0, NULL, 0, 0, 0);
INSERT INTO `chartdetails` VALUES (5400, 5, 0, 0, 0, 0, NULL, 0, 0, 0);
INSERT INTO `chartdetails` VALUES (5400, 6, 0, 0, 0, 0, NULL, 0, 0, 0);
INSERT INTO `chartdetails` VALUES (5400, 7, 0, 0, 0, 0, NULL, 0, 0, 0);
INSERT INTO `chartdetails` VALUES (5400, 8, 0, 0, 0, 0, NULL, 0, 0, 0);
INSERT INTO `chartdetails` VALUES (5400, 9, 0, 0, 0, 0, NULL, 0, 0, 0);
INSERT INTO `chartdetails` VALUES (5400, 10, 0, 0, 0, 0, NULL, 0, 0, 0);
INSERT INTO `chartdetails` VALUES (5400, 11, 0, 0, 0, 0, NULL, 0, 0, 0);
INSERT INTO `chartdetails` VALUES (5400, 12, 0, 0, 0, 0, NULL, 0, 0, 0);
INSERT INTO `chartdetails` VALUES (5400, 13, 0, 0, 0, 0, NULL, 0, 0, 0);
INSERT INTO `chartdetails` VALUES (5400, 14, 0, 0, 0, 0, NULL, 0, 0, 0);
INSERT INTO `chartdetails` VALUES (5410, -1, 0, 0, 0, 0, NULL, 0, 0, 0);
INSERT INTO `chartdetails` VALUES (5410, 1, 0, 0, 0, 0, NULL, 0, 0, 0);
INSERT INTO `chartdetails` VALUES (5410, 2, 0, 0, 0, 0, NULL, 0, 0, 0);
INSERT INTO `chartdetails` VALUES (5410, 3, 0, 0, 0, 0, NULL, 0, 0, 0);
INSERT INTO `chartdetails` VALUES (5410, 4, 0, 0, 0, 0, NULL, 0, 0, 0);
INSERT INTO `chartdetails` VALUES (5410, 5, 0, 0, 0, 0, NULL, 0, 0, 0);
INSERT INTO `chartdetails` VALUES (5410, 6, 0, 0, 0, 0, NULL, 0, 0, 0);
INSERT INTO `chartdetails` VALUES (5410, 7, 0, 0, 0, 0, NULL, 0, 0, 0);
INSERT INTO `chartdetails` VALUES (5410, 8, 0, 0, 0, 0, NULL, 0, 0, 0);
INSERT INTO `chartdetails` VALUES (5410, 9, 0, 0, 0, 0, NULL, 0, 0, 0);
INSERT INTO `chartdetails` VALUES (5410, 10, 0, 0, 0, 0, NULL, 0, 0, 0);
INSERT INTO `chartdetails` VALUES (5410, 11, 0, 0, 0, 0, NULL, 0, 0, 0);
INSERT INTO `chartdetails` VALUES (5410, 12, 0, 0, 0, 0, NULL, 0, 0, 0);
INSERT INTO `chartdetails` VALUES (5410, 13, 0, 0, 0, 0, NULL, 0, 0, 0);
INSERT INTO `chartdetails` VALUES (5410, 14, 0, 0, 0, 0, NULL, 0, 0, 0);
INSERT INTO `chartdetails` VALUES (5420, -1, 0, 0, 0, 0, NULL, 0, 0, 0);
INSERT INTO `chartdetails` VALUES (5420, 1, 0, 0, 0, 0, NULL, 0, 0, 0);
INSERT INTO `chartdetails` VALUES (5420, 2, 0, 0, 0, 0, NULL, 0, 0, 0);
INSERT INTO `chartdetails` VALUES (5420, 3, 0, 0, 0, 0, NULL, 0, 0, 0);
INSERT INTO `chartdetails` VALUES (5420, 4, 0, 0, 0, 0, NULL, 0, 0, 0);
INSERT INTO `chartdetails` VALUES (5420, 5, 0, 0, 0, 0, NULL, 0, 0, 0);
INSERT INTO `chartdetails` VALUES (5420, 6, 0, 0, 0, 0, NULL, 0, 0, 0);
INSERT INTO `chartdetails` VALUES (5420, 7, 0, 0, 0, 0, NULL, 0, 0, 0);
INSERT INTO `chartdetails` VALUES (5420, 8, 0, 0, 0, 0, NULL, 0, 0, 0);
INSERT INTO `chartdetails` VALUES (5420, 9, 0, 0, 0, 0, NULL, 0, 0, 0);
INSERT INTO `chartdetails` VALUES (5420, 10, 0, 0, 0, 0, NULL, 0, 0, 0);
INSERT INTO `chartdetails` VALUES (5420, 11, 0, 0, 0, 0, NULL, 0, 0, 0);
INSERT INTO `chartdetails` VALUES (5420, 12, 0, 0, 0, 0, NULL, 0, 0, 0);
INSERT INTO `chartdetails` VALUES (5420, 13, 0, 0, 0, 0, NULL, 0, 0, 0);
INSERT INTO `chartdetails` VALUES (5420, 14, 0, 0, 0, 0, NULL, 0, 0, 0);
INSERT INTO `chartdetails` VALUES (5430, -1, 0, 0, 0, 0, NULL, 0, 0, 0);
INSERT INTO `chartdetails` VALUES (5430, 1, 0, 0, 0, 0, NULL, 0, 0, 0);
INSERT INTO `chartdetails` VALUES (5430, 2, 0, 0, 0, 0, NULL, 0, 0, 0);
INSERT INTO `chartdetails` VALUES (5430, 3, 0, 0, 0, 0, NULL, 0, 0, 0);
INSERT INTO `chartdetails` VALUES (5430, 4, 0, 0, 0, 0, NULL, 0, 0, 0);
INSERT INTO `chartdetails` VALUES (5430, 5, 0, 0, 0, 0, NULL, 0, 0, 0);
INSERT INTO `chartdetails` VALUES (5430, 6, 0, 0, 0, 0, NULL, 0, 0, 0);
INSERT INTO `chartdetails` VALUES (5430, 7, 0, 0, 0, 0, NULL, 0, 0, 0);
INSERT INTO `chartdetails` VALUES (5430, 8, 0, 0, 0, 0, NULL, 0, 0, 0);
INSERT INTO `chartdetails` VALUES (5430, 9, 0, 0, 0, 0, NULL, 0, 0, 0);
INSERT INTO `chartdetails` VALUES (5430, 10, 0, 0, 0, 0, NULL, 0, 0, 0);
INSERT INTO `chartdetails` VALUES (5430, 11, 0, 0, 0, 0, NULL, 0, 0, 0);
INSERT INTO `chartdetails` VALUES (5430, 12, 0, 0, 0, 0, NULL, 0, 0, 0);
INSERT INTO `chartdetails` VALUES (5430, 13, 0, 0, 0, 0, NULL, 0, 0, 0);
INSERT INTO `chartdetails` VALUES (5430, 14, 0, 0, 0, 0, NULL, 0, 0, 0);
INSERT INTO `chartdetails` VALUES (5440, -1, 0, 0, 0, 0, NULL, 0, 0, 0);
INSERT INTO `chartdetails` VALUES (5440, 1, 0, 0, 0, 0, NULL, 0, 0, 0);
INSERT INTO `chartdetails` VALUES (5440, 2, 0, 0, 0, 0, NULL, 0, 0, 0);
INSERT INTO `chartdetails` VALUES (5440, 3, 0, 0, 0, 0, NULL, 0, 0, 0);
INSERT INTO `chartdetails` VALUES (5440, 4, 0, 0, 0, 0, NULL, 0, 0, 0);
INSERT INTO `chartdetails` VALUES (5440, 5, 0, 0, 0, 0, NULL, 0, 0, 0);
INSERT INTO `chartdetails` VALUES (5440, 6, 0, 0, 0, 0, NULL, 0, 0, 0);
INSERT INTO `chartdetails` VALUES (5440, 7, 0, 0, 0, 0, NULL, 0, 0, 0);
INSERT INTO `chartdetails` VALUES (5440, 8, 0, 0, 0, 0, NULL, 0, 0, 0);
INSERT INTO `chartdetails` VALUES (5440, 9, 0, 0, 0, 0, NULL, 0, 0, 0);
INSERT INTO `chartdetails` VALUES (5440, 10, 0, 0, 0, 0, NULL, 0, 0, 0);
INSERT INTO `chartdetails` VALUES (5440, 11, 0, 0, 0, 0, NULL, 0, 0, 0);
INSERT INTO `chartdetails` VALUES (5440, 12, 0, 0, 0, 0, NULL, 0, 0, 0);
INSERT INTO `chartdetails` VALUES (5440, 13, 0, 0, 0, 0, NULL, 0, 0, 0);
INSERT INTO `chartdetails` VALUES (5440, 14, 0, 0, 0, 0, NULL, 0, 0, 0);
INSERT INTO `chartdetails` VALUES (5500, -1, 0, 0, 0, 0, NULL, 0, 0, 0);
INSERT INTO `chartdetails` VALUES (5500, 1, 0, 0, 0, 0, NULL, 0, 0, 0);
INSERT INTO `chartdetails` VALUES (5500, 2, 0, 0, 0, 0, NULL, 0, 0, 0);
INSERT INTO `chartdetails` VALUES (5500, 3, 0, 0, 0, 0, NULL, 0, 0, 0);
INSERT INTO `chartdetails` VALUES (5500, 4, 0, 0, 0, 0, NULL, 0, 0, 0);
INSERT INTO `chartdetails` VALUES (5500, 5, 0, 0, 0, 0, NULL, 0, 0, 0);
INSERT INTO `chartdetails` VALUES (5500, 6, 0, 0, 0, 0, NULL, 0, 0, 0);
INSERT INTO `chartdetails` VALUES (5500, 7, 0, 0, 0, 0, NULL, 0, 0, 0);
INSERT INTO `chartdetails` VALUES (5500, 8, 0, 0, 0, 0, NULL, 0, 0, 0);
INSERT INTO `chartdetails` VALUES (5500, 9, 0, 0, 0, 0, NULL, 0, 0, 0);
INSERT INTO `chartdetails` VALUES (5500, 10, 0, 0, 0, 0, NULL, 0, 0, 0);
INSERT INTO `chartdetails` VALUES (5500, 11, 0, 0, 0, 0, NULL, 0, 0, 0);
INSERT INTO `chartdetails` VALUES (5500, 12, 0, 0, 0, 0, NULL, 0, 0, 0);
INSERT INTO `chartdetails` VALUES (5500, 13, 0, 0, 0, 0, NULL, 0, 0, 0);
INSERT INTO `chartdetails` VALUES (5500, 14, 0, 0, 0, 0, NULL, 0, 0, 0);
INSERT INTO `chartdetails` VALUES (5501, -1, 0, 0, 0, 0, NULL, 0, 0, 0);
INSERT INTO `chartdetails` VALUES (5501, 1, 0, 0, 0, 0, NULL, 0, 0, 0);
INSERT INTO `chartdetails` VALUES (5501, 2, 0, 0, 0, 0, NULL, 0, 0, 0);
INSERT INTO `chartdetails` VALUES (5501, 3, 0, 0, 0, 0, NULL, 0, 0, 0);
INSERT INTO `chartdetails` VALUES (5501, 4, 0, 0, 0, 0, NULL, 0, 0, 0);
INSERT INTO `chartdetails` VALUES (5501, 5, 0, 0, 0, 0, NULL, 0, 0, 0);
INSERT INTO `chartdetails` VALUES (5501, 6, 0, 0, 0, 0, NULL, 0, 0, 0);
INSERT INTO `chartdetails` VALUES (5501, 7, 0, 0, 0, 0, NULL, 0, 0, 0);
INSERT INTO `chartdetails` VALUES (5501, 8, 0, 0, 0, 0, NULL, 0, 0, 0);
INSERT INTO `chartdetails` VALUES (5501, 9, 0, 0, 0, 0, NULL, 0, 0, 0);
INSERT INTO `chartdetails` VALUES (5501, 10, 0, 0, 0, 0, NULL, 0, 0, 0);
INSERT INTO `chartdetails` VALUES (5501, 11, 0, 0, 0, 0, NULL, 0, 0, 0);
INSERT INTO `chartdetails` VALUES (5501, 12, 0, 0, 0, 0, NULL, 0, 0, 0);
INSERT INTO `chartdetails` VALUES (5501, 13, 0, 0, 0, 0, NULL, 0, 0, 0);
INSERT INTO `chartdetails` VALUES (5501, 14, 0, 0, 0, 0, NULL, 0, 0, 0);
INSERT INTO `chartdetails` VALUES (5510, -1, 0, 0, 0, 0, NULL, 0, 0, 0);
INSERT INTO `chartdetails` VALUES (5510, 1, 0, 0, 0, 0, NULL, 0, 0, 0);
INSERT INTO `chartdetails` VALUES (5510, 2, 0, 0, 0, 0, NULL, 0, 0, 0);
INSERT INTO `chartdetails` VALUES (5510, 3, 0, 0, 0, 0, NULL, 0, 0, 0);
INSERT INTO `chartdetails` VALUES (5510, 4, 0, 0, 0, 0, NULL, 0, 0, 0);
INSERT INTO `chartdetails` VALUES (5510, 5, 0, 0, 0, 0, NULL, 0, 0, 0);
INSERT INTO `chartdetails` VALUES (5510, 6, 0, 0, 0, 0, NULL, 0, 0, 0);
INSERT INTO `chartdetails` VALUES (5510, 7, 0, 0, 0, 0, NULL, 0, 0, 0);
INSERT INTO `chartdetails` VALUES (5510, 8, 0, 0, 0, 0, NULL, 0, 0, 0);
INSERT INTO `chartdetails` VALUES (5510, 9, 0, 0, 0, 0, NULL, 0, 0, 0);
INSERT INTO `chartdetails` VALUES (5510, 10, 0, 0, 0, 0, NULL, 0, 0, 0);
INSERT INTO `chartdetails` VALUES (5510, 11, 0, 0, 0, 0, NULL, 0, 0, 0);
INSERT INTO `chartdetails` VALUES (5510, 12, 0, 0, 0, 0, NULL, 0, 0, 0);
INSERT INTO `chartdetails` VALUES (5510, 13, 0, 0, 0, 0, NULL, 0, 0, 0);
INSERT INTO `chartdetails` VALUES (5510, 14, 0, 0, 0, 0, NULL, 0, 0, 0);
INSERT INTO `chartdetails` VALUES (5511, -1, 0, 0, 0, 0, NULL, 0, 0, 0);
INSERT INTO `chartdetails` VALUES (5511, 1, 0, 0, 0, 0, NULL, 0, 0, 0);
INSERT INTO `chartdetails` VALUES (5511, 2, 0, 0, 0, 0, NULL, 0, 0, 0);
INSERT INTO `chartdetails` VALUES (5511, 3, 0, 0, 0, 0, NULL, 0, 0, 0);
INSERT INTO `chartdetails` VALUES (5511, 4, 0, 0, 0, 0, NULL, 0, 0, 0);
INSERT INTO `chartdetails` VALUES (5511, 5, 0, 0, 0, 0, NULL, 0, 0, 0);
INSERT INTO `chartdetails` VALUES (5511, 6, 0, 0, 0, 0, NULL, 0, 0, 0);
INSERT INTO `chartdetails` VALUES (5511, 7, 0, 0, 0, 0, NULL, 0, 0, 0);
INSERT INTO `chartdetails` VALUES (5511, 8, 0, 0, 0, 0, NULL, 0, 0, 0);
INSERT INTO `chartdetails` VALUES (5511, 9, 0, 0, 0, 0, NULL, 0, 0, 0);
INSERT INTO `chartdetails` VALUES (5511, 10, 0, 0, 0, 0, NULL, 0, 0, 0);
INSERT INTO `chartdetails` VALUES (5511, 11, 0, 0, 0, 0, NULL, 0, 0, 0);
INSERT INTO `chartdetails` VALUES (5511, 12, 0, 0, 0, 0, NULL, 0, 0, 0);
INSERT INTO `chartdetails` VALUES (5511, 13, 0, 0, 0, 0, NULL, 0, 0, 0);
INSERT INTO `chartdetails` VALUES (5511, 14, 0, 0, 0, 0, NULL, 0, 0, 0);
INSERT INTO `chartdetails` VALUES (5520, -1, 0, 0, 0, 0, NULL, 0, 0, 0);
INSERT INTO `chartdetails` VALUES (5520, 1, 0, 0, 0, 0, NULL, 0, 0, 0);
INSERT INTO `chartdetails` VALUES (5520, 2, 0, 0, 0, 0, NULL, 0, 0, 0);
INSERT INTO `chartdetails` VALUES (5520, 3, 0, 0, 0, 0, NULL, 0, 0, 0);
INSERT INTO `chartdetails` VALUES (5520, 4, 0, 0, 0, 0, NULL, 0, 0, 0);
INSERT INTO `chartdetails` VALUES (5520, 5, 0, 0, 0, 0, NULL, 0, 0, 0);
INSERT INTO `chartdetails` VALUES (5520, 6, 0, 0, 0, 0, NULL, 0, 0, 0);
INSERT INTO `chartdetails` VALUES (5520, 7, 0, 0, 0, 0, NULL, 0, 0, 0);
INSERT INTO `chartdetails` VALUES (5520, 8, 0, 0, 0, 0, NULL, 0, 0, 0);
INSERT INTO `chartdetails` VALUES (5520, 9, 0, 0, 0, 0, NULL, 0, 0, 0);
INSERT INTO `chartdetails` VALUES (5520, 10, 0, 0, 0, 0, NULL, 0, 0, 0);
INSERT INTO `chartdetails` VALUES (5520, 11, 0, 0, 0, 0, NULL, 0, 0, 0);
INSERT INTO `chartdetails` VALUES (5520, 12, 0, 0, 0, 0, NULL, 0, 0, 0);
INSERT INTO `chartdetails` VALUES (5520, 13, 0, 0, 0, 0, NULL, 0, 0, 0);
INSERT INTO `chartdetails` VALUES (5520, 14, 0, 0, 0, 0, NULL, 0, 0, 0);
INSERT INTO `chartdetails` VALUES (5521, -1, 0, 0, 0, 0, NULL, 0, 0, 0);
INSERT INTO `chartdetails` VALUES (5521, 1, 0, 0, 0, 0, NULL, 0, 0, 0);
INSERT INTO `chartdetails` VALUES (5521, 2, 0, 0, 0, 0, NULL, 0, 0, 0);
INSERT INTO `chartdetails` VALUES (5521, 3, 0, 0, 0, 0, NULL, 0, 0, 0);
INSERT INTO `chartdetails` VALUES (5521, 4, 0, 0, 0, 0, NULL, 0, 0, 0);
INSERT INTO `chartdetails` VALUES (5521, 5, 0, 0, 0, 0, NULL, 0, 0, 0);
INSERT INTO `chartdetails` VALUES (5521, 6, 0, 0, 0, 0, NULL, 0, 0, 0);
INSERT INTO `chartdetails` VALUES (5521, 7, 0, 0, 0, 0, NULL, 0, 0, 0);
INSERT INTO `chartdetails` VALUES (5521, 8, 0, 0, 0, 0, NULL, 0, 0, 0);
INSERT INTO `chartdetails` VALUES (5521, 9, 0, 0, 0, 0, NULL, 0, 0, 0);
INSERT INTO `chartdetails` VALUES (5521, 10, 0, 0, 0, 0, NULL, 0, 0, 0);
INSERT INTO `chartdetails` VALUES (5521, 11, 0, 0, 0, 0, NULL, 0, 0, 0);
INSERT INTO `chartdetails` VALUES (5521, 12, 0, 0, 0, 0, NULL, 0, 0, 0);
INSERT INTO `chartdetails` VALUES (5521, 13, 0, 0, 0, 0, NULL, 0, 0, 0);
INSERT INTO `chartdetails` VALUES (5521, 14, 0, 0, 0, 0, NULL, 0, 0, 0);
INSERT INTO `chartdetails` VALUES (5530, -1, 0, 0, 0, 0, NULL, 0, 0, 0);
INSERT INTO `chartdetails` VALUES (5530, 1, 0, 0, 0, 0, NULL, 0, 0, 0);
INSERT INTO `chartdetails` VALUES (5530, 2, 0, 0, 0, 0, NULL, 0, 0, 0);
INSERT INTO `chartdetails` VALUES (5530, 3, 0, 0, 0, 0, NULL, 0, 0, 0);
INSERT INTO `chartdetails` VALUES (5530, 4, 0, 0, 0, 0, NULL, 0, 0, 0);
INSERT INTO `chartdetails` VALUES (5530, 5, 0, 0, 0, 0, NULL, 0, 0, 0);
INSERT INTO `chartdetails` VALUES (5530, 6, 0, 0, 0, 0, NULL, 0, 0, 0);
INSERT INTO `chartdetails` VALUES (5530, 7, 0, 0, 0, 0, NULL, 0, 0, 0);
INSERT INTO `chartdetails` VALUES (5530, 8, 0, 0, 0, 0, NULL, 0, 0, 0);
INSERT INTO `chartdetails` VALUES (5530, 9, 0, 0, 0, 0, NULL, 0, 0, 0);
INSERT INTO `chartdetails` VALUES (5530, 10, 0, 0, 0, 0, NULL, 0, 0, 0);
INSERT INTO `chartdetails` VALUES (5530, 11, 0, 0, 0, 0, NULL, 0, 0, 0);
INSERT INTO `chartdetails` VALUES (5530, 12, 0, 0, 0, 0, NULL, 0, 0, 0);
INSERT INTO `chartdetails` VALUES (5530, 13, 0, 0, 0, 0, NULL, 0, 0, 0);
INSERT INTO `chartdetails` VALUES (5530, 14, 0, 0, 0, 0, NULL, 0, 0, 0);
INSERT INTO `chartdetails` VALUES (5531, -1, 0, 0, 0, 0, NULL, 0, 0, 0);
INSERT INTO `chartdetails` VALUES (5531, 1, 0, 0, 0, 0, NULL, 0, 0, 0);
INSERT INTO `chartdetails` VALUES (5531, 2, 0, -225, 0, 0, NULL, 0, 0, 0);
INSERT INTO `chartdetails` VALUES (5531, 3, 0, -0.5, -225, 0, NULL, 0, 0, 0);
INSERT INTO `chartdetails` VALUES (5531, 4, 0, 0, -225.5, 0, NULL, 0, 0, 0);
INSERT INTO `chartdetails` VALUES (5531, 5, 0, 0, -225.5, 0, NULL, 0, 0, 0);
INSERT INTO `chartdetails` VALUES (5531, 6, 0, 0, -225.5, 0, NULL, 0, 0, 0);
INSERT INTO `chartdetails` VALUES (5531, 7, 0, 0, -225.5, 0, NULL, 0, 0, 0);
INSERT INTO `chartdetails` VALUES (5531, 8, 0, 0, -225.5, 0, NULL, 0, 0, 0);
INSERT INTO `chartdetails` VALUES (5531, 9, 0, 0, -225.5, 0, NULL, 0, 0, 0);
INSERT INTO `chartdetails` VALUES (5531, 10, 0, 0, -225.5, 0, NULL, 0, 0, 0);
INSERT INTO `chartdetails` VALUES (5531, 11, 0, 0, -225.5, 0, NULL, 0, 0, 0);
INSERT INTO `chartdetails` VALUES (5531, 12, 0, 0, -225.5, 0, NULL, 0, 0, 0);
INSERT INTO `chartdetails` VALUES (5531, 13, 0, 0, -225.5, 0, NULL, 0, 0, 0);
INSERT INTO `chartdetails` VALUES (5531, 14, 0, 0, -225.5, 0, NULL, 0, 0, 0);
INSERT INTO `chartdetails` VALUES (5540, -1, 0, 0, 0, 0, NULL, 0, 0, 0);
INSERT INTO `chartdetails` VALUES (5540, 1, 0, 0, 0, 0, NULL, 0, 0, 0);
INSERT INTO `chartdetails` VALUES (5540, 2, 0, 0, 0, 0, NULL, 0, 0, 0);
INSERT INTO `chartdetails` VALUES (5540, 3, 0, 0, 0, 0, NULL, 0, 0, 0);
INSERT INTO `chartdetails` VALUES (5540, 4, 0, 0, 0, 0, NULL, 0, 0, 0);
INSERT INTO `chartdetails` VALUES (5540, 5, 0, 0, 0, 0, NULL, 0, 0, 0);
INSERT INTO `chartdetails` VALUES (5540, 6, 0, 0, 0, 0, NULL, 0, 0, 0);
INSERT INTO `chartdetails` VALUES (5540, 7, 0, 0, 0, 0, NULL, 0, 0, 0);
INSERT INTO `chartdetails` VALUES (5540, 8, 0, 0, 0, 0, NULL, 0, 0, 0);
INSERT INTO `chartdetails` VALUES (5540, 9, 0, 0, 0, 0, NULL, 0, 0, 0);
INSERT INTO `chartdetails` VALUES (5540, 10, 0, 0, 0, 0, NULL, 0, 0, 0);
INSERT INTO `chartdetails` VALUES (5540, 11, 0, 0, 0, 0, NULL, 0, 0, 0);
INSERT INTO `chartdetails` VALUES (5540, 12, 0, 0, 0, 0, NULL, 0, 0, 0);
INSERT INTO `chartdetails` VALUES (5540, 13, 0, 0, 0, 0, NULL, 0, 0, 0);
INSERT INTO `chartdetails` VALUES (5540, 14, 0, 0, 0, 0, NULL, 0, 0, 0);
INSERT INTO `chartdetails` VALUES (5560, -1, 0, 0, 0, 0, NULL, 0, 0, 0);
INSERT INTO `chartdetails` VALUES (5560, 1, 0, 0, 0, 0, NULL, 0, 0, 0);
INSERT INTO `chartdetails` VALUES (5560, 2, 0, 0, 0, 0, NULL, 0, 0, 0);
INSERT INTO `chartdetails` VALUES (5560, 3, 0, 0, 0, 0, NULL, 0, 0, 0);
INSERT INTO `chartdetails` VALUES (5560, 4, 0, 0, 0, 0, NULL, 0, 0, 0);
INSERT INTO `chartdetails` VALUES (5560, 5, 0, 0, 0, 0, NULL, 0, 0, 0);
INSERT INTO `chartdetails` VALUES (5560, 6, 0, 0, 0, 0, NULL, 0, 0, 0);
INSERT INTO `chartdetails` VALUES (5560, 7, 0, 0, 0, 0, NULL, 0, 0, 0);
INSERT INTO `chartdetails` VALUES (5560, 8, 0, 0, 0, 0, NULL, 0, 0, 0);
INSERT INTO `chartdetails` VALUES (5560, 9, 0, 0, 0, 0, NULL, 0, 0, 0);
INSERT INTO `chartdetails` VALUES (5560, 10, 0, 0, 0, 0, NULL, 0, 0, 0);
INSERT INTO `chartdetails` VALUES (5560, 11, 0, 0, 0, 0, NULL, 0, 0, 0);
INSERT INTO `chartdetails` VALUES (5560, 12, 0, 0, 0, 0, NULL, 0, 0, 0);
INSERT INTO `chartdetails` VALUES (5560, 13, 0, 0, 0, 0, NULL, 0, 0, 0);
INSERT INTO `chartdetails` VALUES (5560, 14, 0, 0, 0, 0, NULL, 0, 0, 0);
INSERT INTO `chartdetails` VALUES (6010, -1, 0, 0, 0, 0, NULL, 0, 0, 0);
INSERT INTO `chartdetails` VALUES (6010, 1, 0, 0, 0, 0, NULL, 0, 0, 0);
INSERT INTO `chartdetails` VALUES (6010, 2, 0, 0, 0, 0, NULL, 0, 0, 0);
INSERT INTO `chartdetails` VALUES (6010, 3, 0, 0, 0, 0, NULL, 0, 0, 0);
INSERT INTO `chartdetails` VALUES (6010, 4, 0, 0, 0, 0, NULL, 0, 0, 0);
INSERT INTO `chartdetails` VALUES (6010, 5, 0, 0, 0, 0, NULL, 0, 0, 0);
INSERT INTO `chartdetails` VALUES (6010, 6, 0, 0, 0, 0, NULL, 0, 0, 0);
INSERT INTO `chartdetails` VALUES (6010, 7, 0, 0, 0, 0, NULL, 0, 0, 0);
INSERT INTO `chartdetails` VALUES (6010, 8, 0, 0, 0, 0, NULL, 0, 0, 0);
INSERT INTO `chartdetails` VALUES (6010, 9, 0, 0, 0, 0, NULL, 0, 0, 0);
INSERT INTO `chartdetails` VALUES (6010, 10, 0, 0, 0, 0, NULL, 0, 0, 0);
INSERT INTO `chartdetails` VALUES (6010, 11, 0, 0, 0, 0, NULL, 0, 0, 0);
INSERT INTO `chartdetails` VALUES (6010, 12, 0, 0, 0, 0, NULL, 0, 0, 0);
INSERT INTO `chartdetails` VALUES (6010, 13, 0, 0, 0, 0, NULL, 0, 0, 0);
INSERT INTO `chartdetails` VALUES (6010, 14, 0, 0, 0, 0, NULL, 0, 0, 0);
INSERT INTO `chartdetails` VALUES (6050, -1, 0, 0, 0, 0, NULL, 0, 0, 0);
INSERT INTO `chartdetails` VALUES (6050, 1, 0, 0, 0, 0, NULL, 0, 0, 0);
INSERT INTO `chartdetails` VALUES (6050, 2, 0, 0, 0, 0, NULL, 0, 0, 0);
INSERT INTO `chartdetails` VALUES (6050, 3, 0, 0, 0, 0, NULL, 0, 0, 0);
INSERT INTO `chartdetails` VALUES (6050, 4, 0, 0, 0, 0, NULL, 0, 0, 0);
INSERT INTO `chartdetails` VALUES (6050, 5, 0, 0, 0, 0, NULL, 0, 0, 0);
INSERT INTO `chartdetails` VALUES (6050, 6, 0, 0, 0, 0, NULL, 0, 0, 0);
INSERT INTO `chartdetails` VALUES (6050, 7, 0, 0, 0, 0, NULL, 0, 0, 0);
INSERT INTO `chartdetails` VALUES (6050, 8, 0, 0, 0, 0, NULL, 0, 0, 0);
INSERT INTO `chartdetails` VALUES (6050, 9, 0, 0, 0, 0, NULL, 0, 0, 0);
INSERT INTO `chartdetails` VALUES (6050, 10, 0, 0, 0, 0, NULL, 0, 0, 0);
INSERT INTO `chartdetails` VALUES (6050, 11, 0, 0, 0, 0, NULL, 0, 0, 0);
INSERT INTO `chartdetails` VALUES (6050, 12, 0, 0, 0, 0, NULL, 0, 0, 0);
INSERT INTO `chartdetails` VALUES (6050, 13, 0, 0, 0, 0, NULL, 0, 0, 0);
INSERT INTO `chartdetails` VALUES (6050, 14, 0, 0, 0, 0, NULL, 0, 0, 0);
INSERT INTO `chartdetails` VALUES (6060, -1, 0, 0, 0, 0, NULL, 0, 0, 0);
INSERT INTO `chartdetails` VALUES (6060, 1, 0, 0, 0, 0, NULL, 0, 0, 0);
INSERT INTO `chartdetails` VALUES (6060, 2, 0, 0, 0, 0, NULL, 0, 0, 0);
INSERT INTO `chartdetails` VALUES (6060, 3, 0, 0, 0, 0, NULL, 0, 0, 0);
INSERT INTO `chartdetails` VALUES (6060, 4, 0, 0, 0, 0, NULL, 0, 0, 0);
INSERT INTO `chartdetails` VALUES (6060, 5, 0, 0, 0, 0, NULL, 0, 0, 0);
INSERT INTO `chartdetails` VALUES (6060, 6, 0, 0, 0, 0, NULL, 0, 0, 0);
INSERT INTO `chartdetails` VALUES (6060, 7, 0, 0, 0, 0, NULL, 0, 0, 0);
INSERT INTO `chartdetails` VALUES (6060, 8, 0, 0, 0, 0, NULL, 0, 0, 0);
INSERT INTO `chartdetails` VALUES (6060, 9, 0, 0, 0, 0, NULL, 0, 0, 0);
INSERT INTO `chartdetails` VALUES (6060, 10, 0, 0, 0, 0, NULL, 0, 0, 0);
INSERT INTO `chartdetails` VALUES (6060, 11, 0, 0, 0, 0, NULL, 0, 0, 0);
INSERT INTO `chartdetails` VALUES (6060, 12, 0, 0, 0, 0, NULL, 0, 0, 0);
INSERT INTO `chartdetails` VALUES (6060, 13, 0, 0, 0, 0, NULL, 0, 0, 0);
INSERT INTO `chartdetails` VALUES (6060, 14, 0, 0, 0, 0, NULL, 0, 0, 0);
INSERT INTO `chartdetails` VALUES (6100, -1, 0, 0, 0, 0, NULL, 0, 0, 0);
INSERT INTO `chartdetails` VALUES (6100, 1, 0, 0, 0, 0, NULL, 0, 0, 0);
INSERT INTO `chartdetails` VALUES (6100, 2, 0, 0, 0, 0, NULL, 0, 0, 0);
INSERT INTO `chartdetails` VALUES (6100, 3, 0, 0, 0, 0, NULL, 0, 0, 0);
INSERT INTO `chartdetails` VALUES (6100, 4, 0, 0, 0, 0, NULL, 0, 0, 0);
INSERT INTO `chartdetails` VALUES (6100, 5, 0, 0, 0, 0, NULL, 0, 0, 0);
INSERT INTO `chartdetails` VALUES (6100, 6, 0, 0, 0, 0, NULL, 0, 0, 0);
INSERT INTO `chartdetails` VALUES (6100, 7, 0, 0, 0, 0, NULL, 0, 0, 0);
INSERT INTO `chartdetails` VALUES (6100, 8, 0, 0, 0, 0, NULL, 0, 0, 0);
INSERT INTO `chartdetails` VALUES (6100, 9, 0, 0, 0, 0, NULL, 0, 0, 0);
INSERT INTO `chartdetails` VALUES (6100, 10, 0, 0, 0, 0, NULL, 0, 0, 0);
INSERT INTO `chartdetails` VALUES (6100, 11, 0, 0, 0, 0, NULL, 0, 0, 0);
INSERT INTO `chartdetails` VALUES (6100, 12, 0, 0, 0, 0, NULL, 0, 0, 0);
INSERT INTO `chartdetails` VALUES (6100, 13, 0, 0, 0, 0, NULL, 0, 0, 0);
INSERT INTO `chartdetails` VALUES (6100, 14, 0, 0, 0, 0, NULL, 0, 0, 0);
INSERT INTO `chartdetails` VALUES (6120, -1, 0, 0, 0, 0, NULL, 0, 0, 0);
INSERT INTO `chartdetails` VALUES (6120, 1, 0, 0, 0, 0, NULL, 0, 0, 0);
INSERT INTO `chartdetails` VALUES (6120, 2, 0, 0, 0, 0, NULL, 0, 0, 0);
INSERT INTO `chartdetails` VALUES (6120, 3, 0, 0, 0, 0, NULL, 0, 0, 0);
INSERT INTO `chartdetails` VALUES (6120, 4, 0, 0, 0, 0, NULL, 0, 0, 0);
INSERT INTO `chartdetails` VALUES (6120, 5, 0, 0, 0, 0, NULL, 0, 0, 0);
INSERT INTO `chartdetails` VALUES (6120, 6, 0, 0, 0, 0, NULL, 0, 0, 0);
INSERT INTO `chartdetails` VALUES (6120, 7, 0, 0, 0, 0, NULL, 0, 0, 0);
INSERT INTO `chartdetails` VALUES (6120, 8, 0, 0, 0, 0, NULL, 0, 0, 0);
INSERT INTO `chartdetails` VALUES (6120, 9, 0, 0, 0, 0, NULL, 0, 0, 0);
INSERT INTO `chartdetails` VALUES (6120, 10, 0, 0, 0, 0, NULL, 0, 0, 0);
INSERT INTO `chartdetails` VALUES (6120, 11, 0, 0, 0, 0, NULL, 0, 0, 0);
INSERT INTO `chartdetails` VALUES (6120, 12, 0, 0, 0, 0, NULL, 0, 0, 0);
INSERT INTO `chartdetails` VALUES (6120, 13, 0, 0, 0, 0, NULL, 0, 0, 0);
INSERT INTO `chartdetails` VALUES (6120, 14, 0, 0, 0, 0, NULL, 0, 0, 0);
INSERT INTO `chartdetails` VALUES (6200, -1, 0, 0, 0, 0, NULL, 0, 0, 0);
INSERT INTO `chartdetails` VALUES (6200, 1, 0, 0, 0, 0, NULL, 0, 0, 0);
INSERT INTO `chartdetails` VALUES (6200, 2, 0, 0, 0, 0, NULL, 0, 0, 0);
INSERT INTO `chartdetails` VALUES (6200, 3, 0, 0, 0, 0, NULL, 0, 0, 0);
INSERT INTO `chartdetails` VALUES (6200, 4, 0, 0, 0, 0, NULL, 0, 0, 0);
INSERT INTO `chartdetails` VALUES (6200, 5, 0, 0, 0, 0, NULL, 0, 0, 0);
INSERT INTO `chartdetails` VALUES (6200, 6, 0, 0, 0, 0, NULL, 0, 0, 0);
INSERT INTO `chartdetails` VALUES (6200, 7, 0, 0, 0, 0, NULL, 0, 0, 0);
INSERT INTO `chartdetails` VALUES (6200, 8, 0, 0, 0, 0, NULL, 0, 0, 0);
INSERT INTO `chartdetails` VALUES (6200, 9, 0, 0, 0, 0, NULL, 0, 0, 0);
INSERT INTO `chartdetails` VALUES (6200, 10, 0, 0, 0, 0, NULL, 0, 0, 0);
INSERT INTO `chartdetails` VALUES (6200, 11, 0, 0, 0, 0, NULL, 0, 0, 0);
INSERT INTO `chartdetails` VALUES (6200, 12, 0, 0, 0, 0, NULL, 0, 0, 0);
INSERT INTO `chartdetails` VALUES (6200, 13, 0, 0, 0, 0, NULL, 0, 0, 0);
INSERT INTO `chartdetails` VALUES (6200, 14, 0, 0, 0, 0, NULL, 0, 0, 0);
INSERT INTO `chartdetails` VALUES (6210, -1, 0, 0, 0, 0, NULL, 0, 0, 0);
INSERT INTO `chartdetails` VALUES (6210, 1, 0, 0, 0, 0, NULL, 0, 0, 0);
INSERT INTO `chartdetails` VALUES (6210, 2, 0, 0, 0, 0, NULL, 0, 0, 0);
INSERT INTO `chartdetails` VALUES (6210, 3, 0, 0, 0, 0, NULL, 0, 0, 0);
INSERT INTO `chartdetails` VALUES (6210, 4, 0, 0, 0, 0, NULL, 0, 0, 0);
INSERT INTO `chartdetails` VALUES (6210, 5, 0, 0, 0, 0, NULL, 0, 0, 0);
INSERT INTO `chartdetails` VALUES (6210, 6, 0, 0, 0, 0, NULL, 0, 0, 0);
INSERT INTO `chartdetails` VALUES (6210, 7, 0, 0, 0, 0, NULL, 0, 0, 0);
INSERT INTO `chartdetails` VALUES (6210, 8, 0, 0, 0, 0, NULL, 0, 0, 0);
INSERT INTO `chartdetails` VALUES (6210, 9, 0, 0, 0, 0, NULL, 0, 0, 0);
INSERT INTO `chartdetails` VALUES (6210, 10, 0, 0, 0, 0, NULL, 0, 0, 0);
INSERT INTO `chartdetails` VALUES (6210, 11, 0, 0, 0, 0, NULL, 0, 0, 0);
INSERT INTO `chartdetails` VALUES (6210, 12, 0, 0, 0, 0, NULL, 0, 0, 0);
INSERT INTO `chartdetails` VALUES (6210, 13, 0, 0, 0, 0, NULL, 0, 0, 0);
INSERT INTO `chartdetails` VALUES (6210, 14, 0, 0, 0, 0, NULL, 0, 0, 0);
INSERT INTO `chartdetails` VALUES (6305, -1, 0, 0, 0, 0, NULL, 0, 0, 0);
INSERT INTO `chartdetails` VALUES (6305, 1, 0, 0, 0, 0, NULL, 0, 0, 0);
INSERT INTO `chartdetails` VALUES (6305, 2, 0, 0, 0, 0, NULL, 0, 0, 0);
INSERT INTO `chartdetails` VALUES (6305, 3, 0, 0, 0, 0, NULL, 0, 0, 0);
INSERT INTO `chartdetails` VALUES (6305, 4, 0, 0, 0, 0, NULL, 0, 0, 0);
INSERT INTO `chartdetails` VALUES (6305, 5, 0, 0, 0, 0, NULL, 0, 0, 0);
INSERT INTO `chartdetails` VALUES (6305, 6, 0, 0, 0, 0, NULL, 0, 0, 0);
INSERT INTO `chartdetails` VALUES (6305, 7, 0, 0, 0, 0, NULL, 0, 0, 0);
INSERT INTO `chartdetails` VALUES (6305, 8, 0, 0, 0, 0, NULL, 0, 0, 0);
INSERT INTO `chartdetails` VALUES (6305, 9, 0, 0, 0, 0, NULL, 0, 0, 0);
INSERT INTO `chartdetails` VALUES (6305, 10, 0, 0, 0, 0, NULL, 0, 0, 0);
INSERT INTO `chartdetails` VALUES (6305, 11, 0, 0, 0, 0, NULL, 0, 0, 0);
INSERT INTO `chartdetails` VALUES (6305, 12, 0, 0, 0, 0, NULL, 0, 0, 0);
INSERT INTO `chartdetails` VALUES (6305, 13, 0, 0, 0, 0, NULL, 0, 0, 0);
INSERT INTO `chartdetails` VALUES (6305, 14, 0, 0, 0, 0, NULL, 0, 0, 0);
INSERT INTO `chartdetails` VALUES (6310, -1, 0, 0, 0, 0, NULL, 0, 0, 0);
INSERT INTO `chartdetails` VALUES (6310, 1, 0, 0, 0, 0, NULL, 0, 0, 0);
INSERT INTO `chartdetails` VALUES (6310, 2, 0, 0, 0, 0, NULL, 0, 0, 0);
INSERT INTO `chartdetails` VALUES (6310, 3, 0, 0, 0, 0, NULL, 0, 0, 0);
INSERT INTO `chartdetails` VALUES (6310, 4, 0, 0, 0, 0, NULL, 0, 0, 0);
INSERT INTO `chartdetails` VALUES (6310, 5, 0, 0, 0, 0, NULL, 0, 0, 0);
INSERT INTO `chartdetails` VALUES (6310, 6, 0, 0, 0, 0, NULL, 0, 0, 0);
INSERT INTO `chartdetails` VALUES (6310, 7, 0, 0, 0, 0, NULL, 0, 0, 0);
INSERT INTO `chartdetails` VALUES (6310, 8, 0, 0, 0, 0, NULL, 0, 0, 0);
INSERT INTO `chartdetails` VALUES (6310, 9, 0, 0, 0, 0, NULL, 0, 0, 0);
INSERT INTO `chartdetails` VALUES (6310, 10, 0, 0, 0, 0, NULL, 0, 0, 0);
INSERT INTO `chartdetails` VALUES (6310, 11, 0, 0, 0, 0, NULL, 0, 0, 0);
INSERT INTO `chartdetails` VALUES (6310, 12, 0, 0, 0, 0, NULL, 0, 0, 0);
INSERT INTO `chartdetails` VALUES (6310, 13, 0, 0, 0, 0, NULL, 0, 0, 0);
INSERT INTO `chartdetails` VALUES (6310, 14, 0, 0, 0, 0, NULL, 0, 0, 0);
INSERT INTO `chartdetails` VALUES (6315, -1, 0, 0, 0, 0, NULL, 0, 0, 0);
INSERT INTO `chartdetails` VALUES (6315, 1, 0, 0, 0, 0, NULL, 0, 0, 0);
INSERT INTO `chartdetails` VALUES (6315, 2, 0, 0, 0, 0, NULL, 0, 0, 0);
INSERT INTO `chartdetails` VALUES (6315, 3, 0, 0, 0, 0, NULL, 0, 0, 0);
INSERT INTO `chartdetails` VALUES (6315, 4, 0, 0, 0, 0, NULL, 0, 0, 0);
INSERT INTO `chartdetails` VALUES (6315, 5, 0, 0, 0, 0, NULL, 0, 0, 0);
INSERT INTO `chartdetails` VALUES (6315, 6, 0, 0, 0, 0, NULL, 0, 0, 0);
INSERT INTO `chartdetails` VALUES (6315, 7, 0, 0, 0, 0, NULL, 0, 0, 0);
INSERT INTO `chartdetails` VALUES (6315, 8, 0, 0, 0, 0, NULL, 0, 0, 0);
INSERT INTO `chartdetails` VALUES (6315, 9, 0, 0, 0, 0, NULL, 0, 0, 0);
INSERT INTO `chartdetails` VALUES (6315, 10, 0, 0, 0, 0, NULL, 0, 0, 0);
INSERT INTO `chartdetails` VALUES (6315, 11, 0, 0, 0, 0, NULL, 0, 0, 0);
INSERT INTO `chartdetails` VALUES (6315, 12, 0, 0, 0, 0, NULL, 0, 0, 0);
INSERT INTO `chartdetails` VALUES (6315, 13, 0, 0, 0, 0, NULL, 0, 0, 0);
INSERT INTO `chartdetails` VALUES (6315, 14, 0, 0, 0, 0, NULL, 0, 0, 0);
INSERT INTO `chartdetails` VALUES (6320, -1, 0, 0, 0, 0, NULL, 0, 0, 0);
INSERT INTO `chartdetails` VALUES (6320, 1, 0, 0, 0, 0, NULL, 0, 0, 0);
INSERT INTO `chartdetails` VALUES (6320, 2, 0, 0, 0, 0, NULL, 0, 0, 0);
INSERT INTO `chartdetails` VALUES (6320, 3, 0, 0, 0, 0, NULL, 0, 0, 0);
INSERT INTO `chartdetails` VALUES (6320, 4, 0, 0, 0, 0, NULL, 0, 0, 0);
INSERT INTO `chartdetails` VALUES (6320, 5, 0, 0, 0, 0, NULL, 0, 0, 0);
INSERT INTO `chartdetails` VALUES (6320, 6, 0, 0, 0, 0, NULL, 0, 0, 0);
INSERT INTO `chartdetails` VALUES (6320, 7, 0, 0, 0, 0, NULL, 0, 0, 0);
INSERT INTO `chartdetails` VALUES (6320, 8, 0, 0, 0, 0, NULL, 0, 0, 0);
INSERT INTO `chartdetails` VALUES (6320, 9, 0, 0, 0, 0, NULL, 0, 0, 0);
INSERT INTO `chartdetails` VALUES (6320, 10, 0, 0, 0, 0, NULL, 0, 0, 0);
INSERT INTO `chartdetails` VALUES (6320, 11, 0, 0, 0, 0, NULL, 0, 0, 0);
INSERT INTO `chartdetails` VALUES (6320, 12, 0, 0, 0, 0, NULL, 0, 0, 0);
INSERT INTO `chartdetails` VALUES (6320, 13, 0, 0, 0, 0, NULL, 0, 0, 0);
INSERT INTO `chartdetails` VALUES (6320, 14, 0, 0, 0, 0, NULL, 0, 0, 0);
INSERT INTO `chartdetails` VALUES (6400, -1, 0, 0, 0, 0, NULL, 0, 0, 0);
INSERT INTO `chartdetails` VALUES (6400, 1, 0, 0, 0, 0, NULL, 0, 0, 0);
INSERT INTO `chartdetails` VALUES (6400, 2, 0, 0, 0, 0, NULL, 0, 0, 0);
INSERT INTO `chartdetails` VALUES (6400, 3, 0, 0, 0, 0, NULL, 0, 0, 0);
INSERT INTO `chartdetails` VALUES (6400, 4, 0, 0, 0, 0, NULL, 0, 0, 0);
INSERT INTO `chartdetails` VALUES (6400, 5, 0, 0, 0, 0, NULL, 0, 0, 0);
INSERT INTO `chartdetails` VALUES (6400, 6, 0, 0, 0, 0, NULL, 0, 0, 0);
INSERT INTO `chartdetails` VALUES (6400, 7, 0, 0, 0, 0, NULL, 0, 0, 0);
INSERT INTO `chartdetails` VALUES (6400, 8, 0, 0, 0, 0, NULL, 0, 0, 0);
INSERT INTO `chartdetails` VALUES (6400, 9, 0, 0, 0, 0, NULL, 0, 0, 0);
INSERT INTO `chartdetails` VALUES (6400, 10, 0, 0, 0, 0, NULL, 0, 0, 0);
INSERT INTO `chartdetails` VALUES (6400, 11, 0, 0, 0, 0, NULL, 0, 0, 0);
INSERT INTO `chartdetails` VALUES (6400, 12, 0, 0, 0, 0, NULL, 0, 0, 0);
INSERT INTO `chartdetails` VALUES (6400, 13, 0, 0, 0, 0, NULL, 0, 0, 0);
INSERT INTO `chartdetails` VALUES (6400, 14, 0, 0, 0, 0, NULL, 0, 0, 0);
INSERT INTO `chartdetails` VALUES (6430, -1, 0, 0, 0, 0, NULL, 0, 0, 0);
INSERT INTO `chartdetails` VALUES (6430, 1, 0, 0, 0, 0, NULL, 0, 0, 0);
INSERT INTO `chartdetails` VALUES (6430, 2, 0, 0, 0, 0, NULL, 0, 0, 0);
INSERT INTO `chartdetails` VALUES (6430, 3, 0, 0, 0, 0, NULL, 0, 0, 0);
INSERT INTO `chartdetails` VALUES (6430, 4, 0, 0, 0, 0, NULL, 0, 0, 0);
INSERT INTO `chartdetails` VALUES (6430, 5, 0, 0, 0, 0, NULL, 0, 0, 0);
INSERT INTO `chartdetails` VALUES (6430, 6, 0, 0, 0, 0, NULL, 0, 0, 0);
INSERT INTO `chartdetails` VALUES (6430, 7, 0, 0, 0, 0, NULL, 0, 0, 0);
INSERT INTO `chartdetails` VALUES (6430, 8, 0, 0, 0, 0, NULL, 0, 0, 0);
INSERT INTO `chartdetails` VALUES (6430, 9, 0, 0, 0, 0, NULL, 0, 0, 0);
INSERT INTO `chartdetails` VALUES (6430, 10, 0, 0, 0, 0, NULL, 0, 0, 0);
INSERT INTO `chartdetails` VALUES (6430, 11, 0, 0, 0, 0, NULL, 0, 0, 0);
INSERT INTO `chartdetails` VALUES (6430, 12, 0, 0, 0, 0, NULL, 0, 0, 0);
INSERT INTO `chartdetails` VALUES (6430, 13, 0, 0, 0, 0, NULL, 0, 0, 0);
INSERT INTO `chartdetails` VALUES (6430, 14, 0, 0, 0, 0, NULL, 0, 0, 0);
INSERT INTO `chartdetails` VALUES (6450, -1, 0, 0, 0, 0, NULL, 0, 0, 0);
INSERT INTO `chartdetails` VALUES (6450, 1, 0, 0, 0, 0, NULL, 0, 0, 0);
INSERT INTO `chartdetails` VALUES (6450, 2, 0, 0, 0, 0, NULL, 0, 0, 0);
INSERT INTO `chartdetails` VALUES (6450, 3, 0, 0, 0, 0, NULL, 0, 0, 0);
INSERT INTO `chartdetails` VALUES (6450, 4, 0, 0, 0, 0, NULL, 0, 0, 0);
INSERT INTO `chartdetails` VALUES (6450, 5, 0, 0, 0, 0, NULL, 0, 0, 0);
INSERT INTO `chartdetails` VALUES (6450, 6, 0, 0, 0, 0, NULL, 0, 0, 0);
INSERT INTO `chartdetails` VALUES (6450, 7, 0, 0, 0, 0, NULL, 0, 0, 0);
INSERT INTO `chartdetails` VALUES (6450, 8, 0, 0, 0, 0, NULL, 0, 0, 0);
INSERT INTO `chartdetails` VALUES (6450, 9, 0, 0, 0, 0, NULL, 0, 0, 0);
INSERT INTO `chartdetails` VALUES (6450, 10, 0, 0, 0, 0, NULL, 0, 0, 0);
INSERT INTO `chartdetails` VALUES (6450, 11, 0, 0, 0, 0, NULL, 0, 0, 0);
INSERT INTO `chartdetails` VALUES (6450, 12, 0, 0, 0, 0, NULL, 0, 0, 0);
INSERT INTO `chartdetails` VALUES (6450, 13, 0, 0, 0, 0, NULL, 0, 0, 0);
INSERT INTO `chartdetails` VALUES (6450, 14, 0, 0, 0, 0, NULL, 0, 0, 0);
INSERT INTO `chartdetails` VALUES (6500, -1, 0, 0, 0, 0, NULL, 0, 0, 0);
INSERT INTO `chartdetails` VALUES (6500, 1, 0, 0, 0, 0, NULL, 0, 0, 0);
INSERT INTO `chartdetails` VALUES (6500, 2, 0, 0, 0, 0, NULL, 0, 0, 0);
INSERT INTO `chartdetails` VALUES (6500, 3, 0, 0, 0, 0, NULL, 0, 0, 0);
INSERT INTO `chartdetails` VALUES (6500, 4, 0, 0, 0, 0, NULL, 0, 0, 0);
INSERT INTO `chartdetails` VALUES (6500, 5, 0, 0, 0, 0, NULL, 0, 0, 0);
INSERT INTO `chartdetails` VALUES (6500, 6, 0, 0, 0, 0, NULL, 0, 0, 0);
INSERT INTO `chartdetails` VALUES (6500, 7, 0, 0, 0, 0, NULL, 0, 0, 0);
INSERT INTO `chartdetails` VALUES (6500, 8, 0, 0, 0, 0, NULL, 0, 0, 0);
INSERT INTO `chartdetails` VALUES (6500, 9, 0, 0, 0, 0, NULL, 0, 0, 0);
INSERT INTO `chartdetails` VALUES (6500, 10, 0, 0, 0, 0, NULL, 0, 0, 0);
INSERT INTO `chartdetails` VALUES (6500, 11, 0, 0, 0, 0, NULL, 0, 0, 0);
INSERT INTO `chartdetails` VALUES (6500, 12, 0, 0, 0, 0, NULL, 0, 0, 0);
INSERT INTO `chartdetails` VALUES (6500, 13, 0, 0, 0, 0, NULL, 0, 0, 0);
INSERT INTO `chartdetails` VALUES (6500, 14, 0, 0, 0, 0, NULL, 0, 0, 0);
INSERT INTO `chartdetails` VALUES (6550, -1, 0, 0, 0, 0, NULL, 0, 0, 0);
INSERT INTO `chartdetails` VALUES (6550, 1, 0, 0, 0, 0, NULL, 0, 0, 0);
INSERT INTO `chartdetails` VALUES (6550, 2, 0, 0, 0, 0, NULL, 0, 0, 0);
INSERT INTO `chartdetails` VALUES (6550, 3, 0, 0, 0, 0, NULL, 0, 0, 0);
INSERT INTO `chartdetails` VALUES (6550, 4, 0, 0, 0, 0, NULL, 0, 0, 0);
INSERT INTO `chartdetails` VALUES (6550, 5, 0, 0, 0, 0, NULL, 0, 0, 0);
INSERT INTO `chartdetails` VALUES (6550, 6, 0, 0, 0, 0, NULL, 0, 0, 0);
INSERT INTO `chartdetails` VALUES (6550, 7, 0, 0, 0, 0, NULL, 0, 0, 0);
INSERT INTO `chartdetails` VALUES (6550, 8, 0, 0, 0, 0, NULL, 0, 0, 0);
INSERT INTO `chartdetails` VALUES (6550, 9, 0, 0, 0, 0, NULL, 0, 0, 0);
INSERT INTO `chartdetails` VALUES (6550, 10, 0, 0, 0, 0, NULL, 0, 0, 0);
INSERT INTO `chartdetails` VALUES (6550, 11, 0, 0, 0, 0, NULL, 0, 0, 0);
INSERT INTO `chartdetails` VALUES (6550, 12, 0, 0, 0, 0, NULL, 0, 0, 0);
INSERT INTO `chartdetails` VALUES (6550, 13, 0, 0, 0, 0, NULL, 0, 0, 0);
INSERT INTO `chartdetails` VALUES (6550, 14, 0, 0, 0, 0, NULL, 0, 0, 0);
INSERT INTO `chartdetails` VALUES (6560, -1, 0, 0, 0, 0, NULL, 0, 0, 0);
INSERT INTO `chartdetails` VALUES (6560, 1, 0, 0, 0, 0, NULL, 0, 0, 0);
INSERT INTO `chartdetails` VALUES (6560, 2, 0, 0, 0, 0, NULL, 0, 0, 0);
INSERT INTO `chartdetails` VALUES (6560, 3, 0, 0, 0, 0, NULL, 0, 0, 0);
INSERT INTO `chartdetails` VALUES (6560, 4, 0, 0, 0, 0, NULL, 0, 0, 0);
INSERT INTO `chartdetails` VALUES (6560, 5, 0, 0, 0, 0, NULL, 0, 0, 0);
INSERT INTO `chartdetails` VALUES (6560, 6, 0, 0, 0, 0, NULL, 0, 0, 0);
INSERT INTO `chartdetails` VALUES (6560, 7, 0, 0, 0, 0, NULL, 0, 0, 0);
INSERT INTO `chartdetails` VALUES (6560, 8, 0, 0, 0, 0, NULL, 0, 0, 0);
INSERT INTO `chartdetails` VALUES (6560, 9, 0, 0, 0, 0, NULL, 0, 0, 0);
INSERT INTO `chartdetails` VALUES (6560, 10, 0, 0, 0, 0, NULL, 0, 0, 0);
INSERT INTO `chartdetails` VALUES (6560, 11, 0, 0, 0, 0, NULL, 0, 0, 0);
INSERT INTO `chartdetails` VALUES (6560, 12, 0, 0, 0, 0, NULL, 0, 0, 0);
INSERT INTO `chartdetails` VALUES (6560, 13, 0, 0, 0, 0, NULL, 0, 0, 0);
INSERT INTO `chartdetails` VALUES (6560, 14, 0, 0, 0, 0, NULL, 0, 0, 0);
INSERT INTO `chartdetails` VALUES (6570, -1, 0, 0, 0, 0, NULL, 0, 0, 0);
INSERT INTO `chartdetails` VALUES (6570, 1, 0, 0, 0, 0, NULL, 0, 0, 0);
INSERT INTO `chartdetails` VALUES (6570, 2, 0, 0, 0, 0, NULL, 0, 0, 0);
INSERT INTO `chartdetails` VALUES (6570, 3, 0, 0, 0, 0, NULL, 0, 0, 0);
INSERT INTO `chartdetails` VALUES (6570, 4, 0, 0, 0, 0, NULL, 0, 0, 0);
INSERT INTO `chartdetails` VALUES (6570, 5, 0, 0, 0, 0, NULL, 0, 0, 0);
INSERT INTO `chartdetails` VALUES (6570, 6, 0, 0, 0, 0, NULL, 0, 0, 0);
INSERT INTO `chartdetails` VALUES (6570, 7, 0, 0, 0, 0, NULL, 0, 0, 0);
INSERT INTO `chartdetails` VALUES (6570, 8, 0, 0, 0, 0, NULL, 0, 0, 0);
INSERT INTO `chartdetails` VALUES (6570, 9, 0, 0, 0, 0, NULL, 0, 0, 0);
INSERT INTO `chartdetails` VALUES (6570, 10, 0, 0, 0, 0, NULL, 0, 0, 0);
INSERT INTO `chartdetails` VALUES (6570, 11, 0, 0, 0, 0, NULL, 0, 0, 0);
INSERT INTO `chartdetails` VALUES (6570, 12, 0, 0, 0, 0, NULL, 0, 0, 0);
INSERT INTO `chartdetails` VALUES (6570, 13, 0, 0, 0, 0, NULL, 0, 0, 0);
INSERT INTO `chartdetails` VALUES (6570, 14, 0, 0, 0, 0, NULL, 0, 0, 0);
INSERT INTO `chartdetails` VALUES (6580, -1, 0, 0, 0, 0, NULL, 0, 0, 0);
INSERT INTO `chartdetails` VALUES (6580, 1, 0, 0, 0, 0, NULL, 0, 0, 0);
INSERT INTO `chartdetails` VALUES (6580, 2, 0, 0, 0, 0, NULL, 0, 0, 0);
INSERT INTO `chartdetails` VALUES (6580, 3, 0, 0, 0, 0, NULL, 0, 0, 0);
INSERT INTO `chartdetails` VALUES (6580, 4, 0, 0, 0, 0, NULL, 0, 0, 0);
INSERT INTO `chartdetails` VALUES (6580, 5, 0, 0, 0, 0, NULL, 0, 0, 0);
INSERT INTO `chartdetails` VALUES (6580, 6, 0, 0, 0, 0, NULL, 0, 0, 0);
INSERT INTO `chartdetails` VALUES (6580, 7, 0, 0, 0, 0, NULL, 0, 0, 0);
INSERT INTO `chartdetails` VALUES (6580, 8, 0, 0, 0, 0, NULL, 0, 0, 0);
INSERT INTO `chartdetails` VALUES (6580, 9, 0, 0, 0, 0, NULL, 0, 0, 0);
INSERT INTO `chartdetails` VALUES (6580, 10, 0, 0, 0, 0, NULL, 0, 0, 0);
INSERT INTO `chartdetails` VALUES (6580, 11, 0, 0, 0, 0, NULL, 0, 0, 0);
INSERT INTO `chartdetails` VALUES (6580, 12, 0, 0, 0, 0, NULL, 0, 0, 0);
INSERT INTO `chartdetails` VALUES (6580, 13, 0, 0, 0, 0, NULL, 0, 0, 0);
INSERT INTO `chartdetails` VALUES (6580, 14, 0, 0, 0, 0, NULL, 0, 0, 0);
INSERT INTO `chartdetails` VALUES (6600, -1, 0, 0, 0, 0, NULL, 0, 0, 0);
INSERT INTO `chartdetails` VALUES (6600, 1, 0, 0, 0, 0, NULL, 0, 0, 0);
INSERT INTO `chartdetails` VALUES (6600, 2, 0, 0, 0, 0, NULL, 0, 0, 0);
INSERT INTO `chartdetails` VALUES (6600, 3, 0, 0, 0, 0, NULL, 0, 0, 0);
INSERT INTO `chartdetails` VALUES (6600, 4, 0, 0, 0, 0, NULL, 0, 0, 0);
INSERT INTO `chartdetails` VALUES (6600, 5, 0, 0, 0, 0, NULL, 0, 0, 0);
INSERT INTO `chartdetails` VALUES (6600, 6, 0, 0, 0, 0, NULL, 0, 0, 0);
INSERT INTO `chartdetails` VALUES (6600, 7, 0, 0, 0, 0, NULL, 0, 0, 0);
INSERT INTO `chartdetails` VALUES (6600, 8, 0, 0, 0, 0, NULL, 0, 0, 0);
INSERT INTO `chartdetails` VALUES (6600, 9, 0, 0, 0, 0, NULL, 0, 0, 0);
INSERT INTO `chartdetails` VALUES (6600, 10, 0, 0, 0, 0, NULL, 0, 0, 0);
INSERT INTO `chartdetails` VALUES (6600, 11, 0, 0, 0, 0, NULL, 0, 0, 0);
INSERT INTO `chartdetails` VALUES (6600, 12, 0, 0, 0, 0, NULL, 0, 0, 0);
INSERT INTO `chartdetails` VALUES (6600, 13, 0, 0, 0, 0, NULL, 0, 0, 0);
INSERT INTO `chartdetails` VALUES (6600, 14, 0, 0, 0, 0, NULL, 0, 0, 0);
INSERT INTO `chartdetails` VALUES (6610, -1, 0, 0, 0, 0, NULL, 0, 0, 0);
INSERT INTO `chartdetails` VALUES (6610, 1, 0, 0, 0, 0, NULL, 0, 0, 0);
INSERT INTO `chartdetails` VALUES (6610, 2, 0, 0, 0, 0, NULL, 0, 0, 0);
INSERT INTO `chartdetails` VALUES (6610, 3, 0, 0, 0, 0, NULL, 0, 0, 0);
INSERT INTO `chartdetails` VALUES (6610, 4, 0, 0, 0, 0, NULL, 0, 0, 0);
INSERT INTO `chartdetails` VALUES (6610, 5, 0, 0, 0, 0, NULL, 0, 0, 0);
INSERT INTO `chartdetails` VALUES (6610, 6, 0, 0, 0, 0, NULL, 0, 0, 0);
INSERT INTO `chartdetails` VALUES (6610, 7, 0, 0, 0, 0, NULL, 0, 0, 0);
INSERT INTO `chartdetails` VALUES (6610, 8, 0, 0, 0, 0, NULL, 0, 0, 0);
INSERT INTO `chartdetails` VALUES (6610, 9, 0, 0, 0, 0, NULL, 0, 0, 0);
INSERT INTO `chartdetails` VALUES (6610, 10, 0, 0, 0, 0, NULL, 0, 0, 0);
INSERT INTO `chartdetails` VALUES (6610, 11, 0, 0, 0, 0, NULL, 0, 0, 0);
INSERT INTO `chartdetails` VALUES (6610, 12, 0, 0, 0, 0, NULL, 0, 0, 0);
INSERT INTO `chartdetails` VALUES (6610, 13, 0, 0, 0, 0, NULL, 0, 0, 0);
INSERT INTO `chartdetails` VALUES (6610, 14, 0, 0, 0, 0, NULL, 0, 0, 0);
INSERT INTO `chartdetails` VALUES (6615, -1, 0, 0, 0, 0, NULL, 0, 0, 0);
INSERT INTO `chartdetails` VALUES (6615, 1, 0, 0, 0, 0, NULL, 0, 0, 0);
INSERT INTO `chartdetails` VALUES (6615, 2, 0, 0, 0, 0, NULL, 0, 0, 0);
INSERT INTO `chartdetails` VALUES (6615, 3, 0, 0, 0, 0, NULL, 0, 0, 0);
INSERT INTO `chartdetails` VALUES (6615, 4, 0, 0, 0, 0, NULL, 0, 0, 0);
INSERT INTO `chartdetails` VALUES (6615, 5, 0, 0, 0, 0, NULL, 0, 0, 0);
INSERT INTO `chartdetails` VALUES (6615, 6, 0, 0, 0, 0, NULL, 0, 0, 0);
INSERT INTO `chartdetails` VALUES (6615, 7, 0, 0, 0, 0, NULL, 0, 0, 0);
INSERT INTO `chartdetails` VALUES (6615, 8, 0, 0, 0, 0, NULL, 0, 0, 0);
INSERT INTO `chartdetails` VALUES (6615, 9, 0, 0, 0, 0, NULL, 0, 0, 0);
INSERT INTO `chartdetails` VALUES (6615, 10, 0, 0, 0, 0, NULL, 0, 0, 0);
INSERT INTO `chartdetails` VALUES (6615, 11, 0, 0, 0, 0, NULL, 0, 0, 0);
INSERT INTO `chartdetails` VALUES (6615, 12, 0, 0, 0, 0, NULL, 0, 0, 0);
INSERT INTO `chartdetails` VALUES (6615, 13, 0, 0, 0, 0, NULL, 0, 0, 0);
INSERT INTO `chartdetails` VALUES (6615, 14, 0, 0, 0, 0, NULL, 0, 0, 0);
INSERT INTO `chartdetails` VALUES (6620, -1, 0, 0, 0, 0, NULL, 0, 0, 0);
INSERT INTO `chartdetails` VALUES (6620, 1, 0, 0, 0, 0, NULL, 0, 0, 0);
INSERT INTO `chartdetails` VALUES (6620, 2, 0, 0, 0, 0, NULL, 0, 0, 0);
INSERT INTO `chartdetails` VALUES (6620, 3, 0, 0, 0, 0, NULL, 0, 0, 0);
INSERT INTO `chartdetails` VALUES (6620, 4, 0, 0, 0, 0, NULL, 0, 0, 0);
INSERT INTO `chartdetails` VALUES (6620, 5, 0, 0, 0, 0, NULL, 0, 0, 0);
INSERT INTO `chartdetails` VALUES (6620, 6, 0, 0, 0, 0, NULL, 0, 0, 0);
INSERT INTO `chartdetails` VALUES (6620, 7, 0, 0, 0, 0, NULL, 0, 0, 0);
INSERT INTO `chartdetails` VALUES (6620, 8, 0, 0, 0, 0, NULL, 0, 0, 0);
INSERT INTO `chartdetails` VALUES (6620, 9, 0, 0, 0, 0, NULL, 0, 0, 0);
INSERT INTO `chartdetails` VALUES (6620, 10, 0, 0, 0, 0, NULL, 0, 0, 0);
INSERT INTO `chartdetails` VALUES (6620, 11, 0, 0, 0, 0, NULL, 0, 0, 0);
INSERT INTO `chartdetails` VALUES (6620, 12, 0, 0, 0, 0, NULL, 0, 0, 0);
INSERT INTO `chartdetails` VALUES (6620, 13, 0, 0, 0, 0, NULL, 0, 0, 0);
INSERT INTO `chartdetails` VALUES (6620, 14, 0, 0, 0, 0, NULL, 0, 0, 0);
INSERT INTO `chartdetails` VALUES (6630, -1, 0, 0, 0, 0, NULL, 0, 0, 0);
INSERT INTO `chartdetails` VALUES (6630, 1, 0, 0, 0, 0, NULL, 0, 0, 0);
INSERT INTO `chartdetails` VALUES (6630, 2, 0, 0, 0, 0, NULL, 0, 0, 0);
INSERT INTO `chartdetails` VALUES (6630, 3, 0, 0, 0, 0, NULL, 0, 0, 0);
INSERT INTO `chartdetails` VALUES (6630, 4, 0, 0, 0, 0, NULL, 0, 0, 0);
INSERT INTO `chartdetails` VALUES (6630, 5, 0, 0, 0, 0, NULL, 0, 0, 0);
INSERT INTO `chartdetails` VALUES (6630, 6, 0, 0, 0, 0, NULL, 0, 0, 0);
INSERT INTO `chartdetails` VALUES (6630, 7, 0, 0, 0, 0, NULL, 0, 0, 0);
INSERT INTO `chartdetails` VALUES (6630, 8, 0, 0, 0, 0, NULL, 0, 0, 0);
INSERT INTO `chartdetails` VALUES (6630, 9, 0, 0, 0, 0, NULL, 0, 0, 0);
INSERT INTO `chartdetails` VALUES (6630, 10, 0, 0, 0, 0, NULL, 0, 0, 0);
INSERT INTO `chartdetails` VALUES (6630, 11, 0, 0, 0, 0, NULL, 0, 0, 0);
INSERT INTO `chartdetails` VALUES (6630, 12, 0, 0, 0, 0, NULL, 0, 0, 0);
INSERT INTO `chartdetails` VALUES (6630, 13, 0, 0, 0, 0, NULL, 0, 0, 0);
INSERT INTO `chartdetails` VALUES (6630, 14, 0, 0, 0, 0, NULL, 0, 0, 0);
INSERT INTO `chartdetails` VALUES (6640, -1, 0, 0, 0, 0, NULL, 0, 0, 0);
INSERT INTO `chartdetails` VALUES (6640, 1, 0, 0, 0, 0, NULL, 0, 0, 0);
INSERT INTO `chartdetails` VALUES (6640, 2, 0, 0, 0, 0, NULL, 0, 0, 0);
INSERT INTO `chartdetails` VALUES (6640, 3, 0, 0, 0, 0, NULL, 0, 0, 0);
INSERT INTO `chartdetails` VALUES (6640, 4, 0, 0, 0, 0, NULL, 0, 0, 0);
INSERT INTO `chartdetails` VALUES (6640, 5, 0, 0, 0, 0, NULL, 0, 0, 0);
INSERT INTO `chartdetails` VALUES (6640, 6, 0, 0, 0, 0, NULL, 0, 0, 0);
INSERT INTO `chartdetails` VALUES (6640, 7, 0, 0, 0, 0, NULL, 0, 0, 0);
INSERT INTO `chartdetails` VALUES (6640, 8, 0, 0, 0, 0, NULL, 0, 0, 0);
INSERT INTO `chartdetails` VALUES (6640, 9, 0, 0, 0, 0, NULL, 0, 0, 0);
INSERT INTO `chartdetails` VALUES (6640, 10, 0, 0, 0, 0, NULL, 0, 0, 0);
INSERT INTO `chartdetails` VALUES (6640, 11, 0, 0, 0, 0, NULL, 0, 0, 0);
INSERT INTO `chartdetails` VALUES (6640, 12, 0, 0, 0, 0, NULL, 0, 0, 0);
INSERT INTO `chartdetails` VALUES (6640, 13, 0, 0, 0, 0, NULL, 0, 0, 0);
INSERT INTO `chartdetails` VALUES (6640, 14, 0, 0, 0, 0, NULL, 0, 0, 0);
INSERT INTO `chartdetails` VALUES (6650, -1, 0, 0, 0, 0, NULL, 0, 0, 0);
INSERT INTO `chartdetails` VALUES (6650, 1, 0, 0, 0, 0, NULL, 0, 0, 0);
INSERT INTO `chartdetails` VALUES (6650, 2, 0, 0, 0, 0, NULL, 0, 0, 0);
INSERT INTO `chartdetails` VALUES (6650, 3, 0, 0, 0, 0, NULL, 0, 0, 0);
INSERT INTO `chartdetails` VALUES (6650, 4, 0, 0, 0, 0, NULL, 0, 0, 0);
INSERT INTO `chartdetails` VALUES (6650, 5, 0, 0, 0, 0, NULL, 0, 0, 0);
INSERT INTO `chartdetails` VALUES (6650, 6, 0, 0, 0, 0, NULL, 0, 0, 0);
INSERT INTO `chartdetails` VALUES (6650, 7, 0, 0, 0, 0, NULL, 0, 0, 0);
INSERT INTO `chartdetails` VALUES (6650, 8, 0, 0, 0, 0, NULL, 0, 0, 0);
INSERT INTO `chartdetails` VALUES (6650, 9, 0, 0, 0, 0, NULL, 0, 0, 0);
INSERT INTO `chartdetails` VALUES (6650, 10, 0, 0, 0, 0, NULL, 0, 0, 0);
INSERT INTO `chartdetails` VALUES (6650, 11, 0, 0, 0, 0, NULL, 0, 0, 0);
INSERT INTO `chartdetails` VALUES (6650, 12, 0, 0, 0, 0, NULL, 0, 0, 0);
INSERT INTO `chartdetails` VALUES (6650, 13, 0, 0, 0, 0, NULL, 0, 0, 0);
INSERT INTO `chartdetails` VALUES (6650, 14, 0, 0, 0, 0, NULL, 0, 0, 0);
INSERT INTO `chartdetails` VALUES (6660, -1, 0, 0, 0, 0, NULL, 0, 0, 0);
INSERT INTO `chartdetails` VALUES (6660, 1, 0, 0, 0, 0, NULL, 0, 0, 0);
INSERT INTO `chartdetails` VALUES (6660, 2, 0, 0, 0, 0, NULL, 0, 0, 0);
INSERT INTO `chartdetails` VALUES (6660, 3, 0, 0, 0, 0, NULL, 0, 0, 0);
INSERT INTO `chartdetails` VALUES (6660, 4, 0, 0, 0, 0, NULL, 0, 0, 0);
INSERT INTO `chartdetails` VALUES (6660, 5, 0, 0, 0, 0, NULL, 0, 0, 0);
INSERT INTO `chartdetails` VALUES (6660, 6, 0, 0, 0, 0, NULL, 0, 0, 0);
INSERT INTO `chartdetails` VALUES (6660, 7, 0, 0, 0, 0, NULL, 0, 0, 0);
INSERT INTO `chartdetails` VALUES (6660, 8, 0, 0, 0, 0, NULL, 0, 0, 0);
INSERT INTO `chartdetails` VALUES (6660, 9, 0, 0, 0, 0, NULL, 0, 0, 0);
INSERT INTO `chartdetails` VALUES (6660, 10, 0, 0, 0, 0, NULL, 0, 0, 0);
INSERT INTO `chartdetails` VALUES (6660, 11, 0, 0, 0, 0, NULL, 0, 0, 0);
INSERT INTO `chartdetails` VALUES (6660, 12, 0, 0, 0, 0, NULL, 0, 0, 0);
INSERT INTO `chartdetails` VALUES (6660, 13, 0, 0, 0, 0, NULL, 0, 0, 0);
INSERT INTO `chartdetails` VALUES (6660, 14, 0, 0, 0, 0, NULL, 0, 0, 0);
INSERT INTO `chartdetails` VALUES (6670, -1, 0, 0, 0, 0, NULL, 0, 0, 0);
INSERT INTO `chartdetails` VALUES (6670, 1, 0, 0, 0, 0, NULL, 0, 0, 0);
INSERT INTO `chartdetails` VALUES (6670, 2, 0, 0, 0, 0, NULL, 0, 0, 0);
INSERT INTO `chartdetails` VALUES (6670, 3, 0, 0, 0, 0, NULL, 0, 0, 0);
INSERT INTO `chartdetails` VALUES (6670, 4, 0, 0, 0, 0, NULL, 0, 0, 0);
INSERT INTO `chartdetails` VALUES (6670, 5, 0, 0, 0, 0, NULL, 0, 0, 0);
INSERT INTO `chartdetails` VALUES (6670, 6, 0, 0, 0, 0, NULL, 0, 0, 0);
INSERT INTO `chartdetails` VALUES (6670, 7, 0, 0, 0, 0, NULL, 0, 0, 0);
INSERT INTO `chartdetails` VALUES (6670, 8, 0, 0, 0, 0, NULL, 0, 0, 0);
INSERT INTO `chartdetails` VALUES (6670, 9, 0, 0, 0, 0, NULL, 0, 0, 0);
INSERT INTO `chartdetails` VALUES (6670, 10, 0, 0, 0, 0, NULL, 0, 0, 0);
INSERT INTO `chartdetails` VALUES (6670, 11, 0, 0, 0, 0, NULL, 0, 0, 0);
INSERT INTO `chartdetails` VALUES (6670, 12, 0, 0, 0, 0, NULL, 0, 0, 0);
INSERT INTO `chartdetails` VALUES (6670, 13, 0, 0, 0, 0, NULL, 0, 0, 0);
INSERT INTO `chartdetails` VALUES (6670, 14, 0, 0, 0, 0, NULL, 0, 0, 0);
INSERT INTO `chartdetails` VALUES (6680, -1, 0, 0, 0, 0, NULL, 0, 0, 0);
INSERT INTO `chartdetails` VALUES (6680, 1, 0, 0, 0, 0, NULL, 0, 0, 0);
INSERT INTO `chartdetails` VALUES (6680, 2, 0, 0, 0, 0, NULL, 0, 0, 0);
INSERT INTO `chartdetails` VALUES (6680, 3, 0, 0, 0, 0, NULL, 0, 0, 0);
INSERT INTO `chartdetails` VALUES (6680, 4, 0, 0, 0, 0, NULL, 0, 0, 0);
INSERT INTO `chartdetails` VALUES (6680, 5, 0, 0, 0, 0, NULL, 0, 0, 0);
INSERT INTO `chartdetails` VALUES (6680, 6, 0, 0, 0, 0, NULL, 0, 0, 0);
INSERT INTO `chartdetails` VALUES (6680, 7, 0, 0, 0, 0, NULL, 0, 0, 0);
INSERT INTO `chartdetails` VALUES (6680, 8, 0, 0, 0, 0, NULL, 0, 0, 0);
INSERT INTO `chartdetails` VALUES (6680, 9, 0, 0, 0, 0, NULL, 0, 0, 0);
INSERT INTO `chartdetails` VALUES (6680, 10, 0, 0, 0, 0, NULL, 0, 0, 0);
INSERT INTO `chartdetails` VALUES (6680, 11, 0, 0, 0, 0, NULL, 0, 0, 0);
INSERT INTO `chartdetails` VALUES (6680, 12, 0, 0, 0, 0, NULL, 0, 0, 0);
INSERT INTO `chartdetails` VALUES (6680, 13, 0, 0, 0, 0, NULL, 0, 0, 0);
INSERT INTO `chartdetails` VALUES (6680, 14, 0, 0, 0, 0, NULL, 0, 0, 0);
INSERT INTO `chartdetails` VALUES (6690, -1, 0, 0, 0, 0, NULL, 0, 0, 0);
INSERT INTO `chartdetails` VALUES (6690, 1, 0, 0, 0, 0, NULL, 0, 0, 0);
INSERT INTO `chartdetails` VALUES (6690, 2, 0, 0, 0, 0, NULL, 0, 0, 0);
INSERT INTO `chartdetails` VALUES (6690, 3, 0, 0, 0, 0, NULL, 0, 0, 0);
INSERT INTO `chartdetails` VALUES (6690, 4, 0, 0, 0, 0, NULL, 0, 0, 0);
INSERT INTO `chartdetails` VALUES (6690, 5, 0, 0, 0, 0, NULL, 0, 0, 0);
INSERT INTO `chartdetails` VALUES (6690, 6, 0, 0, 0, 0, NULL, 0, 0, 0);
INSERT INTO `chartdetails` VALUES (6690, 7, 0, 0, 0, 0, NULL, 0, 0, 0);
INSERT INTO `chartdetails` VALUES (6690, 8, 0, 0, 0, 0, NULL, 0, 0, 0);
INSERT INTO `chartdetails` VALUES (6690, 9, 0, 0, 0, 0, NULL, 0, 0, 0);
INSERT INTO `chartdetails` VALUES (6690, 10, 0, 0, 0, 0, NULL, 0, 0, 0);
INSERT INTO `chartdetails` VALUES (6690, 11, 0, 0, 0, 0, NULL, 0, 0, 0);
INSERT INTO `chartdetails` VALUES (6690, 12, 0, 0, 0, 0, NULL, 0, 0, 0);
INSERT INTO `chartdetails` VALUES (6690, 13, 0, 0, 0, 0, NULL, 0, 0, 0);
INSERT INTO `chartdetails` VALUES (6690, 14, 0, 0, 0, 0, NULL, 0, 0, 0);
INSERT INTO `chartdetails` VALUES (6700, -1, 0, 0, 0, 0, NULL, 0, 0, 0);
INSERT INTO `chartdetails` VALUES (6700, 1, 0, 0, 0, 0, NULL, 0, 0, 0);
INSERT INTO `chartdetails` VALUES (6700, 2, 0, 0, 0, 0, NULL, 0, 0, 0);
INSERT INTO `chartdetails` VALUES (6700, 3, 0, 0, 0, 0, NULL, 0, 0, 0);
INSERT INTO `chartdetails` VALUES (6700, 4, 0, 0, 0, 0, NULL, 0, 0, 0);
INSERT INTO `chartdetails` VALUES (6700, 5, 0, 0, 0, 0, NULL, 0, 0, 0);
INSERT INTO `chartdetails` VALUES (6700, 6, 0, 0, 0, 0, NULL, 0, 0, 0);
INSERT INTO `chartdetails` VALUES (6700, 7, 0, 0, 0, 0, NULL, 0, 0, 0);
INSERT INTO `chartdetails` VALUES (6700, 8, 0, 0, 0, 0, NULL, 0, 0, 0);
INSERT INTO `chartdetails` VALUES (6700, 9, 0, 0, 0, 0, NULL, 0, 0, 0);
INSERT INTO `chartdetails` VALUES (6700, 10, 0, 0, 0, 0, NULL, 0, 0, 0);
INSERT INTO `chartdetails` VALUES (6700, 11, 0, 0, 0, 0, NULL, 0, 0, 0);
INSERT INTO `chartdetails` VALUES (6700, 12, 0, 0, 0, 0, NULL, 0, 0, 0);
INSERT INTO `chartdetails` VALUES (6700, 13, 0, 0, 0, 0, NULL, 0, 0, 0);
INSERT INTO `chartdetails` VALUES (6700, 14, 0, 0, 0, 0, NULL, 0, 0, 0);
INSERT INTO `chartdetails` VALUES (6710, -1, 0, 0, 0, 0, NULL, 0, 0, 0);
INSERT INTO `chartdetails` VALUES (6710, 1, 0, 0, 0, 0, NULL, 0, 0, 0);
INSERT INTO `chartdetails` VALUES (6710, 2, 0, 0, 0, 0, NULL, 0, 0, 0);
INSERT INTO `chartdetails` VALUES (6710, 3, 0, 0, 0, 0, NULL, 0, 0, 0);
INSERT INTO `chartdetails` VALUES (6710, 4, 0, 0, 0, 0, NULL, 0, 0, 0);
INSERT INTO `chartdetails` VALUES (6710, 5, 0, 0, 0, 0, NULL, 0, 0, 0);
INSERT INTO `chartdetails` VALUES (6710, 6, 0, 0, 0, 0, NULL, 0, 0, 0);
INSERT INTO `chartdetails` VALUES (6710, 7, 0, 0, 0, 0, NULL, 0, 0, 0);
INSERT INTO `chartdetails` VALUES (6710, 8, 0, 0, 0, 0, NULL, 0, 0, 0);
INSERT INTO `chartdetails` VALUES (6710, 9, 0, 0, 0, 0, NULL, 0, 0, 0);
INSERT INTO `chartdetails` VALUES (6710, 10, 0, 0, 0, 0, NULL, 0, 0, 0);
INSERT INTO `chartdetails` VALUES (6710, 11, 0, 0, 0, 0, NULL, 0, 0, 0);
INSERT INTO `chartdetails` VALUES (6710, 12, 0, 0, 0, 0, NULL, 0, 0, 0);
INSERT INTO `chartdetails` VALUES (6710, 13, 0, 0, 0, 0, NULL, 0, 0, 0);
INSERT INTO `chartdetails` VALUES (6710, 14, 0, 0, 0, 0, NULL, 0, 0, 0);
INSERT INTO `chartdetails` VALUES (6720, -1, 0, 0, 0, 0, NULL, 0, 0, 0);
INSERT INTO `chartdetails` VALUES (6720, 1, 0, 0, 0, 0, NULL, 0, 0, 0);
INSERT INTO `chartdetails` VALUES (6720, 2, 0, 0, 0, 0, NULL, 0, 0, 0);
INSERT INTO `chartdetails` VALUES (6720, 3, 0, 0, 0, 0, NULL, 0, 0, 0);
INSERT INTO `chartdetails` VALUES (6720, 4, 0, 0, 0, 0, NULL, 0, 0, 0);
INSERT INTO `chartdetails` VALUES (6720, 5, 0, 0, 0, 0, NULL, 0, 0, 0);
INSERT INTO `chartdetails` VALUES (6720, 6, 0, 0, 0, 0, NULL, 0, 0, 0);
INSERT INTO `chartdetails` VALUES (6720, 7, 0, 0, 0, 0, NULL, 0, 0, 0);
INSERT INTO `chartdetails` VALUES (6720, 8, 0, 0, 0, 0, NULL, 0, 0, 0);
INSERT INTO `chartdetails` VALUES (6720, 9, 0, 0, 0, 0, NULL, 0, 0, 0);
INSERT INTO `chartdetails` VALUES (6720, 10, 0, 0, 0, 0, NULL, 0, 0, 0);
INSERT INTO `chartdetails` VALUES (6720, 11, 0, 0, 0, 0, NULL, 0, 0, 0);
INSERT INTO `chartdetails` VALUES (6720, 12, 0, 0, 0, 0, NULL, 0, 0, 0);
INSERT INTO `chartdetails` VALUES (6720, 13, 0, 0, 0, 0, NULL, 0, 0, 0);
INSERT INTO `chartdetails` VALUES (6720, 14, 0, 0, 0, 0, NULL, 0, 0, 0);
INSERT INTO `chartdetails` VALUES (6760, -1, 0, 0, 0, 0, NULL, 0, 0, 0);
INSERT INTO `chartdetails` VALUES (6760, 1, 0, 0, 0, 0, NULL, 0, 0, 0);
INSERT INTO `chartdetails` VALUES (6760, 2, 0, 0, 0, 0, NULL, 0, 0, 0);
INSERT INTO `chartdetails` VALUES (6760, 3, 0, 0, 0, 0, NULL, 0, 0, 0);
INSERT INTO `chartdetails` VALUES (6760, 4, 0, 0, 0, 0, NULL, 0, 0, 0);
INSERT INTO `chartdetails` VALUES (6760, 5, 0, 0, 0, 0, NULL, 0, 0, 0);
INSERT INTO `chartdetails` VALUES (6760, 6, 0, 0, 0, 0, NULL, 0, 0, 0);
INSERT INTO `chartdetails` VALUES (6760, 7, 0, 0, 0, 0, NULL, 0, 0, 0);
INSERT INTO `chartdetails` VALUES (6760, 8, 0, 0, 0, 0, NULL, 0, 0, 0);
INSERT INTO `chartdetails` VALUES (6760, 9, 0, 0, 0, 0, NULL, 0, 0, 0);
INSERT INTO `chartdetails` VALUES (6760, 10, 0, 0, 0, 0, NULL, 0, 0, 0);
INSERT INTO `chartdetails` VALUES (6760, 11, 0, 0, 0, 0, NULL, 0, 0, 0);
INSERT INTO `chartdetails` VALUES (6760, 12, 0, 0, 0, 0, NULL, 0, 0, 0);
INSERT INTO `chartdetails` VALUES (6760, 13, 0, 0, 0, 0, NULL, 0, 0, 0);
INSERT INTO `chartdetails` VALUES (6760, 14, 0, 0, 0, 0, NULL, 0, 0, 0);
INSERT INTO `chartdetails` VALUES (7100, -1, 0, 0, 0, 0, NULL, 0, 0, 0);
INSERT INTO `chartdetails` VALUES (7100, 1, 0, 0, 0, 0, NULL, 0, 0, 0);
INSERT INTO `chartdetails` VALUES (7100, 2, 0, 0, 0, 0, NULL, 0, 0, 0);
INSERT INTO `chartdetails` VALUES (7100, 3, 0, 0, 0, 0, NULL, 0, 0, 0);
INSERT INTO `chartdetails` VALUES (7100, 4, 0, 0, 0, 0, NULL, 0, 0, 0);
INSERT INTO `chartdetails` VALUES (7100, 5, 0, 0, 0, 0, NULL, 0, 0, 0);
INSERT INTO `chartdetails` VALUES (7100, 6, 0, 0, 0, 0, NULL, 0, 0, 0);
INSERT INTO `chartdetails` VALUES (7100, 7, 0, 0, 0, 0, NULL, 0, 0, 0);
INSERT INTO `chartdetails` VALUES (7100, 8, 0, 0, 0, 0, NULL, 0, 0, 0);
INSERT INTO `chartdetails` VALUES (7100, 9, 0, 0, 0, 0, NULL, 0, 0, 0);
INSERT INTO `chartdetails` VALUES (7100, 10, 0, 0, 0, 0, NULL, 0, 0, 0);
INSERT INTO `chartdetails` VALUES (7100, 11, 0, 0, 0, 0, NULL, 0, 0, 0);
INSERT INTO `chartdetails` VALUES (7100, 12, 0, 0, 0, 0, NULL, 0, 0, 0);
INSERT INTO `chartdetails` VALUES (7100, 13, 0, 0, 0, 0, NULL, 0, 0, 0);
INSERT INTO `chartdetails` VALUES (7100, 14, 0, 0, 0, 0, NULL, 0, 0, 0);
INSERT INTO `chartdetails` VALUES (7200, -1, 0, 0, 0, 0, NULL, 0, 0, 0);
INSERT INTO `chartdetails` VALUES (7200, 1, 0, 0, 0, 0, NULL, 0, 0, 0);
INSERT INTO `chartdetails` VALUES (7200, 2, 0, 0, 0, 0, NULL, 0, 0, 0);
INSERT INTO `chartdetails` VALUES (7200, 3, 0, 0, 0, 0, NULL, 0, 0, 0);
INSERT INTO `chartdetails` VALUES (7200, 4, 0, 0, 0, 0, NULL, 0, 0, 0);
INSERT INTO `chartdetails` VALUES (7200, 5, 0, 0, 0, 0, NULL, 0, 0, 0);
INSERT INTO `chartdetails` VALUES (7200, 6, 0, 0, 0, 0, NULL, 0, 0, 0);
INSERT INTO `chartdetails` VALUES (7200, 7, 0, 0, 0, 0, NULL, 0, 0, 0);
INSERT INTO `chartdetails` VALUES (7200, 8, 0, 0, 0, 0, NULL, 0, 0, 0);
INSERT INTO `chartdetails` VALUES (7200, 9, 0, 0, 0, 0, NULL, 0, 0, 0);
INSERT INTO `chartdetails` VALUES (7200, 10, 0, 0, 0, 0, NULL, 0, 0, 0);
INSERT INTO `chartdetails` VALUES (7200, 11, 0, 0, 0, 0, NULL, 0, 0, 0);
INSERT INTO `chartdetails` VALUES (7200, 12, 0, 0, 0, 0, NULL, 0, 0, 0);
INSERT INTO `chartdetails` VALUES (7200, 13, 0, 0, 0, 0, NULL, 0, 0, 0);
INSERT INTO `chartdetails` VALUES (7200, 14, 0, 0, 0, 0, NULL, 0, 0, 0);
INSERT INTO `chartdetails` VALUES (7210, -1, 0, 0, 0, 0, NULL, 0, 0, 0);
INSERT INTO `chartdetails` VALUES (7210, 1, 0, 0, 0, 0, NULL, 0, 0, 0);
INSERT INTO `chartdetails` VALUES (7210, 2, 0, 0, 0, 0, NULL, 0, 0, 0);
INSERT INTO `chartdetails` VALUES (7210, 3, 0, 0, 0, 0, NULL, 0, 0, 0);
INSERT INTO `chartdetails` VALUES (7210, 4, 0, 0, 0, 0, NULL, 0, 0, 0);
INSERT INTO `chartdetails` VALUES (7210, 5, 0, 0, 0, 0, NULL, 0, 0, 0);
INSERT INTO `chartdetails` VALUES (7210, 6, 0, 0, 0, 0, NULL, 0, 0, 0);
INSERT INTO `chartdetails` VALUES (7210, 7, 0, 0, 0, 0, NULL, 0, 0, 0);
INSERT INTO `chartdetails` VALUES (7210, 8, 0, 0, 0, 0, NULL, 0, 0, 0);
INSERT INTO `chartdetails` VALUES (7210, 9, 0, 0, 0, 0, NULL, 0, 0, 0);
INSERT INTO `chartdetails` VALUES (7210, 10, 0, 0, 0, 0, NULL, 0, 0, 0);
INSERT INTO `chartdetails` VALUES (7210, 11, 0, 0, 0, 0, NULL, 0, 0, 0);
INSERT INTO `chartdetails` VALUES (7210, 12, 0, 0, 0, 0, NULL, 0, 0, 0);
INSERT INTO `chartdetails` VALUES (7210, 13, 0, 0, 0, 0, NULL, 0, 0, 0);
INSERT INTO `chartdetails` VALUES (7210, 14, 0, 0, 0, 0, NULL, 0, 0, 0);
INSERT INTO `chartdetails` VALUES (7220, -1, 0, 0, 0, 0, NULL, 0, 0, 0);
INSERT INTO `chartdetails` VALUES (7220, 1, 0, 0, 0, 0, NULL, 0, 0, 0);
INSERT INTO `chartdetails` VALUES (7220, 2, 0, 0, 0, 0, NULL, 0, 0, 0);
INSERT INTO `chartdetails` VALUES (7220, 3, 0, 0, 0, 0, NULL, 0, 0, 0);
INSERT INTO `chartdetails` VALUES (7220, 4, 0, 0, 0, 0, NULL, 0, 0, 0);
INSERT INTO `chartdetails` VALUES (7220, 5, 0, 0, 0, 0, NULL, 0, 0, 0);
INSERT INTO `chartdetails` VALUES (7220, 6, 0, 0, 0, 0, NULL, 0, 0, 0);
INSERT INTO `chartdetails` VALUES (7220, 7, 0, 0, 0, 0, NULL, 0, 0, 0);
INSERT INTO `chartdetails` VALUES (7220, 8, 0, 0, 0, 0, NULL, 0, 0, 0);
INSERT INTO `chartdetails` VALUES (7220, 9, 0, 0, 0, 0, NULL, 0, 0, 0);
INSERT INTO `chartdetails` VALUES (7220, 10, 0, 0, 0, 0, NULL, 0, 0, 0);
INSERT INTO `chartdetails` VALUES (7220, 11, 0, 0, 0, 0, NULL, 0, 0, 0);
INSERT INTO `chartdetails` VALUES (7220, 12, 0, 0, 0, 0, NULL, 0, 0, 0);
INSERT INTO `chartdetails` VALUES (7220, 13, 0, 0, 0, 0, NULL, 0, 0, 0);
INSERT INTO `chartdetails` VALUES (7220, 14, 0, 0, 0, 0, NULL, 0, 0, 0);
INSERT INTO `chartdetails` VALUES (7225, -1, 0, 0, 0, 0, NULL, 0, 0, 0);
INSERT INTO `chartdetails` VALUES (7225, 1, 0, 0, 0, 0, NULL, 0, 0, 0);
INSERT INTO `chartdetails` VALUES (7225, 2, 0, 0, 0, 0, NULL, 0, 0, 0);
INSERT INTO `chartdetails` VALUES (7225, 3, 0, 0, 0, 0, NULL, 0, 0, 0);
INSERT INTO `chartdetails` VALUES (7225, 4, 0, 0, 0, 0, NULL, 0, 0, 0);
INSERT INTO `chartdetails` VALUES (7225, 5, 0, 0, 0, 0, NULL, 0, 0, 0);
INSERT INTO `chartdetails` VALUES (7225, 6, 0, 0, 0, 0, NULL, 0, 0, 0);
INSERT INTO `chartdetails` VALUES (7225, 7, 0, 0, 0, 0, NULL, 0, 0, 0);
INSERT INTO `chartdetails` VALUES (7225, 8, 0, 0, 0, 0, NULL, 0, 0, 0);
INSERT INTO `chartdetails` VALUES (7225, 9, 0, 0, 0, 0, NULL, 0, 0, 0);
INSERT INTO `chartdetails` VALUES (7225, 10, 0, 0, 0, 0, NULL, 0, 0, 0);
INSERT INTO `chartdetails` VALUES (7225, 11, 0, 0, 0, 0, NULL, 0, 0, 0);
INSERT INTO `chartdetails` VALUES (7225, 12, 0, 0, 0, 0, NULL, 0, 0, 0);
INSERT INTO `chartdetails` VALUES (7225, 13, 0, 0, 0, 0, NULL, 0, 0, 0);
INSERT INTO `chartdetails` VALUES (7225, 14, 0, 0, 0, 0, NULL, 0, 0, 0);
INSERT INTO `chartdetails` VALUES (7300, -1, 0, 0, 0, 0, NULL, 0, 0, 0);
INSERT INTO `chartdetails` VALUES (7300, 1, 0, 0, 0, 0, NULL, 0, 0, 0);
INSERT INTO `chartdetails` VALUES (7300, 2, 0, 0, 0, 0, NULL, 0, 0, 0);
INSERT INTO `chartdetails` VALUES (7300, 3, 0, 0, 0, 0, NULL, 0, 0, 0);
INSERT INTO `chartdetails` VALUES (7300, 4, 0, 0, 0, 0, NULL, 0, 0, 0);
INSERT INTO `chartdetails` VALUES (7300, 5, 0, 0, 0, 0, NULL, 0, 0, 0);
INSERT INTO `chartdetails` VALUES (7300, 6, 0, 0, 0, 0, NULL, 0, 0, 0);
INSERT INTO `chartdetails` VALUES (7300, 7, 0, 0, 0, 0, NULL, 0, 0, 0);
INSERT INTO `chartdetails` VALUES (7300, 8, 0, 0, 0, 0, NULL, 0, 0, 0);
INSERT INTO `chartdetails` VALUES (7300, 9, 0, 0, 0, 0, NULL, 0, 0, 0);
INSERT INTO `chartdetails` VALUES (7300, 10, 0, 0, 0, 0, NULL, 0, 0, 0);
INSERT INTO `chartdetails` VALUES (7300, 11, 0, 0, 0, 0, NULL, 0, 0, 0);
INSERT INTO `chartdetails` VALUES (7300, 12, 0, 0, 0, 0, NULL, 0, 0, 0);
INSERT INTO `chartdetails` VALUES (7300, 13, 0, 0, 0, 0, NULL, 0, 0, 0);
INSERT INTO `chartdetails` VALUES (7300, 14, 0, 0, 0, 0, NULL, 0, 0, 0);
INSERT INTO `chartdetails` VALUES (7305, -1, 0, 0, 0, 0, NULL, 0, 0, 0);
INSERT INTO `chartdetails` VALUES (7305, 1, 0, 0, 0, 0, NULL, 0, 0, 0);
INSERT INTO `chartdetails` VALUES (7305, 2, 0, 0, 0, 0, NULL, 0, 0, 0);
INSERT INTO `chartdetails` VALUES (7305, 3, 0, 0, 0, 0, NULL, 0, 0, 0);
INSERT INTO `chartdetails` VALUES (7305, 4, 0, 0, 0, 0, NULL, 0, 0, 0);
INSERT INTO `chartdetails` VALUES (7305, 5, 0, 0, 0, 0, NULL, 0, 0, 0);
INSERT INTO `chartdetails` VALUES (7305, 6, 0, 0, 0, 0, NULL, 0, 0, 0);
INSERT INTO `chartdetails` VALUES (7305, 7, 0, 0, 0, 0, NULL, 0, 0, 0);
INSERT INTO `chartdetails` VALUES (7305, 8, 0, 0, 0, 0, NULL, 0, 0, 0);
INSERT INTO `chartdetails` VALUES (7305, 9, 0, 0, 0, 0, NULL, 0, 0, 0);
INSERT INTO `chartdetails` VALUES (7305, 10, 0, 0, 0, 0, NULL, 0, 0, 0);
INSERT INTO `chartdetails` VALUES (7305, 11, 0, 0, 0, 0, NULL, 0, 0, 0);
INSERT INTO `chartdetails` VALUES (7305, 12, 0, 0, 0, 0, NULL, 0, 0, 0);
INSERT INTO `chartdetails` VALUES (7305, 13, 0, 0, 0, 0, NULL, 0, 0, 0);
INSERT INTO `chartdetails` VALUES (7305, 14, 0, 0, 0, 0, NULL, 0, 0, 0);
INSERT INTO `chartdetails` VALUES (7310, -1, 0, 0, 0, 0, NULL, 0, 0, 0);
INSERT INTO `chartdetails` VALUES (7310, 1, 0, 0, 0, 0, NULL, 0, 0, 0);
INSERT INTO `chartdetails` VALUES (7310, 2, 0, 0, 0, 0, NULL, 0, 0, 0);
INSERT INTO `chartdetails` VALUES (7310, 3, 0, 0, 0, 0, NULL, 0, 0, 0);
INSERT INTO `chartdetails` VALUES (7310, 4, 0, 0, 0, 0, NULL, 0, 0, 0);
INSERT INTO `chartdetails` VALUES (7310, 5, 0, 0, 0, 0, NULL, 0, 0, 0);
INSERT INTO `chartdetails` VALUES (7310, 6, 0, 0, 0, 0, NULL, 0, 0, 0);
INSERT INTO `chartdetails` VALUES (7310, 7, 0, 0, 0, 0, NULL, 0, 0, 0);
INSERT INTO `chartdetails` VALUES (7310, 8, 0, 0, 0, 0, NULL, 0, 0, 0);
INSERT INTO `chartdetails` VALUES (7310, 9, 0, 0, 0, 0, NULL, 0, 0, 0);
INSERT INTO `chartdetails` VALUES (7310, 10, 0, 0, 0, 0, NULL, 0, 0, 0);
INSERT INTO `chartdetails` VALUES (7310, 11, 0, 0, 0, 0, NULL, 0, 0, 0);
INSERT INTO `chartdetails` VALUES (7310, 12, 0, 0, 0, 0, NULL, 0, 0, 0);
INSERT INTO `chartdetails` VALUES (7310, 13, 0, 0, 0, 0, NULL, 0, 0, 0);
INSERT INTO `chartdetails` VALUES (7310, 14, 0, 0, 0, 0, NULL, 0, 0, 0);
INSERT INTO `chartdetails` VALUES (7320, -1, 0, 0, 0, 0, NULL, 0, 0, 0);
INSERT INTO `chartdetails` VALUES (7320, 1, 0, 0, 0, 0, NULL, 0, 0, 0);
INSERT INTO `chartdetails` VALUES (7320, 2, 0, 0, 0, 0, NULL, 0, 0, 0);
INSERT INTO `chartdetails` VALUES (7320, 3, 0, 0, 0, 0, NULL, 0, 0, 0);
INSERT INTO `chartdetails` VALUES (7320, 4, 0, 0, 0, 0, NULL, 0, 0, 0);
INSERT INTO `chartdetails` VALUES (7320, 5, 0, 0, 0, 0, NULL, 0, 0, 0);
INSERT INTO `chartdetails` VALUES (7320, 6, 0, 0, 0, 0, NULL, 0, 0, 0);
INSERT INTO `chartdetails` VALUES (7320, 7, 0, 0, 0, 0, NULL, 0, 0, 0);
INSERT INTO `chartdetails` VALUES (7320, 8, 0, 0, 0, 0, NULL, 0, 0, 0);
INSERT INTO `chartdetails` VALUES (7320, 9, 0, 0, 0, 0, NULL, 0, 0, 0);
INSERT INTO `chartdetails` VALUES (7320, 10, 0, 0, 0, 0, NULL, 0, 0, 0);
INSERT INTO `chartdetails` VALUES (7320, 11, 0, 0, 0, 0, NULL, 0, 0, 0);
INSERT INTO `chartdetails` VALUES (7320, 12, 0, 0, 0, 0, NULL, 0, 0, 0);
INSERT INTO `chartdetails` VALUES (7320, 13, 0, 0, 0, 0, NULL, 0, 0, 0);
INSERT INTO `chartdetails` VALUES (7320, 14, 0, 0, 0, 0, NULL, 0, 0, 0);
INSERT INTO `chartdetails` VALUES (7520, -1, 0, 0, 0, 0, NULL, 0, 0, 0);
INSERT INTO `chartdetails` VALUES (7520, 1, 0, 0, 0, 0, NULL, 0, 0, 0);
INSERT INTO `chartdetails` VALUES (7520, 2, 0, 0, 0, 0, NULL, 0, 0, 0);
INSERT INTO `chartdetails` VALUES (7520, 3, 0, 0, 0, 0, NULL, 0, 0, 0);
INSERT INTO `chartdetails` VALUES (7520, 4, 0, 0, 0, 0, NULL, 0, 0, 0);
INSERT INTO `chartdetails` VALUES (7520, 5, 0, 0, 0, 0, NULL, 0, 0, 0);
INSERT INTO `chartdetails` VALUES (7520, 6, 0, 0, 0, 0, NULL, 0, 0, 0);
INSERT INTO `chartdetails` VALUES (7520, 7, 0, 0, 0, 0, NULL, 0, 0, 0);
INSERT INTO `chartdetails` VALUES (7520, 8, 0, 0, 0, 0, NULL, 0, 0, 0);
INSERT INTO `chartdetails` VALUES (7520, 9, 0, 0, 0, 0, NULL, 0, 0, 0);
INSERT INTO `chartdetails` VALUES (7520, 10, 0, 0, 0, 0, NULL, 0, 0, 0);
INSERT INTO `chartdetails` VALUES (7520, 11, 0, 0, 0, 0, NULL, 0, 0, 0);
INSERT INTO `chartdetails` VALUES (7520, 12, 0, 0, 0, 0, NULL, 0, 0, 0);
INSERT INTO `chartdetails` VALUES (7520, 13, 0, 0, 0, 0, NULL, 0, 0, 0);
INSERT INTO `chartdetails` VALUES (7520, 14, 0, 0, 0, 0, NULL, 0, 0, 0);
INSERT INTO `chartdetails` VALUES (7530, -1, 0, 0, 0, 0, NULL, 0, 0, 0);
INSERT INTO `chartdetails` VALUES (7530, 1, 0, 0, 0, 0, NULL, 0, 0, 0);
INSERT INTO `chartdetails` VALUES (7530, 2, 0, 0, 0, 0, NULL, 0, 0, 0);
INSERT INTO `chartdetails` VALUES (7530, 3, 0, 0, 0, 0, NULL, 0, 0, 0);
INSERT INTO `chartdetails` VALUES (7530, 4, 0, 0, 0, 0, NULL, 0, 0, 0);
INSERT INTO `chartdetails` VALUES (7530, 5, 0, 0, 0, 0, NULL, 0, 0, 0);
INSERT INTO `chartdetails` VALUES (7530, 6, 0, 0, 0, 0, NULL, 0, 0, 0);
INSERT INTO `chartdetails` VALUES (7530, 7, 0, 0, 0, 0, NULL, 0, 0, 0);
INSERT INTO `chartdetails` VALUES (7530, 8, 0, 0, 0, 0, NULL, 0, 0, 0);
INSERT INTO `chartdetails` VALUES (7530, 9, 0, 0, 0, 0, NULL, 0, 0, 0);
INSERT INTO `chartdetails` VALUES (7530, 10, 0, 0, 0, 0, NULL, 0, 0, 0);
INSERT INTO `chartdetails` VALUES (7530, 11, 0, 0, 0, 0, NULL, 0, 0, 0);
INSERT INTO `chartdetails` VALUES (7530, 12, 0, 0, 0, 0, NULL, 0, 0, 0);
INSERT INTO `chartdetails` VALUES (7530, 13, 0, 0, 0, 0, NULL, 0, 0, 0);
INSERT INTO `chartdetails` VALUES (7530, 14, 0, 0, 0, 0, NULL, 0, 0, 0);
INSERT INTO `chartdetails` VALUES (7600, -1, 0, 0, 0, 0, NULL, 0, 0, 0);
INSERT INTO `chartdetails` VALUES (7600, 1, 0, 0, 0, 0, NULL, 0, 0, 0);
INSERT INTO `chartdetails` VALUES (7600, 2, 0, 0, 0, 0, NULL, 0, 0, 0);
INSERT INTO `chartdetails` VALUES (7600, 3, 0, 0, 0, 0, NULL, 0, 0, 0);
INSERT INTO `chartdetails` VALUES (7600, 4, 0, 0, 0, 0, NULL, 0, 0, 0);
INSERT INTO `chartdetails` VALUES (7600, 5, 0, 0, 0, 0, NULL, 0, 0, 0);
INSERT INTO `chartdetails` VALUES (7600, 6, 0, 0, 0, 0, NULL, 0, 0, 0);
INSERT INTO `chartdetails` VALUES (7600, 7, 0, 0, 0, 0, NULL, 0, 0, 0);
INSERT INTO `chartdetails` VALUES (7600, 8, 0, 0, 0, 0, NULL, 0, 0, 0);
INSERT INTO `chartdetails` VALUES (7600, 9, 0, 0, 0, 0, NULL, 0, 0, 0);
INSERT INTO `chartdetails` VALUES (7600, 10, 0, 0, 0, 0, NULL, 0, 0, 0);
INSERT INTO `chartdetails` VALUES (7600, 11, 0, 0, 0, 0, NULL, 0, 0, 0);
INSERT INTO `chartdetails` VALUES (7600, 12, 0, 0, 0, 0, NULL, 0, 0, 0);
INSERT INTO `chartdetails` VALUES (7600, 13, 0, 0, 0, 0, NULL, 0, 0, 0);
INSERT INTO `chartdetails` VALUES (7600, 14, 0, 0, 0, 0, NULL, 0, 0, 0);
INSERT INTO `chartdetails` VALUES (7660, -1, 0, 0, 0, 0, NULL, 0, 0, 0);
INSERT INTO `chartdetails` VALUES (7660, 1, 0, 0, 0, 0, NULL, 0, 0, 0);
INSERT INTO `chartdetails` VALUES (7660, 2, 0, 0, 0, 0, NULL, 0, 0, 0);
INSERT INTO `chartdetails` VALUES (7660, 3, 0, 0, 0, 0, NULL, 0, 0, 0);
INSERT INTO `chartdetails` VALUES (7660, 4, 0, 0, 0, 0, NULL, 0, 0, 0);
INSERT INTO `chartdetails` VALUES (7660, 5, 0, 0, 0, 0, NULL, 0, 0, 0);
INSERT INTO `chartdetails` VALUES (7660, 6, 0, 0, 0, 0, NULL, 0, 0, 0);
INSERT INTO `chartdetails` VALUES (7660, 7, 0, 0, 0, 0, NULL, 0, 0, 0);
INSERT INTO `chartdetails` VALUES (7660, 8, 0, 0, 0, 0, NULL, 0, 0, 0);
INSERT INTO `chartdetails` VALUES (7660, 9, 0, 0, 0, 0, NULL, 0, 0, 0);
INSERT INTO `chartdetails` VALUES (7660, 10, 0, 0, 0, 0, NULL, 0, 0, 0);
INSERT INTO `chartdetails` VALUES (7660, 11, 0, 0, 0, 0, NULL, 0, 0, 0);
INSERT INTO `chartdetails` VALUES (7660, 12, 0, 0, 0, 0, NULL, 0, 0, 0);
INSERT INTO `chartdetails` VALUES (7660, 13, 0, 0, 0, 0, NULL, 0, 0, 0);
INSERT INTO `chartdetails` VALUES (7660, 14, 0, 0, 0, 0, NULL, 0, 0, 0);
INSERT INTO `chartdetails` VALUES (7670, -1, 0, 0, 0, 0, NULL, 0, 0, 0);
INSERT INTO `chartdetails` VALUES (7670, 1, 0, 0, 0, 0, NULL, 0, 0, 0);
INSERT INTO `chartdetails` VALUES (7670, 2, 0, 0, 0, 0, NULL, 0, 0, 0);
INSERT INTO `chartdetails` VALUES (7670, 3, 0, 0, 0, 0, NULL, 0, 0, 0);
INSERT INTO `chartdetails` VALUES (7670, 4, 0, 0, 0, 0, NULL, 0, 0, 0);
INSERT INTO `chartdetails` VALUES (7670, 5, 0, 0, 0, 0, NULL, 0, 0, 0);
INSERT INTO `chartdetails` VALUES (7670, 6, 0, 0, 0, 0, NULL, 0, 0, 0);
INSERT INTO `chartdetails` VALUES (7670, 7, 0, 0, 0, 0, NULL, 0, 0, 0);
INSERT INTO `chartdetails` VALUES (7670, 8, 0, 0, 0, 0, NULL, 0, 0, 0);
INSERT INTO `chartdetails` VALUES (7670, 9, 0, 0, 0, 0, NULL, 0, 0, 0);
INSERT INTO `chartdetails` VALUES (7670, 10, 0, 0, 0, 0, NULL, 0, 0, 0);
INSERT INTO `chartdetails` VALUES (7670, 11, 0, 0, 0, 0, NULL, 0, 0, 0);
INSERT INTO `chartdetails` VALUES (7670, 12, 0, 0, 0, 0, NULL, 0, 0, 0);
INSERT INTO `chartdetails` VALUES (7670, 13, 0, 0, 0, 0, NULL, 0, 0, 0);
INSERT INTO `chartdetails` VALUES (7670, 14, 0, 0, 0, 0, NULL, 0, 0, 0);
INSERT INTO `chartdetails` VALUES (8010, -1, 0, 0, 0, 0, NULL, 0, 0, 0);
INSERT INTO `chartdetails` VALUES (8010, 1, 0, 0, 0, 0, NULL, 0, 0, 0);
INSERT INTO `chartdetails` VALUES (8010, 2, 0, 0, 0, 0, NULL, 0, 0, 0);
INSERT INTO `chartdetails` VALUES (8010, 3, 0, 0, 0, 0, NULL, 0, 0, 0);
INSERT INTO `chartdetails` VALUES (8010, 4, 0, 0, 0, 0, NULL, 0, 0, 0);
INSERT INTO `chartdetails` VALUES (8010, 5, 0, 0, 0, 0, NULL, 0, 0, 0);
INSERT INTO `chartdetails` VALUES (8010, 6, 0, 0, 0, 0, NULL, 0, 0, 0);
INSERT INTO `chartdetails` VALUES (8010, 7, 0, 0, 0, 0, NULL, 0, 0, 0);
INSERT INTO `chartdetails` VALUES (8010, 8, 0, 0, 0, 0, NULL, 0, 0, 0);
INSERT INTO `chartdetails` VALUES (8010, 9, 0, 0, 0, 0, NULL, 0, 0, 0);
INSERT INTO `chartdetails` VALUES (8010, 10, 0, 0, 0, 0, NULL, 0, 0, 0);
INSERT INTO `chartdetails` VALUES (8010, 11, 0, 0, 0, 0, NULL, 0, 0, 0);
INSERT INTO `chartdetails` VALUES (8010, 12, 0, 0, 0, 0, NULL, 0, 0, 0);
INSERT INTO `chartdetails` VALUES (8010, 13, 0, 0, 0, 0, NULL, 0, 0, 0);
INSERT INTO `chartdetails` VALUES (8010, 14, 0, 0, 0, 0, NULL, 0, 0, 0);
INSERT INTO `chartdetails` VALUES (8030, -1, 0, 0, 0, 0, NULL, 0, 0, 0);
INSERT INTO `chartdetails` VALUES (8030, 1, 0, 0, 0, 0, NULL, 0, 0, 0);
INSERT INTO `chartdetails` VALUES (8030, 2, 0, 0, 0, 0, NULL, 0, 0, 0);
INSERT INTO `chartdetails` VALUES (8030, 3, 0, 0, 0, 0, NULL, 0, 0, 0);
INSERT INTO `chartdetails` VALUES (8030, 4, 0, 0, 0, 0, NULL, 0, 0, 0);
INSERT INTO `chartdetails` VALUES (8030, 5, 0, 0, 0, 0, NULL, 0, 0, 0);
INSERT INTO `chartdetails` VALUES (8030, 6, 0, 0, 0, 0, NULL, 0, 0, 0);
INSERT INTO `chartdetails` VALUES (8030, 7, 0, 0, 0, 0, NULL, 0, 0, 0);
INSERT INTO `chartdetails` VALUES (8030, 8, 0, 0, 0, 0, NULL, 0, 0, 0);
INSERT INTO `chartdetails` VALUES (8030, 9, 0, 0, 0, 0, NULL, 0, 0, 0);
INSERT INTO `chartdetails` VALUES (8030, 10, 0, 0, 0, 0, NULL, 0, 0, 0);
INSERT INTO `chartdetails` VALUES (8030, 11, 0, 0, 0, 0, NULL, 0, 0, 0);
INSERT INTO `chartdetails` VALUES (8030, 12, 0, 0, 0, 0, NULL, 0, 0, 0);
INSERT INTO `chartdetails` VALUES (8030, 13, 0, 0, 0, 0, NULL, 0, 0, 0);
INSERT INTO `chartdetails` VALUES (8030, 14, 0, 0, 0, 0, NULL, 0, 0, 0);
INSERT INTO `chartdetails` VALUES (8040, -1, 0, 0, 0, 0, NULL, 0, 0, 0);
INSERT INTO `chartdetails` VALUES (8040, 1, 0, 0, 0, 0, NULL, 0, 0, 0);
INSERT INTO `chartdetails` VALUES (8040, 2, 0, 0, 0, 0, NULL, 0, 0, 0);
INSERT INTO `chartdetails` VALUES (8040, 3, 0, 0, 0, 0, NULL, 0, 0, 0);
INSERT INTO `chartdetails` VALUES (8040, 4, 0, 0, 0, 0, NULL, 0, 0, 0);
INSERT INTO `chartdetails` VALUES (8040, 5, 0, 0, 0, 0, NULL, 0, 0, 0);
INSERT INTO `chartdetails` VALUES (8040, 6, 0, 0, 0, 0, NULL, 0, 0, 0);
INSERT INTO `chartdetails` VALUES (8040, 7, 0, 0, 0, 0, NULL, 0, 0, 0);
INSERT INTO `chartdetails` VALUES (8040, 8, 0, 0, 0, 0, NULL, 0, 0, 0);
INSERT INTO `chartdetails` VALUES (8040, 9, 0, 0, 0, 0, NULL, 0, 0, 0);
INSERT INTO `chartdetails` VALUES (8040, 10, 0, 0, 0, 0, NULL, 0, 0, 0);
INSERT INTO `chartdetails` VALUES (8040, 11, 0, 0, 0, 0, NULL, 0, 0, 0);
INSERT INTO `chartdetails` VALUES (8040, 12, 0, 0, 0, 0, NULL, 0, 0, 0);
INSERT INTO `chartdetails` VALUES (8040, 13, 0, 0, 0, 0, NULL, 0, 0, 0);
INSERT INTO `chartdetails` VALUES (8040, 14, 0, 0, 0, 0, NULL, 0, 0, 0);
INSERT INTO `chartdetails` VALUES (8050, -1, 0, 0, 0, 0, NULL, 0, 0, 0);
INSERT INTO `chartdetails` VALUES (8050, 1, 0, 0, 0, 0, NULL, 0, 0, 0);
INSERT INTO `chartdetails` VALUES (8050, 2, 0, 0, 0, 0, NULL, 0, 0, 0);
INSERT INTO `chartdetails` VALUES (8050, 3, 0, 0, 0, 0, NULL, 0, 0, 0);
INSERT INTO `chartdetails` VALUES (8050, 4, 0, 0, 0, 0, NULL, 0, 0, 0);
INSERT INTO `chartdetails` VALUES (8050, 5, 0, 0, 0, 0, NULL, 0, 0, 0);
INSERT INTO `chartdetails` VALUES (8050, 6, 0, 0, 0, 0, NULL, 0, 0, 0);
INSERT INTO `chartdetails` VALUES (8050, 7, 0, 0, 0, 0, NULL, 0, 0, 0);
INSERT INTO `chartdetails` VALUES (8050, 8, 0, 0, 0, 0, NULL, 0, 0, 0);
INSERT INTO `chartdetails` VALUES (8050, 9, 0, 0, 0, 0, NULL, 0, 0, 0);
INSERT INTO `chartdetails` VALUES (8050, 10, 0, 0, 0, 0, NULL, 0, 0, 0);
INSERT INTO `chartdetails` VALUES (8050, 11, 0, 0, 0, 0, NULL, 0, 0, 0);
INSERT INTO `chartdetails` VALUES (8050, 12, 0, 0, 0, 0, NULL, 0, 0, 0);
INSERT INTO `chartdetails` VALUES (8050, 13, 0, 0, 0, 0, NULL, 0, 0, 0);
INSERT INTO `chartdetails` VALUES (8050, 14, 0, 0, 0, 0, NULL, 0, 0, 0);
INSERT INTO `chartdetails` VALUES (8060, -1, 0, 0, 0, 0, NULL, 0, 0, 0);
INSERT INTO `chartdetails` VALUES (8060, 1, 0, 0, 0, 0, NULL, 0, 0, 0);
INSERT INTO `chartdetails` VALUES (8060, 2, 0, 0, 0, 0, NULL, 0, 0, 0);
INSERT INTO `chartdetails` VALUES (8060, 3, 0, 0, 0, 0, NULL, 0, 0, 0);
INSERT INTO `chartdetails` VALUES (8060, 4, 0, 0, 0, 0, NULL, 0, 0, 0);
INSERT INTO `chartdetails` VALUES (8060, 5, 0, 0, 0, 0, NULL, 0, 0, 0);
INSERT INTO `chartdetails` VALUES (8060, 6, 0, 0, 0, 0, NULL, 0, 0, 0);
INSERT INTO `chartdetails` VALUES (8060, 7, 0, 0, 0, 0, NULL, 0, 0, 0);
INSERT INTO `chartdetails` VALUES (8060, 8, 0, 0, 0, 0, NULL, 0, 0, 0);
INSERT INTO `chartdetails` VALUES (8060, 9, 0, 0, 0, 0, NULL, 0, 0, 0);
INSERT INTO `chartdetails` VALUES (8060, 10, 0, 0, 0, 0, NULL, 0, 0, 0);
INSERT INTO `chartdetails` VALUES (8060, 11, 0, 0, 0, 0, NULL, 0, 0, 0);
INSERT INTO `chartdetails` VALUES (8060, 12, 0, 0, 0, 0, NULL, 0, 0, 0);
INSERT INTO `chartdetails` VALUES (8060, 13, 0, 0, 0, 0, NULL, 0, 0, 0);
INSERT INTO `chartdetails` VALUES (8060, 14, 0, 0, 0, 0, NULL, 0, 0, 0);
INSERT INTO `chartdetails` VALUES (8070, -1, 0, 0, 0, 0, NULL, 0, 0, 0);
INSERT INTO `chartdetails` VALUES (8070, 1, 0, 0, 0, 0, NULL, 0, 0, 0);
INSERT INTO `chartdetails` VALUES (8070, 2, 0, 0, 0, 0, NULL, 0, 0, 0);
INSERT INTO `chartdetails` VALUES (8070, 3, 0, 0, 0, 0, NULL, 0, 0, 0);
INSERT INTO `chartdetails` VALUES (8070, 4, 0, 0, 0, 0, NULL, 0, 0, 0);
INSERT INTO `chartdetails` VALUES (8070, 5, 0, 0, 0, 0, NULL, 0, 0, 0);
INSERT INTO `chartdetails` VALUES (8070, 6, 0, 0, 0, 0, NULL, 0, 0, 0);
INSERT INTO `chartdetails` VALUES (8070, 7, 0, 0, 0, 0, NULL, 0, 0, 0);
INSERT INTO `chartdetails` VALUES (8070, 8, 0, 0, 0, 0, NULL, 0, 0, 0);
INSERT INTO `chartdetails` VALUES (8070, 9, 0, 0, 0, 0, NULL, 0, 0, 0);
INSERT INTO `chartdetails` VALUES (8070, 10, 0, 0, 0, 0, NULL, 0, 0, 0);
INSERT INTO `chartdetails` VALUES (8070, 11, 0, 0, 0, 0, NULL, 0, 0, 0);
INSERT INTO `chartdetails` VALUES (8070, 12, 0, 0, 0, 0, NULL, 0, 0, 0);
INSERT INTO `chartdetails` VALUES (8070, 13, 0, 0, 0, 0, NULL, 0, 0, 0);
INSERT INTO `chartdetails` VALUES (8070, 14, 0, 0, 0, 0, NULL, 0, 0, 0);
INSERT INTO `chartdetails` VALUES (8080, -1, 0, 0, 0, 0, NULL, 0, 0, 0);
INSERT INTO `chartdetails` VALUES (8080, 1, 0, 0, 0, 0, NULL, 0, 0, 0);
INSERT INTO `chartdetails` VALUES (8080, 2, 0, 0, 0, 0, NULL, 0, 0, 0);
INSERT INTO `chartdetails` VALUES (8080, 3, 0, 0, 0, 0, NULL, 0, 0, 0);
INSERT INTO `chartdetails` VALUES (8080, 4, 0, 0, 0, 0, NULL, 0, 0, 0);
INSERT INTO `chartdetails` VALUES (8080, 5, 0, 0, 0, 0, NULL, 0, 0, 0);
INSERT INTO `chartdetails` VALUES (8080, 6, 0, 0, 0, 0, NULL, 0, 0, 0);
INSERT INTO `chartdetails` VALUES (8080, 7, 0, 0, 0, 0, NULL, 0, 0, 0);
INSERT INTO `chartdetails` VALUES (8080, 8, 0, 0, 0, 0, NULL, 0, 0, 0);
INSERT INTO `chartdetails` VALUES (8080, 9, 0, 0, 0, 0, NULL, 0, 0, 0);
INSERT INTO `chartdetails` VALUES (8080, 10, 0, 0, 0, 0, NULL, 0, 0, 0);
INSERT INTO `chartdetails` VALUES (8080, 11, 0, 0, 0, 0, NULL, 0, 0, 0);
INSERT INTO `chartdetails` VALUES (8080, 12, 0, 0, 0, 0, NULL, 0, 0, 0);
INSERT INTO `chartdetails` VALUES (8080, 13, 0, 0, 0, 0, NULL, 0, 0, 0);
INSERT INTO `chartdetails` VALUES (8080, 14, 0, 0, 0, 0, NULL, 0, 0, 0);
INSERT INTO `chartdetails` VALUES (8110, -1, 0, 0, 0, 0, NULL, 0, 0, 0);
INSERT INTO `chartdetails` VALUES (8110, 1, 0, 0, 0, 0, NULL, 0, 0, 0);
INSERT INTO `chartdetails` VALUES (8110, 2, 0, 0, 0, 0, NULL, 0, 0, 0);
INSERT INTO `chartdetails` VALUES (8110, 3, 0, 0, 0, 0, NULL, 0, 0, 0);
INSERT INTO `chartdetails` VALUES (8110, 4, 0, 0, 0, 0, NULL, 0, 0, 0);
INSERT INTO `chartdetails` VALUES (8110, 5, 0, 0, 0, 0, NULL, 0, 0, 0);
INSERT INTO `chartdetails` VALUES (8110, 6, 0, 0, 0, 0, NULL, 0, 0, 0);
INSERT INTO `chartdetails` VALUES (8110, 7, 0, 0, 0, 0, NULL, 0, 0, 0);
INSERT INTO `chartdetails` VALUES (8110, 8, 0, 0, 0, 0, NULL, 0, 0, 0);
INSERT INTO `chartdetails` VALUES (8110, 9, 0, 0, 0, 0, NULL, 0, 0, 0);
INSERT INTO `chartdetails` VALUES (8110, 10, 0, 0, 0, 0, NULL, 0, 0, 0);
INSERT INTO `chartdetails` VALUES (8110, 11, 0, 0, 0, 0, NULL, 0, 0, 0);
INSERT INTO `chartdetails` VALUES (8110, 12, 0, 0, 0, 0, NULL, 0, 0, 0);
INSERT INTO `chartdetails` VALUES (8110, 13, 0, 0, 0, 0, NULL, 0, 0, 0);
INSERT INTO `chartdetails` VALUES (8110, 14, 0, 0, 0, 0, NULL, 0, 0, 0);
INSERT INTO `chartdetails` VALUES (8120, -1, 0, 0, 0, 0, NULL, 0, 0, 0);
INSERT INTO `chartdetails` VALUES (8120, 1, 0, 0, 0, 0, NULL, 0, 0, 0);
INSERT INTO `chartdetails` VALUES (8120, 2, 0, 0, 0, 0, NULL, 0, 0, 0);
INSERT INTO `chartdetails` VALUES (8120, 3, 0, 0, 0, 0, NULL, 0, 0, 0);
INSERT INTO `chartdetails` VALUES (8120, 4, 0, 0, 0, 0, NULL, 0, 0, 0);
INSERT INTO `chartdetails` VALUES (8120, 5, 0, 0, 0, 0, NULL, 0, 0, 0);
INSERT INTO `chartdetails` VALUES (8120, 6, 0, 0, 0, 0, NULL, 0, 0, 0);
INSERT INTO `chartdetails` VALUES (8120, 7, 0, 0, 0, 0, NULL, 0, 0, 0);
INSERT INTO `chartdetails` VALUES (8120, 8, 0, 0, 0, 0, NULL, 0, 0, 0);
INSERT INTO `chartdetails` VALUES (8120, 9, 0, 0, 0, 0, NULL, 0, 0, 0);
INSERT INTO `chartdetails` VALUES (8120, 10, 0, 0, 0, 0, NULL, 0, 0, 0);
INSERT INTO `chartdetails` VALUES (8120, 11, 0, 0, 0, 0, NULL, 0, 0, 0);
INSERT INTO `chartdetails` VALUES (8120, 12, 0, 0, 0, 0, NULL, 0, 0, 0);
INSERT INTO `chartdetails` VALUES (8120, 13, 0, 0, 0, 0, NULL, 0, 0, 0);
INSERT INTO `chartdetails` VALUES (8120, 14, 0, 0, 0, 0, NULL, 0, 0, 0);
INSERT INTO `chartdetails` VALUES (8130, -1, 0, 0, 0, 0, NULL, 0, 0, 0);
INSERT INTO `chartdetails` VALUES (8130, 1, 0, 0, 0, 0, NULL, 0, 0, 0);
INSERT INTO `chartdetails` VALUES (8130, 2, 0, 0, 0, 0, NULL, 0, 0, 0);
INSERT INTO `chartdetails` VALUES (8130, 3, 0, 0, 0, 0, NULL, 0, 0, 0);
INSERT INTO `chartdetails` VALUES (8130, 4, 0, 0, 0, 0, NULL, 0, 0, 0);
INSERT INTO `chartdetails` VALUES (8130, 5, 0, 0, 0, 0, NULL, 0, 0, 0);
INSERT INTO `chartdetails` VALUES (8130, 6, 0, 0, 0, 0, NULL, 0, 0, 0);
INSERT INTO `chartdetails` VALUES (8130, 7, 0, 0, 0, 0, NULL, 0, 0, 0);
INSERT INTO `chartdetails` VALUES (8130, 8, 0, 0, 0, 0, NULL, 0, 0, 0);
INSERT INTO `chartdetails` VALUES (8130, 9, 0, 0, 0, 0, NULL, 0, 0, 0);
INSERT INTO `chartdetails` VALUES (8130, 10, 0, 0, 0, 0, NULL, 0, 0, 0);
INSERT INTO `chartdetails` VALUES (8130, 11, 0, 0, 0, 0, NULL, 0, 0, 0);
INSERT INTO `chartdetails` VALUES (8130, 12, 0, 0, 0, 0, NULL, 0, 0, 0);
INSERT INTO `chartdetails` VALUES (8130, 13, 0, 0, 0, 0, NULL, 0, 0, 0);
INSERT INTO `chartdetails` VALUES (8130, 14, 0, 0, 0, 0, NULL, 0, 0, 0);
INSERT INTO `chartdetails` VALUES (8140, -1, 0, 0, 0, 0, NULL, 0, 0, 0);
INSERT INTO `chartdetails` VALUES (8140, 1, 0, 0, 0, 0, NULL, 0, 0, 0);
INSERT INTO `chartdetails` VALUES (8140, 2, 0, 0, 0, 0, NULL, 0, 0, 0);
INSERT INTO `chartdetails` VALUES (8140, 3, 0, 0, 0, 0, NULL, 0, 0, 0);
INSERT INTO `chartdetails` VALUES (8140, 4, 0, 0, 0, 0, NULL, 0, 0, 0);
INSERT INTO `chartdetails` VALUES (8140, 5, 0, 0, 0, 0, NULL, 0, 0, 0);
INSERT INTO `chartdetails` VALUES (8140, 6, 0, 0, 0, 0, NULL, 0, 0, 0);
INSERT INTO `chartdetails` VALUES (8140, 7, 0, 0, 0, 0, NULL, 0, 0, 0);
INSERT INTO `chartdetails` VALUES (8140, 8, 0, 0, 0, 0, NULL, 0, 0, 0);
INSERT INTO `chartdetails` VALUES (8140, 9, 0, 0, 0, 0, NULL, 0, 0, 0);
INSERT INTO `chartdetails` VALUES (8140, 10, 0, 0, 0, 0, NULL, 0, 0, 0);
INSERT INTO `chartdetails` VALUES (8140, 11, 0, 0, 0, 0, NULL, 0, 0, 0);
INSERT INTO `chartdetails` VALUES (8140, 12, 0, 0, 0, 0, NULL, 0, 0, 0);
INSERT INTO `chartdetails` VALUES (8140, 13, 0, 0, 0, 0, NULL, 0, 0, 0);
INSERT INTO `chartdetails` VALUES (8140, 14, 0, 0, 0, 0, NULL, 0, 0, 0);
INSERT INTO `chartdetails` VALUES (8150, -1, 0, 0, 0, 0, NULL, 0, 0, 0);
INSERT INTO `chartdetails` VALUES (8150, 1, 0, 0, 0, 0, NULL, 0, 0, 0);
INSERT INTO `chartdetails` VALUES (8150, 2, 0, 0, 0, 0, NULL, 0, 0, 0);
INSERT INTO `chartdetails` VALUES (8150, 3, 0, 0, 0, 0, NULL, 0, 0, 0);
INSERT INTO `chartdetails` VALUES (8150, 4, 0, 0, 0, 0, NULL, 0, 0, 0);
INSERT INTO `chartdetails` VALUES (8150, 5, 0, 0, 0, 0, NULL, 0, 0, 0);
INSERT INTO `chartdetails` VALUES (8150, 6, 0, 0, 0, 0, NULL, 0, 0, 0);
INSERT INTO `chartdetails` VALUES (8150, 7, 0, 0, 0, 0, NULL, 0, 0, 0);
INSERT INTO `chartdetails` VALUES (8150, 8, 0, 0, 0, 0, NULL, 0, 0, 0);
INSERT INTO `chartdetails` VALUES (8150, 9, 0, 0, 0, 0, NULL, 0, 0, 0);
INSERT INTO `chartdetails` VALUES (8150, 10, 0, 0, 0, 0, NULL, 0, 0, 0);
INSERT INTO `chartdetails` VALUES (8150, 11, 0, 0, 0, 0, NULL, 0, 0, 0);
INSERT INTO `chartdetails` VALUES (8150, 12, 0, 0, 0, 0, NULL, 0, 0, 0);
INSERT INTO `chartdetails` VALUES (8150, 13, 0, 0, 0, 0, NULL, 0, 0, 0);
INSERT INTO `chartdetails` VALUES (8150, 14, 0, 0, 0, 0, NULL, 0, 0, 0);
INSERT INTO `chartdetails` VALUES (8160, -1, 0, 0, 0, 0, NULL, 0, 0, 0);
INSERT INTO `chartdetails` VALUES (8160, 1, 0, 0, 0, 0, NULL, 0, 0, 0);
INSERT INTO `chartdetails` VALUES (8160, 2, 0, 0, 0, 0, NULL, 0, 0, 0);
INSERT INTO `chartdetails` VALUES (8160, 3, 0, 0, 0, 0, NULL, 0, 0, 0);
INSERT INTO `chartdetails` VALUES (8160, 4, 0, 0, 0, 0, NULL, 0, 0, 0);
INSERT INTO `chartdetails` VALUES (8160, 5, 0, 0, 0, 0, NULL, 0, 0, 0);
INSERT INTO `chartdetails` VALUES (8160, 6, 0, 0, 0, 0, NULL, 0, 0, 0);
INSERT INTO `chartdetails` VALUES (8160, 7, 0, 0, 0, 0, NULL, 0, 0, 0);
INSERT INTO `chartdetails` VALUES (8160, 8, 0, 0, 0, 0, NULL, 0, 0, 0);
INSERT INTO `chartdetails` VALUES (8160, 9, 0, 0, 0, 0, NULL, 0, 0, 0);
INSERT INTO `chartdetails` VALUES (8160, 10, 0, 0, 0, 0, NULL, 0, 0, 0);
INSERT INTO `chartdetails` VALUES (8160, 11, 0, 0, 0, 0, NULL, 0, 0, 0);
INSERT INTO `chartdetails` VALUES (8160, 12, 0, 0, 0, 0, NULL, 0, 0, 0);
INSERT INTO `chartdetails` VALUES (8160, 13, 0, 0, 0, 0, NULL, 0, 0, 0);
INSERT INTO `chartdetails` VALUES (8160, 14, 0, 0, 0, 0, NULL, 0, 0, 0);
INSERT INTO `chartdetails` VALUES (8210, -1, 0, 0, 0, 0, NULL, 0, 0, 0);
INSERT INTO `chartdetails` VALUES (8210, 1, 0, 0, 0, 0, NULL, 0, 0, 0);
INSERT INTO `chartdetails` VALUES (8210, 2, 0, 0, 0, 0, NULL, 0, 0, 0);
INSERT INTO `chartdetails` VALUES (8210, 3, 0, 0, 0, 0, NULL, 0, 0, 0);
INSERT INTO `chartdetails` VALUES (8210, 4, 0, 0, 0, 0, NULL, 0, 0, 0);
INSERT INTO `chartdetails` VALUES (8210, 5, 0, 0, 0, 0, NULL, 0, 0, 0);
INSERT INTO `chartdetails` VALUES (8210, 6, 0, 0, 0, 0, NULL, 0, 0, 0);
INSERT INTO `chartdetails` VALUES (8210, 7, 0, 0, 0, 0, NULL, 0, 0, 0);
INSERT INTO `chartdetails` VALUES (8210, 8, 0, 0, 0, 0, NULL, 0, 0, 0);
INSERT INTO `chartdetails` VALUES (8210, 9, 0, 0, 0, 0, NULL, 0, 0, 0);
INSERT INTO `chartdetails` VALUES (8210, 10, 0, 0, 0, 0, NULL, 0, 0, 0);
INSERT INTO `chartdetails` VALUES (8210, 11, 0, 0, 0, 0, NULL, 0, 0, 0);
INSERT INTO `chartdetails` VALUES (8210, 12, 0, 0, 0, 0, NULL, 0, 0, 0);
INSERT INTO `chartdetails` VALUES (8210, 13, 0, 0, 0, 0, NULL, 0, 0, 0);
INSERT INTO `chartdetails` VALUES (8210, 14, 0, 0, 0, 0, NULL, 0, 0, 0);
INSERT INTO `chartdetails` VALUES (8230, -1, 0, 0, 0, 0, NULL, 0, 0, 0);
INSERT INTO `chartdetails` VALUES (8230, 1, 0, 0, 0, 0, NULL, 0, 0, 0);
INSERT INTO `chartdetails` VALUES (8230, 2, 0, 0, 0, 0, NULL, 0, 0, 0);
INSERT INTO `chartdetails` VALUES (8230, 3, 0, 0, 0, 0, NULL, 0, 0, 0);
INSERT INTO `chartdetails` VALUES (8230, 4, 0, 0, 0, 0, NULL, 0, 0, 0);
INSERT INTO `chartdetails` VALUES (8230, 5, 0, 0, 0, 0, NULL, 0, 0, 0);
INSERT INTO `chartdetails` VALUES (8230, 6, 0, 0, 0, 0, NULL, 0, 0, 0);
INSERT INTO `chartdetails` VALUES (8230, 7, 0, 0, 0, 0, NULL, 0, 0, 0);
INSERT INTO `chartdetails` VALUES (8230, 8, 0, 0, 0, 0, NULL, 0, 0, 0);
INSERT INTO `chartdetails` VALUES (8230, 9, 0, 0, 0, 0, NULL, 0, 0, 0);
INSERT INTO `chartdetails` VALUES (8230, 10, 0, 0, 0, 0, NULL, 0, 0, 0);
INSERT INTO `chartdetails` VALUES (8230, 11, 0, 0, 0, 0, NULL, 0, 0, 0);
INSERT INTO `chartdetails` VALUES (8230, 12, 0, 0, 0, 0, NULL, 0, 0, 0);
INSERT INTO `chartdetails` VALUES (8230, 13, 0, 0, 0, 0, NULL, 0, 0, 0);
INSERT INTO `chartdetails` VALUES (8230, 14, 0, 0, 0, 0, NULL, 0, 0, 0);
INSERT INTO `chartdetails` VALUES (8240, -1, 0, 0, 0, 0, NULL, 0, 0, 0);
INSERT INTO `chartdetails` VALUES (8240, 1, 0, 0, 0, 0, NULL, 0, 0, 0);
INSERT INTO `chartdetails` VALUES (8240, 2, 0, 0, 0, 0, NULL, 0, 0, 0);
INSERT INTO `chartdetails` VALUES (8240, 3, 0, 0, 0, 0, NULL, 0, 0, 0);
INSERT INTO `chartdetails` VALUES (8240, 4, 0, 0, 0, 0, NULL, 0, 0, 0);
INSERT INTO `chartdetails` VALUES (8240, 5, 0, 0, 0, 0, NULL, 0, 0, 0);
INSERT INTO `chartdetails` VALUES (8240, 6, 0, 0, 0, 0, NULL, 0, 0, 0);
INSERT INTO `chartdetails` VALUES (8240, 7, 0, 0, 0, 0, NULL, 0, 0, 0);
INSERT INTO `chartdetails` VALUES (8240, 8, 0, 0, 0, 0, NULL, 0, 0, 0);
INSERT INTO `chartdetails` VALUES (8240, 9, 0, 0, 0, 0, NULL, 0, 0, 0);
INSERT INTO `chartdetails` VALUES (8240, 10, 0, 0, 0, 0, NULL, 0, 0, 0);
INSERT INTO `chartdetails` VALUES (8240, 11, 0, 0, 0, 0, NULL, 0, 0, 0);
INSERT INTO `chartdetails` VALUES (8240, 12, 0, 0, 0, 0, NULL, 0, 0, 0);
INSERT INTO `chartdetails` VALUES (8240, 13, 0, 0, 0, 0, NULL, 0, 0, 0);
INSERT INTO `chartdetails` VALUES (8240, 14, 0, 0, 0, 0, NULL, 0, 0, 0);
INSERT INTO `chartdetails` VALUES (8250, -1, 0, 0, 0, 0, NULL, 0, 0, 0);
INSERT INTO `chartdetails` VALUES (8250, 1, 0, 0, 0, 0, NULL, 0, 0, 0);
INSERT INTO `chartdetails` VALUES (8250, 2, 0, 0, 0, 0, NULL, 0, 0, 0);
INSERT INTO `chartdetails` VALUES (8250, 3, 0, 0, 0, 0, NULL, 0, 0, 0);
INSERT INTO `chartdetails` VALUES (8250, 4, 0, 0, 0, 0, NULL, 0, 0, 0);
INSERT INTO `chartdetails` VALUES (8250, 5, 0, 0, 0, 0, NULL, 0, 0, 0);
INSERT INTO `chartdetails` VALUES (8250, 6, 0, 0, 0, 0, NULL, 0, 0, 0);
INSERT INTO `chartdetails` VALUES (8250, 7, 0, 0, 0, 0, NULL, 0, 0, 0);
INSERT INTO `chartdetails` VALUES (8250, 8, 0, 0, 0, 0, NULL, 0, 0, 0);
INSERT INTO `chartdetails` VALUES (8250, 9, 0, 0, 0, 0, NULL, 0, 0, 0);
INSERT INTO `chartdetails` VALUES (8250, 10, 0, 0, 0, 0, NULL, 0, 0, 0);
INSERT INTO `chartdetails` VALUES (8250, 11, 0, 0, 0, 0, NULL, 0, 0, 0);
INSERT INTO `chartdetails` VALUES (8250, 12, 0, 0, 0, 0, NULL, 0, 0, 0);
INSERT INTO `chartdetails` VALUES (8250, 13, 0, 0, 0, 0, NULL, 0, 0, 0);
INSERT INTO `chartdetails` VALUES (8250, 14, 0, 0, 0, 0, NULL, 0, 0, 0);
INSERT INTO `chartdetails` VALUES (8260, -1, 0, 0, 0, 0, NULL, 0, 0, 0);
INSERT INTO `chartdetails` VALUES (8260, 1, 0, 0, 0, 0, NULL, 0, 0, 0);
INSERT INTO `chartdetails` VALUES (8260, 2, 0, 0, 0, 0, NULL, 0, 0, 0);
INSERT INTO `chartdetails` VALUES (8260, 3, 0, 0, 0, 0, NULL, 0, 0, 0);
INSERT INTO `chartdetails` VALUES (8260, 4, 0, 0, 0, 0, NULL, 0, 0, 0);
INSERT INTO `chartdetails` VALUES (8260, 5, 0, 0, 0, 0, NULL, 0, 0, 0);
INSERT INTO `chartdetails` VALUES (8260, 6, 0, 0, 0, 0, NULL, 0, 0, 0);
INSERT INTO `chartdetails` VALUES (8260, 7, 0, 0, 0, 0, NULL, 0, 0, 0);
INSERT INTO `chartdetails` VALUES (8260, 8, 0, 0, 0, 0, NULL, 0, 0, 0);
INSERT INTO `chartdetails` VALUES (8260, 9, 0, 0, 0, 0, NULL, 0, 0, 0);
INSERT INTO `chartdetails` VALUES (8260, 10, 0, 0, 0, 0, NULL, 0, 0, 0);
INSERT INTO `chartdetails` VALUES (8260, 11, 0, 0, 0, 0, NULL, 0, 0, 0);
INSERT INTO `chartdetails` VALUES (8260, 12, 0, 0, 0, 0, NULL, 0, 0, 0);
INSERT INTO `chartdetails` VALUES (8260, 13, 0, 0, 0, 0, NULL, 0, 0, 0);
INSERT INTO `chartdetails` VALUES (8260, 14, 0, 0, 0, 0, NULL, 0, 0, 0);
INSERT INTO `chartdetails` VALUES (8280, -1, 0, 0, 0, 0, NULL, 0, 0, 0);
INSERT INTO `chartdetails` VALUES (8280, 1, 0, 0, 0, 0, NULL, 0, 0, 0);
INSERT INTO `chartdetails` VALUES (8280, 2, 0, 0, 0, 0, NULL, 0, 0, 0);
INSERT INTO `chartdetails` VALUES (8280, 3, 0, 0, 0, 0, NULL, 0, 0, 0);
INSERT INTO `chartdetails` VALUES (8280, 4, 0, 0, 0, 0, NULL, 0, 0, 0);
INSERT INTO `chartdetails` VALUES (8280, 5, 0, 0, 0, 0, NULL, 0, 0, 0);
INSERT INTO `chartdetails` VALUES (8280, 6, 0, 0, 0, 0, NULL, 0, 0, 0);
INSERT INTO `chartdetails` VALUES (8280, 7, 0, 0, 0, 0, NULL, 0, 0, 0);
INSERT INTO `chartdetails` VALUES (8280, 8, 0, 0, 0, 0, NULL, 0, 0, 0);
INSERT INTO `chartdetails` VALUES (8280, 9, 0, 0, 0, 0, NULL, 0, 0, 0);
INSERT INTO `chartdetails` VALUES (8280, 10, 0, 0, 0, 0, NULL, 0, 0, 0);
INSERT INTO `chartdetails` VALUES (8280, 11, 0, 0, 0, 0, NULL, 0, 0, 0);
INSERT INTO `chartdetails` VALUES (8280, 12, 0, 0, 0, 0, NULL, 0, 0, 0);
INSERT INTO `chartdetails` VALUES (8280, 13, 0, 0, 0, 0, NULL, 0, 0, 0);
INSERT INTO `chartdetails` VALUES (8280, 14, 0, 0, 0, 0, NULL, 0, 0, 0);
INSERT INTO `chartdetails` VALUES (8290, -1, 0, 0, 0, 0, NULL, 0, 0, 0);
INSERT INTO `chartdetails` VALUES (8290, 1, 0, 0, 0, 0, NULL, 0, 0, 0);
INSERT INTO `chartdetails` VALUES (8290, 2, 0, 0, 0, 0, NULL, 0, 0, 0);
INSERT INTO `chartdetails` VALUES (8290, 3, 0, 0, 0, 0, NULL, 0, 0, 0);
INSERT INTO `chartdetails` VALUES (8290, 4, 0, 0, 0, 0, NULL, 0, 0, 0);
INSERT INTO `chartdetails` VALUES (8290, 5, 0, 0, 0, 0, NULL, 0, 0, 0);
INSERT INTO `chartdetails` VALUES (8290, 6, 0, 0, 0, 0, NULL, 0, 0, 0);
INSERT INTO `chartdetails` VALUES (8290, 7, 0, 0, 0, 0, NULL, 0, 0, 0);
INSERT INTO `chartdetails` VALUES (8290, 8, 0, 0, 0, 0, NULL, 0, 0, 0);
INSERT INTO `chartdetails` VALUES (8290, 9, 0, 0, 0, 0, NULL, 0, 0, 0);
INSERT INTO `chartdetails` VALUES (8290, 10, 0, 0, 0, 0, NULL, 0, 0, 0);
INSERT INTO `chartdetails` VALUES (8290, 11, 0, 0, 0, 0, NULL, 0, 0, 0);
INSERT INTO `chartdetails` VALUES (8290, 12, 0, 0, 0, 0, NULL, 0, 0, 0);
INSERT INTO `chartdetails` VALUES (8290, 13, 0, 0, 0, 0, NULL, 0, 0, 0);
INSERT INTO `chartdetails` VALUES (8290, 14, 0, 0, 0, 0, NULL, 0, 0, 0);
INSERT INTO `chartdetails` VALUES (8300, -1, 0, 0, 0, 0, NULL, 0, 0, 0);
INSERT INTO `chartdetails` VALUES (8300, 1, 0, 0, 0, 0, NULL, 0, 0, 0);
INSERT INTO `chartdetails` VALUES (8300, 2, 0, 0, 0, 0, NULL, 0, 0, 0);
INSERT INTO `chartdetails` VALUES (8300, 3, 0, 0, 0, 0, NULL, 0, 0, 0);
INSERT INTO `chartdetails` VALUES (8300, 4, 0, 0, 0, 0, NULL, 0, 0, 0);
INSERT INTO `chartdetails` VALUES (8300, 5, 0, 0, 0, 0, NULL, 0, 0, 0);
INSERT INTO `chartdetails` VALUES (8300, 6, 0, 0, 0, 0, NULL, 0, 0, 0);
INSERT INTO `chartdetails` VALUES (8300, 7, 0, 0, 0, 0, NULL, 0, 0, 0);
INSERT INTO `chartdetails` VALUES (8300, 8, 0, 0, 0, 0, NULL, 0, 0, 0);
INSERT INTO `chartdetails` VALUES (8300, 9, 0, 0, 0, 0, NULL, 0, 0, 0);
INSERT INTO `chartdetails` VALUES (8300, 10, 0, 0, 0, 0, NULL, 0, 0, 0);
INSERT INTO `chartdetails` VALUES (8300, 11, 0, 0, 0, 0, NULL, 0, 0, 0);
INSERT INTO `chartdetails` VALUES (8300, 12, 0, 0, 0, 0, NULL, 0, 0, 0);
INSERT INTO `chartdetails` VALUES (8300, 13, 0, 0, 0, 0, NULL, 0, 0, 0);
INSERT INTO `chartdetails` VALUES (8300, 14, 0, 0, 0, 0, NULL, 0, 0, 0);
INSERT INTO `chartdetails` VALUES (8310, -1, 0, 0, 0, 0, NULL, 0, 0, 0);
INSERT INTO `chartdetails` VALUES (8310, 1, 0, 0, 0, 0, NULL, 0, 0, 0);
INSERT INTO `chartdetails` VALUES (8310, 2, 0, 0, 0, 0, NULL, 0, 0, 0);
INSERT INTO `chartdetails` VALUES (8310, 3, 0, 0, 0, 0, NULL, 0, 0, 0);
INSERT INTO `chartdetails` VALUES (8310, 4, 0, 0, 0, 0, NULL, 0, 0, 0);
INSERT INTO `chartdetails` VALUES (8310, 5, 0, 0, 0, 0, NULL, 0, 0, 0);
INSERT INTO `chartdetails` VALUES (8310, 6, 0, 0, 0, 0, NULL, 0, 0, 0);
INSERT INTO `chartdetails` VALUES (8310, 7, 0, 0, 0, 0, NULL, 0, 0, 0);
INSERT INTO `chartdetails` VALUES (8310, 8, 0, 0, 0, 0, NULL, 0, 0, 0);
INSERT INTO `chartdetails` VALUES (8310, 9, 0, 0, 0, 0, NULL, 0, 0, 0);
INSERT INTO `chartdetails` VALUES (8310, 10, 0, 0, 0, 0, NULL, 0, 0, 0);
INSERT INTO `chartdetails` VALUES (8310, 11, 0, 0, 0, 0, NULL, 0, 0, 0);
INSERT INTO `chartdetails` VALUES (8310, 12, 0, 0, 0, 0, NULL, 0, 0, 0);
INSERT INTO `chartdetails` VALUES (8310, 13, 0, 0, 0, 0, NULL, 0, 0, 0);
INSERT INTO `chartdetails` VALUES (8310, 14, 0, 0, 0, 0, NULL, 0, 0, 0);
INSERT INTO `chartdetails` VALUES (8320, -1, 0, 0, 0, 0, NULL, 0, 0, 0);
INSERT INTO `chartdetails` VALUES (8320, 1, 0, 0, 0, 0, NULL, 0, 0, 0);
INSERT INTO `chartdetails` VALUES (8320, 2, 0, 0, 0, 0, NULL, 0, 0, 0);
INSERT INTO `chartdetails` VALUES (8320, 3, 0, 0, 0, 0, NULL, 0, 0, 0);
INSERT INTO `chartdetails` VALUES (8320, 4, 0, 0, 0, 0, NULL, 0, 0, 0);
INSERT INTO `chartdetails` VALUES (8320, 5, 0, 0, 0, 0, NULL, 0, 0, 0);
INSERT INTO `chartdetails` VALUES (8320, 6, 0, 0, 0, 0, NULL, 0, 0, 0);
INSERT INTO `chartdetails` VALUES (8320, 7, 0, 0, 0, 0, NULL, 0, 0, 0);
INSERT INTO `chartdetails` VALUES (8320, 8, 0, 0, 0, 0, NULL, 0, 0, 0);
INSERT INTO `chartdetails` VALUES (8320, 9, 0, 0, 0, 0, NULL, 0, 0, 0);
INSERT INTO `chartdetails` VALUES (8320, 10, 0, 0, 0, 0, NULL, 0, 0, 0);
INSERT INTO `chartdetails` VALUES (8320, 11, 0, 0, 0, 0, NULL, 0, 0, 0);
INSERT INTO `chartdetails` VALUES (8320, 12, 0, 0, 0, 0, NULL, 0, 0, 0);
INSERT INTO `chartdetails` VALUES (8320, 13, 0, 0, 0, 0, NULL, 0, 0, 0);
INSERT INTO `chartdetails` VALUES (8320, 14, 0, 0, 0, 0, NULL, 0, 0, 0);
INSERT INTO `chartdetails` VALUES (8330, -1, 0, 0, 0, 0, NULL, 0, 0, 0);
INSERT INTO `chartdetails` VALUES (8330, 1, 0, 0, 0, 0, NULL, 0, 0, 0);
INSERT INTO `chartdetails` VALUES (8330, 2, 0, 0, 0, 0, NULL, 0, 0, 0);
INSERT INTO `chartdetails` VALUES (8330, 3, 0, 0, 0, 0, NULL, 0, 0, 0);
INSERT INTO `chartdetails` VALUES (8330, 4, 0, 0, 0, 0, NULL, 0, 0, 0);
INSERT INTO `chartdetails` VALUES (8330, 5, 0, 0, 0, 0, NULL, 0, 0, 0);
INSERT INTO `chartdetails` VALUES (8330, 6, 0, 0, 0, 0, NULL, 0, 0, 0);
INSERT INTO `chartdetails` VALUES (8330, 7, 0, 0, 0, 0, NULL, 0, 0, 0);
INSERT INTO `chartdetails` VALUES (8330, 8, 0, 0, 0, 0, NULL, 0, 0, 0);
INSERT INTO `chartdetails` VALUES (8330, 9, 0, 0, 0, 0, NULL, 0, 0, 0);
INSERT INTO `chartdetails` VALUES (8330, 10, 0, 0, 0, 0, NULL, 0, 0, 0);
INSERT INTO `chartdetails` VALUES (8330, 11, 0, 0, 0, 0, NULL, 0, 0, 0);
INSERT INTO `chartdetails` VALUES (8330, 12, 0, 0, 0, 0, NULL, 0, 0, 0);
INSERT INTO `chartdetails` VALUES (8330, 13, 0, 0, 0, 0, NULL, 0, 0, 0);
INSERT INTO `chartdetails` VALUES (8330, 14, 0, 0, 0, 0, NULL, 0, 0, 0);
INSERT INTO `chartdetails` VALUES (8340, -1, 0, 0, 0, 0, NULL, 0, 0, 0);
INSERT INTO `chartdetails` VALUES (8340, 1, 0, 0, 0, 0, NULL, 0, 0, 0);
INSERT INTO `chartdetails` VALUES (8340, 2, 0, 0, 0, 0, NULL, 0, 0, 0);
INSERT INTO `chartdetails` VALUES (8340, 3, 0, 0, 0, 0, NULL, 0, 0, 0);
INSERT INTO `chartdetails` VALUES (8340, 4, 0, 0, 0, 0, NULL, 0, 0, 0);
INSERT INTO `chartdetails` VALUES (8340, 5, 0, 0, 0, 0, NULL, 0, 0, 0);
INSERT INTO `chartdetails` VALUES (8340, 6, 0, 0, 0, 0, NULL, 0, 0, 0);
INSERT INTO `chartdetails` VALUES (8340, 7, 0, 0, 0, 0, NULL, 0, 0, 0);
INSERT INTO `chartdetails` VALUES (8340, 8, 0, 0, 0, 0, NULL, 0, 0, 0);
INSERT INTO `chartdetails` VALUES (8340, 9, 0, 0, 0, 0, NULL, 0, 0, 0);
INSERT INTO `chartdetails` VALUES (8340, 10, 0, 0, 0, 0, NULL, 0, 0, 0);
INSERT INTO `chartdetails` VALUES (8340, 11, 0, 0, 0, 0, NULL, 0, 0, 0);
INSERT INTO `chartdetails` VALUES (8340, 12, 0, 0, 0, 0, NULL, 0, 0, 0);
INSERT INTO `chartdetails` VALUES (8340, 13, 0, 0, 0, 0, NULL, 0, 0, 0);
INSERT INTO `chartdetails` VALUES (8340, 14, 0, 0, 0, 0, NULL, 0, 0, 0);
INSERT INTO `chartdetails` VALUES (8370, -1, 0, 0, 0, 0, NULL, 0, 0, 0);
INSERT INTO `chartdetails` VALUES (8370, 1, 0, 0, 0, 0, NULL, 0, 0, 0);
INSERT INTO `chartdetails` VALUES (8370, 2, 0, 0, 0, 0, NULL, 0, 0, 0);
INSERT INTO `chartdetails` VALUES (8370, 3, 0, 0, 0, 0, NULL, 0, 0, 0);
INSERT INTO `chartdetails` VALUES (8370, 4, 0, 0, 0, 0, NULL, 0, 0, 0);
INSERT INTO `chartdetails` VALUES (8370, 5, 0, 0, 0, 0, NULL, 0, 0, 0);
INSERT INTO `chartdetails` VALUES (8370, 6, 0, 0, 0, 0, NULL, 0, 0, 0);
INSERT INTO `chartdetails` VALUES (8370, 7, 0, 0, 0, 0, NULL, 0, 0, 0);
INSERT INTO `chartdetails` VALUES (8370, 8, 0, 0, 0, 0, NULL, 0, 0, 0);
INSERT INTO `chartdetails` VALUES (8370, 9, 0, 0, 0, 0, NULL, 0, 0, 0);
INSERT INTO `chartdetails` VALUES (8370, 10, 0, 0, 0, 0, NULL, 0, 0, 0);
INSERT INTO `chartdetails` VALUES (8370, 11, 0, 0, 0, 0, NULL, 0, 0, 0);
INSERT INTO `chartdetails` VALUES (8370, 12, 0, 0, 0, 0, NULL, 0, 0, 0);
INSERT INTO `chartdetails` VALUES (8370, 13, 0, 0, 0, 0, NULL, 0, 0, 0);
INSERT INTO `chartdetails` VALUES (8370, 14, 0, 0, 0, 0, NULL, 0, 0, 0);
INSERT INTO `chartdetails` VALUES (8380, -1, 0, 0, 0, 0, NULL, 0, 0, 0);
INSERT INTO `chartdetails` VALUES (8380, 1, 0, 0, 0, 0, NULL, 0, 0, 0);
INSERT INTO `chartdetails` VALUES (8380, 2, 0, 0, 0, 0, NULL, 0, 0, 0);
INSERT INTO `chartdetails` VALUES (8380, 3, 0, 0, 0, 0, NULL, 0, 0, 0);
INSERT INTO `chartdetails` VALUES (8380, 4, 0, 0, 0, 0, NULL, 0, 0, 0);
INSERT INTO `chartdetails` VALUES (8380, 5, 0, 0, 0, 0, NULL, 0, 0, 0);
INSERT INTO `chartdetails` VALUES (8380, 6, 0, 0, 0, 0, NULL, 0, 0, 0);
INSERT INTO `chartdetails` VALUES (8380, 7, 0, 0, 0, 0, NULL, 0, 0, 0);
INSERT INTO `chartdetails` VALUES (8380, 8, 0, 0, 0, 0, NULL, 0, 0, 0);
INSERT INTO `chartdetails` VALUES (8380, 9, 0, 0, 0, 0, NULL, 0, 0, 0);
INSERT INTO `chartdetails` VALUES (8380, 10, 0, 0, 0, 0, NULL, 0, 0, 0);
INSERT INTO `chartdetails` VALUES (8380, 11, 0, 0, 0, 0, NULL, 0, 0, 0);
INSERT INTO `chartdetails` VALUES (8380, 12, 0, 0, 0, 0, NULL, 0, 0, 0);
INSERT INTO `chartdetails` VALUES (8380, 13, 0, 0, 0, 0, NULL, 0, 0, 0);
INSERT INTO `chartdetails` VALUES (8380, 14, 0, 0, 0, 0, NULL, 0, 0, 0);
INSERT INTO `chartdetails` VALUES (8390, -1, 0, 0, 0, 0, NULL, 0, 0, 0);
INSERT INTO `chartdetails` VALUES (8390, 1, 0, 0, 0, 0, NULL, 0, 0, 0);
INSERT INTO `chartdetails` VALUES (8390, 2, 0, 0, 0, 0, NULL, 0, 0, 0);
INSERT INTO `chartdetails` VALUES (8390, 3, 0, 0, 0, 0, NULL, 0, 0, 0);
INSERT INTO `chartdetails` VALUES (8390, 4, 0, 0, 0, 0, NULL, 0, 0, 0);
INSERT INTO `chartdetails` VALUES (8390, 5, 0, 0, 0, 0, NULL, 0, 0, 0);
INSERT INTO `chartdetails` VALUES (8390, 6, 0, 0, 0, 0, NULL, 0, 0, 0);
INSERT INTO `chartdetails` VALUES (8390, 7, 0, 0, 0, 0, NULL, 0, 0, 0);
INSERT INTO `chartdetails` VALUES (8390, 8, 0, 0, 0, 0, NULL, 0, 0, 0);
INSERT INTO `chartdetails` VALUES (8390, 9, 0, 0, 0, 0, NULL, 0, 0, 0);
INSERT INTO `chartdetails` VALUES (8390, 10, 0, 0, 0, 0, NULL, 0, 0, 0);
INSERT INTO `chartdetails` VALUES (8390, 11, 0, 0, 0, 0, NULL, 0, 0, 0);
INSERT INTO `chartdetails` VALUES (8390, 12, 0, 0, 0, 0, NULL, 0, 0, 0);
INSERT INTO `chartdetails` VALUES (8390, 13, 0, 0, 0, 0, NULL, 0, 0, 0);
INSERT INTO `chartdetails` VALUES (8390, 14, 0, 0, 0, 0, NULL, 0, 0, 0);
INSERT INTO `chartdetails` VALUES (8400, -1, 0, 0, 0, 0, NULL, 0, 0, 0);
INSERT INTO `chartdetails` VALUES (8400, 1, 0, 0, 0, 0, NULL, 0, 0, 0);
INSERT INTO `chartdetails` VALUES (8400, 2, 0, 0, 0, 0, NULL, 0, 0, 0);
INSERT INTO `chartdetails` VALUES (8400, 3, 0, 0, 0, 0, NULL, 0, 0, 0);
INSERT INTO `chartdetails` VALUES (8400, 4, 0, 0, 0, 0, NULL, 0, 0, 0);
INSERT INTO `chartdetails` VALUES (8400, 5, 0, 0, 0, 0, NULL, 0, 0, 0);
INSERT INTO `chartdetails` VALUES (8400, 6, 0, 0, 0, 0, NULL, 0, 0, 0);
INSERT INTO `chartdetails` VALUES (8400, 7, 0, 0, 0, 0, NULL, 0, 0, 0);
INSERT INTO `chartdetails` VALUES (8400, 8, 0, 0, 0, 0, NULL, 0, 0, 0);
INSERT INTO `chartdetails` VALUES (8400, 9, 0, 0, 0, 0, NULL, 0, 0, 0);
INSERT INTO `chartdetails` VALUES (8400, 10, 0, 0, 0, 0, NULL, 0, 0, 0);
INSERT INTO `chartdetails` VALUES (8400, 11, 0, 0, 0, 0, NULL, 0, 0, 0);
INSERT INTO `chartdetails` VALUES (8400, 12, 0, 0, 0, 0, NULL, 0, 0, 0);
INSERT INTO `chartdetails` VALUES (8400, 13, 0, 0, 0, 0, NULL, 0, 0, 0);
INSERT INTO `chartdetails` VALUES (8400, 14, 0, 0, 0, 0, NULL, 0, 0, 0);
INSERT INTO `chartdetails` VALUES (8420, -1, 0, 0, 0, 0, NULL, 0, 0, 0);
INSERT INTO `chartdetails` VALUES (8420, 1, 0, 0, 0, 0, NULL, 0, 0, 0);
INSERT INTO `chartdetails` VALUES (8420, 2, 0, 0, 0, 0, NULL, 0, 0, 0);
INSERT INTO `chartdetails` VALUES (8420, 3, 0, 0, 0, 0, NULL, 0, 0, 0);
INSERT INTO `chartdetails` VALUES (8420, 4, 0, 0, 0, 0, NULL, 0, 0, 0);
INSERT INTO `chartdetails` VALUES (8420, 5, 0, 0, 0, 0, NULL, 0, 0, 0);
INSERT INTO `chartdetails` VALUES (8420, 6, 0, 0, 0, 0, NULL, 0, 0, 0);
INSERT INTO `chartdetails` VALUES (8420, 7, 0, 0, 0, 0, NULL, 0, 0, 0);
INSERT INTO `chartdetails` VALUES (8420, 8, 0, 0, 0, 0, NULL, 0, 0, 0);
INSERT INTO `chartdetails` VALUES (8420, 9, 0, 0, 0, 0, NULL, 0, 0, 0);
INSERT INTO `chartdetails` VALUES (8420, 10, 0, 0, 0, 0, NULL, 0, 0, 0);
INSERT INTO `chartdetails` VALUES (8420, 11, 0, 0, 0, 0, NULL, 0, 0, 0);
INSERT INTO `chartdetails` VALUES (8420, 12, 0, 0, 0, 0, NULL, 0, 0, 0);
INSERT INTO `chartdetails` VALUES (8420, 13, 0, 0, 0, 0, NULL, 0, 0, 0);
INSERT INTO `chartdetails` VALUES (8420, 14, 0, 0, 0, 0, NULL, 0, 0, 0);
INSERT INTO `chartdetails` VALUES (8460, -1, 0, 0, 0, 0, NULL, 0, 0, 0);
INSERT INTO `chartdetails` VALUES (8460, 1, 0, 0, 0, 0, NULL, 0, 0, 0);
INSERT INTO `chartdetails` VALUES (8460, 2, 0, 0, 0, 0, NULL, 0, 0, 0);
INSERT INTO `chartdetails` VALUES (8460, 3, 0, 0, 0, 0, NULL, 0, 0, 0);
INSERT INTO `chartdetails` VALUES (8460, 4, 0, 0, 0, 0, NULL, 0, 0, 0);
INSERT INTO `chartdetails` VALUES (8460, 5, 0, 0, 0, 0, NULL, 0, 0, 0);
INSERT INTO `chartdetails` VALUES (8460, 6, 0, 0, 0, 0, NULL, 0, 0, 0);
INSERT INTO `chartdetails` VALUES (8460, 7, 0, 0, 0, 0, NULL, 0, 0, 0);
INSERT INTO `chartdetails` VALUES (8460, 8, 0, 0, 0, 0, NULL, 0, 0, 0);
INSERT INTO `chartdetails` VALUES (8460, 9, 0, 0, 0, 0, NULL, 0, 0, 0);
INSERT INTO `chartdetails` VALUES (8460, 10, 0, 0, 0, 0, NULL, 0, 0, 0);
INSERT INTO `chartdetails` VALUES (8460, 11, 0, 0, 0, 0, NULL, 0, 0, 0);
INSERT INTO `chartdetails` VALUES (8460, 12, 0, 0, 0, 0, NULL, 0, 0, 0);
INSERT INTO `chartdetails` VALUES (8460, 13, 0, 0, 0, 0, NULL, 0, 0, 0);
INSERT INTO `chartdetails` VALUES (8460, 14, 0, 0, 0, 0, NULL, 0, 0, 0);
INSERT INTO `chartdetails` VALUES (8500, -1, 0, 0, 0, 0, NULL, 0, 0, 0);
INSERT INTO `chartdetails` VALUES (8500, 1, 0, 0, 0, 0, NULL, 0, 0, 0);
INSERT INTO `chartdetails` VALUES (8500, 2, 0, 0, 0, 0, NULL, 0, 0, 0);
INSERT INTO `chartdetails` VALUES (8500, 3, 0, 0, 0, 0, NULL, 0, 0, 0);
INSERT INTO `chartdetails` VALUES (8500, 4, 0, 0, 0, 0, NULL, 0, 0, 0);
INSERT INTO `chartdetails` VALUES (8500, 5, 0, 0, 0, 0, NULL, 0, 0, 0);
INSERT INTO `chartdetails` VALUES (8500, 6, 0, 0, 0, 0, NULL, 0, 0, 0);
INSERT INTO `chartdetails` VALUES (8500, 7, 0, 0, 0, 0, NULL, 0, 0, 0);
INSERT INTO `chartdetails` VALUES (8500, 8, 0, 0, 0, 0, NULL, 0, 0, 0);
INSERT INTO `chartdetails` VALUES (8500, 9, 0, 0, 0, 0, NULL, 0, 0, 0);
INSERT INTO `chartdetails` VALUES (8500, 10, 0, 0, 0, 0, NULL, 0, 0, 0);
INSERT INTO `chartdetails` VALUES (8500, 11, 0, 0, 0, 0, NULL, 0, 0, 0);
INSERT INTO `chartdetails` VALUES (8500, 12, 0, 0, 0, 0, NULL, 0, 0, 0);
INSERT INTO `chartdetails` VALUES (8500, 13, 0, 0, 0, 0, NULL, 0, 0, 0);
INSERT INTO `chartdetails` VALUES (8500, 14, 0, 0, 0, 0, NULL, 0, 0, 0);
INSERT INTO `chartdetails` VALUES (8510, -1, 0, 0, 0, 0, NULL, 0, 0, 0);
INSERT INTO `chartdetails` VALUES (8510, 1, 0, 0, 0, 0, NULL, 0, 0, 0);
INSERT INTO `chartdetails` VALUES (8510, 2, 0, 0, 0, 0, NULL, 0, 0, 0);
INSERT INTO `chartdetails` VALUES (8510, 3, 0, 0, 0, 0, NULL, 0, 0, 0);
INSERT INTO `chartdetails` VALUES (8510, 4, 0, 0, 0, 0, NULL, 0, 0, 0);
INSERT INTO `chartdetails` VALUES (8510, 5, 0, 0, 0, 0, NULL, 0, 0, 0);
INSERT INTO `chartdetails` VALUES (8510, 6, 0, 0, 0, 0, NULL, 0, 0, 0);
INSERT INTO `chartdetails` VALUES (8510, 7, 0, 0, 0, 0, NULL, 0, 0, 0);
INSERT INTO `chartdetails` VALUES (8510, 8, 0, 0, 0, 0, NULL, 0, 0, 0);
INSERT INTO `chartdetails` VALUES (8510, 9, 0, 0, 0, 0, NULL, 0, 0, 0);
INSERT INTO `chartdetails` VALUES (8510, 10, 0, 0, 0, 0, NULL, 0, 0, 0);
INSERT INTO `chartdetails` VALUES (8510, 11, 0, 0, 0, 0, NULL, 0, 0, 0);
INSERT INTO `chartdetails` VALUES (8510, 12, 0, 0, 0, 0, NULL, 0, 0, 0);
INSERT INTO `chartdetails` VALUES (8510, 13, 0, 0, 0, 0, NULL, 0, 0, 0);
INSERT INTO `chartdetails` VALUES (8510, 14, 0, 0, 0, 0, NULL, 0, 0, 0);
INSERT INTO `chartdetails` VALUES (8520, -1, 0, 0, 0, 0, NULL, 0, 0, 0);
INSERT INTO `chartdetails` VALUES (8520, 1, 0, 0, 0, 0, NULL, 0, 0, 0);
INSERT INTO `chartdetails` VALUES (8520, 2, 0, 0, 0, 0, NULL, 0, 0, 0);
INSERT INTO `chartdetails` VALUES (8520, 3, 0, 0, 0, 0, NULL, 0, 0, 0);
INSERT INTO `chartdetails` VALUES (8520, 4, 0, 0, 0, 0, NULL, 0, 0, 0);
INSERT INTO `chartdetails` VALUES (8520, 5, 0, 0, 0, 0, NULL, 0, 0, 0);
INSERT INTO `chartdetails` VALUES (8520, 6, 0, 0, 0, 0, NULL, 0, 0, 0);
INSERT INTO `chartdetails` VALUES (8520, 7, 0, 0, 0, 0, NULL, 0, 0, 0);
INSERT INTO `chartdetails` VALUES (8520, 8, 0, 0, 0, 0, NULL, 0, 0, 0);
INSERT INTO `chartdetails` VALUES (8520, 9, 0, 0, 0, 0, NULL, 0, 0, 0);
INSERT INTO `chartdetails` VALUES (8520, 10, 0, 0, 0, 0, NULL, 0, 0, 0);
INSERT INTO `chartdetails` VALUES (8520, 11, 0, 0, 0, 0, NULL, 0, 0, 0);
INSERT INTO `chartdetails` VALUES (8520, 12, 0, 0, 0, 0, NULL, 0, 0, 0);
INSERT INTO `chartdetails` VALUES (8520, 13, 0, 0, 0, 0, NULL, 0, 0, 0);
INSERT INTO `chartdetails` VALUES (8520, 14, 0, 0, 0, 0, NULL, 0, 0, 0);
INSERT INTO `chartdetails` VALUES (8530, -1, 0, 0, 0, 0, NULL, 0, 0, 0);
INSERT INTO `chartdetails` VALUES (8530, 1, 0, 0, 0, 0, NULL, 0, 0, 0);
INSERT INTO `chartdetails` VALUES (8530, 2, 0, 0, 0, 0, NULL, 0, 0, 0);
INSERT INTO `chartdetails` VALUES (8530, 3, 0, 0, 0, 0, NULL, 0, 0, 0);
INSERT INTO `chartdetails` VALUES (8530, 4, 0, 0, 0, 0, NULL, 0, 0, 0);
INSERT INTO `chartdetails` VALUES (8530, 5, 0, 0, 0, 0, NULL, 0, 0, 0);
INSERT INTO `chartdetails` VALUES (8530, 6, 0, 0, 0, 0, NULL, 0, 0, 0);
INSERT INTO `chartdetails` VALUES (8530, 7, 0, 0, 0, 0, NULL, 0, 0, 0);
INSERT INTO `chartdetails` VALUES (8530, 8, 0, 0, 0, 0, NULL, 0, 0, 0);
INSERT INTO `chartdetails` VALUES (8530, 9, 0, 0, 0, 0, NULL, 0, 0, 0);
INSERT INTO `chartdetails` VALUES (8530, 10, 0, 0, 0, 0, NULL, 0, 0, 0);
INSERT INTO `chartdetails` VALUES (8530, 11, 0, 0, 0, 0, NULL, 0, 0, 0);
INSERT INTO `chartdetails` VALUES (8530, 12, 0, 0, 0, 0, NULL, 0, 0, 0);
INSERT INTO `chartdetails` VALUES (8530, 13, 0, 0, 0, 0, NULL, 0, 0, 0);
INSERT INTO `chartdetails` VALUES (8530, 14, 0, 0, 0, 0, NULL, 0, 0, 0);
INSERT INTO `chartdetails` VALUES (8560, -1, 0, 0, 0, 0, NULL, 0, 0, 0);
INSERT INTO `chartdetails` VALUES (8560, 1, 0, 0, 0, 0, NULL, 0, 0, 0);
INSERT INTO `chartdetails` VALUES (8560, 2, 0, 0, 0, 0, NULL, 0, 0, 0);
INSERT INTO `chartdetails` VALUES (8560, 3, 0, 0, 0, 0, NULL, 0, 0, 0);
INSERT INTO `chartdetails` VALUES (8560, 4, 0, 0, 0, 0, NULL, 0, 0, 0);
INSERT INTO `chartdetails` VALUES (8560, 5, 0, 0, 0, 0, NULL, 0, 0, 0);
INSERT INTO `chartdetails` VALUES (8560, 6, 0, 0, 0, 0, NULL, 0, 0, 0);
INSERT INTO `chartdetails` VALUES (8560, 7, 0, 0, 0, 0, NULL, 0, 0, 0);
INSERT INTO `chartdetails` VALUES (8560, 8, 0, 0, 0, 0, NULL, 0, 0, 0);
INSERT INTO `chartdetails` VALUES (8560, 9, 0, 0, 0, 0, NULL, 0, 0, 0);
INSERT INTO `chartdetails` VALUES (8560, 10, 0, 0, 0, 0, NULL, 0, 0, 0);
INSERT INTO `chartdetails` VALUES (8560, 11, 0, 0, 0, 0, NULL, 0, 0, 0);
INSERT INTO `chartdetails` VALUES (8560, 12, 0, 0, 0, 0, NULL, 0, 0, 0);
INSERT INTO `chartdetails` VALUES (8560, 13, 0, 0, 0, 0, NULL, 0, 0, 0);
INSERT INTO `chartdetails` VALUES (8560, 14, 0, 0, 0, 0, NULL, 0, 0, 0);
INSERT INTO `chartdetails` VALUES (8620, -1, 0, 0, 0, 0, NULL, 0, 0, 0);
INSERT INTO `chartdetails` VALUES (8620, 1, 0, 0, 0, 0, NULL, 0, 0, 0);
INSERT INTO `chartdetails` VALUES (8620, 2, 0, 0, 0, 0, NULL, 0, 0, 0);
INSERT INTO `chartdetails` VALUES (8620, 3, 0, 0, 0, 0, NULL, 0, 0, 0);
INSERT INTO `chartdetails` VALUES (8620, 4, 0, 0, 0, 0, NULL, 0, 0, 0);
INSERT INTO `chartdetails` VALUES (8620, 5, 0, 0, 0, 0, NULL, 0, 0, 0);
INSERT INTO `chartdetails` VALUES (8620, 6, 0, 0, 0, 0, NULL, 0, 0, 0);
INSERT INTO `chartdetails` VALUES (8620, 7, 0, 0, 0, 0, NULL, 0, 0, 0);
INSERT INTO `chartdetails` VALUES (8620, 8, 0, 0, 0, 0, NULL, 0, 0, 0);
INSERT INTO `chartdetails` VALUES (8620, 9, 0, 0, 0, 0, NULL, 0, 0, 0);
INSERT INTO `chartdetails` VALUES (8620, 10, 0, 0, 0, 0, NULL, 0, 0, 0);
INSERT INTO `chartdetails` VALUES (8620, 11, 0, 0, 0, 0, NULL, 0, 0, 0);
INSERT INTO `chartdetails` VALUES (8620, 12, 0, 0, 0, 0, NULL, 0, 0, 0);
INSERT INTO `chartdetails` VALUES (8620, 13, 0, 0, 0, 0, NULL, 0, 0, 0);
INSERT INTO `chartdetails` VALUES (8620, 14, 0, 0, 0, 0, NULL, 0, 0, 0);
INSERT INTO `chartdetails` VALUES (8630, -1, 0, 0, 0, 0, NULL, 0, 0, 0);
INSERT INTO `chartdetails` VALUES (8630, 1, 0, 0, 0, 0, NULL, 0, 0, 0);
INSERT INTO `chartdetails` VALUES (8630, 2, 0, 0, 0, 0, NULL, 0, 0, 0);
INSERT INTO `chartdetails` VALUES (8630, 3, 0, 0, 0, 0, NULL, 0, 0, 0);
INSERT INTO `chartdetails` VALUES (8630, 4, 0, 0, 0, 0, NULL, 0, 0, 0);
INSERT INTO `chartdetails` VALUES (8630, 5, 0, 0, 0, 0, NULL, 0, 0, 0);
INSERT INTO `chartdetails` VALUES (8630, 6, 0, 0, 0, 0, NULL, 0, 0, 0);
INSERT INTO `chartdetails` VALUES (8630, 7, 0, 0, 0, 0, NULL, 0, 0, 0);
INSERT INTO `chartdetails` VALUES (8630, 8, 0, 0, 0, 0, NULL, 0, 0, 0);
INSERT INTO `chartdetails` VALUES (8630, 9, 0, 0, 0, 0, NULL, 0, 0, 0);
INSERT INTO `chartdetails` VALUES (8630, 10, 0, 0, 0, 0, NULL, 0, 0, 0);
INSERT INTO `chartdetails` VALUES (8630, 11, 0, 0, 0, 0, NULL, 0, 0, 0);
INSERT INTO `chartdetails` VALUES (8630, 12, 0, 0, 0, 0, NULL, 0, 0, 0);
INSERT INTO `chartdetails` VALUES (8630, 13, 0, 0, 0, 0, NULL, 0, 0, 0);
INSERT INTO `chartdetails` VALUES (8630, 14, 0, 0, 0, 0, NULL, 0, 0, 0);
INSERT INTO `chartdetails` VALUES (8631, -1, 0, 0, 0, 0, NULL, 0, 0, 0);
INSERT INTO `chartdetails` VALUES (8631, 1, 0, 0, 0, 0, NULL, 0, 0, 0);
INSERT INTO `chartdetails` VALUES (8631, 2, 0, 0, 0, 0, NULL, 0, 0, 0);
INSERT INTO `chartdetails` VALUES (8631, 3, 0, 0, 0, 0, NULL, 0, 0, 0);
INSERT INTO `chartdetails` VALUES (8631, 4, 0, 0, 0, 0, NULL, 0, 0, 0);
INSERT INTO `chartdetails` VALUES (8631, 5, 0, 0, 0, 0, NULL, 0, 0, 0);
INSERT INTO `chartdetails` VALUES (8631, 6, 0, 0, 0, 0, NULL, 0, 0, 0);
INSERT INTO `chartdetails` VALUES (8631, 7, 0, 0, 0, 0, NULL, 0, 0, 0);
INSERT INTO `chartdetails` VALUES (8631, 8, 0, 0, 0, 0, NULL, 0, 0, 0);
INSERT INTO `chartdetails` VALUES (8631, 9, 0, 0, 0, 0, NULL, 0, 0, 0);
INSERT INTO `chartdetails` VALUES (8631, 10, 0, 0, 0, 0, NULL, 0, 0, 0);
INSERT INTO `chartdetails` VALUES (8631, 11, 0, 0, 0, 0, NULL, 0, 0, 0);
INSERT INTO `chartdetails` VALUES (8631, 12, 0, 0, 0, 0, NULL, 0, 0, 0);
INSERT INTO `chartdetails` VALUES (8631, 13, 0, 0, 0, 0, NULL, 0, 0, 0);
INSERT INTO `chartdetails` VALUES (8631, 14, 0, 0, 0, 0, NULL, 0, 0, 0);
INSERT INTO `chartdetails` VALUES (8640, -1, 0, 0, 0, 0, NULL, 0, 0, 0);
INSERT INTO `chartdetails` VALUES (8640, 1, 0, 0, 0, 0, NULL, 0, 0, 0);
INSERT INTO `chartdetails` VALUES (8640, 2, 0, 0, 0, 0, NULL, 0, 0, 0);
INSERT INTO `chartdetails` VALUES (8640, 3, 0, 0, 0, 0, NULL, 0, 0, 0);
INSERT INTO `chartdetails` VALUES (8640, 4, 0, 0, 0, 0, NULL, 0, 0, 0);
INSERT INTO `chartdetails` VALUES (8640, 5, 0, 0, 0, 0, NULL, 0, 0, 0);
INSERT INTO `chartdetails` VALUES (8640, 6, 0, 0, 0, 0, NULL, 0, 0, 0);
INSERT INTO `chartdetails` VALUES (8640, 7, 0, 0, 0, 0, NULL, 0, 0, 0);
INSERT INTO `chartdetails` VALUES (8640, 8, 0, 0, 0, 0, NULL, 0, 0, 0);
INSERT INTO `chartdetails` VALUES (8640, 9, 0, 0, 0, 0, NULL, 0, 0, 0);
INSERT INTO `chartdetails` VALUES (8640, 10, 0, 0, 0, 0, NULL, 0, 0, 0);
INSERT INTO `chartdetails` VALUES (8640, 11, 0, 0, 0, 0, NULL, 0, 0, 0);
INSERT INTO `chartdetails` VALUES (8640, 12, 0, 0, 0, 0, NULL, 0, 0, 0);
INSERT INTO `chartdetails` VALUES (8640, 13, 0, 0, 0, 0, NULL, 0, 0, 0);
INSERT INTO `chartdetails` VALUES (8640, 14, 0, 0, 0, 0, NULL, 0, 0, 0);
INSERT INTO `chartdetails` VALUES (8660, -1, 0, 0, 0, 0, NULL, 0, 0, 0);
INSERT INTO `chartdetails` VALUES (8660, 1, 0, 0, 0, 0, NULL, 0, 0, 0);
INSERT INTO `chartdetails` VALUES (8660, 2, 0, 0, 0, 0, NULL, 0, 0, 0);
INSERT INTO `chartdetails` VALUES (8660, 3, 0, 0, 0, 0, NULL, 0, 0, 0);
INSERT INTO `chartdetails` VALUES (8660, 4, 0, 0, 0, 0, NULL, 0, 0, 0);
INSERT INTO `chartdetails` VALUES (8660, 5, 0, 0, 0, 0, NULL, 0, 0, 0);
INSERT INTO `chartdetails` VALUES (8660, 6, 0, 0, 0, 0, NULL, 0, 0, 0);
INSERT INTO `chartdetails` VALUES (8660, 7, 0, 0, 0, 0, NULL, 0, 0, 0);
INSERT INTO `chartdetails` VALUES (8660, 8, 0, 0, 0, 0, NULL, 0, 0, 0);
INSERT INTO `chartdetails` VALUES (8660, 9, 0, 0, 0, 0, NULL, 0, 0, 0);
INSERT INTO `chartdetails` VALUES (8660, 10, 0, 0, 0, 0, NULL, 0, 0, 0);
INSERT INTO `chartdetails` VALUES (8660, 11, 0, 0, 0, 0, NULL, 0, 0, 0);
INSERT INTO `chartdetails` VALUES (8660, 12, 0, 0, 0, 0, NULL, 0, 0, 0);
INSERT INTO `chartdetails` VALUES (8660, 13, 0, 0, 0, 0, NULL, 0, 0, 0);
INSERT INTO `chartdetails` VALUES (8660, 14, 0, 0, 0, 0, NULL, 0, 0, 0);
INSERT INTO `chartdetails` VALUES (8670, -1, 0, 0, 0, 0, NULL, 0, 0, 0);
INSERT INTO `chartdetails` VALUES (8670, 1, 0, 0, 0, 0, NULL, 0, 0, 0);
INSERT INTO `chartdetails` VALUES (8670, 2, 0, 0, 0, 0, NULL, 0, 0, 0);
INSERT INTO `chartdetails` VALUES (8670, 3, 0, 0, 0, 0, NULL, 0, 0, 0);
INSERT INTO `chartdetails` VALUES (8670, 4, 0, 0, 0, 0, NULL, 0, 0, 0);
INSERT INTO `chartdetails` VALUES (8670, 5, 0, 0, 0, 0, NULL, 0, 0, 0);
INSERT INTO `chartdetails` VALUES (8670, 6, 0, 0, 0, 0, NULL, 0, 0, 0);
INSERT INTO `chartdetails` VALUES (8670, 7, 0, 0, 0, 0, NULL, 0, 0, 0);
INSERT INTO `chartdetails` VALUES (8670, 8, 0, 0, 0, 0, NULL, 0, 0, 0);
INSERT INTO `chartdetails` VALUES (8670, 9, 0, 0, 0, 0, NULL, 0, 0, 0);
INSERT INTO `chartdetails` VALUES (8670, 10, 0, 0, 0, 0, NULL, 0, 0, 0);
INSERT INTO `chartdetails` VALUES (8670, 11, 0, 0, 0, 0, NULL, 0, 0, 0);
INSERT INTO `chartdetails` VALUES (8670, 12, 0, 0, 0, 0, NULL, 0, 0, 0);
INSERT INTO `chartdetails` VALUES (8670, 13, 0, 0, 0, 0, NULL, 0, 0, 0);
INSERT INTO `chartdetails` VALUES (8670, 14, 0, 0, 0, 0, NULL, 0, 0, 0);
INSERT INTO `chartdetails` VALUES (8680, -1, 0, 0, 0, 0, NULL, 0, 0, 0);
INSERT INTO `chartdetails` VALUES (8680, 1, 0, 0, 0, 0, NULL, 0, 0, 0);
INSERT INTO `chartdetails` VALUES (8680, 2, 0, 0, 0, 0, NULL, 0, 0, 0);
INSERT INTO `chartdetails` VALUES (8680, 3, 0, 0, 0, 0, NULL, 0, 0, 0);
INSERT INTO `chartdetails` VALUES (8680, 4, 0, 0, 0, 0, NULL, 0, 0, 0);
INSERT INTO `chartdetails` VALUES (8680, 5, 0, 0, 0, 0, NULL, 0, 0, 0);
INSERT INTO `chartdetails` VALUES (8680, 6, 0, 0, 0, 0, NULL, 0, 0, 0);
INSERT INTO `chartdetails` VALUES (8680, 7, 0, 0, 0, 0, NULL, 0, 0, 0);
INSERT INTO `chartdetails` VALUES (8680, 8, 0, 0, 0, 0, NULL, 0, 0, 0);
INSERT INTO `chartdetails` VALUES (8680, 9, 0, 0, 0, 0, NULL, 0, 0, 0);
INSERT INTO `chartdetails` VALUES (8680, 10, 0, 0, 0, 0, NULL, 0, 0, 0);
INSERT INTO `chartdetails` VALUES (8680, 11, 0, 0, 0, 0, NULL, 0, 0, 0);
INSERT INTO `chartdetails` VALUES (8680, 12, 0, 0, 0, 0, NULL, 0, 0, 0);
INSERT INTO `chartdetails` VALUES (8680, 13, 0, 0, 0, 0, NULL, 0, 0, 0);
INSERT INTO `chartdetails` VALUES (8680, 14, 0, 0, 0, 0, NULL, 0, 0, 0);
INSERT INTO `chartdetails` VALUES (8690, -1, 0, 0, 0, 0, NULL, 0, 0, 0);
INSERT INTO `chartdetails` VALUES (8690, 1, 0, 0, 0, 0, NULL, 0, 0, 0);
INSERT INTO `chartdetails` VALUES (8690, 2, 0, 0, 0, 0, NULL, 0, 0, 0);
INSERT INTO `chartdetails` VALUES (8690, 3, 0, 0, 0, 0, NULL, 0, 0, 0);
INSERT INTO `chartdetails` VALUES (8690, 4, 0, 0, 0, 0, NULL, 0, 0, 0);
INSERT INTO `chartdetails` VALUES (8690, 5, 0, 0, 0, 0, NULL, 0, 0, 0);
INSERT INTO `chartdetails` VALUES (8690, 6, 0, 0, 0, 0, NULL, 0, 0, 0);
INSERT INTO `chartdetails` VALUES (8690, 7, 0, 0, 0, 0, NULL, 0, 0, 0);
INSERT INTO `chartdetails` VALUES (8690, 8, 0, 0, 0, 0, NULL, 0, 0, 0);
INSERT INTO `chartdetails` VALUES (8690, 9, 0, 0, 0, 0, NULL, 0, 0, 0);
INSERT INTO `chartdetails` VALUES (8690, 10, 0, 0, 0, 0, NULL, 0, 0, 0);
INSERT INTO `chartdetails` VALUES (8690, 11, 0, 0, 0, 0, NULL, 0, 0, 0);
INSERT INTO `chartdetails` VALUES (8690, 12, 0, 0, 0, 0, NULL, 0, 0, 0);
INSERT INTO `chartdetails` VALUES (8690, 13, 0, 0, 0, 0, NULL, 0, 0, 0);
INSERT INTO `chartdetails` VALUES (8690, 14, 0, 0, 0, 0, NULL, 0, 0, 0);
INSERT INTO `chartdetails` VALUES (8710, -1, 0, 0, 0, 0, NULL, 0, 0, 0);
INSERT INTO `chartdetails` VALUES (8710, 1, 0, 0, 0, 0, NULL, 0, 0, 0);
INSERT INTO `chartdetails` VALUES (8710, 2, 0, 0, 0, 0, NULL, 0, 0, 0);
INSERT INTO `chartdetails` VALUES (8710, 3, 0, 0, 0, 0, NULL, 0, 0, 0);
INSERT INTO `chartdetails` VALUES (8710, 4, 0, 0, 0, 0, NULL, 0, 0, 0);
INSERT INTO `chartdetails` VALUES (8710, 5, 0, 0, 0, 0, NULL, 0, 0, 0);
INSERT INTO `chartdetails` VALUES (8710, 6, 0, 0, 0, 0, NULL, 0, 0, 0);
INSERT INTO `chartdetails` VALUES (8710, 7, 0, 0, 0, 0, NULL, 0, 0, 0);
INSERT INTO `chartdetails` VALUES (8710, 8, 0, 0, 0, 0, NULL, 0, 0, 0);
INSERT INTO `chartdetails` VALUES (8710, 9, 0, 0, 0, 0, NULL, 0, 0, 0);
INSERT INTO `chartdetails` VALUES (8710, 10, 0, 0, 0, 0, NULL, 0, 0, 0);
INSERT INTO `chartdetails` VALUES (8710, 11, 0, 0, 0, 0, NULL, 0, 0, 0);
INSERT INTO `chartdetails` VALUES (8710, 12, 0, 0, 0, 0, NULL, 0, 0, 0);
INSERT INTO `chartdetails` VALUES (8710, 13, 0, 0, 0, 0, NULL, 0, 0, 0);
INSERT INTO `chartdetails` VALUES (8710, 14, 0, 0, 0, 0, NULL, 0, 0, 0);
INSERT INTO `chartdetails` VALUES (8720, -1, 0, 0, 0, 0, NULL, 0, 0, 0);
INSERT INTO `chartdetails` VALUES (8720, 1, 0, 0, 0, 0, NULL, 0, 0, 0);
INSERT INTO `chartdetails` VALUES (8720, 2, 0, 0, 0, 0, NULL, 0, 0, 0);
INSERT INTO `chartdetails` VALUES (8720, 3, 0, 0, 0, 0, NULL, 0, 0, 0);
INSERT INTO `chartdetails` VALUES (8720, 4, 0, 0, 0, 0, NULL, 0, 0, 0);
INSERT INTO `chartdetails` VALUES (8720, 5, 0, 0, 0, 0, NULL, 0, 0, 0);
INSERT INTO `chartdetails` VALUES (8720, 6, 0, 0, 0, 0, NULL, 0, 0, 0);
INSERT INTO `chartdetails` VALUES (8720, 7, 0, 0, 0, 0, NULL, 0, 0, 0);
INSERT INTO `chartdetails` VALUES (8720, 8, 0, 0, 0, 0, NULL, 0, 0, 0);
INSERT INTO `chartdetails` VALUES (8720, 9, 0, 0, 0, 0, NULL, 0, 0, 0);
INSERT INTO `chartdetails` VALUES (8720, 10, 0, 0, 0, 0, NULL, 0, 0, 0);
INSERT INTO `chartdetails` VALUES (8720, 11, 0, 0, 0, 0, NULL, 0, 0, 0);
INSERT INTO `chartdetails` VALUES (8720, 12, 0, 0, 0, 0, NULL, 0, 0, 0);
INSERT INTO `chartdetails` VALUES (8720, 13, 0, 0, 0, 0, NULL, 0, 0, 0);
INSERT INTO `chartdetails` VALUES (8720, 14, 0, 0, 0, 0, NULL, 0, 0, 0);
INSERT INTO `chartdetails` VALUES (8730, -1, 0, 0, 0, 0, NULL, 0, 0, 0);
INSERT INTO `chartdetails` VALUES (8730, 1, 0, 0, 0, 0, NULL, 0, 0, 0);
INSERT INTO `chartdetails` VALUES (8730, 2, 0, 0, 0, 0, NULL, 0, 0, 0);
INSERT INTO `chartdetails` VALUES (8730, 3, 0, 0, 0, 0, NULL, 0, 0, 0);
INSERT INTO `chartdetails` VALUES (8730, 4, 0, 0, 0, 0, NULL, 0, 0, 0);
INSERT INTO `chartdetails` VALUES (8730, 5, 0, 0, 0, 0, NULL, 0, 0, 0);
INSERT INTO `chartdetails` VALUES (8730, 6, 0, 0, 0, 0, NULL, 0, 0, 0);
INSERT INTO `chartdetails` VALUES (8730, 7, 0, 0, 0, 0, NULL, 0, 0, 0);
INSERT INTO `chartdetails` VALUES (8730, 8, 0, 0, 0, 0, NULL, 0, 0, 0);
INSERT INTO `chartdetails` VALUES (8730, 9, 0, 0, 0, 0, NULL, 0, 0, 0);
INSERT INTO `chartdetails` VALUES (8730, 10, 0, 0, 0, 0, NULL, 0, 0, 0);
INSERT INTO `chartdetails` VALUES (8730, 11, 0, 0, 0, 0, NULL, 0, 0, 0);
INSERT INTO `chartdetails` VALUES (8730, 12, 0, 0, 0, 0, NULL, 0, 0, 0);
INSERT INTO `chartdetails` VALUES (8730, 13, 0, 0, 0, 0, NULL, 0, 0, 0);
INSERT INTO `chartdetails` VALUES (8730, 14, 0, 0, 0, 0, NULL, 0, 0, 0);
INSERT INTO `chartdetails` VALUES (8740, -1, 0, 0, 0, 0, NULL, 0, 0, 0);
INSERT INTO `chartdetails` VALUES (8740, 1, 0, 0, 0, 0, NULL, 0, 0, 0);
INSERT INTO `chartdetails` VALUES (8740, 2, 0, 0, 0, 0, NULL, 0, 0, 0);
INSERT INTO `chartdetails` VALUES (8740, 3, 0, 0, 0, 0, NULL, 0, 0, 0);
INSERT INTO `chartdetails` VALUES (8740, 4, 0, 0, 0, 0, NULL, 0, 0, 0);
INSERT INTO `chartdetails` VALUES (8740, 5, 0, 0, 0, 0, NULL, 0, 0, 0);
INSERT INTO `chartdetails` VALUES (8740, 6, 0, 0, 0, 0, NULL, 0, 0, 0);
INSERT INTO `chartdetails` VALUES (8740, 7, 0, 0, 0, 0, NULL, 0, 0, 0);
INSERT INTO `chartdetails` VALUES (8740, 8, 0, 0, 0, 0, NULL, 0, 0, 0);
INSERT INTO `chartdetails` VALUES (8740, 9, 0, 0, 0, 0, NULL, 0, 0, 0);
INSERT INTO `chartdetails` VALUES (8740, 10, 0, 0, 0, 0, NULL, 0, 0, 0);
INSERT INTO `chartdetails` VALUES (8740, 11, 0, 0, 0, 0, NULL, 0, 0, 0);
INSERT INTO `chartdetails` VALUES (8740, 12, 0, 0, 0, 0, NULL, 0, 0, 0);
INSERT INTO `chartdetails` VALUES (8740, 13, 0, 0, 0, 0, NULL, 0, 0, 0);
INSERT INTO `chartdetails` VALUES (8740, 14, 0, 0, 0, 0, NULL, 0, 0, 0);
INSERT INTO `chartdetails` VALUES (8760, -1, 0, 0, 0, 0, NULL, 0, 0, 0);
INSERT INTO `chartdetails` VALUES (8760, 1, 0, 0, 0, 0, NULL, 0, 0, 0);
INSERT INTO `chartdetails` VALUES (8760, 2, 0, 0, 0, 0, NULL, 0, 0, 0);
INSERT INTO `chartdetails` VALUES (8760, 3, 0, 0, 0, 0, NULL, 0, 0, 0);
INSERT INTO `chartdetails` VALUES (8760, 4, 0, 0, 0, 0, NULL, 0, 0, 0);
INSERT INTO `chartdetails` VALUES (8760, 5, 0, 0, 0, 0, NULL, 0, 0, 0);
INSERT INTO `chartdetails` VALUES (8760, 6, 0, 0, 0, 0, NULL, 0, 0, 0);
INSERT INTO `chartdetails` VALUES (8760, 7, 0, 0, 0, 0, NULL, 0, 0, 0);
INSERT INTO `chartdetails` VALUES (8760, 8, 0, 0, 0, 0, NULL, 0, 0, 0);
INSERT INTO `chartdetails` VALUES (8760, 9, 0, 0, 0, 0, NULL, 0, 0, 0);
INSERT INTO `chartdetails` VALUES (8760, 10, 0, 0, 0, 0, NULL, 0, 0, 0);
INSERT INTO `chartdetails` VALUES (8760, 11, 0, 0, 0, 0, NULL, 0, 0, 0);
INSERT INTO `chartdetails` VALUES (8760, 12, 0, 0, 0, 0, NULL, 0, 0, 0);
INSERT INTO `chartdetails` VALUES (8760, 13, 0, 0, 0, 0, NULL, 0, 0, 0);
INSERT INTO `chartdetails` VALUES (8760, 14, 0, 0, 0, 0, NULL, 0, 0, 0);

-- --------------------------------------------------------

-- 
-- Table structure for table `chartmaster`
-- 

CREATE TABLE `chartmaster` (
  `accountcode` int(11) NOT NULL default '0',
  `accountname` char(50) NOT NULL default '',
  `group_` char(30) NOT NULL default '',
  PRIMARY KEY  (`accountcode`),
  KEY `AccountCode` (`accountcode`),
  KEY `AccountName` (`accountname`),
  KEY `Group_` (`group_`)
) ENGINE=InnoDB DEFAULT CHARSET=latin1;

-- 
-- Dumping data for table `chartmaster`
-- 

INSERT INTO `chartmaster` VALUES (1010, 'Undeposited Funds', 'Cash and Bank');
INSERT INTO `chartmaster` VALUES (1035, 'Currency Exchange Clearing', 'Cash and Bank');
INSERT INTO `chartmaster` VALUES (1040, 'Petty Cash', 'Cash and Bank');
INSERT INTO `chartmaster` VALUES (1051, 'Petty Cash US $', 'Cash and Bank');
INSERT INTO `chartmaster` VALUES (1052, 'Cash Box', 'Cash and Bank');
INSERT INTO `chartmaster` VALUES (1055, 'Shared Interest', 'Cash and Bank');
INSERT INTO `chartmaster` VALUES (1058, 'US $ Account', 'Cash and Bank');
INSERT INTO `chartmaster` VALUES (1060, 'Chequing Account', 'Cash and Bank');
INSERT INTO `chartmaster` VALUES (1210, 'Accounts Receivable', 'Accounts Receivable');
INSERT INTO `chartmaster` VALUES (1221, 'Allowance for Doubtful Accounts', 'Accounts Receivable');
INSERT INTO `chartmaster` VALUES (1230, 'Other Accounts Receivable', 'Accounts Receivable');
INSERT INTO `chartmaster` VALUES (1231, 'Loans Receivable', 'Accounts Receivable');
INSERT INTO `chartmaster` VALUES (1250, 'Payroll Advances', 'Accounts Receivable');
INSERT INTO `chartmaster` VALUES (1260, 'ITCs Receivable', 'Accounts Receivable');
INSERT INTO `chartmaster` VALUES (1310, 'Prepaid Expenses and Deposits', 'Prepaid Expenses');
INSERT INTO `chartmaster` VALUES (1320, 'Prepaid Insurance', 'Prepaid Expenses');
INSERT INTO `chartmaster` VALUES (1510, 'Inventory', 'Inventory');
INSERT INTO `chartmaster` VALUES (1550, 'Promotional Material', 'Inventory');
INSERT INTO `chartmaster` VALUES (1610, 'Computer Hardware', 'Capital Assets');
INSERT INTO `chartmaster` VALUES (1611, 'Accum Amort Computer Hardware', 'Capital Assets');
INSERT INTO `chartmaster` VALUES (1612, 'Computer Software', 'Capital Assets');
INSERT INTO `chartmaster` VALUES (1613, 'Accum Amort Computer Software', 'Capital Assets');
INSERT INTO `chartmaster` VALUES (1620, 'Films and Plates', 'Capital Assets');
INSERT INTO `chartmaster` VALUES (1621, 'Accum Amort Films and Plates', 'Capital Assets');
INSERT INTO `chartmaster` VALUES (1630, 'Office Furniture', 'Capital Assets');
INSERT INTO `chartmaster` VALUES (1631, 'Accum Amort Office Furniture', 'Capital Assets');
INSERT INTO `chartmaster` VALUES (1640, 'Production Equipment', 'Capital Assets');
INSERT INTO `chartmaster` VALUES (1641, 'Accum Amort Production Equipment', 'Capital Assets');
INSERT INTO `chartmaster` VALUES (1650, 'Demo Equipment', 'Capital Assets');
INSERT INTO `chartmaster` VALUES (1651, 'Accum Amort Demo Equipment', 'Capital Assets');
INSERT INTO `chartmaster` VALUES (1660, 'Warehousing Equipment', 'Capital Assets');
INSERT INTO `chartmaster` VALUES (1661, 'Accum Amort Warehousing Equipment', 'Capital Assets');
INSERT INTO `chartmaster` VALUES (1680, 'Leasehold Improvements', 'Capital Assets');
INSERT INTO `chartmaster` VALUES (1681, 'Accum Amort Leasehold Improvements', 'Capital Assets');
INSERT INTO `chartmaster` VALUES (1910, 'Goodwill', 'Other Assets');
INSERT INTO `chartmaster` VALUES (1911, 'Accum Amort Goodwill', 'Other Assets');
INSERT INTO `chartmaster` VALUES (2010, 'Accounts Payable', 'Accounts Payable');
INSERT INTO `chartmaster` VALUES (2015, 'Other Accounts Payable', 'Accounts Payable');
INSERT INTO `chartmaster` VALUES (2020, 'Accrued Liabilities', 'Accounts Payable');
INSERT INTO `chartmaster` VALUES (2025, 'Payroll Clearing A/C', 'Accounts Payable');
INSERT INTO `chartmaster` VALUES (2030, 'VISA Payable', 'Accounts Payable');
INSERT INTO `chartmaster` VALUES (2050, 'GST Charged on Sales', 'Accounts Payable');
INSERT INTO `chartmaster` VALUES (2051, 'GST Paid on Purchases', 'Accounts Payable');
INSERT INTO `chartmaster` VALUES (2055, 'GST Clearing', 'Accounts Payable');
INSERT INTO `chartmaster` VALUES (2060, 'PST Payable', 'Accounts Payable');
INSERT INTO `chartmaster` VALUES (2070, 'Other Sales Tax Payable', 'Accounts Payable');
INSERT INTO `chartmaster` VALUES (2080, 'Corporate Taxes Payable', 'Accounts Payable');
INSERT INTO `chartmaster` VALUES (2110, 'Caisse Line of Credit', 'Lines of Credit');
INSERT INTO `chartmaster` VALUES (2120, 'Shared Interest LOC', 'Lines of Credit');
INSERT INTO `chartmaster` VALUES (3100, 'Membership Shares', 'Equity');
INSERT INTO `chartmaster` VALUES (3200, 'Class A Preference Shares', 'Equity');
INSERT INTO `chartmaster` VALUES (3300, 'Class B Preference Shares', 'Equity');
INSERT INTO `chartmaster` VALUES (3400, 'Contributed Surplus', 'Equity');
INSERT INTO `chartmaster` VALUES (3500, 'Dividends Paid', 'Equity');
INSERT INTO `chartmaster` VALUES (3600, 'Retained Earnings', 'Equity');
INSERT INTO `chartmaster` VALUES (4100, 'Private Label', 'Sales');
INSERT INTO `chartmaster` VALUES (4200, 'Distributor', 'Sales');
INSERT INTO `chartmaster` VALUES (4250, 'Mass Market', 'Sales');
INSERT INTO `chartmaster` VALUES (4300, 'Foodservice', 'Sales');
INSERT INTO `chartmaster` VALUES (4350, 'Industrial', 'Sales');
INSERT INTO `chartmaster` VALUES (4400, 'Direct', 'Sales');
INSERT INTO `chartmaster` VALUES (4450, 'Gift Market', 'Sales');
INSERT INTO `chartmaster` VALUES (4500, 'Fundraising', 'Sales');
INSERT INTO `chartmaster` VALUES (4550, 'Retail', 'Sales');
INSERT INTO `chartmaster` VALUES (4555, 'Opportunities', 'Sales');
INSERT INTO `chartmaster` VALUES (4605, 'Discounts - Distributor', 'Sales');
INSERT INTO `chartmaster` VALUES (4610, 'Discounts - Mass Market', 'Sales');
INSERT INTO `chartmaster` VALUES (4615, 'Discounts - Foodservice', 'Sales');
INSERT INTO `chartmaster` VALUES (4620, 'Discounts - Industrial', 'Sales');
INSERT INTO `chartmaster` VALUES (4625, 'Discounts - Direct', 'Sales');
INSERT INTO `chartmaster` VALUES (4630, 'Discounts - Freight Charges', 'Sales');
INSERT INTO `chartmaster` VALUES (4635, 'Discounts - Other', 'Sales');
INSERT INTO `chartmaster` VALUES (4650, 'Foreign Exchange G/L - Sales', 'Sales');
INSERT INTO `chartmaster` VALUES (4705, 'Interest Income', 'Other Revenue');
INSERT INTO `chartmaster` VALUES (4710, 'Royalty Income', 'Other Revenue');
INSERT INTO `chartmaster` VALUES (4720, 'Other Income', 'Other Revenue');
INSERT INTO `chartmaster` VALUES (5100, 'Cost of Sales', 'Cost of Goods Sold');
INSERT INTO `chartmaster` VALUES (5200, 'Packaging Materials', 'Cost of Goods Sold');
INSERT INTO `chartmaster` VALUES (5300, 'Manufacturing Costs', 'Cost of Goods Sold');
INSERT INTO `chartmaster` VALUES (5400, 'Customs on Purchases', 'Cost of Goods Sold');
INSERT INTO `chartmaster` VALUES (5410, 'Duty on Purchases', 'Cost of Goods Sold');
INSERT INTO `chartmaster` VALUES (5420, 'Brokerage on Purchases', 'Cost of Goods Sold');
INSERT INTO `chartmaster` VALUES (5430, 'Freight on Purchases', 'Cost of Goods Sold');
INSERT INTO `chartmaster` VALUES (5440, 'Internal Transfer Freight', 'Cost of Goods Sold');
INSERT INTO `chartmaster` VALUES (5500, 'Customs on Sales', 'Cost of Goods Sold');
INSERT INTO `chartmaster` VALUES (5501, 'Customs Recovered on Sales', 'Cost of Goods Sold');
INSERT INTO `chartmaster` VALUES (5510, 'Duty on Sales', 'Cost of Goods Sold');
INSERT INTO `chartmaster` VALUES (5511, 'Duty Recovered on Sales', 'Cost of Goods Sold');
INSERT INTO `chartmaster` VALUES (5520, 'Brokerage on Sales', 'Cost of Goods Sold');
INSERT INTO `chartmaster` VALUES (5521, 'Brokerage Recovered on Sales', 'Cost of Goods Sold');
INSERT INTO `chartmaster` VALUES (5530, 'Freight on Sales', 'Cost of Goods Sold');
INSERT INTO `chartmaster` VALUES (5531, 'Freight Recovered on Sales', 'Cost of Goods Sold');
INSERT INTO `chartmaster` VALUES (5540, 'Fair Trade Premium', 'Cost of Goods Sold');
INSERT INTO `chartmaster` VALUES (5560, 'Foreign Exchange G/L - Purchases', 'Cost of Goods Sold');
INSERT INTO `chartmaster` VALUES (6010, 'Contract and Casual Labour', 'Sales Expenses');
INSERT INTO `chartmaster` VALUES (6050, 'Travel', 'Sales Expenses');
INSERT INTO `chartmaster` VALUES (6060, 'Meals and Entertainment', 'Sales Expenses');
INSERT INTO `chartmaster` VALUES (6100, 'Memberships', 'Sales Expenses');
INSERT INTO `chartmaster` VALUES (6120, 'Fair Trade Fees', 'Sales Expenses');
INSERT INTO `chartmaster` VALUES (6200, 'Line Drive Deals', 'Sales Expenses');
INSERT INTO `chartmaster` VALUES (6210, 'Case Stack Deals', 'Sales Expenses');
INSERT INTO `chartmaster` VALUES (6305, 'Promotions - Independent', 'Sales Expenses');
INSERT INTO `chartmaster` VALUES (6310, 'Promotions - Mass', 'Sales Expenses');
INSERT INTO `chartmaster` VALUES (6315, 'Promotions - Foodservice', 'Sales Expenses');
INSERT INTO `chartmaster` VALUES (6320, 'Promotions - Direct', 'Sales Expenses');
INSERT INTO `chartmaster` VALUES (6400, 'Advertising', 'Sales Expenses');
INSERT INTO `chartmaster` VALUES (6430, 'POS Materials', 'Sales Expenses');
INSERT INTO `chartmaster` VALUES (6450, 'Trade Shows / Demos', 'Sales Expenses');
INSERT INTO `chartmaster` VALUES (6500, 'Courier, Postage and Shipping', 'Sales Expenses');
INSERT INTO `chartmaster` VALUES (6550, 'Product Samples', 'Sales Expenses');
INSERT INTO `chartmaster` VALUES (6560, 'Miscellaneous Expenses', 'Sales Expenses');
INSERT INTO `chartmaster` VALUES (6570, 'Broker Fees', 'Sales Expenses');
INSERT INTO `chartmaster` VALUES (6580, 'Community Events', 'Sales Expenses');
INSERT INTO `chartmaster` VALUES (6600, 'Contract and Casual Labour', 'Marketing Expenses');
INSERT INTO `chartmaster` VALUES (6610, 'Travel', 'Marketing Expenses');
INSERT INTO `chartmaster` VALUES (6615, 'Meals and Entertainment', 'Marketing Expenses');
INSERT INTO `chartmaster` VALUES (6620, 'Advertising', 'Marketing Expenses');
INSERT INTO `chartmaster` VALUES (6630, 'Multimedia', 'Marketing Expenses');
INSERT INTO `chartmaster` VALUES (6640, 'Communication and Marketing Materials', 'Marketing Expenses');
INSERT INTO `chartmaster` VALUES (6650, 'POS Materials', 'Marketing Expenses');
INSERT INTO `chartmaster` VALUES (6660, 'Trade Shows / Demos', 'Marketing Expenses');
INSERT INTO `chartmaster` VALUES (6670, 'Product Design', 'Marketing Expenses');
INSERT INTO `chartmaster` VALUES (6680, 'Market Research', 'Marketing Expenses');
INSERT INTO `chartmaster` VALUES (6690, 'Courier, Postage and Shipping', 'Marketing Expenses');
INSERT INTO `chartmaster` VALUES (6700, 'Sponsorship', 'Marketing Expenses');
INSERT INTO `chartmaster` VALUES (6710, 'Translation / Proofing', 'Marketing Expenses');
INSERT INTO `chartmaster` VALUES (6720, 'Trade Booth Accessories', 'Marketing Expenses');
INSERT INTO `chartmaster` VALUES (6760, 'Miscellaneous Expenses', 'Marketing Expenses');
INSERT INTO `chartmaster` VALUES (7100, 'Warehousing Costs', 'Operating Expenses');
INSERT INTO `chartmaster` VALUES (7200, 'Sub-contract', 'Operating Expenses');
INSERT INTO `chartmaster` VALUES (7210, 'Travel', 'Operating Expenses');
INSERT INTO `chartmaster` VALUES (7220, 'Meals and Entertainment', 'Operating Expenses');
INSERT INTO `chartmaster` VALUES (7225, 'Training', 'Operating Expenses');
INSERT INTO `chartmaster` VALUES (7300, 'Product Development', 'Operating Expenses');
INSERT INTO `chartmaster` VALUES (7305, 'Product Testing', 'Operating Expenses');
INSERT INTO `chartmaster` VALUES (7310, 'Memberships / Certifications', 'Operating Expenses');
INSERT INTO `chartmaster` VALUES (7320, 'Courier, Postage and Shipping', 'Operating Expenses');
INSERT INTO `chartmaster` VALUES (7520, 'Quality Control', 'Operating Expenses');
INSERT INTO `chartmaster` VALUES (7530, 'Repairs and Maintenance', 'Operating Expenses');
INSERT INTO `chartmaster` VALUES (7600, 'Damaged Inventory', 'Operating Expenses');
INSERT INTO `chartmaster` VALUES (7660, 'Miscellaneous Expenses', 'Operating Expenses');
INSERT INTO `chartmaster` VALUES (7670, 'Freight ship errors/Short-ship write-offs', 'Operating Expenses');
INSERT INTO `chartmaster` VALUES (8010, 'Contract and Casual Labour', 'Co-Executive Director 1');
INSERT INTO `chartmaster` VALUES (8030, 'Travel', 'Co-Executive Director 1');
INSERT INTO `chartmaster` VALUES (8040, 'Meals and Entertainment', 'Co-Executive Director 1');
INSERT INTO `chartmaster` VALUES (8050, 'Licenses / Memberships', 'Co-Executive Director 1');
INSERT INTO `chartmaster` VALUES (8060, 'Entertainment', 'Co-Executive Director 1');
INSERT INTO `chartmaster` VALUES (8070, 'Investor Relations', 'Co-Executive Director 1');
INSERT INTO `chartmaster` VALUES (8080, 'Miscellaneous Expenses', 'Co-Executive Director 1');
INSERT INTO `chartmaster` VALUES (8110, 'Travel', 'Co-Executive Director 2');
INSERT INTO `chartmaster` VALUES (8120, 'Producer Visits', 'Co-Executive Director 2');
INSERT INTO `chartmaster` VALUES (8130, 'Meals and Entertainment', 'Co-Executive Director 2');
INSERT INTO `chartmaster` VALUES (8140, 'Fair Trade Activities', 'Co-Executive Director 2');
INSERT INTO `chartmaster` VALUES (8150, 'Licenses / Memberships', 'Co-Executive Director 2');
INSERT INTO `chartmaster` VALUES (8160, 'Miscellaneous Expenses', 'Co-Executive Director 2');
INSERT INTO `chartmaster` VALUES (8210, 'Contract and Casual Labour', 'Finance');
INSERT INTO `chartmaster` VALUES (8230, 'Travel', 'Finance');
INSERT INTO `chartmaster` VALUES (8240, 'Meals and Entertainment', 'Finance');
INSERT INTO `chartmaster` VALUES (8250, 'Licenses / Memberships', 'Finance');
INSERT INTO `chartmaster` VALUES (8260, 'Professional Fees', 'Finance');
INSERT INTO `chartmaster` VALUES (8280, 'Foreign Exchange G/L - Other', 'Finance');
INSERT INTO `chartmaster` VALUES (8290, 'Bank Charges', 'Finance');
INSERT INTO `chartmaster` VALUES (8300, 'Credit Card Charges', 'Finance');
INSERT INTO `chartmaster` VALUES (8310, 'Interest Expense', 'Finance');
INSERT INTO `chartmaster` VALUES (8320, 'Currency Exchange Charges', 'Finance');
INSERT INTO `chartmaster` VALUES (8330, 'Courier, Postage', 'Finance');
INSERT INTO `chartmaster` VALUES (8340, 'Bad Debts', 'Finance');
INSERT INTO `chartmaster` VALUES (8370, 'Insurance - EDC', 'Finance');
INSERT INTO `chartmaster` VALUES (8380, 'Amortization', 'Finance');
INSERT INTO `chartmaster` VALUES (8390, 'Miscellaneous Expenses', 'Finance');
INSERT INTO `chartmaster` VALUES (8400, 'IT Support Costs', 'Information Technology');
INSERT INTO `chartmaster` VALUES (8420, 'IT Expenses', 'Information Technology');
INSERT INTO `chartmaster` VALUES (8460, 'Miscellaneous Expenses', 'Information Technology');
INSERT INTO `chartmaster` VALUES (8500, 'Rent', 'Administration');
INSERT INTO `chartmaster` VALUES (8510, 'Office Expenses', 'Administration');
INSERT INTO `chartmaster` VALUES (8520, 'Courier and Postage', 'Administration');
INSERT INTO `chartmaster` VALUES (8530, 'Telephone / Internet / Fax', 'Administration');
INSERT INTO `chartmaster` VALUES (8560, 'Miscellaneous Expenses', 'Administration');
INSERT INTO `chartmaster` VALUES (8620, 'Salaries and Wages', 'Human Resources');
INSERT INTO `chartmaster` VALUES (8630, 'Employee Benefits', 'Human Resources');
INSERT INTO `chartmaster` VALUES (8631, 'RRSP Contributions', 'Human Resources');
INSERT INTO `chartmaster` VALUES (8640, 'Bonuses', 'Human Resources');
INSERT INTO `chartmaster` VALUES (8660, 'Consulting Fees', 'Human Resources');
INSERT INTO `chartmaster` VALUES (8670, 'Training and Development', 'Human Resources');
INSERT INTO `chartmaster` VALUES (8680, 'Hiring Costs', 'Human Resources');
INSERT INTO `chartmaster` VALUES (8690, 'Miscellaneous Expenses', 'Human Resources');
INSERT INTO `chartmaster` VALUES (8710, 'Travel', 'Board of Directors');
INSERT INTO `chartmaster` VALUES (8720, 'Meals and Entertainment', 'Board of Directors');
INSERT INTO `chartmaster` VALUES (8730, 'Training and Development', 'Board of Directors');
INSERT INTO `chartmaster` VALUES (8740, 'Insurance', 'Board of Directors');
INSERT INTO `chartmaster` VALUES (8760, 'Miscellaneous Expenses', 'Board of Directors');

-- --------------------------------------------------------

-- 
-- Table structure for table `cntactivityrel`
-- 

CREATE TABLE `cntactivityrel` (
  `contactid` int(19) NOT NULL default '0',
  `activityid` int(19) NOT NULL default '0',
  PRIMARY KEY  (`activityid`),
  KEY `CntActivityRel_IDX0` (`contactid`)
) ENGINE=InnoDB DEFAULT CHARSET=latin1;

-- 
-- Dumping data for table `cntactivityrel`
-- 


-- --------------------------------------------------------

-- 
-- Table structure for table `cogsglpostings`
-- 

CREATE TABLE `cogsglpostings` (
  `id` int(11) NOT NULL auto_increment,
  `area` char(2) NOT NULL default '',
  `stkcat` varchar(6) NOT NULL default '',
  `glcode` int(11) NOT NULL default '0',
  `salestype` char(2) NOT NULL default 'AN',
  PRIMARY KEY  (`id`),
  UNIQUE KEY `Area_StkCat` (`area`,`stkcat`,`salestype`),
  KEY `Area` (`area`),
  KEY `StkCat` (`stkcat`),
  KEY `GLCode` (`glcode`),
  KEY `SalesType` (`salestype`)
) ENGINE=InnoDB DEFAULT CHARSET=latin1 AUTO_INCREMENT=10 ;

-- 
-- Dumping data for table `cogsglpostings`
-- 

INSERT INTO `cogsglpostings` VALUES (1, 'AN', 'FBA', 5100, 'DE');
INSERT INTO `cogsglpostings` VALUES (3, 'AN', 'FCP', 5100, 'DE');
INSERT INTO `cogsglpostings` VALUES (5, 'AN', 'FOC', 5100, 'DE');
INSERT INTO `cogsglpostings` VALUES (6, 'AN', 'FPR', 5100, 'DE');
INSERT INTO `cogsglpostings` VALUES (7, 'AN', 'FSU', 5100, 'DE');
INSERT INTO `cogsglpostings` VALUES (8, 'AN', 'FHC', 5100, 'DE');
INSERT INTO `cogsglpostings` VALUES (9, 'AN', 'ANY', 5100, 'AN');

-- --------------------------------------------------------

-- 
-- Table structure for table `companies`
-- 

CREATE TABLE `companies` (
  `coycode` int(11) NOT NULL default '1',
  `coyname` varchar(50) NOT NULL default '',
  `gstno` varchar(20) NOT NULL default '',
  `companynumber` varchar(20) NOT NULL default '0',
  `regoffice1` varchar(40) NOT NULL default '',
  `regoffice2` varchar(40) NOT NULL default '',
  `regoffice3` varchar(40) NOT NULL default '',
  `regoffice4` varchar(40) NOT NULL default '',
  `regoffice5` varchar(20) NOT NULL default '',
  `regoffice6` varchar(15) NOT NULL default '',
  `telephone` varchar(25) NOT NULL default '',
  `fax` varchar(25) NOT NULL default '',
  `email` varchar(55) NOT NULL default '',
  `currencydefault` varchar(4) NOT NULL default '',
  `debtorsact` int(11) NOT NULL default '70000',
  `pytdiscountact` int(11) NOT NULL default '55000',
  `creditorsact` int(11) NOT NULL default '80000',
  `payrollact` int(11) NOT NULL default '84000',
  `grnact` int(11) NOT NULL default '72000',
  `exchangediffact` int(11) NOT NULL default '65000',
  `purchasesexchangediffact` int(11) NOT NULL default '0',
  `retainedearnings` int(11) NOT NULL default '90000',
  `gllink_debtors` tinyint(1) default '1',
  `gllink_creditors` tinyint(1) default '1',
  `gllink_stock` tinyint(1) default '1',
  `freightact` int(11) NOT NULL default '0',
  PRIMARY KEY  (`coycode`)
) ENGINE=InnoDB DEFAULT CHARSET=latin1;

-- 
-- Dumping data for table `companies`
-- 

INSERT INTO `companies` VALUES (1, 'Mahsie Open Source', 'GST # 9111111111', '#9111111111', '155B Lorreta', '', 'Ottawa', 'ON', 'k1b4c1', 'Canada', '(613) 555-5555', '(613) 555-5556', 'jmoncrieff@mahsie.com', 'CDN', 1210, 4635, 2010, 2025, 1510, 4650, 5560, 3600, 1, 1, 1, 5531);

-- --------------------------------------------------------

-- 
-- Table structure for table `competitor`
-- 

CREATE TABLE `competitor` (
  `competitorid` int(19) NOT NULL default '0',
  `competitorname` varchar(100) NOT NULL default '',
  `website` varchar(100) default NULL,
  `strength` varchar(250) default NULL,
  `weakness` varchar(250) default NULL,
  PRIMARY KEY  (`competitorid`)
) ENGINE=InnoDB DEFAULT CHARSET=latin1;

-- 
-- Dumping data for table `competitor`
-- 


-- --------------------------------------------------------

-- 
-- Table structure for table `config`
-- 

CREATE TABLE `config` (
  `confname` varchar(35) NOT NULL default '',
  `confvalue` text NOT NULL,
  PRIMARY KEY  (`confname`)
) ENGINE=InnoDB DEFAULT CHARSET=latin1;

-- 
-- Dumping data for table `config`
-- 

INSERT INTO `config` VALUES ('AllowSalesOfZeroCostItems', '0');
INSERT INTO `config` VALUES ('AutoDebtorNo', '0');
INSERT INTO `config` VALUES ('CheckCreditLimits', '0');
INSERT INTO `config` VALUES ('Check_Price_Charged_vs_Order_Price', '0');
INSERT INTO `config` VALUES ('Check_Qty_Charged_vs_Del_Qty', '0');
INSERT INTO `config` VALUES ('CountryOfOperation', 'CDN');
INSERT INTO `config` VALUES ('CreditingControlledItems_MustExist', '0');
INSERT INTO `config` VALUES ('DB_Maintenance', '1');
INSERT INTO `config` VALUES ('DB_Maintenance_LastRun', '2007-08-19');
INSERT INTO `config` VALUES ('DefaultBlindPackNote', '1');
INSERT INTO `config` VALUES ('DefaultCreditLimit', '1000');
INSERT INTO `config` VALUES ('DefaultDateFormat', 'd/m/Y');
INSERT INTO `config` VALUES ('DefaultDisplayRecordsMax', '50');
INSERT INTO `config` VALUES ('DefaultPriceList', 'DE');
INSERT INTO `config` VALUES ('DefaultTaxCategory', '1');
INSERT INTO `config` VALUES ('DefaultTheme', 'professional');
INSERT INTO `config` VALUES ('Default_Shipper', '1');
INSERT INTO `config` VALUES ('DispatchCutOffTime', '14');
INSERT INTO `config` VALUES ('DoFreightCalc', '0');
INSERT INTO `config` VALUES ('EDIHeaderMsgId', 'D:01B:UN:EAN010');
INSERT INTO `config` VALUES ('EDIReference', 'WEBERP');
INSERT INTO `config` VALUES ('EDI_Incoming_Orders', 'companies/weberp/EDI_Incoming_Orders');
INSERT INTO `config` VALUES ('EDI_MsgPending', 'companies/weberp/EDI_MsgPending');
INSERT INTO `config` VALUES ('EDI_MsgSent', 'companies/weberp/EDI_Sent');
INSERT INTO `config` VALUES ('FreightChargeAppliesIfLessThan', '1000');
INSERT INTO `config` VALUES ('FreightTaxCategory', '1');
INSERT INTO `config` VALUES ('HTTPS_Only', '0');
INSERT INTO `config` VALUES ('InvoicePortraitFormat', '1');
INSERT INTO `config` VALUES ('MaxImageSize', '500');
INSERT INTO `config` VALUES ('NumberOfPeriodsOfStockUsage', '12');
INSERT INTO `config` VALUES ('OverChargeProportion', '0');
INSERT INTO `config` VALUES ('OverReceiveProportion', '0');
INSERT INTO `config` VALUES ('PackNoteFormat', '1');
INSERT INTO `config` VALUES ('PageLength', '48');
INSERT INTO `config` VALUES ('part_pics_dir', 'companies/mahsie_demo/part_pics');
INSERT INTO `config` VALUES ('PastDueDays1', '30');
INSERT INTO `config` VALUES ('PastDueDays2', '60');
INSERT INTO `config` VALUES ('PO_AllowSameItemMultipleTimes', '1');
INSERT INTO `config` VALUES ('ProhibitJournalsToControlAccounts', '1');
INSERT INTO `config` VALUES ('QuickEntries', '10');
INSERT INTO `config` VALUES ('RadioBeaconFileCounter', '/home/RadioBeacon/FileCounter');
INSERT INTO `config` VALUES ('RadioBeaconFTP_user_name', 'RadioBeacon ftp server user name');
INSERT INTO `config` VALUES ('RadioBeaconHomeDir', '/home/RadioBeacon');
INSERT INTO `config` VALUES ('RadioBeaconStockLocation', 'BL');
INSERT INTO `config` VALUES ('RadioBraconFTP_server', '192.168.2.2');
INSERT INTO `config` VALUES ('RadioBreaconFilePrefix', 'ORDXX');
INSERT INTO `config` VALUES ('RadionBeaconFTP_user_pass', 'Radio Beacon remote ftp server password');
INSERT INTO `config` VALUES ('reports_dir', 'companies/mahsie_demo/reports/');
INSERT INTO `config` VALUES ('RomalpaClause', 'Ownership will not pass to the buyer until the goods have been paid for in full.');
INSERT INTO `config` VALUES ('Show_Settled_LastMonth', '1');
INSERT INTO `config` VALUES ('SO_AllowSameItemMultipleTimes', '1');
INSERT INTO `config` VALUES ('TaxAuthorityReferenceName', 'Tax Ref');
INSERT INTO `config` VALUES ('WeightedAverageCosting', '1');
INSERT INTO `config` VALUES ('WikiApp', 'Disabled');
INSERT INTO `config` VALUES ('WikiPath', 'wiki');
INSERT INTO `config` VALUES ('YearEnd', '12');

-- --------------------------------------------------------

-- 
-- Table structure for table `contactaddress`
-- 

CREATE TABLE `contactaddress` (
  `contactaddressid` int(19) NOT NULL default '0',
  `mailingcity` varchar(40) default NULL,
  `mailingstreet` varchar(250) default NULL,
  `mailingcountry` varchar(40) default NULL,
  `othercountry` varchar(30) default NULL,
  `mailingstate` varchar(30) default NULL,
  `othercity` varchar(40) default NULL,
  `otherstate` varchar(50) default NULL,
  `mailingzip` varchar(30) default NULL,
  `otherzip` varchar(30) default NULL,
  `otherstreet` varchar(250) default NULL,
  `mailingstreet2` varchar(250) default NULL,
  `otherstreet2` varchar(250) default NULL,
  PRIMARY KEY  (`contactaddressid`)
) ENGINE=InnoDB DEFAULT CHARSET=latin1;

-- 
-- Dumping data for table `contactaddress`
-- 

INSERT INTO `contactaddress` VALUES (1028, 'Ottawa', '285 Churchill Ave. N.', 'CAN', NULL, 'ON', NULL, NULL, 'K1Z 5B7', NULL, NULL, '', NULL);
INSERT INTO `contactaddress` VALUES (1054, 'Montreal', '9754 Mont Royal', 'Quebec', NULL, 'QC', NULL, NULL, 'H5J R3R', NULL, NULL, '', NULL);
INSERT INTO `contactaddress` VALUES (1057, 'Nepean', '87 David Drive', 'CAN', NULL, 'ON', NULL, NULL, 'K2P 8P8', NULL, NULL, '', NULL);
INSERT INTO `contactaddress` VALUES (1059, 'Baie Comeau', '456 ave. bleue', 'CAN', NULL, 'QC', NULL, NULL, 'H5J F4F', NULL, NULL, '', NULL);
INSERT INTO `contactaddress` VALUES (1061, 'Springfield', '782 Evergreen Terrace', 'USA', NULL, 'KY', NULL, NULL, '44337', NULL, NULL, '', NULL);
INSERT INTO `contactaddress` VALUES (1063, 'Liverpool', '65 Abbey Road', 'GBR', NULL, 'EN', NULL, NULL, 'K45D8H', NULL, NULL, '', NULL);
INSERT INTO `contactaddress` VALUES (1065, 'Ottawa', '285 Churchill Ave. N.', 'CAN', NULL, 'ON', NULL, NULL, 'K1Z 5B7', NULL, NULL, '', NULL);
INSERT INTO `contactaddress` VALUES (1069, 'Ottawa', '3 Ridgeburn Gate', 'CAN', NULL, 'AB', NULL, NULL, 'k1b4c1', NULL, NULL, '', NULL);
INSERT INTO `contactaddress` VALUES (1071, 'Ottawa', '3  Ridgeburngate', 'CAN', NULL, 'AB', NULL, NULL, 'Ontaio', NULL, NULL, '', NULL);
INSERT INTO `contactaddress` VALUES (1081, 'Ottawa', '285 Churchill AVe.', 'CAN', NULL, 'ON', NULL, NULL, 'K1Z 5B7', NULL, NULL, '', NULL);
INSERT INTO `contactaddress` VALUES (1085, 'Ottawa', '1234 Main Street', 'CAN', NULL, 'ON', NULL, NULL, 'K1Z 1Z1', NULL, NULL, '', NULL);
INSERT INTO `contactaddress` VALUES (1088, 'Ottawa', '3 ridgeburn Gate', 'CAN', NULL, 'AB', NULL, NULL, 'k1b4c1', NULL, NULL, '', NULL);
INSERT INTO `contactaddress` VALUES (1095, 'Ottawa', '285 Churchill Ave. N.', 'CAN', NULL, 'ON', NULL, NULL, 'K1Z 5B7', NULL, NULL, '', NULL);
INSERT INTO `contactaddress` VALUES (1104, 'Ottawa', '1234 Main', 'CAN', NULL, 'ON', NULL, NULL, 'K1Z 5B7', NULL, NULL, '', NULL);
INSERT INTO `contactaddress` VALUES (1110, 'Ottawa', '1234 Main Street', 'CAN', NULL, 'ON', NULL, NULL, 'K1A 1A1', NULL, NULL, '', NULL);
INSERT INTO `contactaddress` VALUES (1114, 'Washington', '146 Ninth Ave. NW', 'USA', NULL, 'DC', NULL, NULL, '44332-9709', NULL, NULL, '', NULL);
INSERT INTO `contactaddress` VALUES (1119, 'Ottawa', '3 ridgeBurn gate', 'CAN', NULL, 'AB', NULL, NULL, 'ontario', NULL, NULL, '', NULL);
INSERT INTO `contactaddress` VALUES (1122, 'Ottawa', '1234 Main', 'CAN', NULL, 'ON', NULL, NULL, 'K1A1A1', NULL, NULL, '', NULL);
INSERT INTO `contactaddress` VALUES (1129, 'Ottawa', '1234 Main St.', 'CAN', NULL, 'ON', NULL, NULL, 'K1Z5B7', NULL, NULL, '', NULL);
INSERT INTO `contactaddress` VALUES (1132, 'Gloucester', '3 ridgebun Gate', 'CAN', NULL, 'AB', NULL, NULL, 'k1b4c1', NULL, NULL, '', NULL);

-- --------------------------------------------------------

-- 
-- Table structure for table `contactdetails`
-- 

CREATE TABLE `contactdetails` (
  `contactid` int(19) NOT NULL default '0',
  `accountid` int(19) default NULL,
  `salutation` varchar(50) default 'Mr',
  `firstname` varchar(40) default NULL,
  `lastname` varchar(80) NOT NULL default '',
  `email` varchar(100) default NULL,
  `phone` varchar(50) default NULL,
  `mobile` varchar(50) default NULL,
  `title` varchar(50) default NULL,
  `department` varchar(50) default NULL,
  `fax` varchar(50) default NULL,
  `reportsto` varchar(30) default NULL,
  `training` varchar(50) default NULL,
  `usertype` varchar(50) default NULL,
  `contacttype` varchar(50) default NULL,
  `otheremail` varchar(100) default NULL,
  `yahooid` varchar(100) default NULL,
  `donotcall` char(3) default NULL,
  `emailoptout` char(3) default '0',
  `currency` varchar(20) default 'Dollars',
  PRIMARY KEY  (`contactid`),
  KEY `ContactDetails_IDX1` (`accountid`)
) ENGINE=InnoDB DEFAULT CHARSET=latin1;

-- 
-- Dumping data for table `contactdetails`
-- 

INSERT INTO `contactdetails` VALUES (1028, 1027, 'Mr', 'Gareth', 'Spanglett', 'gareth@mahsie.com', '613-761-1489', NULL, NULL, NULL, NULL, NULL, NULL, NULL, NULL, NULL, NULL, NULL, '0', 'Dollars');
INSERT INTO `contactdetails` VALUES (1054, 1053, '', 'Beverley', 'Sauv', '', '514-445-6889', '', '', NULL, '', NULL, NULL, NULL, NULL, NULL, '', NULL, '0', 'Dollars');
INSERT INTO `contactdetails` VALUES (1057, 1056, 'Mr', 'Douglas', 'McGrath', 'gspanglett@gmail.com', '613-226-2838', NULL, NULL, NULL, NULL, NULL, NULL, NULL, NULL, NULL, NULL, NULL, '0', 'Dollars');
INSERT INTO `contactdetails` VALUES (1059, 1058, 'Mr', 'Benot', 'Franois', 'gareth@agora2.com', '819-804-2222', NULL, NULL, NULL, NULL, NULL, NULL, NULL, NULL, NULL, NULL, NULL, '0', 'Dollars');
INSERT INTO `contactdetails` VALUES (1061, 1060, 'Mr', 'Carl', 'Carlson', 'temp1@nepeanseniors.ca', '456-999-0000', NULL, NULL, NULL, NULL, NULL, NULL, NULL, NULL, NULL, NULL, NULL, '0', 'Dollars');
INSERT INTO `contactdetails` VALUES (1063, 1062, 'Mr', 'Freddy', 'Mecury', 'quarantine@nepeancommunitysupport.com', '011-234-457-685756', NULL, NULL, NULL, NULL, NULL, NULL, NULL, NULL, NULL, NULL, NULL, '0', 'Dollars');
INSERT INTO `contactdetails` VALUES (1065, 1064, 'Mr', 'Gareth', 'Spanglett', 'gareth@agora-group.com', '613-761-1489', NULL, NULL, NULL, NULL, NULL, NULL, NULL, NULL, NULL, NULL, NULL, '0', 'Dollars');
INSERT INTO `contactdetails` VALUES (1069, 1068, 'Mr', 'Jeffrey', 'Moncrieff', 'jeff@mahsie.com', '613-830-0220', NULL, NULL, NULL, NULL, NULL, NULL, NULL, NULL, NULL, NULL, NULL, '0', 'Dollars');
INSERT INTO `contactdetails` VALUES (1071, 1070, 'Mr', 'Jeffrey', 'Moncrieff', 'jmoncrieff@mahsie.org', '613-830-0220', NULL, NULL, NULL, NULL, NULL, NULL, NULL, NULL, NULL, NULL, NULL, '0', 'Dollars');
INSERT INTO `contactdetails` VALUES (1081, 1080, 'Mr', 'Gareth', 'Spanglett', 'gspanglett@rogers.com', '613-761-1489', NULL, NULL, NULL, NULL, NULL, NULL, NULL, NULL, NULL, NULL, NULL, '0', 'Dollars');
INSERT INTO `contactdetails` VALUES (1085, 1084, 'Mr', 'John', 'Doe', 'quixote1024@yahoo.ca', '613-555-5555', NULL, NULL, NULL, NULL, NULL, NULL, NULL, NULL, NULL, NULL, NULL, '0', 'Dollars');
INSERT INTO `contactdetails` VALUES (1088, 1087, 'Mr', 'Jeffrey', 'Moncrieff', 'jmoncrieff@mahsie.com', '830-0220', NULL, NULL, NULL, NULL, NULL, NULL, NULL, NULL, NULL, NULL, NULL, '0', 'Dollars');
INSERT INTO `contactdetails` VALUES (1095, 1094, 'Mr', 'Gareth', 'Spanglett', 'gareth@agora-group.com', '613-761-1489', NULL, NULL, NULL, NULL, NULL, NULL, NULL, NULL, NULL, NULL, NULL, '0', 'Dollars');
INSERT INTO `contactdetails` VALUES (1104, 1103, 'Mr', 'Gareth', 'Spanglett', 'gareth@mahsie.com', '613-555-1212', NULL, NULL, NULL, NULL, NULL, NULL, NULL, NULL, NULL, NULL, NULL, '0', 'Dollars');
INSERT INTO `contactdetails` VALUES (1110, 1109, 'Mr', 'Klaus', 'Vachon', 'mikepowers40@yahoo.ca', '613-555-1212', NULL, NULL, NULL, NULL, NULL, NULL, NULL, NULL, NULL, NULL, NULL, '0', 'Dollars');
INSERT INTO `contactdetails` VALUES (1114, 1113, '', 'Diane', 'Finestone', '', '450-456-7777', '', '', NULL, '', NULL, NULL, NULL, NULL, NULL, '', NULL, '0', 'Dollars');
INSERT INTO `contactdetails` VALUES (1119, 1118, 'Mr', 'Jeffrey', 'Moncrieff', 'jeffrey.moncrieff@mahsie.com', '613-830-0220', NULL, NULL, NULL, NULL, NULL, NULL, NULL, NULL, NULL, NULL, NULL, '0', 'Dollars');
INSERT INTO `contactdetails` VALUES (1122, 1121, 'Mr', 'Gareth', 'Spanglett', 'prsidoro@mavericsolutions.ca', '613-761-1489', NULL, NULL, NULL, NULL, NULL, NULL, NULL, NULL, NULL, NULL, NULL, '0', 'Dollars');
INSERT INTO `contactdetails` VALUES (1129, 1128, 'Mr', 'Vic', 'Vaid', 'vic@vaid.com', '613-555-5555', NULL, NULL, NULL, NULL, NULL, NULL, NULL, NULL, NULL, NULL, NULL, '0', 'Dollars');
INSERT INTO `contactdetails` VALUES (1132, 1131, 'Mr', 'Jeffrey', 'Moncrieff', 'jmoncrieff@mahsie.com', '613-830-0220', NULL, NULL, NULL, NULL, NULL, NULL, NULL, NULL, NULL, NULL, NULL, '0', 'Dollars');

-- --------------------------------------------------------

-- 
-- Table structure for table `contactscf`
-- 

CREATE TABLE `contactscf` (
  `contactid` int(19) NOT NULL default '0',
  PRIMARY KEY  (`contactid`)
) ENGINE=InnoDB DEFAULT CHARSET=latin1;

-- 
-- Dumping data for table `contactscf`
-- 

INSERT INTO `contactscf` VALUES (1028);
INSERT INTO `contactscf` VALUES (1054);
INSERT INTO `contactscf` VALUES (1057);
INSERT INTO `contactscf` VALUES (1059);
INSERT INTO `contactscf` VALUES (1061);
INSERT INTO `contactscf` VALUES (1063);
INSERT INTO `contactscf` VALUES (1065);
INSERT INTO `contactscf` VALUES (1069);
INSERT INTO `contactscf` VALUES (1071);
INSERT INTO `contactscf` VALUES (1081);
INSERT INTO `contactscf` VALUES (1085);
INSERT INTO `contactscf` VALUES (1088);
INSERT INTO `contactscf` VALUES (1095);
INSERT INTO `contactscf` VALUES (1104);
INSERT INTO `contactscf` VALUES (1110);
INSERT INTO `contactscf` VALUES (1114);
INSERT INTO `contactscf` VALUES (1119);
INSERT INTO `contactscf` VALUES (1122);
INSERT INTO `contactscf` VALUES (1129);
INSERT INTO `contactscf` VALUES (1132);

-- --------------------------------------------------------

-- 
-- Table structure for table `contactsubdetails`
-- 

CREATE TABLE `contactsubdetails` (
  `contactsubscriptionid` int(19) NOT NULL default '0',
  `homephone` varchar(50) default NULL,
  `otherphone` varchar(50) default NULL,
  `assistant` varchar(30) default NULL,
  `assistantphone` varchar(50) default NULL,
  `birthday` date default NULL,
  `laststayintouchrequest` int(30) default '0',
  `laststayintouchsavedate` int(19) default '0',
  `leadsource` varchar(50) default NULL,
  PRIMARY KEY  (`contactsubscriptionid`)
) ENGINE=InnoDB DEFAULT CHARSET=latin1;

-- 
-- Dumping data for table `contactsubdetails`
-- 

INSERT INTO `contactsubdetails` VALUES (1028, '613-761-1489', NULL, NULL, NULL, NULL, 0, 0, NULL);
INSERT INTO `contactsubdetails` VALUES (1054, '514-445-6889', '514-445-6889', NULL, NULL, NULL, 0, 0, 'Direct Mail');
INSERT INTO `contactsubdetails` VALUES (1057, '613-226-2838', NULL, NULL, NULL, NULL, 0, 0, NULL);
INSERT INTO `contactsubdetails` VALUES (1059, '819-804-2222', NULL, NULL, NULL, NULL, 0, 0, NULL);
INSERT INTO `contactsubdetails` VALUES (1061, '456-999-0000', NULL, NULL, NULL, NULL, 0, 0, NULL);
INSERT INTO `contactsubdetails` VALUES (1063, '011-234-457-685756', NULL, NULL, NULL, NULL, 0, 0, NULL);
INSERT INTO `contactsubdetails` VALUES (1065, '613-761-1489', NULL, NULL, NULL, NULL, 0, 0, NULL);
INSERT INTO `contactsubdetails` VALUES (1069, '613-830-0220', NULL, NULL, NULL, NULL, 0, 0, NULL);
INSERT INTO `contactsubdetails` VALUES (1071, '613-830-0220', NULL, NULL, NULL, NULL, 0, 0, NULL);
INSERT INTO `contactsubdetails` VALUES (1081, '613-761-1489', NULL, NULL, NULL, NULL, 0, 0, NULL);
INSERT INTO `contactsubdetails` VALUES (1085, '613-555-5555', NULL, NULL, NULL, NULL, 0, 0, NULL);
INSERT INTO `contactsubdetails` VALUES (1088, '830-0220', NULL, NULL, NULL, NULL, 0, 0, NULL);
INSERT INTO `contactsubdetails` VALUES (1095, '613-761-1489', NULL, NULL, NULL, NULL, 0, 0, NULL);
INSERT INTO `contactsubdetails` VALUES (1104, '613-555-1212', NULL, NULL, NULL, NULL, 0, 0, NULL);
INSERT INTO `contactsubdetails` VALUES (1110, '613-555-1212', NULL, NULL, NULL, NULL, 0, 0, NULL);
INSERT INTO `contactsubdetails` VALUES (1114, '450-456-7777', '450-456-7777', NULL, NULL, NULL, 0, 0, 'Existing Customer');
INSERT INTO `contactsubdetails` VALUES (1119, '613-830-0220', NULL, NULL, NULL, NULL, 0, 0, NULL);
INSERT INTO `contactsubdetails` VALUES (1122, '613-761-1489', NULL, NULL, NULL, NULL, 0, 0, NULL);
INSERT INTO `contactsubdetails` VALUES (1129, '613-555-5555', NULL, NULL, NULL, NULL, 0, 0, NULL);
INSERT INTO `contactsubdetails` VALUES (1132, '613-830-0220', NULL, NULL, NULL, NULL, 0, 0, NULL);

-- --------------------------------------------------------

-- 
-- Table structure for table `contacttype`
-- 

CREATE TABLE `contacttype` (
  `contacttypeid` int(19) NOT NULL auto_increment,
  `contacttype` varchar(200) NOT NULL default '',
  `sortorderid` int(19) NOT NULL default '0',
  `presence` int(1) NOT NULL default '1',
  PRIMARY KEY  (`contacttypeid`),
  UNIQUE KEY `ContactType_UK0` (`contacttype`)
) ENGINE=InnoDB DEFAULT CHARSET=latin1 AUTO_INCREMENT=1 ;

-- 
-- Dumping data for table `contacttype`
-- 


-- --------------------------------------------------------

-- 
-- Table structure for table `contpotentialrel`
-- 

CREATE TABLE `contpotentialrel` (
  `contactid` int(19) NOT NULL default '0',
  `potentialid` int(19) NOT NULL default '0',
  PRIMARY KEY  (`contactid`,`potentialid`),
  KEY `ContPotentialRel_IDX0` (`potentialid`),
  KEY `ContPotentialRel_IDX1` (`contactid`)
) ENGINE=InnoDB DEFAULT CHARSET=latin1;

-- 
-- Dumping data for table `contpotentialrel`
-- 

INSERT INTO `contpotentialrel` VALUES (1054, 1055);
INSERT INTO `contpotentialrel` VALUES (1114, 1115);

-- --------------------------------------------------------

-- 
-- Table structure for table `contractbom`
-- 

CREATE TABLE `contractbom` (
  `contractref` char(20) NOT NULL default '',
  `component` char(20) NOT NULL default '',
  `workcentreadded` char(5) NOT NULL default '',
  `loccode` char(5) NOT NULL default '',
  `quantity` double NOT NULL default '1',
  PRIMARY KEY  (`contractref`,`component`,`workcentreadded`,`loccode`),
  KEY `Component` (`component`),
  KEY `LocCode` (`loccode`),
  KEY `ContractRef` (`contractref`),
  KEY `WorkCentreAdded` (`workcentreadded`),
  KEY `WorkCentreAdded_2` (`workcentreadded`)
) ENGINE=InnoDB DEFAULT CHARSET=latin1;

-- 
-- Dumping data for table `contractbom`
-- 


-- --------------------------------------------------------

-- 
-- Table structure for table `contractreqts`
-- 

CREATE TABLE `contractreqts` (
  `contractreqid` int(11) NOT NULL auto_increment,
  `contract` char(20) NOT NULL default '',
  `component` char(40) NOT NULL default '',
  `quantity` double NOT NULL default '1',
  `priceperunit` decimal(20,4) NOT NULL default '0.0000',
  PRIMARY KEY  (`contractreqid`),
  KEY `Contract` (`contract`)
) ENGINE=InnoDB DEFAULT CHARSET=latin1 AUTO_INCREMENT=1 ;

-- 
-- Dumping data for table `contractreqts`
-- 


-- --------------------------------------------------------

-- 
-- Table structure for table `contracts`
-- 

CREATE TABLE `contracts` (
  `contractref` varchar(20) NOT NULL default '',
  `contractdescription` varchar(50) NOT NULL default '',
  `debtorno` varchar(10) NOT NULL default '',
  `branchcode` varchar(10) NOT NULL default '',
  `status` varchar(10) NOT NULL default 'Quotation',
  `categoryid` varchar(6) NOT NULL default '',
  `typeabbrev` char(2) NOT NULL default '',
  `orderno` int(11) NOT NULL default '0',
  `quotedpricefx` decimal(20,4) NOT NULL default '0.0000',
  `margin` double NOT NULL default '1',
  `woref` varchar(20) NOT NULL default '',
  `requireddate` datetime NOT NULL default '0000-00-00 00:00:00',
  `canceldate` datetime NOT NULL default '0000-00-00 00:00:00',
  `quantityreqd` double NOT NULL default '1',
  `specifications` longblob NOT NULL,
  `datequoted` datetime NOT NULL default '0000-00-00 00:00:00',
  `units` varchar(15) NOT NULL default 'Each',
  `drawing` longblob NOT NULL,
  `rate` double NOT NULL default '1',
  PRIMARY KEY  (`contractref`),
  KEY `OrderNo` (`orderno`),
  KEY `CategoryID` (`categoryid`),
  KEY `Status` (`status`),
  KEY `TypeAbbrev` (`typeabbrev`),
  KEY `WORef` (`woref`),
  KEY `DebtorNo` (`debtorno`,`branchcode`)
) ENGINE=InnoDB DEFAULT CHARSET=latin1;

-- 
-- Dumping data for table `contracts`
-- 


-- --------------------------------------------------------

-- 
-- Table structure for table `convertleadmapping`
-- 

CREATE TABLE `convertleadmapping` (
  `cfmid` int(19) NOT NULL auto_increment,
  `leadfid` int(19) NOT NULL default '0',
  `accountfid` int(19) default NULL,
  `contactfid` int(19) default NULL,
  `potentialfid` int(19) default NULL,
  PRIMARY KEY  (`cfmid`)
) ENGINE=InnoDB DEFAULT CHARSET=latin1 AUTO_INCREMENT=1 ;

-- 
-- Dumping data for table `convertleadmapping`
-- 


-- --------------------------------------------------------

-- 
-- Table structure for table `crmentity`
-- 

CREATE TABLE `crmentity` (
  `crmid` int(19) NOT NULL default '0',
  `smcreatorid` int(19) NOT NULL default '0',
  `smownerid` int(19) NOT NULL default '0',
  `modifiedby` int(19) NOT NULL default '0',
  `setype` varchar(30) NOT NULL default '',
  `description` longtext,
  `createdtime` datetime NOT NULL default '0000-00-00 00:00:00',
  `modifiedtime` datetime NOT NULL default '0000-00-00 00:00:00',
  `viewedtime` datetime default NULL,
  `status` varchar(50) default NULL,
  `version` int(19) NOT NULL default '0',
  `presence` int(1) default '1',
  `deleted` int(1) NOT NULL default '0',
  PRIMARY KEY  (`crmid`),
  KEY `crmentity_IDX0` (`smcreatorid`),
  KEY `crmentity_IDX1` (`smownerid`),
  KEY `crmentity_IDX2` (`modifiedby`),
  KEY `deleted` (`deleted`,`smownerid`),
  KEY `smownerid` (`smownerid`,`deleted`)
) ENGINE=InnoDB DEFAULT CHARSET=latin1;

-- 
-- Dumping data for table `crmentity`
-- 

INSERT INTO `crmentity` VALUES (1001, 1, 1, 0, 'Leads', '', '2007-03-21 12:30:52', '2007-03-21 12:30:52', NULL, NULL, 0, 1, 0);
INSERT INTO `crmentity` VALUES (1002, 1, 1, 0, 'Leads', '', '2007-03-21 12:32:16', '2007-03-21 12:32:16', NULL, NULL, 0, 1, 0);
INSERT INTO `crmentity` VALUES (1003, 1, 1, 0, 'Leads', '', '2007-03-21 12:32:49', '2007-03-21 12:32:49', NULL, NULL, 0, 1, 0);
INSERT INTO `crmentity` VALUES (1004, 1, 1, 0, 'Leads', '', '2007-03-21 12:34:20', '2007-03-21 12:34:20', NULL, NULL, 0, 1, 0);
INSERT INTO `crmentity` VALUES (1005, 1, 1, 0, 'Leads', '', '2007-03-21 12:36:07', '2007-03-21 12:36:07', NULL, NULL, 0, 1, 0);
INSERT INTO `crmentity` VALUES (1006, 1, 1, 0, 'Leads', '', '2007-03-21 12:38:32', '2007-03-21 12:38:32', NULL, NULL, 0, 1, 0);
INSERT INTO `crmentity` VALUES (1027, 1, 657, 1, 'Accounts', '', '2007-03-21 21:26:57', '2007-03-22 13:09:23', NULL, NULL, 0, 1, 0);
INSERT INTO `crmentity` VALUES (1028, 1, 1, 0, 'Contacts', '', '2007-03-21 21:26:57', '2007-03-21 21:26:57', NULL, NULL, 0, 1, 0);
INSERT INTO `crmentity` VALUES (1029, 1, 1, 0, 'Products', '', '2007-03-21 22:46:28', '2007-03-21 22:59:52', NULL, NULL, 0, 1, 0);
INSERT INTO `crmentity` VALUES (1030, 1, 1, 0, 'Products', '', '2007-03-21 23:04:09', '2007-03-21 23:04:09', NULL, NULL, 0, 1, 0);
INSERT INTO `crmentity` VALUES (1031, 1, 1, 0, 'Products', '', '2007-03-21 23:06:03', '2007-03-21 23:06:03', NULL, NULL, 0, 1, 0);
INSERT INTO `crmentity` VALUES (1032, 1, 1, 0, 'Products', '', '2007-03-21 23:07:45', '2007-05-08 12:44:39', NULL, NULL, 0, 1, 0);
INSERT INTO `crmentity` VALUES (1033, 1, 1, 0, 'Products', '', '2007-03-21 23:10:06', '2007-03-21 23:10:06', NULL, NULL, 0, 1, 0);
INSERT INTO `crmentity` VALUES (1034, 1, 1, 0, 'Products', '', '2007-03-21 23:11:43', '2007-03-21 23:11:43', NULL, NULL, 0, 1, 0);
INSERT INTO `crmentity` VALUES (1035, 1, 1, 0, 'Products', '', '2007-03-21 23:12:24', '2007-03-21 23:12:24', NULL, NULL, 0, 1, 0);
INSERT INTO `crmentity` VALUES (1036, 1, 1, 0, 'Products', '', '2007-03-21 23:13:25', '2007-03-21 23:13:25', NULL, NULL, 0, 1, 0);
INSERT INTO `crmentity` VALUES (1037, 1, 1, 0, 'Products', '', '2007-03-21 23:17:45', '2007-03-21 23:17:45', NULL, NULL, 0, 1, 0);
INSERT INTO `crmentity` VALUES (1038, 1, 1, 0, 'Products', '', '2007-03-21 23:20:01', '2007-03-21 23:20:01', NULL, NULL, 0, 1, 0);
INSERT INTO `crmentity` VALUES (1039, 1, 1, 0, 'Products', '', '2007-03-21 23:21:23', '2007-03-21 23:21:23', NULL, NULL, 0, 1, 0);
INSERT INTO `crmentity` VALUES (1040, 1, 1, 0, 'Products', '', '2007-03-21 23:22:54', '2007-05-08 12:44:17', NULL, NULL, 0, 1, 0);
INSERT INTO `crmentity` VALUES (1041, 1, 1, 0, 'Products', '', '2007-03-21 23:24:00', '2007-03-21 23:24:00', NULL, NULL, 0, 1, 0);
INSERT INTO `crmentity` VALUES (1042, 1, 1, 0, 'Products', '', '2007-03-21 23:25:04', '2007-05-08 12:43:20', NULL, NULL, 0, 1, 0);
INSERT INTO `crmentity` VALUES (1043, 1, 1, 0, 'Products', '', '2007-03-21 23:26:06', '2007-05-08 12:42:05', NULL, NULL, 0, 1, 0);
INSERT INTO `crmentity` VALUES (1044, 1, 1, 0, 'Products', '', '2007-03-22 00:11:38', '2007-03-22 00:11:38', NULL, NULL, 0, 1, 0);
INSERT INTO `crmentity` VALUES (1045, 1, 1, 0, 'Products', '', '2007-03-22 00:12:22', '2007-03-22 00:12:22', NULL, NULL, 0, 1, 0);
INSERT INTO `crmentity` VALUES (1046, 1, 1, 0, 'Products', '', '2007-03-22 00:13:47', '2007-03-22 00:13:47', NULL, NULL, 0, 1, 0);
INSERT INTO `crmentity` VALUES (1047, 1, 1, 0, 'Products', '', '2007-03-22 00:14:27', '2007-03-22 00:14:27', NULL, NULL, 0, 1, 0);
INSERT INTO `crmentity` VALUES (1048, 1, 1, 0, 'Leads', '', '2007-03-22 00:22:51', '2007-03-22 00:22:51', NULL, NULL, 0, 1, 0);
INSERT INTO `crmentity` VALUES (1049, 1, 1, 0, 'Leads', '', '2007-03-22 00:24:57', '2007-03-22 00:24:57', NULL, NULL, 0, 1, 0);
INSERT INTO `crmentity` VALUES (1050, 1, 1, 0, 'Leads', '', '2007-03-22 00:27:17', '2007-03-22 00:27:17', NULL, NULL, 0, 1, 0);
INSERT INTO `crmentity` VALUES (1051, 1, 1, 0, 'Leads', '', '2007-03-22 00:29:23', '2007-03-22 00:29:23', NULL, NULL, 0, 1, 0);
INSERT INTO `crmentity` VALUES (1053, 1, 657, 1, 'Accounts', '', '2007-03-22 00:30:17', '2007-03-22 13:09:38', NULL, NULL, 0, 1, 0);
INSERT INTO `crmentity` VALUES (1054, 1, 1, 0, 'Contacts', '', '2007-03-22 00:30:17', '0000-00-00 00:00:00', NULL, NULL, 0, 0, 0);
INSERT INTO `crmentity` VALUES (1055, 1, 657, 1, 'Potentials', '', '2007-03-22 00:30:17', '2007-03-22 13:12:12', NULL, NULL, 0, 0, 0);
INSERT INTO `crmentity` VALUES (1056, 1, 657, 1, 'Accounts', '', '2007-03-22 01:12:51', '2007-03-22 13:09:54', NULL, NULL, 0, 1, 0);
INSERT INTO `crmentity` VALUES (1057, 1, 1, 0, 'Contacts', '', '2007-03-22 01:12:51', '2007-03-22 01:12:51', NULL, NULL, 0, 1, 0);
INSERT INTO `crmentity` VALUES (1058, 1, 657, 1, 'Accounts', '', '2007-03-22 01:22:38', '2007-03-22 13:11:25', NULL, NULL, 0, 1, 0);
INSERT INTO `crmentity` VALUES (1059, 1, 1, 0, 'Contacts', '', '2007-03-22 01:22:38', '2007-03-22 01:22:38', NULL, NULL, 0, 1, 0);
INSERT INTO `crmentity` VALUES (1060, 1, 657, 1, 'Accounts', '', '2007-03-22 01:26:38', '2007-03-22 13:11:38', NULL, NULL, 0, 1, 0);
INSERT INTO `crmentity` VALUES (1061, 1, 1, 0, 'Contacts', '', '2007-03-22 01:26:38', '2007-03-22 01:26:38', NULL, NULL, 0, 1, 0);
INSERT INTO `crmentity` VALUES (1062, 1, 657, 1, 'Accounts', '', '2007-03-22 02:34:20', '2007-03-22 13:11:52', NULL, NULL, 0, 1, 0);
INSERT INTO `crmentity` VALUES (1063, 1, 1, 0, 'Contacts', '', '2007-03-22 02:34:20', '2007-03-22 02:34:20', NULL, NULL, 0, 1, 0);
INSERT INTO `crmentity` VALUES (1064, 1, 1, 0, 'Accounts', '', '2007-03-27 11:17:36', '2007-03-27 11:17:36', NULL, NULL, 0, 1, 0);
INSERT INTO `crmentity` VALUES (1065, 1, 1, 0, 'Contacts', '', '2007-03-27 11:17:36', '2007-03-27 11:17:36', NULL, NULL, 0, 1, 0);
INSERT INTO `crmentity` VALUES (1066, 1, 1, 0, 'SalesOrders', '', '2007-03-27 11:18:02', '2007-03-27 11:18:02', NULL, NULL, 0, 1, 0);
INSERT INTO `crmentity` VALUES (1067, 1, 1, 0, 'SalesOrders', '', '2007-03-27 19:13:43', '2007-03-27 19:13:43', NULL, NULL, 0, 1, 0);
INSERT INTO `crmentity` VALUES (1068, 1, 1, 0, 'Accounts', '', '2007-03-28 10:51:31', '2007-03-28 10:51:31', NULL, NULL, 0, 1, 0);
INSERT INTO `crmentity` VALUES (1069, 1, 1, 0, 'Contacts', '', '2007-03-28 10:51:31', '2007-03-28 10:51:31', NULL, NULL, 0, 1, 0);
INSERT INTO `crmentity` VALUES (1070, 1, 1, 0, 'Accounts', '', '2007-03-28 17:34:45', '2007-03-28 17:34:45', NULL, NULL, 0, 1, 0);
INSERT INTO `crmentity` VALUES (1071, 1, 1, 0, 'Contacts', '', '2007-03-28 17:34:45', '2007-03-28 17:34:45', NULL, NULL, 0, 1, 0);
INSERT INTO `crmentity` VALUES (1072, 1, 1, 0, 'SalesOrders', ' Invoice 1001', '2007-03-28 17:35:39', '2007-03-28 17:35:39', NULL, NULL, 0, 1, 0);
INSERT INTO `crmentity` VALUES (1073, 1, 1, 0, 'Accounts', '', '2007-03-31 23:18:54', '2007-03-31 23:18:54', NULL, NULL, 0, 1, 0);
INSERT INTO `crmentity` VALUES (1074, 1, 1, 0, 'Accounts', '', '2007-04-01 00:32:40', '2007-04-01 00:32:40', NULL, NULL, 0, 1, 0);
INSERT INTO `crmentity` VALUES (1075, 1, 1, 0, 'Accounts', '', '2007-04-01 00:36:28', '2007-04-01 00:36:28', NULL, NULL, 0, 1, 0);
INSERT INTO `crmentity` VALUES (1076, 1, 1, 0, 'Accounts', '', '2007-04-01 00:44:17', '2007-04-01 00:44:17', NULL, NULL, 0, 1, 0);
INSERT INTO `crmentity` VALUES (1077, 1, 1, 0, 'Accounts', '', '2007-04-01 00:45:21', '2007-04-01 00:45:21', NULL, NULL, 0, 1, 0);
INSERT INTO `crmentity` VALUES (1078, 1, 1, 0, 'SalesOrders', '', '2007-04-02 14:10:26', '2007-04-02 14:10:26', NULL, NULL, 0, 1, 0);
INSERT INTO `crmentity` VALUES (1079, 1, 1, 0, 'SalesOrders', '', '2007-04-02 14:19:23', '2007-04-02 14:19:23', NULL, NULL, 0, 1, 0);
INSERT INTO `crmentity` VALUES (1080, 1, 1, 0, 'Accounts', '', '2007-04-02 16:56:28', '2007-04-02 16:56:28', NULL, NULL, 0, 1, 0);
INSERT INTO `crmentity` VALUES (1081, 1, 1, 0, 'Contacts', '', '2007-04-02 16:56:28', '2007-04-02 16:56:28', NULL, NULL, 0, 1, 0);
INSERT INTO `crmentity` VALUES (1082, 1, 1, 1, 'SalesOrders', ' Invoice 1005', '2007-04-02 16:56:49', '2007-04-16 19:54:03', NULL, NULL, 0, 1, 0);
INSERT INTO `crmentity` VALUES (1083, 1, 1, 0, 'SalesOrders', ' Invoice 1004', '2007-04-16 09:50:38', '2007-04-16 09:50:38', NULL, NULL, 0, 1, 0);
INSERT INTO `crmentity` VALUES (1084, 1, 1, 0, 'Accounts', '', '2007-04-16 10:00:32', '2007-04-16 10:00:32', NULL, NULL, 0, 1, 0);
INSERT INTO `crmentity` VALUES (1085, 1, 1, 0, 'Contacts', '', '2007-04-16 10:00:32', '2007-04-16 10:00:32', NULL, NULL, 0, 1, 0);
INSERT INTO `crmentity` VALUES (1086, 1, 1, 0, 'SalesOrders', ' Invoice 1006', '2007-04-16 10:00:46', '2007-04-16 10:00:46', NULL, NULL, 0, 1, 0);
INSERT INTO `crmentity` VALUES (1087, 1, 1, 0, 'Accounts', '', '2007-04-16 12:03:31', '2007-04-16 12:03:31', NULL, NULL, 0, 1, 0);
INSERT INTO `crmentity` VALUES (1088, 1, 1, 0, 'Contacts', '', '2007-04-16 12:03:31', '2007-04-16 12:03:31', NULL, NULL, 0, 1, 0);
INSERT INTO `crmentity` VALUES (1089, 1, 1, 0, 'SalesOrders', ' Invoice 1002', '2007-04-16 12:13:50', '2007-04-16 12:13:50', NULL, NULL, 0, 1, 0);
INSERT INTO `crmentity` VALUES (1090, 1, 1, 0, 'SalesOrders', '', '2007-04-16 15:19:16', '2007-04-16 15:19:16', NULL, NULL, 0, 1, 0);
INSERT INTO `crmentity` VALUES (1091, 1, 1, 0, 'SalesOrders', ' Invoice 1003', '2007-04-16 16:57:18', '2007-04-16 16:57:18', NULL, NULL, 0, 1, 0);
INSERT INTO `crmentity` VALUES (1092, 1, 1, 0, 'SalesOrders', ' Invoice 1007', '2007-04-16 18:18:36', '2007-04-16 18:18:36', NULL, NULL, 0, 1, 0);
INSERT INTO `crmentity` VALUES (1093, 1, 1, 0, 'SalesOrder', '', '2007-04-17 14:11:53', '2007-04-17 14:11:53', NULL, NULL, 0, 1, 0);
INSERT INTO `crmentity` VALUES (1094, 1, 1, 0, 'Accounts', '', '2007-04-23 13:50:28', '2007-04-23 13:50:28', NULL, NULL, 0, 1, 0);
INSERT INTO `crmentity` VALUES (1095, 1, 1, 0, 'Contacts', '', '2007-04-23 13:50:28', '2007-04-23 13:50:28', NULL, NULL, 0, 1, 0);
INSERT INTO `crmentity` VALUES (1096, 1, 1, 0, 'SalesOrders', '', '2007-04-23 13:51:44', '2007-04-23 13:51:44', NULL, NULL, 0, 1, 0);
INSERT INTO `crmentity` VALUES (1097, 1, 1, 0, 'SalesOrders', '', '2007-04-23 14:05:24', '2007-04-23 14:05:24', NULL, NULL, 0, 1, 0);
INSERT INTO `crmentity` VALUES (1098, 1, 1, 0, 'SalesOrders', '', '2007-04-23 14:42:34', '2007-04-23 14:42:34', NULL, NULL, 0, 1, 0);
INSERT INTO `crmentity` VALUES (1099, 1, 1, 0, 'SalesOrders', '', '2007-04-23 14:44:01', '2007-04-23 14:44:01', NULL, NULL, 0, 1, 0);
INSERT INTO `crmentity` VALUES (1100, 1, 1, 0, 'SalesOrders', '', '2007-04-23 14:45:16', '2007-04-23 14:45:16', NULL, NULL, 0, 1, 0);
INSERT INTO `crmentity` VALUES (1101, 1, 1, 0, 'SalesOrders', '', '2007-04-23 14:48:58', '2007-04-23 14:48:58', NULL, NULL, 0, 1, 0);
INSERT INTO `crmentity` VALUES (1102, 1, 1, 0, 'SalesOrders', '', '2007-04-23 14:52:45', '2007-04-23 14:52:45', NULL, NULL, 0, 1, 0);
INSERT INTO `crmentity` VALUES (1103, 1, 1, 0, 'Accounts', '', '2007-05-08 12:22:38', '2007-05-08 12:22:38', NULL, NULL, 0, 1, 0);
INSERT INTO `crmentity` VALUES (1104, 1, 1, 0, 'Contacts', '', '2007-05-08 12:22:39', '2007-05-08 12:22:39', NULL, NULL, 0, 1, 0);
INSERT INTO `crmentity` VALUES (1105, 1, 1, 0, 'SalesOrders', '', '2007-05-08 12:22:56', '2007-05-08 12:22:56', NULL, NULL, 0, 1, 0);
INSERT INTO `crmentity` VALUES (1106, 1, 1, 0, 'Products', '', '2007-05-08 12:45:27', '2007-05-08 12:45:42', NULL, NULL, 0, 1, 0);
INSERT INTO `crmentity` VALUES (1107, 1, 1, 0, 'SalesOrders', '', '2007-05-08 12:48:22', '2007-05-08 12:48:22', NULL, NULL, 0, 1, 0);
INSERT INTO `crmentity` VALUES (1108, 1, 1, 0, 'SalesOrders', ' Invoice 1008', '2007-05-08 13:08:04', '2007-05-08 13:08:04', NULL, NULL, 0, 1, 0);
INSERT INTO `crmentity` VALUES (1109, 1, 1, 0, 'Accounts', '', '2007-05-15 10:16:08', '2007-05-15 10:16:08', NULL, NULL, 0, 1, 0);
INSERT INTO `crmentity` VALUES (1110, 1, 1, 0, 'Contacts', '', '2007-05-15 10:16:08', '2007-05-15 10:16:08', NULL, NULL, 0, 1, 0);
INSERT INTO `crmentity` VALUES (1111, 1, 1, 0, 'SalesOrders', ' Invoice 1009', '2007-05-15 10:18:20', '2007-05-15 10:18:20', NULL, NULL, 0, 1, 0);
INSERT INTO `crmentity` VALUES (1113, 1, 1, 0, 'Accounts', '', '2007-05-15 10:27:17', '2007-05-15 10:27:17', NULL, NULL, 0, 1, 0);
INSERT INTO `crmentity` VALUES (1114, 1, 1, 0, 'Contacts', '', '2007-05-15 10:27:17', '0000-00-00 00:00:00', NULL, NULL, 0, 0, 0);
INSERT INTO `crmentity` VALUES (1115, 1, 1, 1, 'Potentials', '', '2007-05-15 10:27:17', '2007-05-15 10:28:21', NULL, NULL, 0, 0, 0);
INSERT INTO `crmentity` VALUES (1116, 1, 1, 0, 'SalesOrder', '', '2007-06-15 09:40:33', '2007-06-15 09:40:33', NULL, NULL, 0, 1, 0);
INSERT INTO `crmentity` VALUES (1117, 1, 1, 0, 'Accounts', '', '2007-06-15 09:41:56', '2007-06-15 09:41:56', NULL, NULL, 0, 1, 0);
INSERT INTO `crmentity` VALUES (1118, 1, 1, 0, 'Accounts', '', '2007-06-18 12:30:33', '2007-06-18 12:30:33', NULL, NULL, 0, 1, 0);
INSERT INTO `crmentity` VALUES (1119, 1, 1, 0, 'Contacts', '', '2007-06-18 12:30:33', '2007-06-18 12:30:33', NULL, NULL, 0, 1, 0);
INSERT INTO `crmentity` VALUES (1120, 1, 1, 0, 'SalesOrders', '', '2007-06-18 12:31:07', '2007-06-18 12:31:07', NULL, NULL, 0, 1, 0);
INSERT INTO `crmentity` VALUES (1121, 1, 1, 0, 'Accounts', '', '2007-06-18 20:08:41', '2007-06-18 20:08:41', NULL, NULL, 0, 1, 0);
INSERT INTO `crmentity` VALUES (1122, 1, 1, 0, 'Contacts', '', '2007-06-18 20:08:41', '2007-06-18 20:08:41', NULL, NULL, 0, 1, 0);
INSERT INTO `crmentity` VALUES (1123, 1, 1, 0, 'SalesOrders', '', '2007-06-18 20:09:50', '2007-06-18 20:09:50', NULL, NULL, 0, 1, 0);
INSERT INTO `crmentity` VALUES (1124, 1, 1, 0, 'SalesOrders', '', '2007-06-24 22:49:51', '2007-06-24 22:49:51', NULL, NULL, 0, 1, 0);
INSERT INTO `crmentity` VALUES (1125, 1, 1, 0, 'Products', '', '2007-06-25 01:58:23', '2007-06-25 01:58:23', NULL, NULL, 0, 1, 0);
INSERT INTO `crmentity` VALUES (1126, 1, 1, 0, 'Products', '', '2007-06-25 02:02:20', '2007-06-25 02:02:20', NULL, NULL, 0, 1, 0);
INSERT INTO `crmentity` VALUES (1127, 1, 1, 0, 'Products', '', '2007-06-25 02:04:39', '2007-06-25 02:04:39', NULL, NULL, 0, 1, 0);
INSERT INTO `crmentity` VALUES (1128, 1, 1, 0, 'Accounts', '', '2007-06-25 18:17:04', '2007-06-25 18:17:04', NULL, NULL, 0, 1, 0);
INSERT INTO `crmentity` VALUES (1129, 1, 1, 0, 'Contacts', '', '2007-06-25 18:17:04', '2007-06-25 18:17:04', NULL, NULL, 0, 1, 0);
INSERT INTO `crmentity` VALUES (1130, 1, 1, 0, 'SalesOrders', '', '2007-06-25 18:17:27', '2007-06-25 18:17:27', NULL, NULL, 0, 1, 0);
INSERT INTO `crmentity` VALUES (1131, 1, 1, 0, 'Accounts', '', '2007-08-13 02:24:31', '2007-08-13 02:24:31', NULL, NULL, 0, 1, 0);
INSERT INTO `crmentity` VALUES (1132, 1, 1, 0, 'Contacts', '', '2007-08-13 02:24:31', '2007-08-13 02:24:31', NULL, NULL, 0, 1, 0);
INSERT INTO `crmentity` VALUES (1133, 1, 1, 1, 'SalesOrders', '', '2007-08-13 02:25:13', '2007-08-13 02:36:12', NULL, NULL, 0, 1, 0);
INSERT INTO `crmentity` VALUES (1134, 1, 1, 0, 'Products', '', '2007-08-15 14:28:27', '2007-08-15 14:28:27', NULL, NULL, 0, 1, 0);
INSERT INTO `crmentity` VALUES (1135, 1, 1, 0, 'Products', '', '2007-08-15 14:41:36', '2007-08-15 14:41:36', NULL, NULL, 0, 1, 0);
INSERT INTO `crmentity` VALUES (1136, 1, 1, 0, 'Products', '', '2007-08-15 14:47:11', '2007-08-15 14:47:11', NULL, NULL, 0, 1, 0);
INSERT INTO `crmentity` VALUES (1137, 1, 1, 0, 'Products', '', '2007-08-15 14:48:03', '2007-08-15 14:48:03', NULL, NULL, 0, 1, 0);
INSERT INTO `crmentity` VALUES (1138, 1, 1, 0, 'Products', '', '2007-08-15 14:52:04', '2007-08-15 14:52:04', NULL, NULL, 0, 1, 0);
INSERT INTO `crmentity` VALUES (1139, 1, 1, 0, 'Products', '', '2007-08-15 14:54:07', '2007-08-15 14:54:07', NULL, NULL, 0, 1, 0);
INSERT INTO `crmentity` VALUES (1140, 1, 1, 0, 'Products', '', '2007-08-15 14:57:01', '2007-08-15 14:57:01', NULL, NULL, 0, 1, 0);
INSERT INTO `crmentity` VALUES (1141, 1, 1, 0, 'Products', '', '2007-08-15 15:14:06', '2007-08-15 15:14:06', NULL, NULL, 0, 1, 0);
INSERT INTO `crmentity` VALUES (1142, 1, 1, 0, 'Products', '', '2007-08-15 15:28:43', '2007-08-15 15:28:43', NULL, NULL, 0, 1, 0);
INSERT INTO `crmentity` VALUES (1143, 1, 1, 0, 'Products', '', '2007-08-15 15:32:02', '2007-08-15 15:32:02', NULL, NULL, 0, 1, 0);
INSERT INTO `crmentity` VALUES (1144, 1, 1, 0, 'Products', '', '2007-08-15 20:28:52', '2007-08-15 20:28:52', NULL, NULL, 0, 1, 0);
INSERT INTO `crmentity` VALUES (1145, 1, 1, 0, 'Products', '', '2007-08-15 20:35:10', '2007-08-15 20:35:10', NULL, NULL, 0, 1, 0);
INSERT INTO `crmentity` VALUES (1146, 1, 1, 0, 'Products', '', '2007-08-15 22:04:33', '2007-08-15 22:04:33', NULL, NULL, 0, 1, 0);
INSERT INTO `crmentity` VALUES (1147, 1, 1, 0, 'Products', '', '2007-08-17 23:38:58', '2007-08-17 23:38:58', NULL, NULL, 0, 1, 0);
INSERT INTO `crmentity` VALUES (1148, 1, 1, 0, 'Products', '', '2007-08-17 23:40:16', '2007-08-17 23:40:16', NULL, NULL, 0, 1, 0);
INSERT INTO `crmentity` VALUES (1149, 1, 1, 0, 'Products', '', '2007-08-17 23:52:57', '2007-08-17 23:52:57', NULL, NULL, 0, 1, 0);
INSERT INTO `crmentity` VALUES (1150, 1, 1, 0, 'Products', '', '2007-08-18 00:02:39', '2007-08-18 00:02:39', NULL, NULL, 0, 1, 0);
INSERT INTO `crmentity` VALUES (1151, 1, 1, 0, 'Products', '', '2007-08-18 00:05:17', '2007-08-18 00:05:17', NULL, NULL, 0, 1, 0);
INSERT INTO `crmentity` VALUES (1152, 1, 1, 0, 'Products', '', '2007-08-18 00:06:35', '2007-08-18 00:06:35', NULL, NULL, 0, 1, 0);
INSERT INTO `crmentity` VALUES (1153, 1, 1, 0, 'Products', '', '2007-08-18 00:09:04', '2007-08-18 00:09:04', NULL, NULL, 0, 1, 0);
INSERT INTO `crmentity` VALUES (1154, 1, 1, 0, 'Products', '', '2007-08-18 00:11:33', '2007-08-18 00:11:33', NULL, NULL, 0, 1, 0);
INSERT INTO `crmentity` VALUES (1155, 1, 1, 0, 'Products', '', '2007-08-18 00:14:51', '2007-08-18 00:14:51', NULL, NULL, 0, 1, 0);
INSERT INTO `crmentity` VALUES (1156, 1, 1, 0, 'Products', '', '2007-08-18 00:16:39', '2007-08-18 00:16:39', NULL, NULL, 0, 1, 0);
INSERT INTO `crmentity` VALUES (1157, 1, 1, 0, 'SalesOrder', ' Invoice 1010', '2007-08-18 00:43:52', '2007-08-18 00:43:52', NULL, NULL, 0, 1, 0);
INSERT INTO `crmentity` VALUES (1158, 1, 1, 0, 'SalesOrders', ' Invoice 1011', '2007-08-18 00:54:44', '2007-08-18 00:54:44', NULL, NULL, 0, 1, 0);
INSERT INTO `crmentity` VALUES (1159, 1, 1, 0, 'Products', '', '2007-08-18 01:43:51', '2007-08-18 01:43:51', NULL, NULL, 0, 1, 0);
INSERT INTO `crmentity` VALUES (1160, 1, 1, 0, 'Products', '', '2007-08-18 02:32:57', '2007-08-18 02:32:57', NULL, NULL, 0, 1, 0);
INSERT INTO `crmentity` VALUES (1161, 1, 1, 0, 'Products', '', '2007-08-18 14:13:22', '2007-08-18 14:13:22', NULL, NULL, 0, 1, 0);
INSERT INTO `crmentity` VALUES (1162, 1, 1, 0, 'Products', '', '2007-08-18 17:06:31', '2007-08-18 17:06:31', NULL, NULL, 0, 1, 0);
INSERT INTO `crmentity` VALUES (1163, 1, 1, 0, 'Products', '', '2007-08-18 17:15:26', '2007-08-18 17:15:26', NULL, NULL, 0, 1, 0);
INSERT INTO `crmentity` VALUES (1164, 1, 1, 0, 'Products', '', '2007-08-18 17:22:45', '2007-08-18 17:22:45', NULL, NULL, 0, 1, 0);
INSERT INTO `crmentity` VALUES (1165, 1, 1, 0, 'Products', '', '2007-08-18 17:30:00', '2007-08-18 17:30:00', NULL, NULL, 0, 1, 0);
INSERT INTO `crmentity` VALUES (1166, 1, 1, 0, 'Products', '', '2007-08-18 17:31:03', '2007-08-18 17:31:03', NULL, NULL, 0, 1, 0);
INSERT INTO `crmentity` VALUES (1167, 1, 1, 0, 'Products', '', '2007-08-18 19:13:56', '2007-08-18 19:13:56', NULL, NULL, 0, 1, 0);
INSERT INTO `crmentity` VALUES (1168, 1, 1, 0, 'Products', '', '2007-08-18 19:42:16', '2007-08-18 19:42:16', NULL, NULL, 0, 1, 0);
INSERT INTO `crmentity` VALUES (1169, 1, 1, 0, 'Products', '', '2007-08-18 22:31:09', '2007-08-19 18:25:26', NULL, NULL, 0, 1, 0);
INSERT INTO `crmentity` VALUES (1170, 1, 1, 0, 'Products', '', '2007-08-19 18:27:48', '2007-08-19 18:27:48', NULL, NULL, 0, 1, 0);
INSERT INTO `crmentity` VALUES (1171, 1, 1, 0, 'Products', '', '2007-08-19 18:31:45', '2007-08-19 18:31:45', NULL, NULL, 0, 1, 0);
INSERT INTO `crmentity` VALUES (1172, 1, 1, 0, 'Products', '', '2007-08-19 19:10:15', '2007-08-19 19:10:15', NULL, NULL, 0, 1, 0);
INSERT INTO `crmentity` VALUES (1173, 1, 1, 0, 'Products', '', '2007-08-19 19:11:31', '2007-08-19 19:13:04', NULL, NULL, 0, 1, 0);
INSERT INTO `crmentity` VALUES (1174, 1, 1, 0, 'Products', '', '2007-08-19 19:34:01', '2007-08-19 19:34:01', NULL, NULL, 0, 1, 0);
INSERT INTO `crmentity` VALUES (1175, 1, 1, 0, 'Products', '', '2007-08-20 00:46:05', '2007-08-20 00:48:42', NULL, NULL, 0, 1, 0);
INSERT INTO `crmentity` VALUES (1176, 1, 1, 0, 'Products', '', '2007-08-20 00:59:30', '2007-08-20 00:59:30', NULL, NULL, 0, 1, 0);

-- --------------------------------------------------------

-- 
-- Table structure for table `crmentity_seq`
-- 

CREATE TABLE `crmentity_seq` (
  `id` int(11) NOT NULL default '0'
) ENGINE=MyISAM DEFAULT CHARSET=latin1;

-- 
-- Dumping data for table `crmentity_seq`
-- 

INSERT INTO `crmentity_seq` VALUES (1176);

-- --------------------------------------------------------

-- 
-- Table structure for table `crmentitynotesrel`
-- 

CREATE TABLE `crmentitynotesrel` (
  `crmid` int(19) NOT NULL default '0',
  `notesid` int(19) NOT NULL default '0',
  PRIMARY KEY  (`crmid`,`notesid`),
  KEY `crmentityNotesRel_IDX0` (`notesid`),
  KEY `crmentityNotesRel_IDX1` (`crmid`)
) ENGINE=InnoDB DEFAULT CHARSET=latin1;

-- 
-- Dumping data for table `crmentitynotesrel`
-- 


-- --------------------------------------------------------

-- 
-- Table structure for table `currencies`
-- 

CREATE TABLE `currencies` (
  `currency` char(20) NOT NULL default '',
  `currabrev` char(3) NOT NULL default '',
  `country` char(50) NOT NULL default '',
  `hundredsname` char(15) NOT NULL default 'Cents',
  `rate` double NOT NULL default '1',
  PRIMARY KEY  (`currabrev`),
  KEY `Country` (`country`)
) ENGINE=InnoDB DEFAULT CHARSET=latin1;

-- 
-- Dumping data for table `currencies`
-- 

INSERT INTO `currencies` VALUES ('Canadian Dollars', 'CDN', 'Canada', 'cents', 1);
INSERT INTO `currencies` VALUES ('Swiss Francs', 'CHF', 'Switzerland', 'cents', 1.2391594);
INSERT INTO `currencies` VALUES ('Euro Dollars', 'EUR', 'European Union', 'cents', 0.706708);
INSERT INTO `currencies` VALUES ('Pounds', 'GBP', 'England', 'Pence', 0.490288);
INSERT INTO `currencies` VALUES ('US Dollars', 'USD', 'United States', 'cents', 0.8959169);

-- --------------------------------------------------------

-- 
-- Table structure for table `currency`
-- 

CREATE TABLE `currency` (
  `currencyid` int(19) NOT NULL auto_increment,
  `currency` varchar(200) NOT NULL default '',
  `sortorderid` int(19) NOT NULL default '0',
  `presence` int(1) NOT NULL default '1',
  PRIMARY KEY  (`currencyid`),
  UNIQUE KEY `Currency_CRY` (`currency`)
) ENGINE=InnoDB DEFAULT CHARSET=latin1 AUTO_INCREMENT=4 ;

-- 
-- Dumping data for table `currency`
-- 

INSERT INTO `currency` VALUES (1, 'Rupees', 0, 1);
INSERT INTO `currency` VALUES (2, 'Dollar', 1, 1);
INSERT INTO `currency` VALUES (3, 'Euro', 2, 1);

-- --------------------------------------------------------

-- 
-- Table structure for table `currency_info`
-- 

CREATE TABLE `currency_info` (
  `currency_name` varchar(100) NOT NULL default '',
  `currency_code` varchar(100) default NULL,
  `currency_symbol` varchar(30) default NULL,
  PRIMARY KEY  (`currency_name`)
) ENGINE=MyISAM DEFAULT CHARSET=latin1;

-- 
-- Dumping data for table `currency_info`
-- 

INSERT INTO `currency_info` VALUES ('Cdn Dollar', 'CDN', '$');

-- --------------------------------------------------------

-- 
-- Table structure for table `custallocns`
-- 

CREATE TABLE `custallocns` (
  `id` int(11) NOT NULL auto_increment,
  `amt` decimal(20,4) NOT NULL default '0.0000',
  `datealloc` date NOT NULL default '0000-00-00',
  `transid_allocfrom` int(11) NOT NULL default '0',
  `transid_allocto` int(11) NOT NULL default '0',
  PRIMARY KEY  (`id`),
  KEY `DateAlloc` (`datealloc`),
  KEY `TransID_AllocFrom` (`transid_allocfrom`),
  KEY `TransID_AllocTo` (`transid_allocto`)
) ENGINE=InnoDB DEFAULT CHARSET=latin1 AUTO_INCREMENT=1 ;

-- 
-- Dumping data for table `custallocns`
-- 


-- --------------------------------------------------------

-- 
-- Table structure for table `custbranch`
-- 

CREATE TABLE `custbranch` (
  `branchcode` varchar(10) NOT NULL default '',
  `debtorno` varchar(10) NOT NULL default '',
  `brname` varchar(80) NOT NULL default '',
  `braddress1` varchar(40) NOT NULL default '',
  `braddress2` varchar(40) NOT NULL default '',
  `braddress3` varchar(40) NOT NULL default '',
  `braddress4` varchar(50) NOT NULL default '',
  `braddress5` varchar(20) NOT NULL default '',
  `braddress6` varchar(15) NOT NULL default '',
  `estdeliverydays` smallint(6) NOT NULL default '1',
  `area` char(2) NOT NULL default '',
  `salesman` varchar(4) NOT NULL default '',
  `fwddate` smallint(6) NOT NULL default '0',
  `phoneno` varchar(20) NOT NULL default '',
  `faxno` varchar(20) NOT NULL default '',
  `contactname` varchar(30) NOT NULL default '',
  `email` varchar(55) NOT NULL default '',
  `defaultlocation` varchar(5) NOT NULL default '',
  `taxgroupid` tinyint(4) NOT NULL default '1',
  `defaultshipvia` int(11) NOT NULL default '1',
  `deliverblind` tinyint(1) default '1',
  `disabletrans` tinyint(4) NOT NULL default '0',
  `brpostaddr1` varchar(40) NOT NULL default '',
  `brpostaddr2` varchar(40) NOT NULL default '',
  `brpostaddr3` varchar(30) NOT NULL default '',
  `brpostaddr4` varchar(20) NOT NULL default '',
  `brpostaddr5` varchar(20) NOT NULL default '',
  `brpostaddr6` varchar(15) NOT NULL default '',
  `custbranchcode` varchar(30) NOT NULL default '',
  `accountid` int(19) NOT NULL default '0',
  `account_type` varchar(50) default NULL,
  `industry` varchar(50) default NULL,
  `annualrevenue` int(19) default NULL,
  `rating` varchar(50) default NULL,
  `ownership` varchar(50) default NULL,
  `siccode` int(10) default NULL,
  `tickersymbol` varchar(30) default NULL,
  `otherphone` varchar(30) default NULL,
  `email2` varchar(100) default NULL,
  `website` varchar(50) default NULL,
  `employees` int(10) default '0',
  `currcode` varchar(20) NOT NULL default '',
  PRIMARY KEY  (`branchcode`,`debtorno`),
  KEY `BranchCode` (`branchcode`),
  KEY `BrName` (`brname`),
  KEY `DebtorNo` (`debtorno`),
  KEY `Salesman` (`salesman`),
  KEY `Area` (`area`),
  KEY `DefaultLocation` (`defaultlocation`),
  KEY `DefaultShipVia` (`defaultshipvia`),
  KEY `taxgroupid` (`taxgroupid`),
  KEY `accountid` (`accountid`)
) ENGINE=InnoDB DEFAULT CHARSET=latin1;

-- 
-- Dumping data for table `custbranch`
-- 

INSERT INTO `custbranch` VALUES ('MON1053', 'MON1053', 'Mont Royal Hardware', '9754 Mont Royal', '', 'Montreal', 'QC', 'Quebec', 'H5J R3R', 1, 'DE', 'S99', 0, '514-445-6889', '', '', '', 'TOR', 2, 1, 1, 0, '9754 Mont Royal', '', 'Montreal', 'QC', 'Quebec', 'H5J R3R', '', 1053, 'Retail', 'Hardware', 0, 'Active', '', 0, '', '', '', '', 0, 'CDN');
INSERT INTO `custbranch` VALUES ('NIC01117', 'NIC01117', 'Nicholson, Leann', '285 Churchill Ave.', '', 'Ottawa', 'ON', 'Canada', 'K1Z 5B7', 1, 'DB', 'S99', 0, '', '', '', '', 'HQ', 1, 1, 1, 0, '', '', '', '', '', '', '', 1117, '--None--', '--None--', 0, '', '', 0, '', '', '', '', 0, 'CDN');
INSERT INTO `custbranch` VALUES ('US 1113', 'US 1113', 'US Equip Inc.', '146 Ninth Ave. NW', '', 'Washington', 'DC', 'USA', '44332-9709', 1, '', '', 0, '450-456-7777', '', '', '', '', 1, 1, 1, 0, '146 Ninth Ave. NW', '', 'Washington', 'DC', 'USA', '44332-9709', '', 1113, NULL, 'Other', 0, 'Acquired', NULL, NULL, NULL, NULL, NULL, '', 0, '');
INSERT INTO `custbranch` VALUES ('WWW1027', 'WWW1027', 'Spanglett, Gareth', '285 Churchill Ave. N.', '', 'Ottawa', 'ON', 'CAN', 'K1Z 5B7', 1, 'DE', 'S99', 0, '613-761-1489', '', '', 'gareth@mahsie.com', 'TOR', 1, 1, 1, 0, '', '', '', '', '', '', '', 1027, 'Retail', '--None--', 0, '', '', 0, '', '', '', '', 0, 'CDN');
INSERT INTO `custbranch` VALUES ('WWW1056', 'WWW1056', 'McGrath, Douglas', '87 David Drive', '', 'Nepean', 'ON', 'CAN', 'K2P 8P8', 1, 'DE', 'S99', 0, '613-226-2838', '', '', 'gspanglett@gmail.com', 'TOR', 1, 1, 1, 0, '', '', '', '', '', '', '', 1056, 'Retail', '--None--', 0, '', '', 0, '', '', '', '', 0, 'CDN');
INSERT INTO `custbranch` VALUES ('WWW1058', 'WWW1058', 'Franois, Benot', '456 ave. bleue', '', 'Baie Comeau', 'QC', 'CAN', 'H5J F4F', 1, 'DE', 'S99', 0, '819-804-2222', '', '', 'gareth@agora2.com', 'TOR', 2, 1, 1, 0, '', '', '', '', '', '', '', 1058, 'Retail', '--None--', 0, '', '', 0, '', '', '', '', 0, 'CDN');
INSERT INTO `custbranch` VALUES ('WWW1060', 'WWW1060', 'Carlson, Carl', '782 Evergreen Terrace', '', 'Springfield', 'KY', 'USA', '44337', 1, 'DE', 'S99', 0, '456-999-0000', '', '', 'temp1@nepeanseniors.ca', 'TOR', 3, 1, 1, 0, '', '', '', '', '', '', '', 1060, 'Retail', '--None--', 0, '', '', 0, '', '', '', '', 0, 'CDN');
INSERT INTO `custbranch` VALUES ('WWW1062', 'WWW1062', 'Mecury, Freddy', '65 Abbey Road', '', 'Liverpool', 'EN', 'GBR', 'K45D8H', 1, 'DE', 'S99', 0, '011-234-457-685756', '', '', 'quarantine@nepeancommunitysupport.com', 'TOR', 3, 1, 1, 0, '', '', '', '', '', '', '', 1062, 'Retail', '--None--', 0, '', '', 0, '', '', '', '', 0, 'CDN');
INSERT INTO `custbranch` VALUES ('WWW1064', 'WWW1064', 'Agora Communications Group', '285 Churchill Ave. N.', '', 'Ottawa', 'ON', 'CAN', 'K1Z 5B7', 1, 'DE', 'SO1', 0, '613-761-1489', '', '', 'gareth@agora-group.com', 'TOR', 1, 1, 1, 0, '', '', '', '', '', '', '', 1064, 'Retail', NULL, NULL, NULL, NULL, NULL, NULL, NULL, NULL, NULL, 77, 'CDN');
INSERT INTO `custbranch` VALUES ('WWW1068', 'WWW1068', 'jeffrey', '3 Ridgeburn Gate', '', 'Ottawa', 'AB', 'CAN', 'k1b4c1', 1, 'DE', 'SO1', 0, '613-830-0220', '', '', 'jeff@mahsie.com', 'TOR', 5, 1, 1, 0, '', '', '', '', '', '', '', 1068, 'Retail', NULL, NULL, NULL, NULL, NULL, NULL, NULL, NULL, NULL, 79, 'CDN');
INSERT INTO `custbranch` VALUES ('WWW1070', 'WWW1070', 'Mahsie Open Soure', '3  Ridgeburngate', '', 'Ottawa', 'AB', 'CAN', 'Ontaio', 1, 'DE', 'SO1', 0, '613-830-0220', '', '', 'jmoncrieff@mahsie.org', 'TOR', 5, 1, 1, 0, '', '', '', '', '', '', '', 1070, 'Retail', NULL, NULL, NULL, NULL, NULL, NULL, NULL, NULL, NULL, 80, 'CDN');
INSERT INTO `custbranch` VALUES ('WWW1071', 'WWW1070', 'Mahsie Open Soure', '3  Ridgeburngate', '', 'Ottawa', 'AB', 'CAN', 'Ontaio', 1, 'DB', 'S01', 0, '', '', '', '', 'HQ', 1, 1, 1, 0, '', '', '', '', '', '', '', 1077, NULL, NULL, NULL, NULL, NULL, NULL, NULL, NULL, NULL, NULL, 0, 'CDN');
INSERT INTO `custbranch` VALUES ('WWW1080', 'WWW1080', 'Agora Communications Group', '285 Churchill AVe.', '', 'Ottawa', 'ON', 'CAN', 'K1Z 5B7', 1, 'DE', 'SO1', 0, '613-761-1489', '', '', 'gspanglett@rogers.com', 'TOR', 1, 1, 1, 0, '', '', '', '', '', '', '', 1080, 'Retail', NULL, NULL, NULL, NULL, NULL, NULL, NULL, NULL, NULL, 81, 'CDN');
INSERT INTO `custbranch` VALUES ('WWW1084', 'WWW1084', 'Acme Inc.', '1234 Main Street', '', 'Ottawa', 'ON', 'CAN', 'K1Z 1Z1', 1, 'DE', 'SO1', 0, '613-555-5555', '', '', 'quixote1024@yahoo.ca', 'TOR', 1, 1, 1, 0, '', '', '', '', '', '', '', 1084, 'Retail', NULL, NULL, NULL, NULL, NULL, NULL, NULL, NULL, NULL, 82, 'CDN');
INSERT INTO `custbranch` VALUES ('WWW1087', 'WWW1087', 'Mahsie', '3 ridgeburn Gate', '', 'Ottawa', 'AB', 'CAN', 'k1b4c1', 1, 'DE', 'SO1', 0, '830-0220', '', '', 'jmoncrieff@mahsie.com', 'TOR', 5, 1, 1, 0, '', '', '', '', '', '', '', 1087, 'Retail', NULL, NULL, NULL, NULL, NULL, NULL, NULL, NULL, NULL, 78, 'CDN');
INSERT INTO `custbranch` VALUES ('WWW1094', 'WWW1094', 'Agora', '285 Churchill Ave. N.', '', 'Ottawa', 'ON', 'CAN', 'K1Z 5B7', 1, 'DE', 'SO1', 0, '613-761-1489', '', '', 'gareth@agora-group.com', 'TOR', 1, 1, 1, 0, '', '', '', '', '', '', '', 1094, 'Retail', NULL, NULL, NULL, NULL, NULL, NULL, NULL, NULL, NULL, 83, 'CDN');
INSERT INTO `custbranch` VALUES ('WWW1103', 'WWW1103', 'Spanglett, Gareth', '1234 Main', '', 'Ottawa', 'ON', 'CAN', 'K1Z 5B7', 1, 'DE', 'SO1', 0, '613-555-1212', '', '', 'gareth@mahsie.com', 'TOR', 1, 1, 1, 0, '', '', '', '', '', '', '', 1103, 'Retail', NULL, NULL, NULL, NULL, NULL, NULL, NULL, NULL, NULL, 84, 'CDN');
INSERT INTO `custbranch` VALUES ('WWW1109', 'WWW1109', 'Vachon, Klaus', '1234 Main Street', '', 'Ottawa', 'ON', 'CAN', 'K1A 1A1', 1, 'DE', 'SO1', 0, '613-555-1212', '', '', 'mikepowers40@yahoo.ca', 'TOR', 1, 1, 1, 0, '', '', '', '', '', '', '', 1109, 'Retail', NULL, NULL, NULL, NULL, NULL, NULL, NULL, NULL, NULL, 85, 'CDN');
INSERT INTO `custbranch` VALUES ('WWW1118', 'WWW1118', 'Mahsie', '3 ridgeBurn gate', '', 'Ottawa', 'AB', 'CAN', 'ontario', 1, 'DE', 'SO1', 0, '613-830-0220', '', '', 'jeffrey.moncrieff@mahsie.com', 'TOR', 5, 1, 1, 0, '', '', '', '', '', '', '', 1118, 'Retail', NULL, NULL, NULL, NULL, NULL, NULL, NULL, NULL, NULL, 86, 'CDN');
INSERT INTO `custbranch` VALUES ('WWW1121', 'WWW1121', 'Spanglett, Gareth', '1234 Main', '', 'Ottawa', 'ON', 'CAN', 'K1A1A1', 1, 'DE', 'SO1', 0, '613-761-1489', '', '', 'prsidoro@mavericsolutions.ca', 'TOR', 1, 1, 1, 0, '', '', '', '', '', '', '', 1121, 'Retail', NULL, NULL, NULL, NULL, NULL, NULL, NULL, NULL, NULL, 87, 'CDN');
INSERT INTO `custbranch` VALUES ('WWW1128', 'WWW1128', 'Acme Inc.', '1234 Main St.', '', 'Ottawa', 'ON', 'CAN', 'K1Z5B7', 1, 'DE', 'SO1', 0, '613-555-5555', '', '', 'vic@vaid.com', 'TOR', 1, 1, 1, 0, '', '', '', '', '', '', '', 1128, 'Retail', NULL, NULL, NULL, NULL, NULL, NULL, NULL, NULL, NULL, 88, 'CDN');
INSERT INTO `custbranch` VALUES ('WWW1131', 'WWW1131', 'mahsie OSS', '3 ridgebun Gate', '', 'Gloucester', 'AB', 'CAN', 'k1b4c1', 1, 'DE', 'SO1', 0, '613-830-0220', '', '', 'jmoncrieff@mahsie.com', 'TOR', 5, 1, 1, 0, '', '', '', '', '', '', '', 1131, 'Retail', NULL, NULL, NULL, NULL, NULL, NULL, NULL, NULL, NULL, 89, 'CDN');

-- --------------------------------------------------------

-- 
-- Table structure for table `customaction`
-- 

CREATE TABLE `customaction` (
  `cvid` int(19) default NULL,
  `subject` varchar(250) NOT NULL default '',
  `module` varchar(50) NOT NULL default '',
  `content` longtext,
  KEY `customaction_IDX0` (`cvid`)
) ENGINE=InnoDB DEFAULT CHARSET=latin1;

-- 
-- Dumping data for table `customaction`
-- 


-- --------------------------------------------------------

-- 
-- Table structure for table `customfield_sequence_seq`
-- 

CREATE TABLE `customfield_sequence_seq` (
  `id` int(11) NOT NULL default '0'
) ENGINE=MyISAM DEFAULT CHARSET=latin1;

-- 
-- Dumping data for table `customfield_sequence_seq`
-- 

INSERT INTO `customfield_sequence_seq` VALUES (10);

-- --------------------------------------------------------

-- 
-- Table structure for table `customview`
-- 

CREATE TABLE `customview` (
  `cvid` int(19) NOT NULL default '0',
  `viewname` varchar(100) NOT NULL default '',
  `setdefault` int(1) default '0',
  `setmetrics` int(1) default '0',
  `entitytype` varchar(100) NOT NULL default '',
  PRIMARY KEY  (`cvid`),
  KEY `customview` (`cvid`)
) ENGINE=MyISAM DEFAULT CHARSET=latin1;

-- 
-- Dumping data for table `customview`
-- 

INSERT INTO `customview` VALUES (1, 'Hot Leads', 0, 1, 'Leads');
INSERT INTO `customview` VALUES (2, 'This Month Leads', 0, 0, 'Leads');
INSERT INTO `customview` VALUES (3, 'Prospect Accounts', 0, 1, 'Accounts');
INSERT INTO `customview` VALUES (4, 'New This Week', 0, 0, 'Accounts');
INSERT INTO `customview` VALUES (5, 'Contacts Address', 0, 0, 'Contacts');
INSERT INTO `customview` VALUES (6, 'Todays Birthday', 0, 0, 'Contacts');
INSERT INTO `customview` VALUES (7, 'Potentails Won', 0, 1, 'Potentials');
INSERT INTO `customview` VALUES (8, 'Prospecting', 0, 0, 'Potentials');
INSERT INTO `customview` VALUES (9, 'Open Tickets', 0, 1, 'HelpDesk');
INSERT INTO `customview` VALUES (10, 'High Prioriy Tickets', 0, 0, 'HelpDesk');
INSERT INTO `customview` VALUES (11, 'Open Quotes', 0, 1, 'Quotes');
INSERT INTO `customview` VALUES (12, 'Rejected Quotes', 0, 0, 'Quotes');

-- --------------------------------------------------------

-- 
-- Table structure for table `customview_seq`
-- 

CREATE TABLE `customview_seq` (
  `id` int(11) NOT NULL default '0'
) ENGINE=MyISAM DEFAULT CHARSET=latin1;

-- 
-- Dumping data for table `customview_seq`
-- 

INSERT INTO `customview_seq` VALUES (12);

-- --------------------------------------------------------

-- 
-- Table structure for table `cvadvfilter`
-- 

CREATE TABLE `cvadvfilter` (
  `cvid` int(19) default NULL,
  `columnindex` int(11) NOT NULL default '0',
  `columnname` varchar(250) default '',
  `comparator` varchar(10) default '',
  `value` varchar(200) default '',
  KEY `cvadvfilter_IDX0` (`cvid`)
) ENGINE=InnoDB DEFAULT CHARSET=latin1;

-- 
-- Dumping data for table `cvadvfilter`
-- 

INSERT INTO `cvadvfilter` VALUES (1, 0, 'leaddetails:leadstatus:leadstatus:Leads_Lead_Status:V', 'e', 'Hot');
INSERT INTO `cvadvfilter` VALUES (3, 0, 'custbranch:account_type:accounttype:Accounts_Type:V', 'e', 'Prospect');
INSERT INTO `cvadvfilter` VALUES (7, 0, 'potential:sales_stage:sales_stage:Potentials_Sales_Stage:V', 'e', 'Closed Won');
INSERT INTO `cvadvfilter` VALUES (8, 0, 'potential:sales_stage:sales_stage:Potentials_Sales_Stage:V', 'e', 'Prospecting');
INSERT INTO `cvadvfilter` VALUES (9, 0, 'troubletickets:status:ticketstatus:HelpDesk_Status:V', 'n', 'Closed');
INSERT INTO `cvadvfilter` VALUES (10, 0, 'troubletickets:priority:ticketpriorities:HelpDesk_Priority:V', 'e', 'High');
INSERT INTO `cvadvfilter` VALUES (11, 0, 'quotes:quotestage:quotestage:Quotes_Quote_Stage:V', 'n', 'Accepted');
INSERT INTO `cvadvfilter` VALUES (11, 1, 'quotes:quotestage:quotestage:Quotes_Quote_Stage:V', 'n', 'Rejected');
INSERT INTO `cvadvfilter` VALUES (12, 0, 'quotes:quotestage:quotestage:Quotes_Quote_Stage:V', 'e', 'Rejected');

-- --------------------------------------------------------

-- 
-- Table structure for table `cvcolumnlist`
-- 

CREATE TABLE `cvcolumnlist` (
  `cvid` int(19) default NULL,
  `columnindex` int(11) NOT NULL default '0',
  `columnname` varchar(250) default '',
  KEY `cvcolumnlist_IDX0` (`cvid`),
  KEY `columnindex` (`columnindex`)
) ENGINE=InnoDB DEFAULT CHARSET=latin1;

-- 
-- Dumping data for table `cvcolumnlist`
-- 

INSERT INTO `cvcolumnlist` VALUES (1, 0, 'leaddetails:firstname:firstname:Leads_First_Name:V');
INSERT INTO `cvcolumnlist` VALUES (1, 1, 'leaddetails:lastname:lastname:Leads_Last_Name:V');
INSERT INTO `cvcolumnlist` VALUES (1, 2, 'leaddetails:company:company:Leads_Company:V');
INSERT INTO `cvcolumnlist` VALUES (1, 3, 'leaddetails:leadsource:leadsource:Leads_Lead_Source:V');
INSERT INTO `cvcolumnlist` VALUES (1, 4, 'leadsubdetails:website:website:Leads_Website:V');
INSERT INTO `cvcolumnlist` VALUES (1, 5, 'leaddetails:email:email:Leads_Email:V');
INSERT INTO `cvcolumnlist` VALUES (2, 0, 'leaddetails:firstname:firstname:Leads_First_Name:V');
INSERT INTO `cvcolumnlist` VALUES (2, 1, 'leaddetails:lastname:lastname:Leads_Last_Name:V');
INSERT INTO `cvcolumnlist` VALUES (2, 2, 'leaddetails:company:company:Leads_Company:V');
INSERT INTO `cvcolumnlist` VALUES (2, 3, 'leaddetails:leadsource:leadsource:Leads_Lead_Source:V');
INSERT INTO `cvcolumnlist` VALUES (2, 4, 'leadsubdetails:website:website:Leads_Website:V');
INSERT INTO `cvcolumnlist` VALUES (2, 5, 'leaddetails:email:email:Leads_Email:V');
INSERT INTO `cvcolumnlist` VALUES (3, 0, 'custbranch:brname:accountname:Accounts_Account_Name:V');
INSERT INTO `cvcolumnlist` VALUES (3, 1, 'custbranch:phoneno:phone:Accounts_Phone:V');
INSERT INTO `cvcolumnlist` VALUES (3, 2, 'custbranch:website:website:Accounts_Website:V');
INSERT INTO `cvcolumnlist` VALUES (3, 3, 'custbranch:rating:rating:Accounts_Rating:V');
INSERT INTO `cvcolumnlist` VALUES (3, 4, 'crmentity:smownerid:assigned_user_id:Accounts_Assigned_To:V');
INSERT INTO `cvcolumnlist` VALUES (4, 0, 'custbranch:brname:accountname:Accounts_Account_Name:V');
INSERT INTO `cvcolumnlist` VALUES (4, 1, 'custbranch:phoneno:phone:Accounts_Phone:V');
INSERT INTO `cvcolumnlist` VALUES (4, 2, 'custbranch:website:website:Accounts_Website:V');
INSERT INTO `cvcolumnlist` VALUES (4, 3, 'custbranch:braddress3:bill_city:Accounts_City:V');
INSERT INTO `cvcolumnlist` VALUES (4, 4, 'crmentity:smownerid:assigned_user_id:Accounts_Assigned_To:V');
INSERT INTO `cvcolumnlist` VALUES (5, 0, 'contactdetails:firstname:firstname:Contacts_First_Name:V');
INSERT INTO `cvcolumnlist` VALUES (5, 1, 'contactdetails:lastname:lastname:Contacts_Last_Name:V');
INSERT INTO `cvcolumnlist` VALUES (5, 2, 'contactaddress:mailingstreet:mailingstreet:Contacts_Mailing_Street:V');
INSERT INTO `cvcolumnlist` VALUES (5, 3, 'contactaddress:mailingcity:mailingcity:Contacts_City:V');
INSERT INTO `cvcolumnlist` VALUES (5, 4, 'contactaddress:mailingstate:mailingstate:Contacts_State:V');
INSERT INTO `cvcolumnlist` VALUES (5, 5, 'contactaddress:mailingzip:mailingzip:Contacts_Zip:V');
INSERT INTO `cvcolumnlist` VALUES (5, 6, 'contactaddress:mailingcountry:mailingcountry:Contacts_Country:V');
INSERT INTO `cvcolumnlist` VALUES (6, 0, 'contactdetails:firstname:firstname:Contacts_First_Name:V');
INSERT INTO `cvcolumnlist` VALUES (6, 1, 'contactdetails:lastname:lastname:Contacts_Last_Name:V');
INSERT INTO `cvcolumnlist` VALUES (6, 2, 'contactdetails:title:title:Contacts_Title:V');
INSERT INTO `cvcolumnlist` VALUES (6, 3, 'contactdetails:accountid:account_id:Contacts_Account_Name:I');
INSERT INTO `cvcolumnlist` VALUES (6, 4, 'contactdetails:email:email:Contacts_Email:V');
INSERT INTO `cvcolumnlist` VALUES (6, 5, 'contactsubdetails:otherphone:otherphone:Contacts_Phone:V');
INSERT INTO `cvcolumnlist` VALUES (6, 6, 'crmentity:smownerid:assigned_user_id:Contacts_Assigned_To:V');
INSERT INTO `cvcolumnlist` VALUES (7, 0, 'potential:potentialname:potentialname:Potentials_Potential_Name:V');
INSERT INTO `cvcolumnlist` VALUES (7, 1, 'potential:accountid:account_id:Potentials_Account_Name:V');
INSERT INTO `cvcolumnlist` VALUES (7, 2, 'potential:amount:amount:Potentials_Amount:N');
INSERT INTO `cvcolumnlist` VALUES (7, 3, 'potential:leadsource:leadsource:Potentials_Lead_Source:V');
INSERT INTO `cvcolumnlist` VALUES (7, 4, 'potential:closingdate:closingdate:Potentials_Expected_Close_Date:D');
INSERT INTO `cvcolumnlist` VALUES (7, 5, 'crmentity:smownerid:assigned_user_id:Potentials_Assigned_To:V');
INSERT INTO `cvcolumnlist` VALUES (8, 0, 'potential:potentialname:potentialname:Potentials_Potential_Name:V');
INSERT INTO `cvcolumnlist` VALUES (8, 1, 'potential:accountid:account_id:Potentials_Account_Name:V');
INSERT INTO `cvcolumnlist` VALUES (8, 2, 'potential:amount:amount:Potentials_Amount:N');
INSERT INTO `cvcolumnlist` VALUES (8, 3, 'potential:leadsource:leadsource:Potentials_Lead_Source:V');
INSERT INTO `cvcolumnlist` VALUES (8, 4, 'potential:closingdate:closingdate:Potentials_Expected_Close_Date:D');
INSERT INTO `cvcolumnlist` VALUES (8, 5, 'crmentity:smownerid:assigned_user_id:Potentials_Assigned_To:V');
INSERT INTO `cvcolumnlist` VALUES (9, 0, 'troubletickets:title:ticket_title:HelpDesk_Title:V');
INSERT INTO `cvcolumnlist` VALUES (9, 1, 'troubletickets:parent_id:parent_id:HelpDesk_Related_to:I');
INSERT INTO `cvcolumnlist` VALUES (9, 2, 'troubletickets:priority:ticketpriorities:HelpDesk_Priority:V');
INSERT INTO `cvcolumnlist` VALUES (9, 3, 'troubletickets:product_id:product_id:HelpDesk_Product_Name:I');
INSERT INTO `cvcolumnlist` VALUES (9, 4, 'crmentity:smownerid:assigned_user_id:HelpDesk_Assigned_To:V');
INSERT INTO `cvcolumnlist` VALUES (10, 0, 'troubletickets:title:ticket_title:HelpDesk_Title:V');
INSERT INTO `cvcolumnlist` VALUES (10, 1, 'troubletickets:parent_id:parent_id:HelpDesk_Related_to:I');
INSERT INTO `cvcolumnlist` VALUES (10, 2, 'troubletickets:status:ticketstatus:HelpDesk_Status:V');
INSERT INTO `cvcolumnlist` VALUES (10, 3, 'troubletickets:product_id:product_id:HelpDesk_Product_Name:I');
INSERT INTO `cvcolumnlist` VALUES (10, 4, 'crmentity:smownerid:assigned_user_id:HelpDesk_Assigned_To:V');
INSERT INTO `cvcolumnlist` VALUES (11, 0, 'quotes:subject:subject:Quotes_Subject:V');
INSERT INTO `cvcolumnlist` VALUES (11, 1, 'quotes:quotestage:quotestage:Quotes_Quote_Stage:V');
INSERT INTO `cvcolumnlist` VALUES (11, 2, 'quotes:potentialid:potential_id:Quotes_Potential_Name:I');
INSERT INTO `cvcolumnlist` VALUES (11, 3, 'quotes:accountid:account_id:Quotes_Account_Name:I');
INSERT INTO `cvcolumnlist` VALUES (11, 4, 'quotes:validtill:validtill:Quotes_Valid_Till:D');
INSERT INTO `cvcolumnlist` VALUES (11, 5, 'crmentity:smownerid:assigned_user_id:Quotes_Assigned_To:V');
INSERT INTO `cvcolumnlist` VALUES (12, 0, 'quotes:subject:subject:Quotes_Subject:V');
INSERT INTO `cvcolumnlist` VALUES (12, 1, 'quotes:potentialid:potential_id:Quotes_Potential_Name:I');
INSERT INTO `cvcolumnlist` VALUES (12, 2, 'quotes:accountid:account_id:Quotes_Account_Name:I');
INSERT INTO `cvcolumnlist` VALUES (12, 3, 'quotes:validtill:validtill:Quotes_Valid_Till:D');
INSERT INTO `cvcolumnlist` VALUES (12, 4, 'crmentity:smownerid:assigned_user_id:Quotes_Assigned_To:V');

-- --------------------------------------------------------

-- 
-- Table structure for table `cvstdfilter`
-- 

CREATE TABLE `cvstdfilter` (
  `cvid` int(19) default NULL,
  `columnname` varchar(250) default '',
  `stdfilter` varchar(250) default '',
  `startdate` date default '0000-00-00',
  `enddate` date default '0000-00-00',
  KEY `cvstdfilter_IDX0` (`cvid`)
) ENGINE=InnoDB DEFAULT CHARSET=latin1;

-- 
-- Dumping data for table `cvstdfilter`
-- 

INSERT INTO `cvstdfilter` VALUES (2, 'crmentity:modifiedtime:modifiedtime:Leads_Modified_Time', 'thismonth', '2005-06-01', '2005-06-30');
INSERT INTO `cvstdfilter` VALUES (4, 'crmentity:createdtime:createdtime:Accounts_Created_Time', 'thisweek', '2005-06-19', '2005-06-25');
INSERT INTO `cvstdfilter` VALUES (6, 'contactsubdetails:birthday:birthday:Contacts_Birthdate', 'today', '2005-06-25', '2005-06-25');

-- --------------------------------------------------------

-- 
-- Table structure for table `dealintimation`
-- 

CREATE TABLE `dealintimation` (
  `dealintimationid` int(19) NOT NULL default '0',
  `dealname` varchar(100) NOT NULL default '',
  `intimationamount` int(19) NOT NULL default '0',
  `dealprobability` decimal(4,3) NOT NULL default '0.000',
  `dealintimationactive` int(1) default NULL,
  `fromname` varchar(120) NOT NULL default '',
  `fromemailid` varchar(100) NOT NULL default '',
  `notifyemails` varchar(50) NOT NULL default '',
  `notifybccemails` varchar(50) NOT NULL default '',
  `notifyccmails` varchar(50) NOT NULL default '',
  `notifypotentialowner` int(1) default NULL,
  PRIMARY KEY  (`dealintimationid`),
  UNIQUE KEY `DealIntimation_UK0` (`dealname`)
) ENGINE=InnoDB DEFAULT CHARSET=latin1;

-- 
-- Dumping data for table `dealintimation`
-- 


-- --------------------------------------------------------

-- 
-- Table structure for table `debtorsmaster`
-- 

CREATE TABLE `debtorsmaster` (
  `debtorno` varchar(10) NOT NULL default '',
  `name` varchar(40) NOT NULL default '',
  `address1` varchar(40) NOT NULL default '',
  `address2` varchar(40) NOT NULL default '',
  `address3` varchar(40) NOT NULL default '',
  `address4` varchar(50) NOT NULL default '',
  `address5` varchar(20) NOT NULL default '',
  `address6` varchar(15) NOT NULL default '',
  `currcode` char(3) NOT NULL default '',
  `salestype` char(2) NOT NULL default '',
  `clientsince` datetime NOT NULL default '0000-00-00 00:00:00',
  `holdreason` smallint(6) NOT NULL default '0',
  `paymentterms` char(2) NOT NULL default 'f',
  `discount` double NOT NULL default '0',
  `pymtdiscount` double NOT NULL default '0',
  `lastpaid` double NOT NULL default '0',
  `lastpaiddate` datetime default NULL,
  `creditlimit` double NOT NULL default '1000',
  `invaddrbranch` tinyint(4) NOT NULL default '0',
  `discountcode` char(2) NOT NULL default '',
  `ediinvoices` tinyint(4) NOT NULL default '0',
  `ediorders` tinyint(4) NOT NULL default '0',
  `edireference` varchar(20) NOT NULL default '',
  `editransport` varchar(5) NOT NULL default 'email',
  `ediaddress` varchar(50) NOT NULL default '',
  `ediserveruser` varchar(20) NOT NULL default '',
  `ediserverpwd` varchar(20) NOT NULL default '',
  `taxref` varchar(20) NOT NULL default '',
  PRIMARY KEY  (`debtorno`),
  KEY `Currency` (`currcode`),
  KEY `HoldReason` (`holdreason`),
  KEY `Name` (`name`),
  KEY `PaymentTerms` (`paymentterms`),
  KEY `SalesType` (`salestype`),
  KEY `EDIInvoices` (`ediinvoices`),
  KEY `EDIOrders` (`ediorders`)
) ENGINE=InnoDB DEFAULT CHARSET=latin1;

-- 
-- Dumping data for table `debtorsmaster`
-- 

INSERT INTO `debtorsmaster` VALUES ('MON1053', 'Mont Royal Hardware', '9754 Mont Royal', '', 'Montreal', 'QC', 'Quebec', 'H5J R3R', 'CDN', 'DE', '2007-03-22 00:00:00', 20, '7', 0, 0, 0, NULL, 0, 0, '', 0, 0, '', 'email', '', '', '', '');
INSERT INTO `debtorsmaster` VALUES ('NIC01117', 'Nicholson, Leann', '285 Churchill Ave.', '', 'Ottawa', 'ON', 'Canada', 'K1Z 5B7', 'CDN', 'DB', '2007-06-15 00:00:00', 20, '7', 0, 0, 0, NULL, 0, 0, '', 0, 0, '', 'email', '', '', '', '');
INSERT INTO `debtorsmaster` VALUES ('US 1113', 'US Equip Inc.', '146 Ninth Ave. NW', '', 'Washington', 'DC', 'USA', '44332-9709', 'CDN', 'DE', '2007-05-15 00:00:00', 20, '7', 0, 0, 0, NULL, 0, 0, '', 0, 0, '', 'email', '', '', '', '');
INSERT INTO `debtorsmaster` VALUES ('WWW1027', 'Spanglett, Gareth', '285 Churchill Ave. N.', '', 'Ottawa', 'ON', 'CAN', 'K1Z 5B7', 'CDN', 'DE', '0000-00-00 00:00:00', 0, '7', 0, 0, 0, '0000-00-00 00:00:00', 1000, 0, '', 0, 0, '', 'email', '', '', '', '');
INSERT INTO `debtorsmaster` VALUES ('WWW1056', 'McGrath, Douglas', '87 David Drive', '', 'Nepean', 'ON', 'CAN', 'K2P 8P8', 'CDN', 'DE', '0000-00-00 00:00:00', 0, '7', 0, 0, 0, '0000-00-00 00:00:00', 1000, 0, '', 0, 0, '', 'email', '', '', '', '');
INSERT INTO `debtorsmaster` VALUES ('WWW1058', 'Franois, Benot', '456 ave. bleue', '', 'Baie Comeau', 'QC', 'CAN', 'H5J F4F', 'CDN', 'DE', '0000-00-00 00:00:00', 0, '7', 0, 0, 0, '0000-00-00 00:00:00', 1000, 0, '', 0, 0, '', 'email', '', '', '', '');
INSERT INTO `debtorsmaster` VALUES ('WWW1060', 'Carlson, Carl', '782 Evergreen Terrace', '', 'Springfield', 'KY', 'USA', '44337', 'CDN', 'DE', '0000-00-00 00:00:00', 0, '7', 0, 0, 0, '0000-00-00 00:00:00', 1000, 0, '', 0, 0, '', 'email', '', '', '', '');
INSERT INTO `debtorsmaster` VALUES ('WWW1062', 'Mecury, Freddy', '65 Abbey Road', '', 'Liverpool', 'EN', 'GBR', 'K45D8H', 'CDN', 'DE', '0000-00-00 00:00:00', 0, '7', 0, 0, 0, '0000-00-00 00:00:00', 1000, 0, '', 0, 0, '', 'email', '', '', '', '');
INSERT INTO `debtorsmaster` VALUES ('WWW1064', 'Agora Communications Group', '285 Churchill Ave. N.', '', 'Ottawa', 'ON', 'CAN', 'K1Z 5B7', 'CDN', 'DE', '0000-00-00 00:00:00', 0, 'f', 0, 0, 0, '0000-00-00 00:00:00', 1000, 0, '', 0, 0, '', 'email', '', '', '', '');
INSERT INTO `debtorsmaster` VALUES ('WWW1068', 'jeffrey', '3 Ridgeburn Gate', '', 'Ottawa', 'AB', 'CAN', 'k1b4c1', 'CDN', 'DE', '0000-00-00 00:00:00', 0, 'f', 0, 0, 0, '0000-00-00 00:00:00', 1000, 0, '', 0, 0, '', 'email', '', '', '', '');
INSERT INTO `debtorsmaster` VALUES ('WWW1070', 'Mahsie Open Soure', '3  Ridgeburngate', '', 'Ottawa', 'AB', 'CAN', 'Ontaio', 'CDN', 'DE', '0000-00-00 00:00:00', 0, 'f', 0, 0, 0, '0000-00-00 00:00:00', 1000, 0, '', 0, 0, '', 'email', '', '', '', '');
INSERT INTO `debtorsmaster` VALUES ('WWW1080', 'Agora Communications Group', '285 Churchill AVe.', '', 'Ottawa', 'ON', 'CAN', 'K1Z 5B7', 'CDN', 'DE', '0000-00-00 00:00:00', 0, 'f', 0, 0, 0, '0000-00-00 00:00:00', 1000, 0, '', 0, 0, '', 'email', '', '', '', '');
INSERT INTO `debtorsmaster` VALUES ('WWW1084', 'Acme Inc.', '1234 Main Street', '', 'Ottawa', 'ON', 'CAN', 'K1Z 1Z1', 'CDN', 'DE', '0000-00-00 00:00:00', 0, 'f', 0, 0, 0, '0000-00-00 00:00:00', 1000, 0, '', 0, 0, '', 'email', '', '', '', '');
INSERT INTO `debtorsmaster` VALUES ('WWW1087', 'Mahsie', '3 ridgeburn Gate', '', 'Ottawa', 'AB', 'CAN', 'k1b4c1', 'CDN', 'DE', '0000-00-00 00:00:00', 0, 'f', 0, 0, 0, '0000-00-00 00:00:00', 1000, 0, '', 0, 0, '', 'email', '', '', '', '');
INSERT INTO `debtorsmaster` VALUES ('WWW1094', 'Agora', '285 Churchill Ave. N.', '', 'Ottawa', 'ON', 'CAN', 'K1Z 5B7', 'CDN', 'DE', '0000-00-00 00:00:00', 0, 'f', 0, 0, 0, '0000-00-00 00:00:00', 1000, 0, '', 0, 0, '', 'email', '', '', '', '');
INSERT INTO `debtorsmaster` VALUES ('WWW1103', 'Spanglett, Gareth', '1234 Main', '', 'Ottawa', 'ON', 'CAN', 'K1Z 5B7', 'CDN', 'DE', '0000-00-00 00:00:00', 0, 'f', 0, 0, 0, '0000-00-00 00:00:00', 1000, 0, '', 0, 0, '', 'email', '', '', '', '');
INSERT INTO `debtorsmaster` VALUES ('WWW1109', 'Vachon, Klaus', '1234 Main Street', '', 'Ottawa', 'ON', 'CAN', 'K1A 1A1', 'CDN', 'DE', '0000-00-00 00:00:00', 0, 'f', 0, 0, 0, '0000-00-00 00:00:00', 1000, 0, '', 0, 0, '', 'email', '', '', '', '');
INSERT INTO `debtorsmaster` VALUES ('WWW1118', 'Mahsie', '3 ridgeBurn gate', '', 'Ottawa', 'AB', 'CAN', 'ontario', 'CDN', 'DE', '0000-00-00 00:00:00', 0, 'f', 0, 0, 0, '0000-00-00 00:00:00', 1000, 0, '', 0, 0, '', 'email', '', '', '', '');
INSERT INTO `debtorsmaster` VALUES ('WWW1121', 'Spanglett, Gareth', '1234 Main', '', 'Ottawa', 'ON', 'CAN', 'K1A1A1', 'CDN', 'DE', '0000-00-00 00:00:00', 0, 'f', 0, 0, 0, '0000-00-00 00:00:00', 1000, 0, '', 0, 0, '', 'email', '', '', '', '');
INSERT INTO `debtorsmaster` VALUES ('WWW1128', 'Acme Inc.', '1234 Main St.', '', 'Ottawa', 'ON', 'CAN', 'K1Z5B7', 'CDN', 'DE', '0000-00-00 00:00:00', 0, 'f', 0, 0, 0, '0000-00-00 00:00:00', 1000, 0, '', 0, 0, '', 'email', '', '', '', '');
INSERT INTO `debtorsmaster` VALUES ('WWW1131', 'mahsie OSS', '3 ridgebun Gate', '', 'Gloucester', 'AB', 'CAN', 'k1b4c1', 'CDN', 'DE', '0000-00-00 00:00:00', 0, 'f', 0, 0, 0, '0000-00-00 00:00:00', 1000, 0, '', 0, 0, '', 'email', '', '', '', '');

-- --------------------------------------------------------

-- 
-- Table structure for table `debtortrans`
-- 

CREATE TABLE `debtortrans` (
  `id` int(11) NOT NULL auto_increment,
  `transno` int(11) NOT NULL default '0',
  `type` smallint(6) NOT NULL default '0',
  `debtorno` varchar(10) NOT NULL default '',
  `branchcode` varchar(10) NOT NULL default '',
  `trandate` datetime NOT NULL default '0000-00-00 00:00:00',
  `prd` smallint(6) NOT NULL default '0',
  `settled` tinyint(4) NOT NULL default '0',
  `reference` varchar(20) NOT NULL default '',
  `tpe` char(2) NOT NULL default '',
  `order_` int(11) NOT NULL default '0',
  `rate` double NOT NULL default '0',
  `ovamount` double NOT NULL default '0',
  `ovgst` double NOT NULL default '0',
  `ovfreight` double NOT NULL default '0',
  `ovdiscount` double NOT NULL default '0',
  `diffonexch` double NOT NULL default '0',
  `alloc` double NOT NULL default '0',
  `invtext` text,
  `shipvia` varchar(10) NOT NULL default '',
  `edisent` tinyint(4) NOT NULL default '0',
  `consignment` varchar(15) NOT NULL default '',
  PRIMARY KEY  (`id`),
  KEY `DebtorNo` (`debtorno`,`branchcode`),
  KEY `Order_` (`order_`),
  KEY `Prd` (`prd`),
  KEY `Tpe` (`tpe`),
  KEY `Type` (`type`),
  KEY `Settled` (`settled`),
  KEY `TranDate` (`trandate`),
  KEY `TransNo` (`transno`),
  KEY `Type_2` (`type`,`transno`),
  KEY `EDISent` (`edisent`)
) ENGINE=InnoDB DEFAULT CHARSET=latin1 AUTO_INCREMENT=12 ;

-- 
-- Dumping data for table `debtortrans`
-- 

INSERT INTO `debtortrans` VALUES (1, 1001, 10, 'WWW1070', 'WWW1070', '2007-04-17 00:00:00', 2, 0, '', 'DE', 5, 1, 71.43, 0, 45, 0, 0, 0, '', '1', 0, '');
INSERT INTO `debtortrans` VALUES (2, 1002, 10, 'WWW1087', 'WWW1087', '2007-04-17 00:00:00', 2, 0, '', 'DE', 11, 1, 1248.5, 0, 45, 0, 0, 0, '', '1', 0, '');
INSERT INTO `debtortrans` VALUES (3, 1003, 10, 'WWW1087', 'WWW1087', '2007-04-17 00:00:00', 2, 0, '', 'DE', 13, 1, 73.14, 0, 37, 0, 0, 0, '', '1', 0, '');
INSERT INTO `debtortrans` VALUES (4, 1004, 10, 'WWW1064', 'WWW1064', '2007-04-17 00:00:00', 2, 0, '', 'DE', 9, 1, 247, 17.04, 37, 0, 0, 0, '', '1', 0, '');
INSERT INTO `debtortrans` VALUES (5, 1005, 10, 'WWW1080', 'WWW1080', '2007-04-17 00:00:00', 2, 0, '', 'DE', 8, 1, 5, 1.02, 12, 0, 0, 0, '', '1', 0, '');
INSERT INTO `debtortrans` VALUES (6, 1006, 10, 'WWW1084', 'WWW1084', '2007-04-17 00:00:00', 2, 0, '', 'DE', 10, 1, 114.77, 7.61, 12, 0, 0, 0, '', '1', 0, '');
INSERT INTO `debtortrans` VALUES (7, 1007, 10, 'WWW1087', 'WWW1087', '2007-04-17 00:00:00', 2, 0, '', 'DE', 14, 1, 48.12, 0, 37, 0, 0, 0, '', '1', 0, '');
INSERT INTO `debtortrans` VALUES (8, 1008, 10, 'WWW1103', 'WWW1103', '2007-05-08 00:00:00', 3, 0, '', 'DE', 24, 1, 0.25, 0.03, 0.25, 0, 0, 0, '', '1', 0, '');
INSERT INTO `debtortrans` VALUES (9, 1009, 10, 'WWW1109', 'WWW1109', '2007-05-15 00:00:00', 3, 0, '', 'DE', 25, 1, 0.5, 0.05, 0.25, 0, 0, 0, '', '1', 0, '');
INSERT INTO `debtortrans` VALUES (10, 1010, 10, 'WWW1070', 'WWW1070', '2007-08-20 00:00:00', 6, 0, '', 'DE', 1003, 1, 3490, 0, 0, 0, 0, 0, '', '1', 0, '');
INSERT INTO `debtortrans` VALUES (11, 1011, 10, 'WWW1131', 'WWW1131', '2007-08-20 00:00:00', 6, 0, '', 'DE', 31, 1, 56, 0, 28, 0, 0, 0, '', '1', 0, '');

-- --------------------------------------------------------

-- 
-- Table structure for table `debtortranstaxes`
-- 

CREATE TABLE `debtortranstaxes` (
  `debtortransid` int(11) NOT NULL default '0',
  `taxauthid` tinyint(4) NOT NULL default '0',
  `taxamount` double NOT NULL default '0',
  PRIMARY KEY  (`debtortransid`,`taxauthid`),
  KEY `taxauthid` (`taxauthid`)
) ENGINE=InnoDB DEFAULT CHARSET=latin1;

-- 
-- Dumping data for table `debtortranstaxes`
-- 

INSERT INTO `debtortranstaxes` VALUES (4, 11, 17.04);
INSERT INTO `debtortranstaxes` VALUES (4, 12, 0);
INSERT INTO `debtortranstaxes` VALUES (5, 11, 1.02);
INSERT INTO `debtortranstaxes` VALUES (5, 12, 0);
INSERT INTO `debtortranstaxes` VALUES (6, 11, 7.6062);
INSERT INTO `debtortranstaxes` VALUES (6, 12, 0);
INSERT INTO `debtortranstaxes` VALUES (8, 11, 0.03);
INSERT INTO `debtortranstaxes` VALUES (8, 12, 0);
INSERT INTO `debtortranstaxes` VALUES (9, 11, 0.045);
INSERT INTO `debtortranstaxes` VALUES (9, 12, 0);

-- --------------------------------------------------------

-- 
-- Table structure for table `def_org_field`
-- 

CREATE TABLE `def_org_field` (
  `tabid` int(10) default NULL,
  `fieldid` int(19) default NULL,
  `visible` int(19) default NULL,
  `readonly` int(19) default NULL,
  KEY `idx_def_org_field` (`tabid`,`fieldid`),
  KEY `tabid` (`tabid`),
  KEY `visible` (`visible`,`fieldid`)
) ENGINE=MyISAM DEFAULT CHARSET=latin1;

-- 
-- Dumping data for table `def_org_field`
-- 

INSERT INTO `def_org_field` VALUES (6, 1, 0, 1);
INSERT INTO `def_org_field` VALUES (6, 2, 0, 1);
INSERT INTO `def_org_field` VALUES (6, 3, 0, 1);
INSERT INTO `def_org_field` VALUES (6, 4, 0, 1);
INSERT INTO `def_org_field` VALUES (6, 5, 0, 1);
INSERT INTO `def_org_field` VALUES (6, 6, 0, 1);
INSERT INTO `def_org_field` VALUES (6, 7, 0, 1);
INSERT INTO `def_org_field` VALUES (6, 8, 0, 1);
INSERT INTO `def_org_field` VALUES (6, 9, 1, 1);
INSERT INTO `def_org_field` VALUES (6, 10, 0, 1);
INSERT INTO `def_org_field` VALUES (6, 11, 1, 1);
INSERT INTO `def_org_field` VALUES (6, 12, 0, 1);
INSERT INTO `def_org_field` VALUES (6, 13, 0, 1);
INSERT INTO `def_org_field` VALUES (6, 14, 1, 1);
INSERT INTO `def_org_field` VALUES (6, 15, 0, 1);
INSERT INTO `def_org_field` VALUES (6, 16, 1, 1);
INSERT INTO `def_org_field` VALUES (6, 17, 0, 1);
INSERT INTO `def_org_field` VALUES (6, 18, 0, 1);
INSERT INTO `def_org_field` VALUES (6, 19, 0, 1);
INSERT INTO `def_org_field` VALUES (6, 20, 0, 1);
INSERT INTO `def_org_field` VALUES (6, 21, 0, 1);
INSERT INTO `def_org_field` VALUES (6, 22, 0, 1);
INSERT INTO `def_org_field` VALUES (6, 23, 0, 1);
INSERT INTO `def_org_field` VALUES (6, 24, 0, 1);
INSERT INTO `def_org_field` VALUES (6, 25, 0, 1);
INSERT INTO `def_org_field` VALUES (6, 26, 0, 1);
INSERT INTO `def_org_field` VALUES (6, 27, 0, 1);
INSERT INTO `def_org_field` VALUES (6, 28, 0, 1);
INSERT INTO `def_org_field` VALUES (6, 29, 0, 1);
INSERT INTO `def_org_field` VALUES (6, 30, 0, 1);
INSERT INTO `def_org_field` VALUES (7, 32, 0, 1);
INSERT INTO `def_org_field` VALUES (7, 33, 0, 1);
INSERT INTO `def_org_field` VALUES (7, 34, 0, 1);
INSERT INTO `def_org_field` VALUES (7, 35, 0, 1);
INSERT INTO `def_org_field` VALUES (7, 36, 0, 1);
INSERT INTO `def_org_field` VALUES (7, 37, 0, 1);
INSERT INTO `def_org_field` VALUES (7, 38, 0, 1);
INSERT INTO `def_org_field` VALUES (7, 39, 0, 1);
INSERT INTO `def_org_field` VALUES (7, 40, 0, 1);
INSERT INTO `def_org_field` VALUES (7, 41, 0, 1);
INSERT INTO `def_org_field` VALUES (7, 42, 0, 1);
INSERT INTO `def_org_field` VALUES (7, 43, 0, 1);
INSERT INTO `def_org_field` VALUES (7, 44, 0, 1);
INSERT INTO `def_org_field` VALUES (7, 45, 0, 1);
INSERT INTO `def_org_field` VALUES (7, 46, 0, 1);
INSERT INTO `def_org_field` VALUES (7, 47, 0, 1);
INSERT INTO `def_org_field` VALUES (7, 48, 0, 1);
INSERT INTO `def_org_field` VALUES (7, 49, 0, 1);
INSERT INTO `def_org_field` VALUES (7, 50, 0, 1);
INSERT INTO `def_org_field` VALUES (7, 51, 0, 1);
INSERT INTO `def_org_field` VALUES (7, 52, 0, 1);
INSERT INTO `def_org_field` VALUES (7, 53, 0, 1);
INSERT INTO `def_org_field` VALUES (7, 54, 0, 1);
INSERT INTO `def_org_field` VALUES (7, 55, 0, 1);
INSERT INTO `def_org_field` VALUES (7, 56, 0, 1);
INSERT INTO `def_org_field` VALUES (4, 58, 0, 1);
INSERT INTO `def_org_field` VALUES (4, 59, 0, 1);
INSERT INTO `def_org_field` VALUES (4, 60, 0, 1);
INSERT INTO `def_org_field` VALUES (4, 61, 0, 1);
INSERT INTO `def_org_field` VALUES (4, 62, 0, 1);
INSERT INTO `def_org_field` VALUES (4, 63, 0, 1);
INSERT INTO `def_org_field` VALUES (4, 64, 0, 1);
INSERT INTO `def_org_field` VALUES (4, 65, 0, 1);
INSERT INTO `def_org_field` VALUES (4, 66, 0, 1);
INSERT INTO `def_org_field` VALUES (4, 67, 0, 1);
INSERT INTO `def_org_field` VALUES (4, 68, 0, 1);
INSERT INTO `def_org_field` VALUES (4, 69, 0, 1);
INSERT INTO `def_org_field` VALUES (4, 70, 0, 1);
INSERT INTO `def_org_field` VALUES (4, 71, 0, 1);
INSERT INTO `def_org_field` VALUES (4, 72, 0, 1);
INSERT INTO `def_org_field` VALUES (4, 73, 0, 1);
INSERT INTO `def_org_field` VALUES (4, 74, 0, 1);
INSERT INTO `def_org_field` VALUES (4, 75, 0, 1);
INSERT INTO `def_org_field` VALUES (4, 76, 0, 1);
INSERT INTO `def_org_field` VALUES (4, 77, 0, 1);
INSERT INTO `def_org_field` VALUES (4, 78, 0, 1);
INSERT INTO `def_org_field` VALUES (4, 79, 0, 1);
INSERT INTO `def_org_field` VALUES (4, 80, 0, 1);
INSERT INTO `def_org_field` VALUES (4, 81, 0, 1);
INSERT INTO `def_org_field` VALUES (4, 82, 0, 1);
INSERT INTO `def_org_field` VALUES (4, 83, 0, 1);
INSERT INTO `def_org_field` VALUES (4, 84, 0, 1);
INSERT INTO `def_org_field` VALUES (4, 85, 0, 1);
INSERT INTO `def_org_field` VALUES (4, 86, 0, 1);
INSERT INTO `def_org_field` VALUES (4, 87, 0, 1);
INSERT INTO `def_org_field` VALUES (4, 88, 0, 1);
INSERT INTO `def_org_field` VALUES (4, 89, 0, 1);
INSERT INTO `def_org_field` VALUES (4, 90, 0, 1);
INSERT INTO `def_org_field` VALUES (4, 91, 0, 1);
INSERT INTO `def_org_field` VALUES (4, 92, 0, 1);
INSERT INTO `def_org_field` VALUES (4, 93, 0, 1);
INSERT INTO `def_org_field` VALUES (2, 94, 0, 1);
INSERT INTO `def_org_field` VALUES (2, 95, 0, 1);
INSERT INTO `def_org_field` VALUES (2, 96, 0, 1);
INSERT INTO `def_org_field` VALUES (2, 97, 0, 1);
INSERT INTO `def_org_field` VALUES (2, 98, 0, 1);
INSERT INTO `def_org_field` VALUES (2, 99, 0, 1);
INSERT INTO `def_org_field` VALUES (2, 100, 0, 1);
INSERT INTO `def_org_field` VALUES (2, 101, 0, 1);
INSERT INTO `def_org_field` VALUES (2, 102, 0, 1);
INSERT INTO `def_org_field` VALUES (2, 103, 0, 1);
INSERT INTO `def_org_field` VALUES (2, 104, 0, 1);
INSERT INTO `def_org_field` VALUES (2, 105, 0, 1);
INSERT INTO `def_org_field` VALUES (2, 106, 0, 1);
INSERT INTO `def_org_field` VALUES (13, 107, 0, 1);
INSERT INTO `def_org_field` VALUES (13, 108, 0, 1);
INSERT INTO `def_org_field` VALUES (13, 109, 0, 1);
INSERT INTO `def_org_field` VALUES (13, 110, 0, 1);
INSERT INTO `def_org_field` VALUES (13, 111, 0, 1);
INSERT INTO `def_org_field` VALUES (13, 112, 0, 1);
INSERT INTO `def_org_field` VALUES (13, 113, 0, 1);
INSERT INTO `def_org_field` VALUES (13, 115, 0, 1);
INSERT INTO `def_org_field` VALUES (13, 116, 0, 1);
INSERT INTO `def_org_field` VALUES (13, 117, 0, 1);
INSERT INTO `def_org_field` VALUES (13, 118, 0, 1);
INSERT INTO `def_org_field` VALUES (13, 119, 0, 1);
INSERT INTO `def_org_field` VALUES (13, 120, 0, 1);
INSERT INTO `def_org_field` VALUES (14, 121, 0, 1);
INSERT INTO `def_org_field` VALUES (14, 122, 0, 1);
INSERT INTO `def_org_field` VALUES (14, 123, 0, 1);
INSERT INTO `def_org_field` VALUES (14, 124, 0, 1);
INSERT INTO `def_org_field` VALUES (14, 125, 0, 1);
INSERT INTO `def_org_field` VALUES (14, 126, 0, 1);
INSERT INTO `def_org_field` VALUES (14, 127, 0, 1);
INSERT INTO `def_org_field` VALUES (14, 128, 0, 1);
INSERT INTO `def_org_field` VALUES (14, 129, 0, 1);
INSERT INTO `def_org_field` VALUES (14, 130, 0, 1);
INSERT INTO `def_org_field` VALUES (14, 131, 0, 1);
INSERT INTO `def_org_field` VALUES (14, 132, 0, 1);
INSERT INTO `def_org_field` VALUES (14, 133, 1, 1);
INSERT INTO `def_org_field` VALUES (14, 134, 0, 1);
INSERT INTO `def_org_field` VALUES (14, 135, 0, 1);
INSERT INTO `def_org_field` VALUES (14, 136, 0, 1);
INSERT INTO `def_org_field` VALUES (14, 137, 0, 1);
INSERT INTO `def_org_field` VALUES (14, 138, 0, 1);
INSERT INTO `def_org_field` VALUES (14, 139, 0, 1);
INSERT INTO `def_org_field` VALUES (14, 140, 0, 1);
INSERT INTO `def_org_field` VALUES (14, 141, 0, 1);
INSERT INTO `def_org_field` VALUES (14, 142, 0, 1);
INSERT INTO `def_org_field` VALUES (14, 143, 0, 1);
INSERT INTO `def_org_field` VALUES (14, 144, 0, 1);
INSERT INTO `def_org_field` VALUES (14, 145, 0, 1);
INSERT INTO `def_org_field` VALUES (14, 146, 0, 1);
INSERT INTO `def_org_field` VALUES (14, 147, 0, 1);
INSERT INTO `def_org_field` VALUES (14, 148, 0, 1);
INSERT INTO `def_org_field` VALUES (14, 149, 0, 1);
INSERT INTO `def_org_field` VALUES (14, 150, 0, 1);
INSERT INTO `def_org_field` VALUES (14, 151, 0, 1);
INSERT INTO `def_org_field` VALUES (8, 152, 0, 1);
INSERT INTO `def_org_field` VALUES (8, 153, 0, 1);
INSERT INTO `def_org_field` VALUES (8, 154, 0, 1);
INSERT INTO `def_org_field` VALUES (8, 155, 0, 1);
INSERT INTO `def_org_field` VALUES (8, 156, 0, 1);
INSERT INTO `def_org_field` VALUES (8, 157, 0, 1);
INSERT INTO `def_org_field` VALUES (8, 158, 0, 1);
INSERT INTO `def_org_field` VALUES (10, 159, 0, 1);
INSERT INTO `def_org_field` VALUES (10, 162, 0, 1);
INSERT INTO `def_org_field` VALUES (10, 163, 0, 1);
INSERT INTO `def_org_field` VALUES (10, 164, 0, 1);
INSERT INTO `def_org_field` VALUES (10, 165, 0, 1);
INSERT INTO `def_org_field` VALUES (10, 166, 0, 1);
INSERT INTO `def_org_field` VALUES (10, 168, 0, 1);
INSERT INTO `def_org_field` VALUES (10, 169, 0, 1);
INSERT INTO `def_org_field` VALUES (9, 170, 0, 1);
INSERT INTO `def_org_field` VALUES (9, 171, 0, 1);
INSERT INTO `def_org_field` VALUES (9, 172, 0, 1);
INSERT INTO `def_org_field` VALUES (9, 174, 0, 1);
INSERT INTO `def_org_field` VALUES (9, 175, 0, 1);
INSERT INTO `def_org_field` VALUES (9, 176, 0, 1);
INSERT INTO `def_org_field` VALUES (9, 177, 0, 1);
INSERT INTO `def_org_field` VALUES (9, 179, 0, 1);
INSERT INTO `def_org_field` VALUES (9, 180, 0, 1);
INSERT INTO `def_org_field` VALUES (9, 181, 0, 1);
INSERT INTO `def_org_field` VALUES (9, 182, 0, 1);
INSERT INTO `def_org_field` VALUES (9, 184, 0, 1);
INSERT INTO `def_org_field` VALUES (16, 190, 0, 1);
INSERT INTO `def_org_field` VALUES (16, 191, 0, 1);
INSERT INTO `def_org_field` VALUES (16, 192, 0, 1);
INSERT INTO `def_org_field` VALUES (16, 194, 0, 1);
INSERT INTO `def_org_field` VALUES (16, 195, 0, 1);
INSERT INTO `def_org_field` VALUES (16, 196, 0, 1);
INSERT INTO `def_org_field` VALUES (16, 198, 0, 1);
INSERT INTO `def_org_field` VALUES (16, 199, 0, 1);
INSERT INTO `def_org_field` VALUES (16, 200, 0, 1);
INSERT INTO `def_org_field` VALUES (16, 201, 0, 1);
INSERT INTO `def_org_field` VALUES (16, 202, 0, 1);
INSERT INTO `def_org_field` VALUES (16, 203, 0, 1);
INSERT INTO `def_org_field` VALUES (16, 204, 0, 1);
INSERT INTO `def_org_field` VALUES (16, 205, 0, 1);
INSERT INTO `def_org_field` VALUES (16, 206, 0, 1);
INSERT INTO `def_org_field` VALUES (16, 207, 0, 1);
INSERT INTO `def_org_field` VALUES (15, 208, 0, 1);
INSERT INTO `def_org_field` VALUES (15, 209, 0, 1);
INSERT INTO `def_org_field` VALUES (15, 210, 0, 1);
INSERT INTO `def_org_field` VALUES (15, 211, 0, 1);
INSERT INTO `def_org_field` VALUES (15, 212, 0, 1);
INSERT INTO `def_org_field` VALUES (15, 213, 0, 1);
INSERT INTO `def_org_field` VALUES (15, 214, 0, 1);
INSERT INTO `def_org_field` VALUES (15, 215, 0, 1);
INSERT INTO `def_org_field` VALUES (18, 216, 0, 1);
INSERT INTO `def_org_field` VALUES (18, 217, 0, 1);
INSERT INTO `def_org_field` VALUES (18, 218, 0, 1);
INSERT INTO `def_org_field` VALUES (18, 219, 0, 1);
INSERT INTO `def_org_field` VALUES (18, 220, 0, 1);
INSERT INTO `def_org_field` VALUES (18, 221, 0, 1);
INSERT INTO `def_org_field` VALUES (18, 222, 0, 1);
INSERT INTO `def_org_field` VALUES (18, 223, 0, 1);
INSERT INTO `def_org_field` VALUES (18, 224, 0, 1);
INSERT INTO `def_org_field` VALUES (18, 225, 0, 1);
INSERT INTO `def_org_field` VALUES (18, 226, 0, 1);
INSERT INTO `def_org_field` VALUES (18, 227, 0, 1);
INSERT INTO `def_org_field` VALUES (18, 228, 0, 1);
INSERT INTO `def_org_field` VALUES (18, 229, 0, 1);
INSERT INTO `def_org_field` VALUES (19, 230, 0, 1);
INSERT INTO `def_org_field` VALUES (19, 231, 0, 1);
INSERT INTO `def_org_field` VALUES (19, 232, 0, 1);
INSERT INTO `def_org_field` VALUES (19, 233, 0, 1);
INSERT INTO `def_org_field` VALUES (19, 234, 0, 1);
INSERT INTO `def_org_field` VALUES (20, 235, 0, 1);
INSERT INTO `def_org_field` VALUES (20, 236, 0, 1);
INSERT INTO `def_org_field` VALUES (20, 237, 0, 1);
INSERT INTO `def_org_field` VALUES (20, 238, 0, 1);
INSERT INTO `def_org_field` VALUES (20, 239, 0, 1);
INSERT INTO `def_org_field` VALUES (20, 240, 0, 1);
INSERT INTO `def_org_field` VALUES (20, 241, 0, 1);
INSERT INTO `def_org_field` VALUES (20, 243, 0, 1);
INSERT INTO `def_org_field` VALUES (20, 244, 0, 1);
INSERT INTO `def_org_field` VALUES (20, 248, 0, 1);
INSERT INTO `def_org_field` VALUES (20, 249, 0, 1);
INSERT INTO `def_org_field` VALUES (20, 250, 0, 1);
INSERT INTO `def_org_field` VALUES (20, 251, 0, 1);
INSERT INTO `def_org_field` VALUES (20, 252, 0, 1);
INSERT INTO `def_org_field` VALUES (20, 253, 0, 1);
INSERT INTO `def_org_field` VALUES (20, 254, 0, 1);
INSERT INTO `def_org_field` VALUES (20, 255, 0, 1);
INSERT INTO `def_org_field` VALUES (20, 256, 0, 1);
INSERT INTO `def_org_field` VALUES (20, 257, 0, 1);
INSERT INTO `def_org_field` VALUES (20, 258, 0, 1);
INSERT INTO `def_org_field` VALUES (20, 259, 0, 1);
INSERT INTO `def_org_field` VALUES (20, 260, 0, 1);
INSERT INTO `def_org_field` VALUES (20, 261, 0, 1);
INSERT INTO `def_org_field` VALUES (20, 262, 0, 1);
INSERT INTO `def_org_field` VALUES (20, 263, 0, 1);
INSERT INTO `def_org_field` VALUES (21, 264, 0, 1);
INSERT INTO `def_org_field` VALUES (21, 265, 0, 1);
INSERT INTO `def_org_field` VALUES (21, 266, 0, 1);
INSERT INTO `def_org_field` VALUES (21, 267, 0, 1);
INSERT INTO `def_org_field` VALUES (21, 268, 0, 1);
INSERT INTO `def_org_field` VALUES (21, 269, 0, 1);
INSERT INTO `def_org_field` VALUES (21, 270, 0, 1);
INSERT INTO `def_org_field` VALUES (21, 273, 0, 1);
INSERT INTO `def_org_field` VALUES (21, 274, 0, 1);
INSERT INTO `def_org_field` VALUES (21, 277, 0, 1);
INSERT INTO `def_org_field` VALUES (21, 278, 0, 1);
INSERT INTO `def_org_field` VALUES (21, 279, 0, 1);
INSERT INTO `def_org_field` VALUES (21, 280, 0, 1);
INSERT INTO `def_org_field` VALUES (21, 281, 0, 1);
INSERT INTO `def_org_field` VALUES (21, 282, 0, 1);
INSERT INTO `def_org_field` VALUES (21, 283, 0, 1);
INSERT INTO `def_org_field` VALUES (21, 284, 0, 1);
INSERT INTO `def_org_field` VALUES (21, 285, 0, 1);
INSERT INTO `def_org_field` VALUES (21, 286, 0, 1);
INSERT INTO `def_org_field` VALUES (21, 287, 0, 1);
INSERT INTO `def_org_field` VALUES (21, 288, 0, 1);
INSERT INTO `def_org_field` VALUES (21, 289, 0, 1);
INSERT INTO `def_org_field` VALUES (21, 290, 0, 1);
INSERT INTO `def_org_field` VALUES (21, 291, 0, 1);
INSERT INTO `def_org_field` VALUES (21, 292, 0, 1);
INSERT INTO `def_org_field` VALUES (22, 293, 0, 1);
INSERT INTO `def_org_field` VALUES (22, 294, 0, 1);
INSERT INTO `def_org_field` VALUES (22, 295, 0, 1);
INSERT INTO `def_org_field` VALUES (22, 296, 0, 1);
INSERT INTO `def_org_field` VALUES (22, 297, 0, 1);
INSERT INTO `def_org_field` VALUES (22, 298, 0, 1);
INSERT INTO `def_org_field` VALUES (22, 299, 0, 1);
INSERT INTO `def_org_field` VALUES (22, 300, 0, 1);
INSERT INTO `def_org_field` VALUES (22, 301, 0, 1);
INSERT INTO `def_org_field` VALUES (22, 302, 0, 1);
INSERT INTO `def_org_field` VALUES (22, 305, 0, 1);
INSERT INTO `def_org_field` VALUES (22, 306, 0, 1);
INSERT INTO `def_org_field` VALUES (22, 309, 0, 1);
INSERT INTO `def_org_field` VALUES (22, 310, 0, 1);
INSERT INTO `def_org_field` VALUES (22, 311, 0, 1);
INSERT INTO `def_org_field` VALUES (22, 312, 0, 1);
INSERT INTO `def_org_field` VALUES (22, 313, 0, 1);
INSERT INTO `def_org_field` VALUES (22, 314, 0, 1);
INSERT INTO `def_org_field` VALUES (22, 315, 0, 1);
INSERT INTO `def_org_field` VALUES (22, 316, 0, 1);
INSERT INTO `def_org_field` VALUES (22, 317, 0, 1);
INSERT INTO `def_org_field` VALUES (22, 318, 0, 1);
INSERT INTO `def_org_field` VALUES (22, 319, 0, 1);
INSERT INTO `def_org_field` VALUES (22, 320, 0, 1);
INSERT INTO `def_org_field` VALUES (22, 321, 0, 1);
INSERT INTO `def_org_field` VALUES (22, 322, 0, 1);
INSERT INTO `def_org_field` VALUES (22, 323, 0, 1);
INSERT INTO `def_org_field` VALUES (22, 324, 0, 1);
INSERT INTO `def_org_field` VALUES (23, 325, 0, 1);
INSERT INTO `def_org_field` VALUES (23, 326, 0, 1);
INSERT INTO `def_org_field` VALUES (23, 327, 0, 1);
INSERT INTO `def_org_field` VALUES (23, 328, 0, 1);
INSERT INTO `def_org_field` VALUES (23, 329, 0, 1);
INSERT INTO `def_org_field` VALUES (23, 330, 0, 1);
INSERT INTO `def_org_field` VALUES (23, 333, 0, 1);
INSERT INTO `def_org_field` VALUES (23, 334, 0, 1);
INSERT INTO `def_org_field` VALUES (23, 337, 0, 1);
INSERT INTO `def_org_field` VALUES (23, 338, 0, 1);
INSERT INTO `def_org_field` VALUES (23, 339, 0, 1);
INSERT INTO `def_org_field` VALUES (23, 340, 0, 1);
INSERT INTO `def_org_field` VALUES (23, 341, 0, 1);
INSERT INTO `def_org_field` VALUES (23, 342, 0, 1);
INSERT INTO `def_org_field` VALUES (23, 343, 0, 1);
INSERT INTO `def_org_field` VALUES (23, 344, 0, 1);
INSERT INTO `def_org_field` VALUES (23, 345, 0, 1);
INSERT INTO `def_org_field` VALUES (23, 346, 0, 1);
INSERT INTO `def_org_field` VALUES (23, 347, 0, 1);
INSERT INTO `def_org_field` VALUES (23, 348, 0, 1);
INSERT INTO `def_org_field` VALUES (23, 349, 0, 1);
INSERT INTO `def_org_field` VALUES (23, 350, 0, 1);
INSERT INTO `def_org_field` VALUES (23, 351, 0, 1);
INSERT INTO `def_org_field` VALUES (23, 352, 0, 1);
INSERT INTO `def_org_field` VALUES (23, 353, 0, 1);
INSERT INTO `def_org_field` VALUES (6, 354, 0, 1);
INSERT INTO `def_org_field` VALUES (6, 355, 0, 1);
INSERT INTO `def_org_field` VALUES (6, 356, 0, 1);
INSERT INTO `def_org_field` VALUES (6, 357, 0, 1);
INSERT INTO `def_org_field` VALUES (6, 358, 0, 1);
INSERT INTO `def_org_field` VALUES (6, 359, 0, 1);
INSERT INTO `def_org_field` VALUES (22, 360, 0, 1);
INSERT INTO `def_org_field` VALUES (22, 361, 0, 1);
INSERT INTO `def_org_field` VALUES (22, 362, 0, 1);
INSERT INTO `def_org_field` VALUES (22, 364, 0, 1);
INSERT INTO `def_org_field` VALUES (22, 366, 0, 1);
INSERT INTO `def_org_field` VALUES (22, 367, 0, 1);
INSERT INTO `def_org_field` VALUES (22, 368, 0, 1);
INSERT INTO `def_org_field` VALUES (22, 369, 0, 1);
INSERT INTO `def_org_field` VALUES (6, 363, 0, 1);
INSERT INTO `def_org_field` VALUES (22, 303, 0, 1);
INSERT INTO `def_org_field` VALUES (6, 375, 0, 1);
INSERT INTO `def_org_field` VALUES (6, 385, 0, 1);
INSERT INTO `def_org_field` VALUES (6, 383, 0, 1);
INSERT INTO `def_org_field` VALUES (6, 387, 0, 1);
INSERT INTO `def_org_field` VALUES (20, 388, 0, 1);
INSERT INTO `def_org_field` VALUES (20, 389, 0, 1);
INSERT INTO `def_org_field` VALUES (20, 390, 0, 1);
INSERT INTO `def_org_field` VALUES (20, 391, 0, 1);
INSERT INTO `def_org_field` VALUES (22, 392, 0, 1);
INSERT INTO `def_org_field` VALUES (22, 393, 0, 1);
INSERT INTO `def_org_field` VALUES (22, 394, 0, 1);
INSERT INTO `def_org_field` VALUES (22, 395, 0, 1);
INSERT INTO `def_org_field` VALUES (6, 396, 0, 1);
INSERT INTO `def_org_field` VALUES (6, 397, 0, 1);
INSERT INTO `def_org_field` VALUES (4, 398, 0, 1);
INSERT INTO `def_org_field` VALUES (4, 399, 0, 1);
INSERT INTO `def_org_field` VALUES (7, 400, 0, 1);
INSERT INTO `def_org_field` VALUES (19, 401, 0, 1);
INSERT INTO `def_org_field` VALUES (19, 402, 0, 1);

-- --------------------------------------------------------

-- 
-- Table structure for table `def_org_share`
-- 

CREATE TABLE `def_org_share` (
  `ruleid` int(11) NOT NULL auto_increment,
  `tabid` int(11) NOT NULL default '0',
  `permission` int(10) default NULL,
  PRIMARY KEY  (`ruleid`)
) ENGINE=MyISAM DEFAULT CHARSET=latin1 AUTO_INCREMENT=18 ;

-- 
-- Dumping data for table `def_org_share`
-- 

INSERT INTO `def_org_share` VALUES (1, 2, 2);
INSERT INTO `def_org_share` VALUES (2, 4, 2);
INSERT INTO `def_org_share` VALUES (3, 6, 1);
INSERT INTO `def_org_share` VALUES (4, 7, 2);
INSERT INTO `def_org_share` VALUES (5, 8, 2);
INSERT INTO `def_org_share` VALUES (6, 9, 2);
INSERT INTO `def_org_share` VALUES (7, 10, 2);
INSERT INTO `def_org_share` VALUES (8, 13, 2);
INSERT INTO `def_org_share` VALUES (9, 14, 2);
INSERT INTO `def_org_share` VALUES (10, 15, 2);
INSERT INTO `def_org_share` VALUES (11, 16, 2);
INSERT INTO `def_org_share` VALUES (12, 18, 2);
INSERT INTO `def_org_share` VALUES (13, 19, 2);
INSERT INTO `def_org_share` VALUES (14, 20, 2);
INSERT INTO `def_org_share` VALUES (15, 21, 1);
INSERT INTO `def_org_share` VALUES (16, 22, 1);
INSERT INTO `def_org_share` VALUES (17, 23, 0);

-- --------------------------------------------------------

-- 
-- Table structure for table `def_org_share_seq`
-- 

CREATE TABLE `def_org_share_seq` (
  `id` int(11) NOT NULL default '0'
) ENGINE=MyISAM DEFAULT CHARSET=latin1;

-- 
-- Dumping data for table `def_org_share_seq`
-- 

INSERT INTO `def_org_share_seq` VALUES (17);

-- --------------------------------------------------------

-- 
-- Table structure for table `defaultcv`
-- 

CREATE TABLE `defaultcv` (
  `tabid` int(19) NOT NULL default '0',
  `defaultviewname` varchar(50) NOT NULL default '',
  `query` longtext,
  PRIMARY KEY  (`tabid`)
) ENGINE=MyISAM DEFAULT CHARSET=latin1;

-- 
-- Dumping data for table `defaultcv`
-- 


-- --------------------------------------------------------

-- 
-- Table structure for table `discountmatrix`
-- 

CREATE TABLE `discountmatrix` (
  `salestype` char(2) NOT NULL default '',
  `discountcategory` char(2) NOT NULL default '',
  `quantitybreak` int(11) NOT NULL default '1',
  `discountrate` double NOT NULL default '0',
  PRIMARY KEY  (`salestype`,`discountcategory`,`quantitybreak`),
  KEY `QuantityBreak` (`quantitybreak`),
  KEY `DiscountCategory` (`discountcategory`),
  KEY `SalesType` (`salestype`)
) ENGINE=InnoDB DEFAULT CHARSET=latin1;

-- 
-- Dumping data for table `discountmatrix`
-- 


-- --------------------------------------------------------

-- 
-- Table structure for table `downloadpurpose`
-- 

CREATE TABLE `downloadpurpose` (
  `downloadpurposeid` int(19) NOT NULL auto_increment,
  `purpose` varchar(200) NOT NULL default '',
  `sortorderid` int(19) NOT NULL default '0',
  `presence` int(1) NOT NULL default '1',
  PRIMARY KEY  (`downloadpurposeid`),
  UNIQUE KEY `DownloadPurpose_UK0` (`purpose`)
) ENGINE=InnoDB DEFAULT CHARSET=latin1 AUTO_INCREMENT=1 ;

-- 
-- Dumping data for table `downloadpurpose`
-- 


-- --------------------------------------------------------

-- 
-- Table structure for table `duration_minutes`
-- 

CREATE TABLE `duration_minutes` (
  `minutesid` int(19) NOT NULL auto_increment,
  `duration_minutes` varchar(200) NOT NULL default '',
  `sortorderid` int(19) NOT NULL default '0',
  `presence` int(1) NOT NULL default '1',
  PRIMARY KEY  (`minutesid`)
) ENGINE=InnoDB DEFAULT CHARSET=latin1 AUTO_INCREMENT=5 ;

-- 
-- Dumping data for table `duration_minutes`
-- 

INSERT INTO `duration_minutes` VALUES (1, '00', 0, 1);
INSERT INTO `duration_minutes` VALUES (2, '15', 1, 1);
INSERT INTO `duration_minutes` VALUES (3, '30', 2, 1);
INSERT INTO `duration_minutes` VALUES (4, '45', 3, 1);

-- --------------------------------------------------------

-- 
-- Table structure for table `durationhrs`
-- 

CREATE TABLE `durationhrs` (
  `hrsid` int(19) NOT NULL auto_increment,
  `hrs` varchar(50) default NULL,
  `sortorderid` int(19) NOT NULL default '0',
  `presence` int(1) NOT NULL default '1',
  PRIMARY KEY  (`hrsid`)
) ENGINE=MyISAM DEFAULT CHARSET=latin1 AUTO_INCREMENT=1 ;

-- 
-- Dumping data for table `durationhrs`
-- 


-- --------------------------------------------------------

-- 
-- Table structure for table `durationmins`
-- 

CREATE TABLE `durationmins` (
  `minsid` int(19) NOT NULL auto_increment,
  `mins` varchar(50) default NULL,
  `sortorderid` int(19) NOT NULL default '0',
  `presence` int(1) NOT NULL default '1',
  PRIMARY KEY  (`minsid`)
) ENGINE=MyISAM DEFAULT CHARSET=latin1 AUTO_INCREMENT=1 ;

-- 
-- Dumping data for table `durationmins`
-- 


-- --------------------------------------------------------

-- 
-- Table structure for table `edi_orders_seg_groups`
-- 

CREATE TABLE `edi_orders_seg_groups` (
  `seggroupno` tinyint(4) NOT NULL default '0',
  `maxoccur` int(4) NOT NULL default '0',
  `parentseggroup` tinyint(4) NOT NULL default '0',
  PRIMARY KEY  (`seggroupno`)
) ENGINE=InnoDB DEFAULT CHARSET=latin1;

-- 
-- Dumping data for table `edi_orders_seg_groups`
-- 

INSERT INTO `edi_orders_seg_groups` VALUES (0, 1, 0);
INSERT INTO `edi_orders_seg_groups` VALUES (1, 9999, 0);
INSERT INTO `edi_orders_seg_groups` VALUES (2, 99, 0);
INSERT INTO `edi_orders_seg_groups` VALUES (3, 99, 2);
INSERT INTO `edi_orders_seg_groups` VALUES (5, 5, 2);
INSERT INTO `edi_orders_seg_groups` VALUES (6, 5, 0);
INSERT INTO `edi_orders_seg_groups` VALUES (7, 5, 0);
INSERT INTO `edi_orders_seg_groups` VALUES (8, 10, 0);
INSERT INTO `edi_orders_seg_groups` VALUES (9, 9999, 8);
INSERT INTO `edi_orders_seg_groups` VALUES (10, 10, 0);
INSERT INTO `edi_orders_seg_groups` VALUES (11, 10, 10);
INSERT INTO `edi_orders_seg_groups` VALUES (12, 5, 0);
INSERT INTO `edi_orders_seg_groups` VALUES (13, 99, 0);
INSERT INTO `edi_orders_seg_groups` VALUES (14, 5, 13);
INSERT INTO `edi_orders_seg_groups` VALUES (15, 10, 0);
INSERT INTO `edi_orders_seg_groups` VALUES (19, 99, 0);
INSERT INTO `edi_orders_seg_groups` VALUES (20, 1, 19);
INSERT INTO `edi_orders_seg_groups` VALUES (21, 1, 19);
INSERT INTO `edi_orders_seg_groups` VALUES (22, 2, 19);
INSERT INTO `edi_orders_seg_groups` VALUES (23, 1, 19);
INSERT INTO `edi_orders_seg_groups` VALUES (24, 5, 19);
INSERT INTO `edi_orders_seg_groups` VALUES (28, 200000, 0);
INSERT INTO `edi_orders_seg_groups` VALUES (32, 25, 28);
INSERT INTO `edi_orders_seg_groups` VALUES (33, 9999, 28);
INSERT INTO `edi_orders_seg_groups` VALUES (34, 99, 28);
INSERT INTO `edi_orders_seg_groups` VALUES (36, 5, 34);
INSERT INTO `edi_orders_seg_groups` VALUES (37, 9999, 28);
INSERT INTO `edi_orders_seg_groups` VALUES (38, 10, 28);
INSERT INTO `edi_orders_seg_groups` VALUES (39, 999, 28);
INSERT INTO `edi_orders_seg_groups` VALUES (42, 5, 39);
INSERT INTO `edi_orders_seg_groups` VALUES (43, 99, 28);
INSERT INTO `edi_orders_seg_groups` VALUES (44, 1, 43);
INSERT INTO `edi_orders_seg_groups` VALUES (45, 1, 43);
INSERT INTO `edi_orders_seg_groups` VALUES (46, 2, 43);
INSERT INTO `edi_orders_seg_groups` VALUES (47, 1, 43);
INSERT INTO `edi_orders_seg_groups` VALUES (48, 5, 43);
INSERT INTO `edi_orders_seg_groups` VALUES (49, 10, 28);
INSERT INTO `edi_orders_seg_groups` VALUES (50, 1, 0);

-- --------------------------------------------------------

-- 
-- Table structure for table `edi_orders_segs`
-- 

CREATE TABLE `edi_orders_segs` (
  `id` int(11) NOT NULL auto_increment,
  `segtag` char(3) NOT NULL default '',
  `seggroup` tinyint(4) NOT NULL default '0',
  `maxoccur` tinyint(4) NOT NULL default '0',
  PRIMARY KEY  (`id`),
  KEY `SegTag` (`segtag`),
  KEY `SegNo` (`seggroup`)
) ENGINE=InnoDB DEFAULT CHARSET=latin1 AUTO_INCREMENT=96 ;

-- 
-- Dumping data for table `edi_orders_segs`
-- 

INSERT INTO `edi_orders_segs` VALUES (1, 'UNB', 0, 1);
INSERT INTO `edi_orders_segs` VALUES (2, 'UNH', 0, 1);
INSERT INTO `edi_orders_segs` VALUES (3, 'BGM', 0, 1);
INSERT INTO `edi_orders_segs` VALUES (4, 'DTM', 0, 35);
INSERT INTO `edi_orders_segs` VALUES (5, 'PAI', 0, 1);
INSERT INTO `edi_orders_segs` VALUES (6, 'ALI', 0, 5);
INSERT INTO `edi_orders_segs` VALUES (7, 'FTX', 0, 99);
INSERT INTO `edi_orders_segs` VALUES (8, 'RFF', 1, 1);
INSERT INTO `edi_orders_segs` VALUES (9, 'DTM', 1, 5);
INSERT INTO `edi_orders_segs` VALUES (10, 'NAD', 2, 1);
INSERT INTO `edi_orders_segs` VALUES (11, 'LOC', 2, 99);
INSERT INTO `edi_orders_segs` VALUES (12, 'FII', 2, 5);
INSERT INTO `edi_orders_segs` VALUES (13, 'RFF', 3, 1);
INSERT INTO `edi_orders_segs` VALUES (14, 'CTA', 5, 1);
INSERT INTO `edi_orders_segs` VALUES (15, 'COM', 5, 5);
INSERT INTO `edi_orders_segs` VALUES (16, 'TAX', 6, 1);
INSERT INTO `edi_orders_segs` VALUES (17, 'MOA', 6, 1);
INSERT INTO `edi_orders_segs` VALUES (18, 'CUX', 7, 1);
INSERT INTO `edi_orders_segs` VALUES (19, 'DTM', 7, 5);
INSERT INTO `edi_orders_segs` VALUES (20, 'PAT', 8, 1);
INSERT INTO `edi_orders_segs` VALUES (21, 'DTM', 8, 5);
INSERT INTO `edi_orders_segs` VALUES (22, 'PCD', 8, 1);
INSERT INTO `edi_orders_segs` VALUES (23, 'MOA', 9, 1);
INSERT INTO `edi_orders_segs` VALUES (24, 'TDT', 10, 1);
INSERT INTO `edi_orders_segs` VALUES (25, 'LOC', 11, 1);
INSERT INTO `edi_orders_segs` VALUES (26, 'DTM', 11, 5);
INSERT INTO `edi_orders_segs` VALUES (27, 'TOD', 12, 1);
INSERT INTO `edi_orders_segs` VALUES (28, 'LOC', 12, 2);
INSERT INTO `edi_orders_segs` VALUES (29, 'PAC', 13, 1);
INSERT INTO `edi_orders_segs` VALUES (30, 'PCI', 14, 1);
INSERT INTO `edi_orders_segs` VALUES (31, 'RFF', 14, 1);
INSERT INTO `edi_orders_segs` VALUES (32, 'DTM', 14, 5);
INSERT INTO `edi_orders_segs` VALUES (33, 'GIN', 14, 10);
INSERT INTO `edi_orders_segs` VALUES (34, 'EQD', 15, 1);
INSERT INTO `edi_orders_segs` VALUES (35, 'ALC', 19, 1);
INSERT INTO `edi_orders_segs` VALUES (36, 'ALI', 19, 5);
INSERT INTO `edi_orders_segs` VALUES (37, 'DTM', 19, 5);
INSERT INTO `edi_orders_segs` VALUES (38, 'QTY', 20, 1);
INSERT INTO `edi_orders_segs` VALUES (39, 'RNG', 20, 1);
INSERT INTO `edi_orders_segs` VALUES (40, 'PCD', 21, 1);
INSERT INTO `edi_orders_segs` VALUES (41, 'RNG', 21, 1);
INSERT INTO `edi_orders_segs` VALUES (42, 'MOA', 22, 1);
INSERT INTO `edi_orders_segs` VALUES (43, 'RNG', 22, 1);
INSERT INTO `edi_orders_segs` VALUES (44, 'RTE', 23, 1);
INSERT INTO `edi_orders_segs` VALUES (45, 'RNG', 23, 1);
INSERT INTO `edi_orders_segs` VALUES (46, 'TAX', 24, 1);
INSERT INTO `edi_orders_segs` VALUES (47, 'MOA', 24, 1);
INSERT INTO `edi_orders_segs` VALUES (48, 'LIN', 28, 1);
INSERT INTO `edi_orders_segs` VALUES (49, 'PIA', 28, 25);
INSERT INTO `edi_orders_segs` VALUES (50, 'IMD', 28, 99);
INSERT INTO `edi_orders_segs` VALUES (51, 'MEA', 28, 99);
INSERT INTO `edi_orders_segs` VALUES (52, 'QTY', 28, 99);
INSERT INTO `edi_orders_segs` VALUES (53, 'ALI', 28, 5);
INSERT INTO `edi_orders_segs` VALUES (54, 'DTM', 28, 35);
INSERT INTO `edi_orders_segs` VALUES (55, 'MOA', 28, 10);
INSERT INTO `edi_orders_segs` VALUES (56, 'GIN', 28, 127);
INSERT INTO `edi_orders_segs` VALUES (57, 'QVR', 28, 1);
INSERT INTO `edi_orders_segs` VALUES (58, 'FTX', 28, 99);
INSERT INTO `edi_orders_segs` VALUES (59, 'PRI', 32, 1);
INSERT INTO `edi_orders_segs` VALUES (60, 'CUX', 32, 1);
INSERT INTO `edi_orders_segs` VALUES (61, 'DTM', 32, 5);
INSERT INTO `edi_orders_segs` VALUES (62, 'RFF', 33, 1);
INSERT INTO `edi_orders_segs` VALUES (63, 'DTM', 33, 5);
INSERT INTO `edi_orders_segs` VALUES (64, 'PAC', 34, 1);
INSERT INTO `edi_orders_segs` VALUES (65, 'QTY', 34, 5);
INSERT INTO `edi_orders_segs` VALUES (66, 'PCI', 36, 1);
INSERT INTO `edi_orders_segs` VALUES (67, 'RFF', 36, 1);
INSERT INTO `edi_orders_segs` VALUES (68, 'DTM', 36, 5);
INSERT INTO `edi_orders_segs` VALUES (69, 'GIN', 36, 10);
INSERT INTO `edi_orders_segs` VALUES (70, 'LOC', 37, 1);
INSERT INTO `edi_orders_segs` VALUES (71, 'QTY', 37, 1);
INSERT INTO `edi_orders_segs` VALUES (72, 'DTM', 37, 5);
INSERT INTO `edi_orders_segs` VALUES (73, 'TAX', 38, 1);
INSERT INTO `edi_orders_segs` VALUES (74, 'MOA', 38, 1);
INSERT INTO `edi_orders_segs` VALUES (75, 'NAD', 39, 1);
INSERT INTO `edi_orders_segs` VALUES (76, 'CTA', 42, 1);
INSERT INTO `edi_orders_segs` VALUES (77, 'COM', 42, 5);
INSERT INTO `edi_orders_segs` VALUES (78, 'ALC', 43, 1);
INSERT INTO `edi_orders_segs` VALUES (79, 'ALI', 43, 5);
INSERT INTO `edi_orders_segs` VALUES (80, 'DTM', 43, 5);
INSERT INTO `edi_orders_segs` VALUES (81, 'QTY', 44, 1);
INSERT INTO `edi_orders_segs` VALUES (82, 'RNG', 44, 1);
INSERT INTO `edi_orders_segs` VALUES (83, 'PCD', 45, 1);
INSERT INTO `edi_orders_segs` VALUES (84, 'RNG', 45, 1);
INSERT INTO `edi_orders_segs` VALUES (85, 'MOA', 46, 1);
INSERT INTO `edi_orders_segs` VALUES (86, 'RNG', 46, 1);
INSERT INTO `edi_orders_segs` VALUES (87, 'RTE', 47, 1);
INSERT INTO `edi_orders_segs` VALUES (88, 'RNG', 47, 1);
INSERT INTO `edi_orders_segs` VALUES (89, 'TAX', 48, 1);
INSERT INTO `edi_orders_segs` VALUES (90, 'MOA', 48, 1);
INSERT INTO `edi_orders_segs` VALUES (91, 'TDT', 49, 1);
INSERT INTO `edi_orders_segs` VALUES (92, 'UNS', 50, 1);
INSERT INTO `edi_orders_segs` VALUES (93, 'MOA', 50, 1);
INSERT INTO `edi_orders_segs` VALUES (94, 'CNT', 50, 1);
INSERT INTO `edi_orders_segs` VALUES (95, 'UNT', 50, 1);

-- --------------------------------------------------------

-- 
-- Table structure for table `ediitemmapping`
-- 

CREATE TABLE `ediitemmapping` (
  `supporcust` varchar(4) NOT NULL default '',
  `partnercode` varchar(10) NOT NULL default '',
  `stockid` varchar(20) NOT NULL default '',
  `partnerstockid` varchar(50) NOT NULL default '',
  PRIMARY KEY  (`supporcust`,`partnercode`,`stockid`),
  KEY `PartnerCode` (`partnercode`),
  KEY `StockID` (`stockid`),
  KEY `PartnerStockID` (`partnerstockid`),
  KEY `SuppOrCust` (`supporcust`)
) ENGINE=InnoDB DEFAULT CHARSET=latin1;

-- 
-- Dumping data for table `ediitemmapping`
-- 


-- --------------------------------------------------------

-- 
-- Table structure for table `edimessageformat`
-- 

CREATE TABLE `edimessageformat` (
  `id` int(11) NOT NULL auto_increment,
  `partnercode` varchar(10) NOT NULL default '',
  `messagetype` varchar(6) NOT NULL default '',
  `section` varchar(7) NOT NULL default '',
  `sequenceno` int(11) NOT NULL default '0',
  `linetext` varchar(70) NOT NULL default '',
  PRIMARY KEY  (`id`),
  UNIQUE KEY `PartnerCode` (`partnercode`,`messagetype`,`sequenceno`),
  KEY `Section` (`section`)
) ENGINE=InnoDB DEFAULT CHARSET=latin1 AUTO_INCREMENT=1 ;

-- 
-- Dumping data for table `edimessageformat`
-- 


-- --------------------------------------------------------

-- 
-- Table structure for table `emails`
-- 

CREATE TABLE `emails` (
  `emailid` int(19) NOT NULL default '0',
  `filename` varchar(50) default NULL,
  `description` longtext,
  PRIMARY KEY  (`emailid`)
) ENGINE=MyISAM DEFAULT CHARSET=latin1;

-- 
-- Dumping data for table `emails`
-- 

INSERT INTO `emails` VALUES (5265, '', '');
INSERT INTO `emails` VALUES (5266, '', '');

-- --------------------------------------------------------

-- 
-- Table structure for table `emailtemplates`
-- 

CREATE TABLE `emailtemplates` (
  `foldername` varchar(100) default NULL,
  `templatename` varchar(100) default NULL,
  `subject` varchar(100) default NULL,
  `description` longtext,
  `body` longtext,
  `deleted` int(1) NOT NULL default '0',
  `templateid` int(19) NOT NULL auto_increment,
  PRIMARY KEY  (`templateid`),
  KEY `idx_emailtemplates` (`foldername`,`templatename`,`subject`)
) ENGINE=MyISAM DEFAULT CHARSET=latin1 AUTO_INCREMENT=10 ;

-- 
-- Dumping data for table `emailtemplates`
-- 

INSERT INTO `emailtemplates` VALUES ('Public', 'Announcement for Release', 'Announcement for Release', 'Announcement of a release', '\n	Hello!\n\n	On behalf of the vtiger team,  I am pleased to announce the release of vtiger crm4.2 . This is a feature packed release including the mass email template handling, custom view feature, reports feature and a host of other utilities. vtiger runs on all platforms.\n\n	Notable Features of vtiger are :\n	-Email Client Integration\n	-Trouble Ticket Integration\n	-Invoice Management Integration\n	-Reports Integration\n	-Portal Integration\n	-Enhanced Word Plugin Support\n	-Custom View Integration\n\n	Known Issues:\n	-ABCD\n	-EFGH\n	-IJKL\n	-MNOP\n	-QRST', 0, 1);
INSERT INTO `emailtemplates` VALUES ('Public', 'Pending Invoices', 'Invoices Pending', 'Payment Due', 'name\nstreet,\ncity,\nstate,\n zip)\n \n Dear\n \n Please check the following invoices that are yet to be paid by you:\n \n No. Date      Amount\n 1   1/1/01    $4000\n 2   2/2//01   $5000\n 3   3/3/01    $10000\n 4   7/4/01    $23560\n \n Kindly let us know if there are any issues that you feel are pending to be discussed.\n We will be more than happy to give you a call.\n We would like to continue our business with you.\n \n Sincerely,\n name\n title', 0, 2);
INSERT INTO `emailtemplates` VALUES ('Public', 'Acceptance Proposal', 'Acceptance Proposal', 'Acceptance of Proposal', ' Dear\n\nYour proposal on the project XYZW has been reviewed by us\nand is acceptable in its entirety.\n\nWe are eagerly looking forward to this project\nand are pleased about having the opportunity to work\ntogether. We look forward to a long standing relationship\nwith your esteemed firm.\n\nI would like to take this opportunity to invite you\nto a game of golf on Wednesday morning 9am at the\nCuff Links Ground. We will be waiting for you in the\nExecutive Lounge.\n\nLooking forward to seeing you there.\n\nSincerely,\nname\ntitle', 0, 3);
INSERT INTO `emailtemplates` VALUES ('Public', 'Good received acknowledgement', 'Goods received acknowledgement', 'Acknowledged Receipt of Goods', ' The undersigned hereby acknowledges receipt and delivery\nof the goods.\nThe undersigned will release the payment subject to the goods being discovered not satisfactory.\n\nSigned under seal this <date>\n\nSincerely,\nname\ntitle', 0, 4);
INSERT INTO `emailtemplates` VALUES ('Public', 'Accept Order', 'Accept Order', 'Acknowledgement/Acceptance of Order', ' Dear\n	 We are in receipt of your order as contained in the\n   purchase order form.We consider this to be final and binding on both sides.\nIf there be any exceptions noted, we shall consider them\nonly if the objection is received within ten days of receipt of\nthis notice.\n\nThank you for your patronage.\nSincerely,\nname\ntitle', 0, 5);
INSERT INTO `emailtemplates` VALUES ('Public', 'Address Change', 'Change of Address', 'Address Change', 'Dear\n\nWe are relocating our office to\n11111,XYZDEF Cross,\nUVWWX Circle\nThe telephone number for this new location is (101) 1212-1328.\n\nOur Manufacturing Division will continue operations\nat 3250 Lovedale Square Avenue, in Frankfurt.\n\nWe hope to keep in touch with you all.\nPlease update your addressbooks.\n\n\nThank You,\nname\ntitle', 0, 6);
INSERT INTO `emailtemplates` VALUES ('Public', 'Follow Up', 'Follow Up', 'Follow Up of meeting', 'Dear\n\nThank you for extending us the opportunity to meet with\nyou and members of your staff.\n\nI know that John Doe serviced your account\nfor many years and made many friends at your firm. He has personally\ndiscussed with me the deep relationship that he had with your firm.\nWhile his presence will be missed, I can promise that we will\ncontinue to provide the fine service that was accorded by\nJohn to your firm.\n\nI was genuinely touched to receive such fine hospitality.\n\nThank you once again.\n\nSincerely,\nname\ntitle', 0, 7);
INSERT INTO `emailtemplates` VALUES ('Public', 'Target Crossed!', 'Target Crossed!', 'Fantastic Sales Spree!', 'Congratulations!\n\nThe numbers are in and I am proud to inform you that our\ntotal sales for the previous quarter\namounts to $100,000,00.00!. This is the first time\nwe have exceeded the target by almost 30%.\nWe have also beat the previous quarter record by a\nwhopping 75%!\n\nLet us meet at Smoking Joe for a drink in the evening!\n\nC you all there guys!\n\nSincerely,\nname\ntitle', 0, 8);
INSERT INTO `emailtemplates` VALUES ('Public', 'Thanks Note', 'Thanks Note', 'Note of thanks', '\nDear\n\nThank you for your confidence in our ability to serve you.\nWe are glad to be given the chance to serve you.I look\nforward to establishing a long term partnership with you.\nConsider me as a friend.\nShould any need arise,please do give us a call.\n\nSincerely,\nname\ntitle', 0, 9);

-- --------------------------------------------------------

-- 
-- Table structure for table `emailtemplates_seq`
-- 

CREATE TABLE `emailtemplates_seq` (
  `id` int(11) NOT NULL default '0'
) ENGINE=MyISAM DEFAULT CHARSET=latin1;

-- 
-- Dumping data for table `emailtemplates_seq`
-- 

INSERT INTO `emailtemplates_seq` VALUES (9);

-- --------------------------------------------------------

-- 
-- Table structure for table `evaluationstatus`
-- 

CREATE TABLE `evaluationstatus` (
  `evalstatusid` int(19) NOT NULL auto_increment,
  `status` varchar(200) NOT NULL default '',
  `sortorderid` int(19) NOT NULL default '0',
  `presence` int(1) NOT NULL default '1',
  PRIMARY KEY  (`evalstatusid`),
  UNIQUE KEY `EvaluationStatus_UK0` (`status`)
) ENGINE=InnoDB DEFAULT CHARSET=latin1 AUTO_INCREMENT=1 ;

-- 
-- Dumping data for table `evaluationstatus`
-- 


-- --------------------------------------------------------

-- 
-- Table structure for table `eventstatus`
-- 

CREATE TABLE `eventstatus` (
  `eventstatusid` int(19) NOT NULL auto_increment,
  `eventstatus` varchar(200) NOT NULL default '',
  `sortorderid` int(19) NOT NULL default '0',
  `presence` int(1) NOT NULL default '1',
  PRIMARY KEY  (`eventstatusid`)
) ENGINE=InnoDB DEFAULT CHARSET=latin1 AUTO_INCREMENT=4 ;

-- 
-- Dumping data for table `eventstatus`
-- 

INSERT INTO `eventstatus` VALUES (1, 'Planned', 0, 1);
INSERT INTO `eventstatus` VALUES (2, 'Held', 1, 1);
INSERT INTO `eventstatus` VALUES (3, 'Not Held', 2, 1);

-- --------------------------------------------------------

-- 
-- Table structure for table `faq`
-- 

CREATE TABLE `faq` (
  `id` int(11) NOT NULL auto_increment,
  `product_id` varchar(100) default NULL,
  `question` longtext,
  `answer` longtext,
  `category` varchar(100) NOT NULL default '',
  `status` varchar(100) NOT NULL default '',
  PRIMARY KEY  (`id`),
  KEY `faq_IDX0` (`id`)
) ENGINE=InnoDB DEFAULT CHARSET=latin1 AUTO_INCREMENT=1 ;

-- 
-- Dumping data for table `faq`
-- 


-- --------------------------------------------------------

-- 
-- Table structure for table `faqcategories`
-- 

CREATE TABLE `faqcategories` (
  `faqcategories_id` int(19) NOT NULL auto_increment,
  `faqcategories` varchar(60) default NULL,
  `SORTORDERID` int(19) NOT NULL default '0',
  `PRESENCE` int(1) NOT NULL default '1',
  PRIMARY KEY  (`faqcategories_id`)
) ENGINE=MyISAM DEFAULT CHARSET=latin1 AUTO_INCREMENT=2 ;

-- 
-- Dumping data for table `faqcategories`
-- 

INSERT INTO `faqcategories` VALUES (1, 'General', 0, 1);

-- --------------------------------------------------------

-- 
-- Table structure for table `faqcomments`
-- 

CREATE TABLE `faqcomments` (
  `commentid` int(19) NOT NULL auto_increment,
  `faqid` int(19) default NULL,
  `comments` longtext,
  `createdtime` datetime NOT NULL default '0000-00-00 00:00:00',
  PRIMARY KEY  (`commentid`),
  KEY `faqcomments_IDX0` (`faqid`)
) ENGINE=InnoDB DEFAULT CHARSET=latin1 AUTO_INCREMENT=1 ;

-- 
-- Dumping data for table `faqcomments`
-- 


-- --------------------------------------------------------

-- 
-- Table structure for table `faqstatus`
-- 

CREATE TABLE `faqstatus` (
  `faqstatus_id` int(19) NOT NULL auto_increment,
  `faqstatus` varchar(60) default NULL,
  `SORTORDERID` int(19) NOT NULL default '0',
  `PRESENCE` int(1) NOT NULL default '1',
  PRIMARY KEY  (`faqstatus_id`)
) ENGINE=MyISAM DEFAULT CHARSET=latin1 AUTO_INCREMENT=5 ;

-- 
-- Dumping data for table `faqstatus`
-- 

INSERT INTO `faqstatus` VALUES (1, 'Draft', 0, 1);
INSERT INTO `faqstatus` VALUES (2, 'Reviewed', 1, 1);
INSERT INTO `faqstatus` VALUES (3, 'Published', 2, 1);
INSERT INTO `faqstatus` VALUES (4, 'Obsolete', 3, 1);

-- --------------------------------------------------------

-- 
-- Table structure for table `field`
-- 

CREATE TABLE `field` (
  `tabid` int(19) NOT NULL default '0',
  `fieldid` int(19) NOT NULL auto_increment,
  `columnname` varchar(30) NOT NULL default '',
  `tablename` varchar(50) NOT NULL default '',
  `generatedtype` int(19) NOT NULL default '0',
  `uitype` varchar(30) NOT NULL default '',
  `fieldname` varchar(50) NOT NULL default '',
  `fieldlabel` varchar(50) NOT NULL default '',
  `readonly` int(1) NOT NULL default '0',
  `presence` int(19) NOT NULL default '1',
  `selected` int(1) NOT NULL default '0',
  `maximumlength` int(19) default NULL,
  `sequence` int(19) default NULL,
  `block` int(19) default NULL,
  `displaytype` int(19) default NULL,
  `typeofdata` varchar(100) default NULL,
  PRIMARY KEY  (`fieldid`),
  KEY `Field_IDX0` (`tabid`),
  KEY `fieldname` (`fieldname`),
  KEY `tabid` (`tabid`,`block`,`displaytype`)
) ENGINE=InnoDB DEFAULT CHARSET=latin1 AUTO_INCREMENT=3631 ;

-- 
-- Dumping data for table `field`
-- 

INSERT INTO `field` VALUES (6, 1, 'brname', 'custbranch', 1, '2', 'brname', 'Account Name', 1, 0, 0, 100, 1, 1, 1, 'V~M');
INSERT INTO `field` VALUES (6, 2, 'phoneno', 'custbranch', 1, '11', 'phoneno', 'Phone', 1, 0, 0, 100, 2, 1, 1, 'V~O');
INSERT INTO `field` VALUES (6, 3, 'website', 'custbranch', 1, '17', 'website', 'Website', 1, 0, 0, 100, 3, 1, 1, 'V~O');
INSERT INTO `field` VALUES (6, 4, 'faxno', 'custbranch', 1, '1', 'faxno', 'Fax', 1, 0, 0, 100, 4, 1, 1, 'V~O');
INSERT INTO `field` VALUES (6, 5, 'tickersymbol', 'custbranch', 1, '1', 'tickersymbol', 'Ticker Symbol', 1, 0, 0, 100, 5, 1, 1, 'V~O');
INSERT INTO `field` VALUES (6, 6, 'otherphone', 'custbranch', 1, '11', 'otherphone', 'Other Phone', 1, 0, 0, 100, 6, 1, 1, 'V~O');
INSERT INTO `field` VALUES (6, 7, 'branchcode', 'custbranch', 1, '28', 'branchcode', 'Branch Code', 1, 0, 0, 100, 7, 1, 3, 'V~M');
INSERT INTO `field` VALUES (6, 8, 'email', 'custbranch', 1, '13', 'email', 'Email', 1, 0, 0, 100, 8, 1, 1, 'E~O');
INSERT INTO `field` VALUES (6, 9, 'employees', 'custbranch', 1, '7', 'employees', 'Employees', 1, 0, 0, 100, 9, 1, 1, 'I~O');
INSERT INTO `field` VALUES (6, 10, 'email2', 'custbranch', 1, '13', 'email2', 'Other Email', 1, 0, 0, 100, 10, 1, 1, 'E~O');
INSERT INTO `field` VALUES (6, 11, 'ownership', 'custbranch', 1, '1', 'ownership', 'Ownership', 1, 0, 0, 100, 11, 1, 1, 'V~O');
INSERT INTO `field` VALUES (6, 12, 'rating', 'custbranch', 1, '1', 'rating', 'Rating', 1, 0, 0, 100, 12, 1, 1, 'V~O');
INSERT INTO `field` VALUES (6, 13, 'industry', 'custbranch', 1, '15', 'industry', 'Industry', 1, 0, 0, 100, 13, 1, 1, 'V~O');
INSERT INTO `field` VALUES (6, 14, 'siccode', 'custbranch', 1, '1', 'siccode', 'SIC Code', 1, 0, 0, 100, 14, 1, 1, 'I~O');
INSERT INTO `field` VALUES (6, 15, 'account_type', 'custbranch', 1, '15', 'accounttype', 'Type', 1, 0, 0, 100, 15, 1, 1, 'V~O');
INSERT INTO `field` VALUES (6, 16, 'annualrevenue', 'custbranch', 1, '71', 'annual_revenue', 'Annual Revenue', 1, 0, 0, 100, 16, 1, 1, 'I~O');
INSERT INTO `field` VALUES (6, 17, 'smownerid', 'crmentity', 1, '52', 'assigned_user_id', 'Assigned To', 1, 0, 0, 100, 17, 1, 1, 'V~M');
INSERT INTO `field` VALUES (6, 18, 'createdtime', 'crmentity', 1, '70', 'createdtime', 'Created Time', 1, 0, 0, 100, 18, 1, 2, 'T~O');
INSERT INTO `field` VALUES (6, 19, 'modifiedtime', 'crmentity', 1, '70', 'modifiedtime', 'Modified Time', 1, 0, 0, 100, 18, 1, 2, 'T~O');
INSERT INTO `field` VALUES (6, 20, 'braddress1', 'custbranch', 1, '21', 'bill_street', 'Billing Address', 1, 0, 0, 100, 1, 2, 1, 'V~O');
INSERT INTO `field` VALUES (6, 21, 'brpostaddr1', 'custbranch', 1, '21', 'ship_street', 'Shipping Address', 1, 0, 0, 100, 2, 2, 1, 'V~O');
INSERT INTO `field` VALUES (6, 22, 'braddress3', 'custbranch', 1, '1', 'bill_city', 'City', 1, 0, 0, 100, 5, 2, 1, 'V~O');
INSERT INTO `field` VALUES (6, 23, 'brpostaddr3', 'custbranch', 1, '1', 'ship_city', 'City', 1, 0, 0, 100, 6, 2, 1, 'V~O');
INSERT INTO `field` VALUES (6, 24, 'braddress4', 'custbranch', 1, '1', 'bill_state', 'State', 1, 0, 0, 100, 7, 2, 1, 'V~O');
INSERT INTO `field` VALUES (6, 25, 'brpostaddr4', 'custbranch', 1, '1', 'ship_state', 'State', 1, 0, 0, 100, 8, 2, 1, 'V~O');
INSERT INTO `field` VALUES (6, 26, 'braddress6', 'custbranch', 1, '1', 'bill_code', 'Code', 1, 0, 0, 100, 9, 2, 1, 'V~O');
INSERT INTO `field` VALUES (6, 27, 'brpostaddr6', 'custbranch', 1, '1', 'ship_code', 'Code', 1, 0, 0, 100, 10, 2, 1, 'V~O');
INSERT INTO `field` VALUES (6, 28, 'braddress5', 'custbranch', 1, '1', 'bill_country', 'Country', 1, 0, 0, 100, 11, 2, 1, 'V~O');
INSERT INTO `field` VALUES (6, 29, 'brpostaddr5', 'custbranch', 1, '1', 'ship_country', 'Country', 1, 0, 0, 100, 12, 2, 1, 'V~O');
INSERT INTO `field` VALUES (6, 30, 'description', 'crmentity', 1, '19', 'description', 'Description', 1, 0, 0, 100, 1, 3, 1, 'V~O');
INSERT INTO `field` VALUES (7, 31, 'salutation', 'leaddetails', 1, '55', 'salutationtype', 'Salutation', 1, 0, 0, 100, 1, 1, 3, 'V~O');
INSERT INTO `field` VALUES (7, 32, 'firstname', 'leaddetails', 1, '55', 'firstname', 'First Name', 1, 0, 0, 100, 2, 1, 1, 'V~O');
INSERT INTO `field` VALUES (7, 33, 'phone', 'leadaddress', 1, '11', 'phone', 'Phone', 1, 0, 0, 100, 3, 1, 1, 'V~O');
INSERT INTO `field` VALUES (7, 34, 'lastname', 'leaddetails', 1, '2', 'lastname', 'Last Name', 1, 0, 0, 100, 4, 1, 1, 'V~M');
INSERT INTO `field` VALUES (7, 35, 'mobile', 'leadaddress', 1, '1', 'mobile', 'Mobile', 1, 0, 0, 100, 5, 1, 1, 'V~O');
INSERT INTO `field` VALUES (7, 36, 'company', 'leaddetails', 1, '2', 'company', 'Company', 1, 0, 0, 100, 6, 1, 1, 'V~M');
INSERT INTO `field` VALUES (7, 37, 'fax', 'leadaddress', 1, '1', 'fax', 'Fax', 1, 0, 0, 100, 7, 1, 1, 'V~O');
INSERT INTO `field` VALUES (7, 38, 'designation', 'leaddetails', 1, '1', 'designation', 'Designation', 1, 0, 0, 100, 8, 1, 1, 'V~O');
INSERT INTO `field` VALUES (7, 39, 'email', 'leaddetails', 1, '13', 'email', 'Email', 1, 0, 0, 100, 9, 1, 1, 'E~O');
INSERT INTO `field` VALUES (7, 40, 'leadsource', 'leaddetails', 1, '15', 'leadsource', 'Lead Source', 1, 0, 0, 100, 10, 1, 1, 'V~O');
INSERT INTO `field` VALUES (7, 41, 'website', 'leadsubdetails', 1, '17', 'website', 'Website', 1, 0, 0, 100, 11, 1, 1, 'V~O');
INSERT INTO `field` VALUES (7, 42, 'industry', 'leaddetails', 1, '15', 'industry', 'Industry', 1, 0, 0, 100, 12, 1, 1, 'V~O');
INSERT INTO `field` VALUES (7, 43, 'leadstatus', 'leaddetails', 1, '15', 'leadstatus', 'Lead Status', 1, 0, 0, 100, 13, 1, 1, 'V~O');
INSERT INTO `field` VALUES (7, 44, 'annualrevenue', 'leaddetails', 1, '71', 'annualrevenue', 'Annual Revenue', 1, 0, 0, 100, 14, 1, 1, 'I~O');
INSERT INTO `field` VALUES (7, 45, 'rating', 'leaddetails', 1, '15', 'rating', 'Rating', 1, 0, 0, 100, 15, 1, 1, 'V~O');
INSERT INTO `field` VALUES (7, 46, 'noofemployees', 'leaddetails', 1, '1', 'noofemployees', 'No Of Employees', 1, 0, 0, 100, 16, 1, 1, 'V~O');
INSERT INTO `field` VALUES (7, 47, 'smownerid', 'crmentity', 1, '53', 'assigned_user_id', 'Assigned To', 1, 0, 0, 100, 17, 1, 1, 'V~M');
INSERT INTO `field` VALUES (7, 48, 'yahooid', 'leaddetails', 1, '13', 'yahooid', 'Yahoo Id', 1, 0, 0, 100, 18, 1, 1, 'V~O');
INSERT INTO `field` VALUES (7, 49, 'createdtime', 'crmentity', 1, '70', 'createdtime', 'Created Time', 1, 0, 0, 100, 19, 1, 2, 'T~O');
INSERT INTO `field` VALUES (7, 50, 'modifiedtime', 'crmentity', 1, '70', 'modifiedtime', 'Modified Time', 1, 0, 0, 100, 20, 1, 2, 'T~O');
INSERT INTO `field` VALUES (7, 51, 'lane', 'leadaddress', 1, '21', 'lane', 'Street', 1, 0, 0, 100, 1, 2, 1, 'V~O');
INSERT INTO `field` VALUES (7, 52, 'code', 'leadaddress', 1, '1', 'code', 'Postal Code', 1, 0, 0, 100, 4, 2, 1, 'V~O');
INSERT INTO `field` VALUES (7, 53, 'city', 'leadaddress', 1, '1', 'city', 'City', 1, 0, 0, 100, 5, 2, 1, 'V~O');
INSERT INTO `field` VALUES (7, 54, 'country', 'leadaddress', 1, '1', 'country', 'Country', 1, 0, 0, 100, 6, 2, 1, 'V~O');
INSERT INTO `field` VALUES (7, 55, 'state', 'leadaddress', 1, '1', 'state', 'State', 1, 0, 0, 100, 2, 2, 1, 'V~O');
INSERT INTO `field` VALUES (7, 56, 'description', 'crmentity', 1, '19', 'description', 'Description', 1, 0, 0, 100, 1, 3, 1, 'V~O');
INSERT INTO `field` VALUES (4, 57, 'salutation', 'contactdetails', 1, '55', 'salutationtype', 'Salutation', 1, 0, 0, 100, 1, 1, 3, 'V~O');
INSERT INTO `field` VALUES (4, 58, 'firstname', 'contactdetails', 1, '55', 'firstname', 'First Name', 1, 0, 0, 100, 2, 1, 1, 'V~O');
INSERT INTO `field` VALUES (4, 59, 'phone', 'contactdetails', 1, '11', 'phone', 'Office Phone', 1, 0, 0, 100, 3, 1, 1, 'V~O');
INSERT INTO `field` VALUES (4, 60, 'lastname', 'contactdetails', 1, '2', 'lastname', 'Last Name', 1, 0, 0, 100, 4, 1, 1, 'V~M');
INSERT INTO `field` VALUES (4, 61, 'mobile', 'contactdetails', 1, '1', 'mobile', 'Mobile', 1, 0, 0, 100, 5, 1, 1, 'V~O');
INSERT INTO `field` VALUES (4, 62, 'accountid', 'contactdetails', 1, '51', 'account_id', 'Account Name', 1, 0, 0, 100, 6, 1, 1, 'I~O');
INSERT INTO `field` VALUES (4, 63, 'homephone', 'contactsubdetails', 1, '11', 'homephone', 'Home Phone', 1, 0, 0, 100, 7, 1, 1, 'V~O');
INSERT INTO `field` VALUES (4, 64, 'leadsource', 'contactsubdetails', 1, '15', 'leadsource', 'Lead Source', 1, 0, 0, 100, 8, 1, 1, 'V~O');
INSERT INTO `field` VALUES (4, 65, 'otherphone', 'contactsubdetails', 1, '11', 'otherphone', 'Phone', 1, 0, 0, 100, 9, 1, 1, 'V~O');
INSERT INTO `field` VALUES (4, 66, 'title', 'contactdetails', 1, '1', 'title', 'Title', 1, 0, 0, 100, 10, 1, 1, 'V~O');
INSERT INTO `field` VALUES (4, 67, 'fax', 'contactdetails', 1, '1', 'fax', 'Fax', 1, 0, 0, 100, 11, 1, 1, 'V~O');
INSERT INTO `field` VALUES (4, 68, 'department', 'contactdetails', 1, '1', 'department', 'Department', 1, 0, 0, 100, 12, 1, 1, 'V~O');
INSERT INTO `field` VALUES (4, 69, 'birthday', 'contactsubdetails', 1, '5', 'birthday', 'Birthdate', 1, 0, 0, 100, 14, 1, 1, 'V~O');
INSERT INTO `field` VALUES (4, 70, 'email', 'contactdetails', 1, '13', 'email', 'Email', 1, 0, 0, 100, 15, 1, 1, 'E~O');
INSERT INTO `field` VALUES (4, 71, 'reportsto', 'contactdetails', 1, '57', 'contact_id', 'Reports To', 1, 0, 0, 100, 16, 1, 1, 'V~O');
INSERT INTO `field` VALUES (4, 72, 'assistant', 'contactsubdetails', 1, '1', 'assistant', 'Assistant', 1, 0, 0, 100, 17, 1, 1, 'V~O');
INSERT INTO `field` VALUES (4, 73, 'yahooid', 'contactdetails', 1, '13', 'yahooid', 'Yahoo Id', 1, 0, 0, 100, 18, 1, 1, 'V~O');
INSERT INTO `field` VALUES (4, 74, 'assistantphone', 'contactsubdetails', 1, '11', 'assistantphone', 'Assistant Phone', 1, 0, 0, 100, 19, 1, 1, 'V~O');
INSERT INTO `field` VALUES (4, 75, 'donotcall', 'contactdetails', 1, '56', 'donotcall', 'Do Not Call', 1, 0, 0, 100, 20, 1, 1, 'C~O');
INSERT INTO `field` VALUES (4, 76, 'emailoptout', 'contactdetails', 1, '56', 'emailoptout', 'Email Opt Out', 1, 0, 0, 100, 21, 1, 1, 'C~O');
INSERT INTO `field` VALUES (4, 77, 'smownerid', 'crmentity', 1, '52', 'assigned_user_id', 'Assigned To', 1, 0, 0, 100, 22, 1, 1, 'V~M');
INSERT INTO `field` VALUES (4, 78, 'createdtime', 'crmentity', 1, '70', 'createdtime', 'Created Time', 1, 0, 0, 100, 23, 1, 2, 'T~O');
INSERT INTO `field` VALUES (4, 79, 'modifiedtime', 'crmentity', 1, '70', 'modifiedtime', 'Modified Time', 1, 0, 0, 100, 24, 1, 2, 'T~O');
INSERT INTO `field` VALUES (4, 80, 'portal', 'CustomerDetails', 1, '56', 'portal', 'Portal User', 1, 0, 0, 100, 1, 4, 1, 'C~O');
INSERT INTO `field` VALUES (4, 81, 'support_start_date', 'CustomerDetails', 1, '5', 'support_start_date', 'Support Start Date', 1, 0, 0, 100, 2, 4, 1, 'D~O');
INSERT INTO `field` VALUES (4, 82, 'support_end_date', 'CustomerDetails', 1, '5', 'support_end_date', 'Support End Date', 1, 0, 0, 100, 3, 4, 1, 'D~O~OTH~GE~support_start_date~Support Start Date');
INSERT INTO `field` VALUES (4, 83, 'mailingstreet', 'contactaddress', 1, '21', 'mailingstreet', 'Mailing Street', 1, 0, 0, 100, 1, 2, 1, 'V~O');
INSERT INTO `field` VALUES (4, 84, 'otherstreet', 'contactaddress', 1, '21', 'otherstreet', 'Other Street', 1, 0, 0, 100, 2, 2, 1, 'V~O');
INSERT INTO `field` VALUES (4, 85, 'mailingcity', 'contactaddress', 1, '1', 'mailingcity', 'City', 1, 0, 0, 100, 5, 2, 1, 'V~O');
INSERT INTO `field` VALUES (4, 86, 'othercity', 'contactaddress', 1, '1', 'othercity', 'City', 1, 0, 0, 100, 6, 2, 1, 'V~O');
INSERT INTO `field` VALUES (4, 87, 'mailingstate', 'contactaddress', 1, '1', 'mailingstate', 'State', 1, 0, 0, 100, 7, 2, 1, 'V~O');
INSERT INTO `field` VALUES (4, 88, 'otherstate', 'contactaddress', 1, '1', 'otherstate', 'State', 1, 0, 0, 100, 8, 2, 1, 'V~O');
INSERT INTO `field` VALUES (4, 89, 'mailingzip', 'contactaddress', 1, '1', 'mailingzip', 'Zip', 1, 0, 0, 100, 9, 2, 1, 'V~O');
INSERT INTO `field` VALUES (4, 90, 'otherzip', 'contactaddress', 1, '1', 'otherzip', 'Zip', 1, 0, 0, 100, 10, 2, 1, 'V~O');
INSERT INTO `field` VALUES (4, 91, 'mailingcountry', 'contactaddress', 1, '1', 'mailingcountry', 'Country', 1, 0, 0, 100, 11, 2, 1, 'V~O');
INSERT INTO `field` VALUES (4, 92, 'othercountry', 'contactaddress', 1, '1', 'othercountry', 'Country', 1, 0, 0, 100, 12, 2, 1, 'V~O');
INSERT INTO `field` VALUES (4, 93, 'description', 'crmentity', 1, '19', 'description', 'Description', 1, 0, 0, 100, 1, 3, 1, 'V~O');
INSERT INTO `field` VALUES (2, 94, 'potentialname', 'potential', 1, '2', 'potentialname', 'Potential Name', 1, 0, 0, 100, 1, 1, 1, 'V~M');
INSERT INTO `field` VALUES (2, 95, 'amount', 'potential', 1, '71', 'amount', 'Amount', 1, 0, 0, 100, 2, 1, 1, 'N~O');
INSERT INTO `field` VALUES (2, 96, 'accountid', 'potential', 1, '50', 'account_id', 'Account Name', 1, 0, 0, 100, 3, 1, 1, 'V~M');
INSERT INTO `field` VALUES (2, 97, 'closingdate', 'potential', 1, '23', 'closingdate', 'Expected Close Date', 1, 0, 0, 100, 5, 1, 1, 'D~M');
INSERT INTO `field` VALUES (2, 98, 'potentialtype', 'potential', 1, '15', 'opportunity_type', 'Type', 1, 0, 0, 100, 6, 1, 1, 'V~O');
INSERT INTO `field` VALUES (2, 99, 'nextstep', 'potential', 1, '1', 'nextstep', 'Next Step', 1, 0, 0, 100, 7, 1, 1, 'V~O');
INSERT INTO `field` VALUES (2, 100, 'leadsource', 'potential', 1, '15', 'leadsource', 'Lead Source', 1, 0, 0, 100, 8, 1, 1, 'V~O');
INSERT INTO `field` VALUES (2, 101, 'sales_stage', 'potential', 1, '16', 'sales_stage', 'Sales Stage', 1, 0, 0, 100, 9, 1, 1, 'V~O');
INSERT INTO `field` VALUES (2, 102, 'smownerid', 'crmentity', 1, '52', 'assigned_user_id', 'Assigned To', 1, 0, 0, 100, 10, 1, 1, 'V~M');
INSERT INTO `field` VALUES (2, 103, 'probability', 'potential', 1, '9', 'probability', 'Probability', 1, 0, 0, 100, 11, 1, 1, 'N~O');
INSERT INTO `field` VALUES (2, 104, 'createdtime', 'crmentity', 1, '70', 'createdtime', 'Created Time', 1, 0, 0, 100, 13, 1, 2, 'T~O');
INSERT INTO `field` VALUES (2, 105, 'modifiedtime', 'crmentity', 1, '70', 'modifiedtime', 'Modified Time', 1, 0, 0, 100, 14, 1, 2, 'T~O');
INSERT INTO `field` VALUES (2, 106, 'description', 'crmentity', 1, '19', 'description', 'Description', 1, 0, 0, 100, 1, 2, 1, 'V~O');
INSERT INTO `field` VALUES (13, 107, 'smownerid', 'crmentity', 1, '53', 'assigned_user_id', 'Assigned To', 1, 0, 0, 100, 2, 1, 1, 'V~M');
INSERT INTO `field` VALUES (13, 108, 'parent_id', 'troubletickets', 1, '68', 'parent_id', 'Related To', 1, 0, 0, 100, 4, 1, 1, 'I~O');
INSERT INTO `field` VALUES (13, 109, 'priority', 'troubletickets', 1, '15', 'ticketpriorities', 'Priority', 1, 0, 0, 100, 5, 1, 1, 'V~O');
INSERT INTO `field` VALUES (13, 110, 'product_id', 'troubletickets', 1, '59', 'product_id', 'Product Name', 1, 0, 0, 100, 6, 1, 1, 'I~O');
INSERT INTO `field` VALUES (13, 111, 'severity', 'troubletickets', 1, '15', 'ticketseverities', 'Severity', 1, 0, 0, 100, 7, 1, 1, 'V~O');
INSERT INTO `field` VALUES (13, 112, 'status', 'troubletickets', 1, '15', 'ticketstatus', 'Status', 1, 0, 0, 100, 8, 1, 1, 'V~O');
INSERT INTO `field` VALUES (13, 113, 'category', 'troubletickets', 1, '15', 'ticketcategories', 'Category', 1, 0, 0, 100, 9, 1, 1, 'V~O');
INSERT INTO `field` VALUES (13, 114, 'update_log', 'troubletickets', 1, '15', 'update_log', 'Update History', 1, 0, 0, 100, 9, 1, 3, 'V~O');
INSERT INTO `field` VALUES (13, 115, 'createdtime', 'crmentity', 1, '70', 'createdtime', 'Created Time', 1, 0, 0, 100, 10, 1, 2, 'T~O');
INSERT INTO `field` VALUES (13, 116, 'modifiedtime', 'crmentity', 1, '70', 'modifiedtime', 'Modified Time', 1, 0, 0, 100, 11, 1, 2, 'T~O');
INSERT INTO `field` VALUES (13, 117, 'title', 'troubletickets', 1, '22', 'ticket_title', 'Title', 1, 0, 0, 100, 1, 2, 1, 'V~M');
INSERT INTO `field` VALUES (13, 118, 'description', 'troubletickets', 1, '19', 'description', 'Description', 1, 0, 0, 100, 1, 3, 1, 'V~O');
INSERT INTO `field` VALUES (13, 119, 'solution', 'troubletickets', 1, '19', 'solution', 'Solution', 1, 0, 0, 100, 1, 4, 1, 'V~O');
INSERT INTO `field` VALUES (13, 120, 'comments', 'ticketcomments', 1, '19', 'comments', 'Add Comment', 1, 0, 0, 100, 1, 6, 1, 'V~O');
INSERT INTO `field` VALUES (14, 121, 'description', 'stockmaster', 1, '37', 'description', 'Product Name', 1, 0, 0, 100, 1, 1, 1, 'V~O');
INSERT INTO `field` VALUES (14, 122, 'stockid', 'stockmaster', 1, '38', 'stockid', 'Product Code', 1, 1, 0, 100, 2, 1, 1, 'V~O');
INSERT INTO `field` VALUES (14, 123, 'discontinued', 'stockmaster', 1, '56', 'discontinued', 'Product Active', 1, 0, 0, 100, 3, 1, 1, 'V~O');
INSERT INTO `field` VALUES (27, 124, 'mbflag', 'stockmaster', 1, '28', 'mbflag', 'Service Product or Part', 1, 0, 0, 100, 21, 1, 99, 'V~M');
INSERT INTO `field` VALUES (14, 125, 'categoryid', 'stockmaster', 1, '41', 'categoryid', 'Product Category', 1, 0, 0, 100, 4, 1, 1, 'V~O');
INSERT INTO `field` VALUES (14, 126, 'sales_start_date', 'stockmaster', 1, '5', 'sales_start_date', 'Sales Start Date', 1, 0, 0, 100, 5, 1, 1, 'D~O');
INSERT INTO `field` VALUES (14, 127, 'sales_end_date', 'stockmaster', 1, '5', 'sales_end_date', 'Sales End Date', 1, 0, 0, 100, 6, 1, 1, 'D~O~OTH~GE~sales_start_date~Sales Start Date');
INSERT INTO `field` VALUES (14, 128, 'start_date', 'stockmaster', 1, '5', 'start_date', 'Support Start Date', 1, 0, 0, 100, 7, 1, 1, 'D~O');
INSERT INTO `field` VALUES (14, 129, 'expiry_date', 'stockmaster', 1, '5', 'expiry_date', 'Support Expiry Date', 1, 0, 0, 100, 8, 1, 1, 'D~O~OTH~GE~start_date~Start Date');
INSERT INTO `field` VALUES (14, 130, 'crmid', 'seproductsrel', 1, '66', 'parent_id', 'Related To', 1, 0, 0, 100, 10, 1, 1, 'I~O');
INSERT INTO `field` VALUES (14, 131, 'contactid', 'stockmaster', 1, '57', 'contact_id', 'Contact Name', 1, 0, 0, 100, 11, 1, 1, 'I~O');
INSERT INTO `field` VALUES (14, 132, 'website', 'stockmaster', 1, '17', 'website', 'Website', 1, 0, 0, 100, 12, 1, 1, 'V~O');
INSERT INTO `field` VALUES (27, 133, 'lastcurcostdate', 'stockmaster', 1, '5', 'lastcurcostdate', 'lastcurcostdate', 0, 0, 0, 100, 22, 1, 1, 'V~M');
INSERT INTO `field` VALUES (27, 134, 'controlled', 'stockmaster', 1, '1', 'controlled', 'controlled', 1, 0, 0, 2, 23, 1, 1, 'V~O');
INSERT INTO `field` VALUES (27, 135, 'discountcategory', 'stockmaster', 1, '1', 'discountcategory', 'Discount category', 1, 0, 0, 100, 24, 1, 1, 'V~O');
INSERT INTO `field` VALUES (14, 136, 'barcode', 'stockmaster', 1, '1', 'barcode', 'Serial No', 1, 0, 0, 100, 16, 1, 1, 'V~O');
INSERT INTO `field` VALUES (14, 139, 'createdtime', 'crmentity', 1, '70', 'createdtime', 'Created Time', 1, 0, 0, 100, 19, 1, 2, 'T~O');
INSERT INTO `field` VALUES (14, 140, 'modifiedtime', 'crmentity', 1, '70', 'modifiedtime', 'Modified Time', 1, 0, 0, 100, 20, 1, 2, 'T~O');
INSERT INTO `field` VALUES (14, 141, 'unit_price', 'stockmaster', 1, '71', 'unit_price', 'Unit Price', 1, 0, 0, 100, 1, 2, 1, 'N~O');
INSERT INTO `field` VALUES (27, 142, 'commissionrate', 'stockmaster', 1, '9', 'commissionrate', 'Commission Rate', 1, 0, 0, 100, 2, 2, 1, 'N~O');
INSERT INTO `field` VALUES (27, 143, 'taxcatid', 'stockmaster', 1, '14', 'taxcatid', 'Tax category', 1, 0, 0, 100, 4, 2, 1, 'V~O');
INSERT INTO `field` VALUES (14, 144, 'units', 'stockmaster', 1, '39', 'units', 'Usage Unit', 1, 0, 0, 100, 1, 3, 1, 'V~O');
INSERT INTO `field` VALUES (14, 145, 'qty_per_unit', 'stockmaster', 1, '1', 'qty_per_unit', 'Qty/Unit', 1, 0, 0, 100, 2, 3, 1, 'N~O');
INSERT INTO `field` VALUES (14, 146, 'qtyinstock', 'stockmaster', 1, '28', 'qtyinstock', 'Qty In Stock', 1, 0, 0, 100, 3, 3, 1, 'I~O');
INSERT INTO `field` VALUES (14, 147, 'lowestlevel', 'stockmaster', 1, '40', 'lowestlevel', 'Reorder Level', 1, 0, 0, 100, 4, 3, 1, 'I~O');
INSERT INTO `field` VALUES (14, 149, 'qtyindemand', 'stockmaster', 1, '29', 'qtyindemand', 'Qty In Demand', 1, 0, 0, 100, 6, 3, 1, 'I~O');
INSERT INTO `field` VALUES (14, 150, 'imagename', 'stockmaster', 1, '69', 'imagename', 'Product Image', 1, 0, 0, 100, 1, 6, 1, 'V~O');
INSERT INTO `field` VALUES (14, 151, 'longdescription', 'stockmaster', 1, '19', 'longdescription', 'Description', 1, 0, 0, 100, 1, 4, 1, 'V~O');
INSERT INTO `field` VALUES (8, 152, 'contact_id', 'notes', 1, '57', 'contact_id', 'Contact Name', 1, 0, 0, 100, 1, 1, 1, 'V~O');
INSERT INTO `field` VALUES (8, 153, 'crmid', 'senotesrel', 1, '62', 'parent_id', 'Related To', 1, 0, 0, 100, 2, 1, 1, 'I~O');
INSERT INTO `field` VALUES (8, 154, 'title', 'notes', 1, '2', 'title', 'Subject', 1, 0, 0, 100, 3, 1, 1, 'V~M');
INSERT INTO `field` VALUES (8, 155, 'createdtime', 'crmentity', 1, '70', 'createdtime', 'Created Time', 1, 0, 0, 100, 4, 1, 2, 'T~O');
INSERT INTO `field` VALUES (8, 156, 'modifiedtime', 'crmentity', 1, '70', 'modifiedtime', 'Modified Time', 1, 0, 0, 100, 5, 1, 2, 'T~O');
INSERT INTO `field` VALUES (8, 157, 'filename', 'notes', 1, '61', 'filename', 'Attachment', 1, 0, 0, 100, 4, 2, 1, 'V~O');
INSERT INTO `field` VALUES (8, 158, 'notecontent', 'notes', 1, '19', 'notecontent', 'Note', 1, 0, 0, 100, 5, 3, 1, 'V~O');
INSERT INTO `field` VALUES (10, 159, 'date_start', 'activity', 1, '6', 'date_start', 'Date & Time Sent', 1, 0, 0, 100, 1, 1, 1, 'DT~M~time_start~Time Start');
INSERT INTO `field` VALUES (10, 160, 'semodule', 'activity', 1, '2', 'parent_type', 'Sales Enity Module', 1, 0, 0, 100, 2, 1, 3, '');
INSERT INTO `field` VALUES (10, 161, 'activitytype', 'activity', 1, '2', 'activitytype', 'Activtiy Type', 1, 0, 0, 100, 3, 1, 3, 'V~O');
INSERT INTO `field` VALUES (10, 162, 'crmid', 'seactivityrel', 1, '67', 'parent_id', 'Related To', 1, 0, 0, 100, 4, 1, 1, 'I~O');
INSERT INTO `field` VALUES (10, 163, 'smownerid', 'crmentity', 1, '52', 'assigned_user_id', 'Assigned To', 1, 0, 0, 100, 5, 1, 1, 'V~M');
INSERT INTO `field` VALUES (10, 164, 'subject', 'activity', 1, '2', 'subject', 'Subject', 1, 0, 0, 100, 6, 2, 1, 'V~M');
INSERT INTO `field` VALUES (10, 165, 'filename', 'emails', 1, '61', 'filename', 'Attachment', 1, 0, 0, 100, 7, 3, 1, 'V~O');
INSERT INTO `field` VALUES (10, 166, 'description', 'emails', 1, '19', 'description', 'Description', 1, 0, 0, 100, 8, 4, 1, 'V~O');
INSERT INTO `field` VALUES (10, 167, 'time_start', 'activity', 1, '2', 'time_start', 'Time Start', 1, 0, 0, 100, 9, 1, 3, 'T~O');
INSERT INTO `field` VALUES (10, 168, 'createdtime', 'crmentity', 1, '70', 'createdtime', 'Created Time', 1, 0, 0, 100, 10, 1, 2, 'T~O');
INSERT INTO `field` VALUES (10, 169, 'modifiedtime', 'crmentity', 1, '70', 'modifiedtime', 'Modified Time', 1, 0, 0, 100, 11, 1, 2, 'T~O');
INSERT INTO `field` VALUES (9, 170, 'subject', 'activity', 1, '2', 'subject', 'Subject', 1, 0, 0, 100, 1, 1, 1, 'V~M');
INSERT INTO `field` VALUES (9, 171, 'smownerid', 'crmentity', 1, '53', 'assigned_user_id', 'Assigned To', 1, 0, 0, 100, 2, 1, 1, 'V~M');
INSERT INTO `field` VALUES (9, 172, 'date_start', 'activity', 1, '6', 'date_start', 'Start Date & Time', 1, 0, 0, 100, 3, 1, 1, 'DT~M~time_start');
INSERT INTO `field` VALUES (9, 173, 'time_start', 'activity', 1, '2', 'time_start', 'Time Start', 1, 0, 0, 100, 4, 1, 3, 'T~O');
INSERT INTO `field` VALUES (9, 174, 'due_date', 'activity', 1, '23', 'due_date', 'Due Date', 1, 0, 0, 100, 5, 1, 1, 'D~M~OTH~GE~date_start~Start Date & Time');
INSERT INTO `field` VALUES (9, 175, 'crmid', 'seactivityrel', 1, '66', 'parent_id', 'Related to', 1, 0, 0, 100, 7, 1, 1, 'I~O');
INSERT INTO `field` VALUES (9, 176, 'contactid', 'cntactivityrel', 1, '57', 'contact_id', 'Contact Name', 1, 0, 0, 100, 8, 1, 1, 'I~O');
INSERT INTO `field` VALUES (9, 177, 'status', 'activity', 1, '15', 'taskstatus', 'Status', 1, 0, 0, 100, 9, 1, 1, 'V~O');
INSERT INTO `field` VALUES (9, 178, 'eventstatus', 'activity', 1, '15', 'eventstatus', 'Status', 1, 0, 0, 100, 9, 1, 3, 'V~O');
INSERT INTO `field` VALUES (9, 179, 'priority', 'activity', 1, '15', 'taskpriority', 'Priority', 1, 0, 0, 100, 10, 1, 1, 'V~O');
INSERT INTO `field` VALUES (9, 180, 'sendnotification', 'activity', 1, '56', 'sendnotification', 'Send Notification', 1, 0, 0, 100, 11, 1, 1, 'C~O');
INSERT INTO `field` VALUES (9, 181, 'createdtime', 'crmentity', 1, '70', 'createdtime', 'Created Time', 1, 0, 0, 100, 14, 1, 2, 'T~O');
INSERT INTO `field` VALUES (9, 182, 'modifiedtime', 'crmentity', 1, '70', 'modifiedtime', 'Modified Time', 1, 0, 0, 100, 15, 1, 2, 'T~O');
INSERT INTO `field` VALUES (9, 183, 'activitytype', 'activity', 1, '15', 'activitytype', 'Activity Type', 1, 0, 0, 100, 16, 1, 3, 'V~O');
INSERT INTO `field` VALUES (9, 184, 'description', 'activity', 1, '19', 'description', 'Description', 1, 0, 0, 100, 1, 2, 1, 'V~O');
INSERT INTO `field` VALUES (9, 185, 'duration_hours', 'activity', 1, '63', 'duration_hours', 'Duration', 1, 0, 0, 100, 17, 1, 3, 'T~O');
INSERT INTO `field` VALUES (9, 186, 'duration_minutes', 'activity', 1, '15', 'duration_minutes', 'Duration Minutes', 1, 0, 0, 100, 18, 1, 3, 'T~O');
INSERT INTO `field` VALUES (9, 187, 'location', 'activity', 1, '1', 'location', 'Location', 1, 0, 0, 100, 19, 1, 3, 'V~O');
INSERT INTO `field` VALUES (9, 188, 'reminder_time', 'activity_reminder', 1, '30', 'reminder_time', 'Send Reminder', 1, 0, 0, 100, 1, 7, 3, 'I~O');
INSERT INTO `field` VALUES (9, 189, 'recurringtype', 'recurringevents', 1, '15', 'recurringtype', 'Recurrence', 1, 0, 0, 100, 6, 1, 3, 'O~O');
INSERT INTO `field` VALUES (16, 190, 'subject', 'activity', 1, '2', 'subject', 'Subject', 1, 0, 0, 100, 1, 1, 1, 'V~M');
INSERT INTO `field` VALUES (16, 191, 'smownerid', 'crmentity', 1, '53', 'assigned_user_id', 'Assigned To', 1, 0, 0, 100, 2, 1, 1, 'I~O');
INSERT INTO `field` VALUES (16, 192, 'date_start', 'activity', 1, '6', 'date_start', 'Start Date & Time', 1, 0, 0, 100, 3, 1, 1, 'DT~M~time_start');
INSERT INTO `field` VALUES (16, 193, 'time_start', 'activity', 1, '2', 'time_start', 'Time Start', 1, 0, 0, 100, 4, 1, 3, 'T~M');
INSERT INTO `field` VALUES (16, 194, 'due_date', 'activity', 1, '23', 'due_date', 'End Date', 1, 0, 0, 100, 5, 1, 1, 'D~M~OTH~GE~date_start~Start Date & Time');
INSERT INTO `field` VALUES (16, 195, 'recurringtype', 'recurringevents', 1, '15', 'recurringtype', 'Recurrence', 1, 0, 0, 100, 6, 1, 1, 'O~O');
INSERT INTO `field` VALUES (16, 196, 'duration_hours', 'activity', 1, '63', 'duration_hours', 'Duration', 1, 0, 0, 100, 7, 1, 1, 'I~M');
INSERT INTO `field` VALUES (16, 197, 'duration_minutes', 'activity', 1, '15', 'duration_minutes', 'Duration Minutes', 1, 0, 0, 100, 8, 1, 3, 'O~O');
INSERT INTO `field` VALUES (16, 198, 'crmid', 'seactivityrel', 1, '66', 'parent_id', 'Related To', 1, 0, 0, 100, 9, 1, 1, 'I~O');
INSERT INTO `field` VALUES (16, 199, 'contactid', 'cntactivityrel', 1, '57', 'contact_id', 'Contact Name', 1, 0, 0, 100, 10, 1, 1, 'V~O');
INSERT INTO `field` VALUES (16, 200, 'eventstatus', 'activity', 1, '15', 'eventstatus', 'Status', 1, 0, 0, 100, 11, 1, 1, 'V~O');
INSERT INTO `field` VALUES (16, 201, 'sendnotification', 'activity', 1, '56', 'sendnotification', 'Send Notification', 1, 0, 0, 100, 12, 1, 1, 'C~O');
INSERT INTO `field` VALUES (16, 202, 'activitytype', 'activity', 1, '15', 'activitytype', 'Activity Type', 1, 0, 0, 100, 13, 1, 1, 'V~O');
INSERT INTO `field` VALUES (16, 203, 'location', 'activity', 1, '1', 'location', 'Location', 1, 0, 0, 100, 14, 1, 1, 'V~O');
INSERT INTO `field` VALUES (16, 204, 'createdtime', 'crmentity', 1, '70', 'createdtime', 'Created Time', 1, 0, 0, 100, 15, 1, 2, 'T~O');
INSERT INTO `field` VALUES (16, 205, 'modifiedtime', 'crmentity', 1, '70', 'modifiedtime', 'Modified Time', 1, 0, 0, 100, 16, 1, 2, 'T~O');
INSERT INTO `field` VALUES (16, 206, 'description', 'activity', 1, '19', 'description', 'Description', 1, 0, 0, 100, 1, 2, 1, 'V~O');
INSERT INTO `field` VALUES (16, 207, 'reminder_time', 'activity_reminder', 1, '30', 'reminder_time', 'Send Reminder', 1, 0, 0, 100, 1, 7, 1, 'I~O');
INSERT INTO `field` VALUES (15, 208, 'product_id', 'faq', 1, '59', 'product_id', 'Product Name', 1, 0, 0, 100, 1, 1, 1, 'I~O');
INSERT INTO `field` VALUES (15, 209, 'category', 'faq', 1, '15', 'faqcategories', 'Category', 1, 0, 0, 100, 2, 1, 1, 'V~O');
INSERT INTO `field` VALUES (15, 210, 'status', 'faq', 1, '15', 'faqstatus', 'Status', 1, 0, 0, 100, 3, 1, 1, 'V~O');
INSERT INTO `field` VALUES (15, 211, 'question', 'faq', 1, '20', 'question', 'Question', 1, 0, 0, 100, 1, 2, 1, 'V~M');
INSERT INTO `field` VALUES (15, 212, 'answer', 'faq', 1, '20', 'faq_answer', 'Answer', 1, 0, 0, 100, 1, 3, 1, 'V~M');
INSERT INTO `field` VALUES (15, 213, 'comments', 'faqcomments', 1, '19', 'comments', 'Add Comment', 1, 0, 0, 100, 1, 4, 1, 'V~O');
INSERT INTO `field` VALUES (15, 214, 'createdtime', 'crmentity', 1, '70', 'createdtime', 'Created Time', 1, 0, 0, 100, 3, 1, 2, 'T~O');
INSERT INTO `field` VALUES (15, 215, 'modifiedtime', 'crmentity', 1, '70', 'modifiedtime', 'Modified Time', 1, 0, 0, 100, 4, 1, 2, 'T~O');
INSERT INTO `field` VALUES (18, 216, 'vendorname', 'vendor', 1, '2', 'vendorname', 'Vendor Name', 1, 0, 0, 100, 1, 1, 1, 'V~M');
INSERT INTO `field` VALUES (18, 217, 'phone', 'vendor', 1, '1', 'phone', 'Phone', 1, 0, 0, 100, 3, 1, 1, 'V~O');
INSERT INTO `field` VALUES (18, 218, 'email', 'vendor', 1, '13', 'email', 'Email', 1, 0, 0, 100, 4, 1, 1, 'E~O');
INSERT INTO `field` VALUES (18, 219, 'website', 'vendor', 1, '17', 'website', 'Website', 1, 0, 0, 100, 5, 1, 1, 'V~O');
INSERT INTO `field` VALUES (18, 220, 'glacct', 'vendor', 1, '15', 'glacct', 'GL Account', 1, 0, 0, 100, 6, 1, 1, 'V~O');
INSERT INTO `field` VALUES (18, 221, 'category', 'vendor', 1, '1', 'category', 'Category', 1, 0, 0, 100, 7, 1, 1, 'V~O');
INSERT INTO `field` VALUES (18, 222, 'createdtime', 'crmentity', 1, '70', 'createdtime', 'Created Time', 1, 0, 0, 100, 8, 1, 2, 'T~O');
INSERT INTO `field` VALUES (18, 223, 'modifiedtime', 'crmentity', 1, '70', 'modifiedtime', 'Modified Time', 1, 0, 0, 100, 9, 1, 2, 'T~O');
INSERT INTO `field` VALUES (18, 224, 'street', 'vendor', 1, '21', 'treet', 'Street', 1, 0, 0, 100, 1, 2, 1, 'V~O');
INSERT INTO `field` VALUES (18, 225, 'city', 'vendor', 1, '1', 'city', 'City', 1, 0, 0, 100, 2, 2, 1, 'V~O');
INSERT INTO `field` VALUES (18, 226, 'state', 'vendor', 1, '1', 'state', 'State', 1, 0, 0, 100, 3, 2, 1, 'V~O');
INSERT INTO `field` VALUES (18, 227, 'postalcode', 'vendor', 1, '1', 'postalcode', 'Postal Code', 1, 0, 0, 100, 4, 2, 1, 'V~O');
INSERT INTO `field` VALUES (18, 228, 'country', 'vendor', 1, '1', 'country', 'Country', 1, 0, 0, 100, 5, 2, 1, 'V~O');
INSERT INTO `field` VALUES (18, 229, 'description', 'crmentity', 1, '19', 'description', 'Description', 1, 0, 0, 100, 1, 3, 1, 'V~O');
INSERT INTO `field` VALUES (19, 230, 'bookname', 'pricebook', 1, '2', 'bookname', 'Price Book Name', 1, 0, 0, 100, 1, 1, 1, 'V~M');
INSERT INTO `field` VALUES (19, 231, 'active', 'pricebook', 1, '56', 'active', 'Active', 1, 0, 0, 100, 3, 1, 1, 'V~O');
INSERT INTO `field` VALUES (19, 232, 'createdtime', 'crmentity', 1, '70', 'createdtime', 'Created Time', 1, 0, 0, 100, 4, 1, 2, 'T~O');
INSERT INTO `field` VALUES (19, 233, 'modifiedtime', 'crmentity', 1, '70', 'modifiedtime', 'Modified Time', 1, 0, 0, 100, 5, 1, 2, 'T~O');
INSERT INTO `field` VALUES (19, 234, 'description', 'crmentity', 1, '19', 'description', 'Description', 1, 0, 0, 100, 1, 2, 1, 'V~O');
INSERT INTO `field` VALUES (20, 235, 'subject', 'quotes', 1, '2', 'subject', 'PO Number', 1, 0, 0, 100, 1, 1, 1, 'V~M');
INSERT INTO `field` VALUES (20, 236, 'potentialid', 'quotes', 1, '76', 'potential_id', 'Potential Name', 1, 0, 0, 100, 2, 1, 1, 'I~O');
INSERT INTO `field` VALUES (20, 237, 'quotestage', 'quotes', 1, '15', 'quotestage', 'Quote Stage', 1, 0, 0, 100, 3, 1, 1, 'V~O');
INSERT INTO `field` VALUES (20, 238, 'validtill', 'quotes', 1, '5', 'validtill', 'Valid Till', 1, 0, 0, 100, 4, 1, 1, 'D~O');
INSERT INTO `field` VALUES (27, 239, 'team', 'quotes', 1, '1', 'team', 'Team', 1, 0, 0, 100, 5, 1, 1, 'V~O');
INSERT INTO `field` VALUES (20, 240, 'contactid', 'quotes', 1, '57', 'contact_id', 'Contact Name', 1, 0, 0, 100, 6, 1, 1, 'V~O');
INSERT INTO `field` VALUES (27, 241, 'carrier', 'quotes', 1, '15', 'carrier', 'Carrier', 1, 0, 0, 100, 8, 1, 1, 'V~O');
INSERT INTO `field` VALUES (20, 242, 'subtotal', 'quotes', 1, '1', 'hdnSubTotal', 'Sub Total', 1, 0, 0, 100, 9, 1, 3, 'N~O');
INSERT INTO `field` VALUES (20, 243, 'shipvia', 'quotes', 1, '31', 'shipvia', 'Carrier', 1, 0, 0, 100, 10, 1, 1, 'V~O');
INSERT INTO `field` VALUES (20, 244, 'fromstkloc', 'quotes', 1, '32', 'fromstkloc', 'Deliver from', 1, 0, 0, 2, 23, 1, 1, 'V~M');
INSERT INTO `field` VALUES (20, 245, 'salestax', 'quotes', 1, '1', 'txtTax', 'Sales Tax', 1, 0, 0, 100, 20, 1, 3, 'N~O');
INSERT INTO `field` VALUES (20, 246, 'freightcost', 'quotes', 1, '1', 'freightcost', 'Freight Charge', 1, 0, 0, 100, 12, 1, 3, 'NN~O');
INSERT INTO `field` VALUES (20, 247, 'total', 'quotes', 1, '1', 'hdnGrandTotal', 'Total', 1, 0, 0, 100, 14, 1, 3, 'N~O');
INSERT INTO `field` VALUES (20, 248, 'accountid', 'quotes', 1, '73', 'account_id', 'Account Name', 1, 0, 0, 100, 16, 1, 1, 'I~M');
INSERT INTO `field` VALUES (20, 249, 'smownerid', 'crmentity', 1, '52', 'assigned_user_id', 'Assigned To', 1, 0, 0, 100, 17, 1, 1, 'V~M');
INSERT INTO `field` VALUES (20, 250, 'createdtime', 'crmentity', 1, '70', 'createdtime', 'Created Time', 1, 0, 0, 100, 18, 1, 2, 'T~O');
INSERT INTO `field` VALUES (20, 251, 'modifiedtime', 'crmentity', 1, '70', 'modifiedtime', 'Modified Time', 1, 0, 0, 100, 19, 1, 2, 'T~O');
INSERT INTO `field` VALUES (20, 252, 'bill_street', 'quotesbillads', 1, '24', 'bill_street', 'Billing Address', 1, 0, 0, 100, 1, 2, 1, 'V~M');
INSERT INTO `field` VALUES (20, 253, 'ship_street', 'quotesshipads', 1, '24', 'ship_street', 'Shipping Address', 1, 0, 0, 100, 2, 2, 1, 'V~M');
INSERT INTO `field` VALUES (20, 254, 'bill_city', 'quotesbillads', 1, '1', 'bill_city', 'Billing City', 1, 0, 0, 100, 5, 2, 1, 'V~O');
INSERT INTO `field` VALUES (20, 255, 'ship_city', 'quotesshipads', 1, '1', 'ship_city', 'Shipping City', 1, 0, 0, 100, 6, 2, 1, 'V~O');
INSERT INTO `field` VALUES (20, 256, 'bill_state', 'quotesbillads', 1, '1', 'bill_state', 'Billing State', 1, 0, 0, 100, 7, 2, 1, 'V~O');
INSERT INTO `field` VALUES (20, 257, 'ship_state', 'quotesshipads', 1, '1', 'ship_state', 'Shipping State', 1, 0, 0, 100, 8, 2, 1, 'V~O');
INSERT INTO `field` VALUES (20, 258, 'bill_code', 'quotesbillads', 1, '1', 'bill_code', 'Billing Code', 1, 0, 0, 100, 9, 2, 1, 'V~O');
INSERT INTO `field` VALUES (20, 259, 'ship_code', 'quotesshipads', 1, '1', 'ship_code', 'Shipping Code', 1, 0, 0, 100, 10, 2, 1, 'V~O');
INSERT INTO `field` VALUES (20, 260, 'bill_country', 'quotesbillads', 1, '1', 'bill_country', 'Billing Country', 1, 0, 0, 100, 11, 2, 1, 'V~O');
INSERT INTO `field` VALUES (20, 261, 'ship_country', 'quotesshipads', 1, '1', 'ship_country', 'Shipping Country', 1, 0, 0, 100, 12, 2, 1, 'V~O');
INSERT INTO `field` VALUES (20, 262, 'description', 'crmentity', 1, '19', 'description', 'Description', 1, 0, 0, 100, 1, 3, 1, 'V~O');
INSERT INTO `field` VALUES (20, 263, 'terms_conditions', 'quotes', 1, '19', 'terms_conditions', 'Terms & Conditions', 1, 0, 0, 100, 1, 6, 1, 'V~O');
INSERT INTO `field` VALUES (21, 264, 'subject', 'purchaseorder', 1, '2', 'subject', 'Subject', 1, 0, 0, 100, 1, 1, 1, 'V~M');
INSERT INTO `field` VALUES (21, 265, 'vendorid', 'purchaseorder', 1, '81', 'vendor_id', 'Vendor Name', 1, 0, 0, 100, 3, 1, 1, 'I~M');
INSERT INTO `field` VALUES (21, 266, 'requisition_no', 'purchaseorder', 1, '1', 'requisition_no', 'Requisition No', 1, 0, 0, 100, 4, 1, 1, 'V~O');
INSERT INTO `field` VALUES (21, 267, 'tracking_no', 'purchaseorder', 1, '1', 'tracking_no', 'Tracking Number', 1, 0, 0, 100, 5, 1, 1, 'V~O');
INSERT INTO `field` VALUES (21, 268, 'contactid', 'purchaseorder', 1, '57', 'contact_id', 'Contact Name', 1, 0, 0, 100, 6, 1, 1, 'I~O');
INSERT INTO `field` VALUES (21, 269, 'duedate', 'purchaseorder', 1, '5', 'duedate', 'Due Date', 1, 0, 0, 100, 7, 1, 1, 'V~O');
INSERT INTO `field` VALUES (21, 270, 'carrier', 'purchaseorder', 1, '15', 'carrier', 'Carrier', 1, 0, 0, 100, 8, 1, 1, 'V~O');
INSERT INTO `field` VALUES (21, 271, 'salestax', 'purchaseorder', 1, '1', 'txtTax', 'Sales Tax', 1, 0, 0, 100, 10, 1, 3, 'N~O');
INSERT INTO `field` VALUES (21, 272, 'adjustment', 'purchaseorder', 1, '1', 'txtAdjustment', 'Adjustment', 1, 0, 0, 100, 10, 1, 3, 'NN~O');
INSERT INTO `field` VALUES (21, 273, 'salescommission', 'purchaseorder', 1, '1', 'salescommission', 'Sales Commission', 1, 0, 0, 100, 11, 1, 1, 'N~O');
INSERT INTO `field` VALUES (21, 274, 'exciseduty', 'purchaseorder', 1, '1', 'exciseduty', 'Excise Duty', 1, 0, 0, 100, 12, 1, 1, 'N~O');
INSERT INTO `field` VALUES (21, 275, 'total', 'purchaseorder', 1, '1', 'hdnGrandTotal', 'Total', 1, 0, 0, 100, 13, 1, 3, 'N~O');
INSERT INTO `field` VALUES (21, 276, 'subtotal', 'purchaseorder', 1, '1', 'hdnSubTotal', 'Sub Total', 1, 0, 0, 100, 14, 1, 3, 'N~O');
INSERT INTO `field` VALUES (21, 277, 'postatus', 'purchaseorder', 1, '15', 'postatus', 'Status', 1, 0, 0, 100, 15, 1, 1, 'V~O');
INSERT INTO `field` VALUES (21, 278, 'smownerid', 'crmentity', 1, '52', 'assigned_user_id', 'Assigned To', 1, 0, 0, 100, 16, 1, 1, 'V~M');
INSERT INTO `field` VALUES (21, 279, 'createdtime', 'crmentity', 1, '70', 'createdtime', 'Created Time', 1, 0, 0, 100, 17, 1, 2, 'T~O');
INSERT INTO `field` VALUES (21, 280, 'modifiedtime', 'crmentity', 1, '70', 'modifiedtime', 'Modified Time', 1, 0, 0, 100, 18, 1, 2, 'T~O');
INSERT INTO `field` VALUES (21, 281, 'bill_street', 'pobillads', 1, '24', 'bill_street', 'Billing Address', 1, 0, 0, 100, 1, 2, 1, 'V~M');
INSERT INTO `field` VALUES (21, 282, 'ship_street', 'poshipads', 1, '24', 'ship_street', 'Shipping Address', 1, 0, 0, 100, 2, 2, 1, 'V~M');
INSERT INTO `field` VALUES (21, 283, 'bill_city', 'pobillads', 1, '1', 'bill_city', 'Billing City', 1, 0, 0, 100, 3, 2, 1, 'V~O');
INSERT INTO `field` VALUES (21, 284, 'ship_city', 'poshipads', 1, '1', 'ship_city', 'Shipping City', 1, 0, 0, 100, 4, 2, 1, 'V~O');
INSERT INTO `field` VALUES (21, 285, 'bill_state', 'pobillads', 1, '1', 'bill_state', 'Billing State', 1, 0, 0, 100, 5, 2, 1, 'V~O');
INSERT INTO `field` VALUES (21, 286, 'ship_state', 'poshipads', 1, '1', 'ship_state', 'Shipping State', 1, 0, 0, 100, 6, 2, 1, 'V~O');
INSERT INTO `field` VALUES (21, 287, 'bill_code', 'pobillads', 1, '1', 'bill_code', 'Billing Code', 1, 0, 0, 100, 7, 2, 1, 'V~O');
INSERT INTO `field` VALUES (21, 288, 'ship_code', 'poshipads', 1, '1', 'ship_code', 'Shipping Code', 1, 0, 0, 100, 8, 2, 1, 'V~O');
INSERT INTO `field` VALUES (21, 289, 'bill_country', 'pobillads', 1, '1', 'bill_country', 'Billing Country', 1, 0, 0, 100, 9, 2, 1, 'V~O');
INSERT INTO `field` VALUES (21, 290, 'ship_country', 'poshipads', 1, '1', 'ship_country', 'Shipping Country', 1, 0, 0, 100, 10, 2, 1, 'V~O');
INSERT INTO `field` VALUES (21, 291, 'description', 'crmentity', 1, '19', 'description', 'Description', 1, 0, 0, 100, 1, 3, 1, 'V~O');
INSERT INTO `field` VALUES (21, 292, 'terms_conditions', 'purchaseorder', 1, '19', 'terms_conditions', 'Terms & Conditions', 1, 0, 0, 100, 1, 6, 1, 'V~O');
INSERT INTO `field` VALUES (22, 293, 'subject', 'salesorders', 1, '2', 'subject', 'PO Number', 1, 0, 0, 100, 1, 1, 1, 'V~M');
INSERT INTO `field` VALUES (22, 294, 'potentialid', 'salesorders', 1, '76', 'potential_id', 'Potential Name', 1, 0, 0, 100, 2, 1, 1, 'I~O');
INSERT INTO `field` VALUES (27, 295, 'customerref', 'salesorders', 1, '1', 'customerref', 'Customer No', 1, 0, 0, 100, 3, 1, 1, 'V~O');
INSERT INTO `field` VALUES (22, 296, 'quoteid', 'salesorders', 1, '78', 'quote_id', 'Quote Name', 1, 0, 0, 100, 4, 1, 1, 'I~O');
INSERT INTO `field` VALUES (22, 297, 'deliverblind', 'salesorders', 1, '33', 'deliverblind', 'Packlist Type', 1, 0, 0, 100, 21, 1, 1, 'V~O');
INSERT INTO `field` VALUES (22, 298, 'contactid', 'salesorders', 1, '57', 'contact_id', 'Contact Name', 1, 0, 0, 100, 6, 1, 1, 'I~O');
INSERT INTO `field` VALUES (22, 299, 'duedate', 'salesorders', 1, '5', 'duedate', 'Due Date', 1, 0, 0, 100, 8, 1, 1, 'D~O');
INSERT INTO `field` VALUES (22, 300, 'shipvia', 'salesorders', 1, '31', 'shipvia', 'Carrier', 1, 0, 0, 100, 9, 1, 1, 'V~O');
INSERT INTO `field` VALUES (22, 301, 'pending', 'salesorders', 1, '1', 'pending', 'Pending', 1, 0, 0, 100, 10, 1, 1, 'V~O');
INSERT INTO `field` VALUES (22, 302, 'sostatus', 'salesorders', 1, '15', 'sostatus', 'Status', 1, 0, 0, 100, 11, 1, 1, 'V~O');
INSERT INTO `field` VALUES (22, 303, 'ordertype', 'salesorders', 1, '35', 'ordertype', 'Order Type', 1, 0, 0, 100, 99, 1, 2, 'V~O');
INSERT INTO `field` VALUES (22, 304, 'freightcost', 'salesorders', 1, '1', 'freightcost', 'Freight Charge', 1, 0, 0, 100, 12, 1, 3, 'NN~O');
INSERT INTO `field` VALUES (22, 305, 'salescommission', 'salesorders', 1, '1', 'salescommission', 'Sales Commission', 1, 0, 0, 100, 13, 1, 1, 'N~O');
INSERT INTO `field` VALUES (22, 307, 'total', 'salesorders', 1, '1', 'hdnGrandTotal', 'Total', 1, 0, 0, 100, 14, 1, 3, 'N~O');
INSERT INTO `field` VALUES (22, 308, 'subtotal', 'salesorders', 1, '1', 'hdnSubTotal', 'Total', 1, 0, 0, 100, 15, 1, 3, 'N~O');
INSERT INTO `field` VALUES (22, 309, 'accountid', 'salesorders', 1, '73', 'account_id', 'Account Name', 1, 0, 0, 100, 16, 1, 1, 'I~M');
INSERT INTO `field` VALUES (22, 310, 'smownerid', 'crmentity', 1, '52', 'assigned_user_id', 'Assigned To', 1, 0, 0, 100, 17, 1, 1, 'V~M');
INSERT INTO `field` VALUES (22, 311, 'createdtime', 'crmentity', 1, '70', 'createdtime', 'Created Time', 1, 0, 0, 100, 18, 1, 2, 'T~O');
INSERT INTO `field` VALUES (22, 312, 'modifiedtime', 'crmentity', 1, '70', 'modifiedtime', 'Modified Time', 1, 0, 0, 100, 19, 1, 2, 'T~O');
INSERT INTO `field` VALUES (22, 313, 'bill_street', 'sobillads', 1, '24', 'bill_street', 'Billing Address', 1, 0, 0, 100, 1, 2, 1, 'V~M');
INSERT INTO `field` VALUES (22, 314, 'deladd1', 'salesorders', 1, '24', 'ship_street', 'Shipping Address', 1, 0, 0, 100, 2, 2, 1, 'V~M');
INSERT INTO `field` VALUES (22, 315, 'bill_city', 'sobillads', 1, '1', 'bill_city', 'Billing City', 1, 0, 0, 100, 5, 2, 1, 'V~O');
INSERT INTO `field` VALUES (22, 316, 'deladd3', 'salesorders', 1, '1', 'ship_city', 'Shipping City', 1, 0, 0, 100, 6, 2, 1, 'V~O');
INSERT INTO `field` VALUES (22, 317, 'bill_state', 'sobillads', 1, '1', 'bill_state', 'Billing State', 1, 0, 0, 100, 7, 2, 1, 'V~O');
INSERT INTO `field` VALUES (22, 318, 'deladd4', 'salesorders', 1, '1', 'ship_state', 'Shipping State', 1, 0, 0, 100, 8, 2, 1, 'V~O');
INSERT INTO `field` VALUES (22, 319, 'bill_code', 'sobillads', 1, '1', 'bill_code', 'Billing Code', 1, 0, 0, 100, 9, 2, 1, 'V~O');
INSERT INTO `field` VALUES (22, 320, 'deladd6', 'salesorders', 1, '1', 'ship_code', 'Shipping Code', 1, 0, 0, 100, 10, 2, 1, 'V~O');
INSERT INTO `field` VALUES (22, 321, 'bill_country', 'sobillads', 1, '1', 'bill_country', 'Billing Country', 1, 0, 0, 100, 11, 2, 1, 'V~O');
INSERT INTO `field` VALUES (22, 322, 'deladd5', 'salesorders', 1, '1', 'ship_country', 'Shipping Country', 1, 0, 0, 100, 12, 2, 1, 'V~O');
INSERT INTO `field` VALUES (22, 323, 'description', 'crmentity', 1, '19', 'description', 'Description', 1, 0, 0, 100, 1, 3, 1, 'V~O');
INSERT INTO `field` VALUES (22, 324, 'comments', 'salesorders', 1, '19', 'terms_conditions', 'Terms & Conditions', 1, 0, 0, 100, 1, 6, 1, 'V~O');
INSERT INTO `field` VALUES (23, 325, 'subject', 'invoice', 1, '2', 'subject', 'Subject', 1, 0, 0, 100, 1, 1, 1, 'V~M');
INSERT INTO `field` VALUES (23, 326, 'salesorderid', 'invoice', 1, '80', 'salesorder_id', 'Sales Order', 1, 0, 0, 100, 2, 1, 1, 'I~O');
INSERT INTO `field` VALUES (23, 327, 'customerno', 'invoice', 1, '1', 'customerno', 'Customer No', 1, 0, 0, 100, 3, 1, 1, 'V~O');
INSERT INTO `field` VALUES (23, 328, 'invoicedate', 'invoice', 1, '5', 'invoicedate', 'Invoice Date', 1, 0, 0, 100, 5, 1, 1, 'D~O');
INSERT INTO `field` VALUES (23, 329, 'duedate', 'invoice', 1, '5', 'duedate', 'Due Date', 1, 0, 0, 100, 6, 1, 1, 'D~O');
INSERT INTO `field` VALUES (23, 330, 'purchaseorder', 'invoice', 1, '1', 'purchaseorder', 'Purchase Order', 1, 0, 0, 100, 8, 1, 1, 'V~O');
INSERT INTO `field` VALUES (23, 331, 'salestax', 'invoice', 1, '1', 'txtTax', 'Sales Tax', 1, 0, 0, 100, 9, 1, 3, 'N~O');
INSERT INTO `field` VALUES (23, 332, 'adjustment', 'invoice', 1, '1', 'txtAdjustment', 'Sales Tax', 1, 0, 0, 100, 9, 1, 3, 'NN~O');
INSERT INTO `field` VALUES (23, 333, 'salescommission', 'invoice', 1, '1', 'salescommission', 'Sales Commission', 1, 0, 0, 10, 13, 1, 1, 'N~O');
INSERT INTO `field` VALUES (23, 334, 'exciseduty', 'invoice', 1, '1', 'exciseduty', 'Excise Duty', 1, 0, 0, 100, 11, 1, 1, 'N~O');
INSERT INTO `field` VALUES (23, 335, 'subtotal', 'invoice', 1, '1', 'hdnSubTotal', 'Sub Total', 1, 0, 0, 100, 12, 1, 3, 'N~O');
INSERT INTO `field` VALUES (23, 336, 'total', 'invoice', 1, '1', 'hdnGrandTotal', 'Total', 1, 0, 0, 100, 13, 1, 3, 'N~O');
INSERT INTO `field` VALUES (23, 337, 'accountid', 'invoice', 1, '73', 'account_id', 'Account Name', 1, 0, 0, 100, 14, 1, 1, 'I~M');
INSERT INTO `field` VALUES (23, 338, 'invoicestatus', 'invoice', 1, '15', 'invoicestatus', 'Status', 1, 0, 0, 100, 15, 1, 1, 'V~O');
INSERT INTO `field` VALUES (23, 339, 'smownerid', 'crmentity', 1, '52', 'assigned_user_id', 'Assigned To', 1, 0, 0, 100, 16, 1, 1, 'V~M');
INSERT INTO `field` VALUES (23, 340, 'createdtime', 'crmentity', 1, '70', 'createdtime', 'Created Time', 1, 0, 0, 100, 17, 1, 2, 'T~O');
INSERT INTO `field` VALUES (23, 341, 'modifiedtime', 'crmentity', 1, '70', 'modifiedtime', 'Modified Time', 1, 0, 0, 100, 18, 1, 2, 'T~O');
INSERT INTO `field` VALUES (23, 342, 'bill_street', 'invoicebillads', 1, '24', 'bill_street', 'Billing Address', 1, 0, 0, 100, 1, 2, 1, 'V~M');
INSERT INTO `field` VALUES (23, 343, 'ship_street', 'invoiceshipads', 1, '24', 'ship_street', 'Shipping Address', 1, 0, 0, 100, 2, 2, 1, 'V~M');
INSERT INTO `field` VALUES (23, 344, 'bill_city', 'invoicebillads', 1, '1', 'bill_city', 'Billing City', 1, 0, 0, 100, 3, 2, 1, 'V~O');
INSERT INTO `field` VALUES (23, 345, 'ship_city', 'invoiceshipads', 1, '1', 'ship_city', 'Shipping City', 1, 0, 0, 100, 4, 2, 1, 'V~O');
INSERT INTO `field` VALUES (23, 346, 'bill_state', 'invoicebillads', 1, '1', 'bill_state', 'Billing State', 1, 0, 0, 100, 5, 2, 1, 'V~O');
INSERT INTO `field` VALUES (23, 347, 'ship_state', 'invoiceshipads', 1, '1', 'ship_state', 'Shipping State', 1, 0, 0, 100, 6, 2, 1, 'V~O');
INSERT INTO `field` VALUES (23, 348, 'bill_code', 'invoicebillads', 1, '1', 'bill_code', 'Billing Code', 1, 0, 0, 100, 7, 2, 1, 'V~O');
INSERT INTO `field` VALUES (23, 349, 'ship_code', 'invoiceshipads', 1, '1', 'ship_code', 'Shipping Code', 1, 0, 0, 100, 8, 2, 1, 'V~O');
INSERT INTO `field` VALUES (23, 350, 'bill_country', 'invoicebillads', 1, '1', 'bill_country', 'Billing Country', 1, 0, 0, 100, 9, 2, 1, 'V~O');
INSERT INTO `field` VALUES (23, 351, 'ship_country', 'invoiceshipads', 1, '1', 'ship_country', 'Shipping Country', 1, 0, 0, 100, 10, 2, 1, 'V~O');
INSERT INTO `field` VALUES (23, 352, 'description', 'crmentity', 1, '19', 'description', 'Description', 1, 0, 0, 100, 1, 3, 1, 'V~O');
INSERT INTO `field` VALUES (23, 353, 'terms_conditions', 'invoice', 1, '19', 'terms_conditions', 'Terms & Conditions', 1, 0, 0, 100, 1, 6, 1, 'V~O');
INSERT INTO `field` VALUES (6, 354, 'debtorno', 'custbranch', 1, '27', 'debtorno', 'Parent Company', 1, 0, 0, 100, 8, 1, 1, 'V~M');
INSERT INTO `field` VALUES (6, 355, 'area', 'custbranch', 1, '42', 'area', 'Sales Area', 1, 0, 0, 2, 19, 1, 1, 'V~O');
INSERT INTO `field` VALUES (6, 356, 'salesman', 'custbranch', 1, '43', 'salesman', 'Sales person', 1, 0, 0, 100, 20, 1, 1, 'V~O');
INSERT INTO `field` VALUES (6, 357, 'defaultlocation', 'custbranch', 1, '32', 'defaultlocation', 'Stock location', 1, 0, 0, 6, 21, 1, 1, 'V~O');
INSERT INTO `field` VALUES (6, 358, 'taxgroupid', 'custbranch', 1, '45', 'taxgroupid', 'Tax group', 1, 0, 0, 5, 22, 1, 1, 'I~O');
INSERT INTO `field` VALUES (6, 359, 'defaultshipvia', 'custbranch', 1, '46', 'defaultshipvia', 'Default Freight Company', 1, 0, 0, 12, 23, 1, 1, 'I~O');
INSERT INTO `field` VALUES (22, 360, 'fromstkloc', 'salesorders', 1, '32', 'fromstkloc', 'Deliver from', 1, 0, 0, 2, 23, 1, 1, 'V~M');
INSERT INTO `field` VALUES (22, 362, 'quotation', 'salesorders', 1, '34', 'quotation', 'Quotation', 1, 0, 0, 100, 25, 1, 2, 'V~M');
INSERT INTO `field` VALUES (6, 363, 'currcode', 'custbranch', 1, '48', 'currcode', 'Currency', 1, 0, 0, 100, 24, 1, 1, 'V~O');
INSERT INTO `field` VALUES (22, 364, 'orddate', 'salesorders', 1, '70', 'orddate', 'Date Ordered', 1, 1, 0, 100, 100, 1, 2, 'T~M');
INSERT INTO `field` VALUES (22, 365, 'salestax', 'salesorders', 1, '1', 'txtTax', 'Sales Tax', 1, 0, 0, 100, 20, 1, 3, 'N~O');
INSERT INTO `field` VALUES (27, 366, 'orderno', 'salesorders', 1, '1', 'orderno', 'Order Number', 0, 0, 0, 100, 99, 1, 99, 'I~O');
INSERT INTO `field` VALUES (22, 367, 'orderno', 'salesorders', 1, '36', 'orderno', 'Order No', 0, 0, 0, 100, 98, 1, 2, 'V~M');
INSERT INTO `field` VALUES (27, 368, 'branchcode', 'salesorders', 1, '1', 'branchcode', 'Branch Code', 0, 0, 0, 100, 97, 1, 1, 'V~M');
INSERT INTO `field` VALUES (22, 369, 'deliverto', 'salesorders', 1, '47', 'deliverto', 'Deliver To', 1, 0, 0, 100, 96, 1, 1, 'V~O');
INSERT INTO `field` VALUES (20, 370, 'deliverto', 'quotes', 1, '47', 'deliverto', 'Deliver To', 1, 0, 0, 100, 96, 1, 1, 'V~O');
INSERT INTO `field` VALUES (6, 375, 'cf_374', 'accountscf', 2, '15', 'cf_374', 'Preferred Language', 0, 0, 0, 100, 3, 5, 1, 'V~O');
INSERT INTO `field` VALUES (6, 383, 'cf_382', 'accountscf', 2, '56', 'cf_382', 'Holiday Gift Sent', 0, 0, 0, 100, 7, 5, 1, 'C~0');
INSERT INTO `field` VALUES (6, 385, 'cf_384', 'accountscf', 2, '56', 'cf_384', 'Holiday Greeting Card', 0, 0, 0, 100, 8, 5, 1, 'C~0');
INSERT INTO `field` VALUES (6, 387, 'cf_386', 'accountscf', 2, '56', 'cf_386', 'Electronic Communication Only', 0, 0, 0, 100, 9, 5, 1, 'C~0');
INSERT INTO `field` VALUES (20, 388, 'freighttax', 'quotes', 1, '1', 'freighttax', 'Freight Tax', 1, 0, 0, 100, 21, 1, 3, 'N~O');
INSERT INTO `field` VALUES (20, 389, 'discounttotal', 'quotes', 1, '1', 'hdnDiscountTotal', 'Discount Total', 1, 0, 0, 100, 22, 1, 3, 'N~O');
INSERT INTO `field` VALUES (20, 390, 'bill_street2', 'quotesbillads', 1, '26', 'bill_street2', 'Billing Address2', 1, 0, 0, 100, 3, 2, 1, 'V~O');
INSERT INTO `field` VALUES (20, 391, 'ship_street2', 'quotesshipads', 1, '26', 'ship_street2', 'Shipping Address2', 1, 0, 0, 100, 4, 2, 1, 'V~O');
INSERT INTO `field` VALUES (22, 392, 'freighttax', 'salesorders', 1, '1', 'freighttax', 'Freight Tax', 1, 0, 0, 100, 21, 1, 3, 'N~O');
INSERT INTO `field` VALUES (22, 393, 'discounttotal', 'salesorders', 1, '1', 'hdnDiscountTotal', 'Discount Total', 1, 0, 0, 100, 22, 1, 3, 'N~O');
INSERT INTO `field` VALUES (22, 394, 'bill_street2', 'sobillads', 1, '26', 'bill_street2', 'Billing Address2', 1, 0, 0, 100, 3, 2, 1, 'V~O');
INSERT INTO `field` VALUES (22, 395, 'deladd2', 'salesorders', 1, '26', 'ship_street2', 'Shipping Address2', 1, 0, 0, 100, 4, 2, 1, 'V~O');
INSERT INTO `field` VALUES (6, 396, 'braddress2', 'custbranch', 1, '26', 'bill_street2', 'Billing Address', 1, 0, 0, 100, 3, 2, 1, 'V~O');
INSERT INTO `field` VALUES (6, 397, 'brpostaddr2', 'custbranch', 1, '26', 'ship_street2', 'Shipping Address', 1, 0, 0, 100, 4, 2, 1, 'V~O');
INSERT INTO `field` VALUES (4, 398, 'mailingstreet2', 'contactaddress', 1, '26', 'mailingstreet2', 'Mailing Street2', 1, 0, 0, 100, 3, 2, 1, 'V~O');
INSERT INTO `field` VALUES (4, 399, 'otherstreet2', 'contactaddress', 1, '26', 'otherstreet2', 'Other Street 2', 1, 0, 0, 100, 4, 2, 1, 'V~O');
INSERT INTO `field` VALUES (7, 400, 'lane2', 'leadaddress', 1, '26', 'lane2', 'Street2', 1, 0, 0, 100, 3, 2, 1, 'V~O');
INSERT INTO `field` VALUES (19, 401, 'currcode', 'pricebook', 1, '48', 'currcode', 'Currency', 1, 0, 0, 100, 24, 1, 1, 'V~O');
INSERT INTO `field` VALUES (19, 402, 'pbcode', 'pricebook', 1, '1', 'pbcode', 'Price Book Code', 1, 0, 0, 2, 3, 1, 1, 'V~M');
INSERT INTO `field` VALUES (27, 3060, 'freightcost', 'salesorders', 1, '1', 'freightcost', 'Freight Charge', 1, 0, 0, 100, 22, 1, 1, 'V~O');
INSERT INTO `field` VALUES (27, 3630, 'deliverydate', 'salesorders', 1, '5', 'deliverydate', 'Delivery Date', 0, 0, 0, 100, 29, 1, 1, 'D~O');

-- --------------------------------------------------------

-- 
-- Table structure for table `field_seq`
-- 

CREATE TABLE `field_seq` (
  `id` int(11) NOT NULL default '0'
) ENGINE=MyISAM DEFAULT CHARSET=latin1;

-- 
-- Dumping data for table `field_seq`
-- 

INSERT INTO `field_seq` VALUES (404);

-- --------------------------------------------------------

-- 
-- Table structure for table `files`
-- 

CREATE TABLE `files` (
  `id` varchar(36) NOT NULL default '',
  `name` varchar(36) default NULL,
  `content` longblob,
  `deleted` int(1) NOT NULL default '0',
  `date_entered` timestamp NOT NULL default CURRENT_TIMESTAMP on update CURRENT_TIMESTAMP,
  `assigned_user_id` varchar(36) default NULL,
  PRIMARY KEY  (`id`),
  KEY `idx_cont_owner_id_and_name` (`assigned_user_id`,`name`,`deleted`)
) ENGINE=MyISAM DEFAULT CHARSET=latin1;

-- 
-- Dumping data for table `files`
-- 


-- --------------------------------------------------------

-- 
-- Table structure for table `freightcosts`
-- 

CREATE TABLE `freightcosts` (
  `shipcostfromid` int(11) NOT NULL auto_increment,
  `locationfrom` varchar(5) NOT NULL default '',
  `destination` varchar(40) NOT NULL default '',
  `shipperid` int(11) NOT NULL default '0',
  `cubrate` double NOT NULL default '0',
  `kgrate` double NOT NULL default '0',
  `maxkgs` double NOT NULL default '999999',
  `maxcub` double NOT NULL default '999999',
  `fixedprice` double NOT NULL default '0',
  `minimumchg` double NOT NULL default '0',
  PRIMARY KEY  (`shipcostfromid`),
  KEY `Destination` (`destination`),
  KEY `LocationFrom` (`locationfrom`),
  KEY `ShipperID` (`shipperid`),
  KEY `Destination_2` (`destination`,`locationfrom`,`shipperid`)
) ENGINE=InnoDB DEFAULT CHARSET=latin1 AUTO_INCREMENT=1 ;

-- 
-- Dumping data for table `freightcosts`
-- 


-- --------------------------------------------------------

-- 
-- Table structure for table `glacct`
-- 

CREATE TABLE `glacct` (
  `glacctid` int(19) NOT NULL auto_increment,
  `glacct` varchar(200) NOT NULL default '',
  `sortorderid` int(19) NOT NULL default '0',
  `presence` int(1) NOT NULL default '1',
  PRIMARY KEY  (`glacctid`),
  UNIQUE KEY `GlAcct_UK0` (`glacct`)
) ENGINE=InnoDB DEFAULT CHARSET=latin1 AUTO_INCREMENT=10 ;

-- 
-- Dumping data for table `glacct`
-- 

INSERT INTO `glacct` VALUES (1, '300-Sales-Software', 0, 1);
INSERT INTO `glacct` VALUES (2, '301-Sales-Hardware', 1, 1);
INSERT INTO `glacct` VALUES (3, '302-Rental-Income', 2, 1);
INSERT INTO `glacct` VALUES (4, '303-Interest-Income', 3, 1);
INSERT INTO `glacct` VALUES (5, '304-Sales-Software-Support', 4, 1);
INSERT INTO `glacct` VALUES (6, '305-Sales Other', 5, 1);
INSERT INTO `glacct` VALUES (7, '306-Internet Sales', 6, 1);
INSERT INTO `glacct` VALUES (8, '307-Service-Hardware Labor', 7, 1);
INSERT INTO `glacct` VALUES (9, '308-Sales-Books', 8, 1);

-- --------------------------------------------------------

-- 
-- Table structure for table `gltrans`
-- 

CREATE TABLE `gltrans` (
  `counterindex` int(11) NOT NULL auto_increment,
  `type` smallint(6) NOT NULL default '0',
  `typeno` bigint(16) NOT NULL default '1',
  `chequeno` varchar(11) default '',
  `trandate` date NOT NULL default '0000-00-00',
  `periodno` smallint(6) NOT NULL default '0',
  `account` int(11) NOT NULL default '0',
  `narrative` varchar(200) NOT NULL default '',
  `amount` double NOT NULL default '0',
  `posted` tinyint(4) NOT NULL default '0',
  `jobref` varchar(20) NOT NULL default '',
  `invoicetype` varchar(200) default NULL,
  PRIMARY KEY  (`counterindex`),
  KEY `Account` (`account`),
  KEY `ChequeNo` (`chequeno`),
  KEY `PeriodNo` (`periodno`),
  KEY `Posted` (`posted`),
  KEY `TranDate` (`trandate`),
  KEY `TypeNo` (`typeno`),
  KEY `Type_and_Number` (`type`,`typeno`),
  KEY `JobRef` (`jobref`)
) ENGINE=InnoDB DEFAULT CHARSET=latin1 AUTO_INCREMENT=40 ;

-- 
-- Dumping data for table `gltrans`
-- 

INSERT INTO `gltrans` VALUES (1, 10, 1001, '', '2007-04-17', 2, 4550, 'WWW1070 - H02 x 2 @ 1', -2, 1, '', NULL);
INSERT INTO `gltrans` VALUES (2, 10, 1001, '', '2007-04-17', 2, 4550, 'WWW1070 - H01 x 3 @ 23.142424942263', -69.427274826789, 1, '', NULL);
INSERT INTO `gltrans` VALUES (3, 10, 1001, '', '2007-04-17', 2, 1210, 'WWW1070', 116.43, 1, '', NULL);
INSERT INTO `gltrans` VALUES (4, 10, 1001, '', '2007-04-17', 2, 5531, 'WWW1070', -45, 1, '', NULL);
INSERT INTO `gltrans` VALUES (5, 10, 1002, '', '2007-04-17', 2, 4550, 'WWW1087 - G01-02 x 250 @ 4.99', -1247.5, 1, '', NULL);
INSERT INTO `gltrans` VALUES (6, 10, 1002, '', '2007-04-17', 2, 4550, 'WWW1087 - H02 x 1 @ 1', -1, 1, '', NULL);
INSERT INTO `gltrans` VALUES (7, 10, 1002, '', '2007-04-17', 2, 1210, 'WWW1087', 1293.5, 1, '', NULL);
INSERT INTO `gltrans` VALUES (8, 10, 1002, '', '2007-04-17', 2, 5531, 'WWW1087', -45, 1, '', NULL);
INSERT INTO `gltrans` VALUES (9, 10, 1003, '', '2007-04-17', 2, 4550, 'WWW1087 - P04 x 1 @ 73.142424942263', -73.142424942263, 1, '', NULL);
INSERT INTO `gltrans` VALUES (10, 10, 1003, '', '2007-04-17', 2, 1210, 'WWW1087', 110.14, 1, '', NULL);
INSERT INTO `gltrans` VALUES (11, 10, 1003, '', '2007-04-17', 2, 5531, 'WWW1087', -37, 1, '', NULL);
INSERT INTO `gltrans` VALUES (12, 10, 1004, '', '2007-04-17', 2, 4550, 'WWW1064 - H02 x 247 @ 1', -247, 1, '', NULL);
INSERT INTO `gltrans` VALUES (13, 10, 1004, '', '2007-04-17', 2, 1210, 'WWW1064', 301.04, 1, '', NULL);
INSERT INTO `gltrans` VALUES (14, 10, 1004, '', '2007-04-17', 2, 5531, 'WWW1064', -37, 1, '', NULL);
INSERT INTO `gltrans` VALUES (15, 10, 1004, '', '2007-04-17', 2, 2050, 'WWW1064', -17.04, 1, '', NULL);
INSERT INTO `gltrans` VALUES (16, 10, 1005, '', '2007-04-17', 2, 4550, 'WWW1080 - H02 x 5 @ 1', -5, 1, '', NULL);
INSERT INTO `gltrans` VALUES (17, 10, 1005, '', '2007-04-17', 2, 1210, 'WWW1080', 18.02, 1, '', NULL);
INSERT INTO `gltrans` VALUES (18, 10, 1005, '', '2007-04-17', 2, 5531, 'WWW1080', -12, 1, '', NULL);
INSERT INTO `gltrans` VALUES (19, 10, 1005, '', '2007-04-17', 2, 2050, 'WWW1080', -1.02, 1, '', NULL);
INSERT INTO `gltrans` VALUES (20, 10, 1006, '', '2007-04-17', 2, 4550, 'WWW1084 - G01-01 x 23 @ 4.99', -114.77, 1, '', NULL);
INSERT INTO `gltrans` VALUES (21, 10, 1006, '', '2007-04-17', 2, 1210, 'WWW1084', 134.38, 1, '', NULL);
INSERT INTO `gltrans` VALUES (22, 10, 1006, '', '2007-04-17', 2, 5531, 'WWW1084', -12, 1, '', NULL);
INSERT INTO `gltrans` VALUES (23, 10, 1006, '', '2007-04-17', 2, 2050, 'WWW1084', -7.6062, 1, '', NULL);
INSERT INTO `gltrans` VALUES (24, 10, 1007, '', '2007-04-17', 2, 4550, 'WWW1087 - P03 x 1 @ 48.12', -48.12, 1, '', NULL);
INSERT INTO `gltrans` VALUES (25, 10, 1007, '', '2007-04-17', 2, 1210, 'WWW1087', 85.12, 1, '', NULL);
INSERT INTO `gltrans` VALUES (26, 10, 1007, '', '2007-04-17', 2, 5531, 'WWW1087', -37, 1, '', NULL);
INSERT INTO `gltrans` VALUES (27, 10, 1008, '', '2007-05-08', 3, 4550, 'WWW1103 - H02 x 1 @ 0.25', -0.25, 1, '', NULL);
INSERT INTO `gltrans` VALUES (28, 10, 1008, '', '2007-05-08', 3, 1210, 'WWW1103', 0.53, 1, '', NULL);
INSERT INTO `gltrans` VALUES (29, 10, 1008, '', '2007-05-08', 3, 5531, 'WWW1103', -0.25, 1, '', NULL);
INSERT INTO `gltrans` VALUES (30, 10, 1008, '', '2007-05-08', 3, 2050, 'WWW1103', -0.03, 1, '', NULL);
INSERT INTO `gltrans` VALUES (31, 10, 1009, '', '2007-05-15', 3, 4550, 'WWW1109 - H01 x 2 @ 0.25', -0.5, 1, '', NULL);
INSERT INTO `gltrans` VALUES (32, 10, 1009, '', '2007-05-15', 3, 1210, 'WWW1109', 0.8, 1, '', NULL);
INSERT INTO `gltrans` VALUES (33, 10, 1009, '', '2007-05-15', 3, 5531, 'WWW1109', -0.25, 1, '', NULL);
INSERT INTO `gltrans` VALUES (34, 10, 1009, '', '2007-05-15', 3, 2050, 'WWW1109', -0.045, 1, '', NULL);
INSERT INTO `gltrans` VALUES (35, 10, 1010, '', '2007-08-20', 6, 4550, 'WWW1070 - VW2 x 1 @ 3490', -3490, 0, '', NULL);
INSERT INTO `gltrans` VALUES (36, 10, 1010, '', '2007-08-20', 6, 1210, 'WWW1070', 3490, 0, '', NULL);
INSERT INTO `gltrans` VALUES (37, 10, 1011, '', '2007-08-20', 6, 4550, 'WWW1131 - VW004 x 1 @ 56', -56, 0, '', NULL);
INSERT INTO `gltrans` VALUES (38, 10, 1011, '', '2007-08-20', 6, 1210, 'WWW1131', 84, 0, '', NULL);
INSERT INTO `gltrans` VALUES (39, 10, 1011, '', '2007-08-20', 6, 5531, 'WWW1131', -28, 0, '', NULL);

-- --------------------------------------------------------

-- 
-- Table structure for table `grns`
-- 

CREATE TABLE `grns` (
  `grnbatch` smallint(6) NOT NULL default '0',
  `grnno` int(11) NOT NULL auto_increment,
  `podetailitem` int(11) NOT NULL default '0',
  `itemcode` varchar(20) NOT NULL default '',
  `deliverydate` date NOT NULL default '0000-00-00',
  `itemdescription` varchar(100) NOT NULL default '',
  `qtyrecd` double NOT NULL default '0',
  `quantityinv` double NOT NULL default '0',
  `supplierid` varchar(10) NOT NULL default '',
  `stdcostunit` double NOT NULL default '0',
  PRIMARY KEY  (`grnno`),
  KEY `DeliveryDate` (`deliverydate`),
  KEY `ItemCode` (`itemcode`),
  KEY `PODetailItem` (`podetailitem`),
  KEY `SupplierID` (`supplierid`)
) ENGINE=InnoDB DEFAULT CHARSET=latin1 AUTO_INCREMENT=1 ;

-- 
-- Dumping data for table `grns`
-- 


-- --------------------------------------------------------

-- 
-- Table structure for table `groups`
-- 

CREATE TABLE `groups` (
  `name` varchar(100) NOT NULL default '',
  `description` longtext,
  PRIMARY KEY  (`name`)
) ENGINE=InnoDB DEFAULT CHARSET=latin1;

-- 
-- Dumping data for table `groups`
-- 

INSERT INTO `groups` VALUES ('', NULL);

-- --------------------------------------------------------

-- 
-- Table structure for table `headers`
-- 

CREATE TABLE `headers` (
  `fileid` int(3) NOT NULL auto_increment,
  `headernames` varchar(30) NOT NULL default '',
  PRIMARY KEY  (`fileid`)
) ENGINE=MyISAM DEFAULT CHARSET=latin1 AUTO_INCREMENT=1 ;

-- 
-- Dumping data for table `headers`
-- 


-- --------------------------------------------------------

-- 
-- Table structure for table `holdreasons`
-- 

CREATE TABLE `holdreasons` (
  `reasoncode` smallint(6) NOT NULL default '1',
  `reasondescription` char(30) NOT NULL default '',
  `dissallowinvoices` tinyint(4) NOT NULL default '-1',
  PRIMARY KEY  (`reasoncode`),
  KEY `ReasonCode` (`reasoncode`),
  KEY `ReasonDescription` (`reasondescription`)
) ENGINE=InnoDB DEFAULT CHARSET=latin1;

-- 
-- Dumping data for table `holdreasons`
-- 

INSERT INTO `holdreasons` VALUES (1, 'Good History', 0);
INSERT INTO `holdreasons` VALUES (20, 'Watch', 0);
INSERT INTO `holdreasons` VALUES (51, 'In liquidation', 1);

-- --------------------------------------------------------

-- 
-- Table structure for table `import_maps`
-- 

CREATE TABLE `import_maps` (
  `id` int(19) NOT NULL auto_increment,
  `name` varchar(36) NOT NULL default '',
  `module` varchar(36) NOT NULL default '',
  `content` longblob,
  `has_header` int(1) NOT NULL default '1',
  `deleted` int(1) NOT NULL default '0',
  `date_entered` timestamp NOT NULL default CURRENT_TIMESTAMP on update CURRENT_TIMESTAMP,
  `date_modified` timestamp NOT NULL default '0000-00-00 00:00:00',
  `assigned_user_id` varchar(36) default NULL,
  `is_published` char(3) NOT NULL default 'no',
  PRIMARY KEY  (`id`),
  KEY `idx_import_maps` (`assigned_user_id`,`module`,`name`,`deleted`)
) ENGINE=MyISAM DEFAULT CHARSET=latin1 AUTO_INCREMENT=234 ;

-- 
-- Dumping data for table `import_maps`
-- 

INSERT INTO `import_maps` VALUES (233, 'Maximizer_contacts', 'Leads', 0x313d636f6d70616e7926323d66697273746e616d6526333d6c6173746e616d6526343d6c616e6526353d737461746526363d636f646526373d636f756e74727926383d70686f6e6526393d6661782631303d6d6f62696c652631313d656d61696c2631343d776562736974652631353d696e6475737472792631363d6465736372697074696f6e2631393d61737369676e65645f757365725f6964, 0, 0, '2006-10-31 10:16:10', '2006-10-31 10:16:10', '1', 'no');

-- --------------------------------------------------------

-- 
-- Table structure for table `industry`
-- 

CREATE TABLE `industry` (
  `industryid` int(19) NOT NULL auto_increment,
  `industry` varchar(200) NOT NULL default '',
  `sortorderid` int(19) NOT NULL default '0',
  `presence` int(1) NOT NULL default '1',
  PRIMARY KEY  (`industryid`),
  UNIQUE KEY `Industry_UK0` (`industry`)
) ENGINE=InnoDB DEFAULT CHARSET=latin1 AUTO_INCREMENT=59 ;

-- 
-- Dumping data for table `industry`
-- 

INSERT INTO `industry` VALUES (51, '--None--', 0, 1);
INSERT INTO `industry` VALUES (52, 'Certifier', 1, 1);
INSERT INTO `industry` VALUES (53, 'Government', 2, 1);
INSERT INTO `industry` VALUES (54, 'Hardware', 3, 1);
INSERT INTO `industry` VALUES (55, 'Shipping', 4, 1);
INSERT INTO `industry` VALUES (56, 'Supplier', 5, 1);
INSERT INTO `industry` VALUES (57, 'Technology', 6, 1);
INSERT INTO `industry` VALUES (58, 'Other', 7, 1);

-- --------------------------------------------------------

-- 
-- Table structure for table `internal_banner`
-- 

CREATE TABLE `internal_banner` (
  `bid` int(11) NOT NULL auto_increment,
  `cid` int(11) NOT NULL default '0',
  `type` varchar(90) NOT NULL default 'banner',
  `name` text NOT NULL,
  `imptotal` int(11) NOT NULL default '0',
  `impmade` int(11) NOT NULL default '0',
  `clicks` int(11) NOT NULL default '0',
  `imageurl` varchar(100) NOT NULL default '',
  `clickurl` varchar(200) NOT NULL default '',
  `date` datetime default NULL,
  `showBanner` tinyint(1) NOT NULL default '0',
  `checked_out` tinyint(1) NOT NULL default '0',
  `checked_out_time` datetime NOT NULL default '0000-00-00 00:00:00',
  `editor` varchar(150) default NULL,
  `custombannercode` text,
  `catid` int(10) unsigned NOT NULL default '0',
  `description` text NOT NULL,
  `sticky` tinyint(1) unsigned NOT NULL default '0',
  `ordering` int(11) NOT NULL default '0',
  `publish_up` datetime NOT NULL default '0000-00-00 00:00:00',
  `publish_down` datetime NOT NULL default '0000-00-00 00:00:00',
  `tags` text NOT NULL,
  `params` text NOT NULL,
  PRIMARY KEY  (`bid`),
  KEY `viewbanner` (`showBanner`),
  KEY `idx_banner_catid` (`catid`)
) ENGINE=MyISAM DEFAULT CHARSET=utf8 AUTO_INCREMENT=6 ;

-- 
-- Dumping data for table `internal_banner`
-- 

INSERT INTO `internal_banner` VALUES (1, 1, 'banner', 'OSM 1', 0, 43, 0, 'osmbanner1.png', 'http://www.opensourcematters.org', '2004-07-07 15:31:29', 1, 0, '0000-00-00 00:00:00', '', '', 13, '', 0, 1, '0000-00-00 00:00:00', '0000-00-00 00:00:00', '', '');
INSERT INTO `internal_banner` VALUES (2, 1, 'banner', 'OSM 2', 0, 49, 0, 'osmbanner2.png', 'http://www.opensourcematters.org', '2004-07-07 15:31:29', 1, 0, '0000-00-00 00:00:00', '', '', 13, '', 0, 2, '0000-00-00 00:00:00', '0000-00-00 00:00:00', '', '');
INSERT INTO `internal_banner` VALUES (3, 1, '', 'Joomla!', 0, 11, 0, '', 'http://www.joomla.org', '2006-05-29 14:21:28', 1, 0, '0000-00-00 00:00:00', '', '<a href="{CLICKURL}" target="_blank">{NAME}</a>\r\n<br/>\r\nJoomla! The most popular and widely used Open Source CMS Project in the world.', 14, '', 0, 1, '0000-00-00 00:00:00', '0000-00-00 00:00:00', '', '');
INSERT INTO `internal_banner` VALUES (4, 1, '', 'Joomla! Forge', 0, 11, 0, '', 'http://forge.joomla.org', '2006-05-29 14:19:26', 1, 0, '0000-00-00 00:00:00', '', '<a href="{CLICKURL}" target="_blank">{NAME}</a>\r\n<br/>\r\nJoomla! Forge, development and distribution made easy.', 14, '', 0, 2, '0000-00-00 00:00:00', '0000-00-00 00:00:00', '', '');
INSERT INTO `internal_banner` VALUES (5, 1, '', 'Joomla! Extensions', 0, 6, 0, '', 'http://extensions.joomla.org', '2006-05-29 14:23:21', 1, 0, '0000-00-00 00:00:00', '', '<a href="{CLICKURL}" target="_blank">{NAME}</a>\r\n<br/>\r\nJoomla! components, modules, plugins and languages by the bucket load.', 14, '', 0, 3, '0000-00-00 00:00:00', '0000-00-00 00:00:00', '', '');

-- --------------------------------------------------------

-- 
-- Table structure for table `internal_bannerclient`
-- 

CREATE TABLE `internal_bannerclient` (
  `cid` int(11) NOT NULL auto_increment,
  `name` text NOT NULL,
  `contact` text NOT NULL,
  `email` varchar(255) NOT NULL default '',
  `extrainfo` text NOT NULL,
  `checked_out` tinyint(1) NOT NULL default '0',
  `checked_out_time` time default NULL,
  `editor` varchar(150) default NULL,
  PRIMARY KEY  (`cid`)
) ENGINE=MyISAM DEFAULT CHARSET=utf8 AUTO_INCREMENT=2 ;

-- 
-- Dumping data for table `internal_bannerclient`
-- 

INSERT INTO `internal_bannerclient` VALUES (1, 'Open Source Matters', 'Administrator', 'admin@opensourcematters.org', '', 0, '00:00:00', NULL);

-- --------------------------------------------------------

-- 
-- Table structure for table `internal_bannertrack`
-- 

CREATE TABLE `internal_bannertrack` (
  `track_date` date NOT NULL default '0000-00-00',
  `track_type` int(10) unsigned NOT NULL default '0',
  `banner_id` int(10) unsigned NOT NULL default '0'
) ENGINE=MyISAM DEFAULT CHARSET=utf8;

-- 
-- Dumping data for table `internal_bannertrack`
-- 


-- --------------------------------------------------------

-- 
-- Table structure for table `internal_categories`
-- 

CREATE TABLE `internal_categories` (
  `id` int(11) NOT NULL auto_increment,
  `parent_id` int(11) NOT NULL default '0',
  `title` text NOT NULL,
  `name` text NOT NULL,
  `image` varchar(255) NOT NULL default '',
  `section` varchar(150) NOT NULL default '',
  `image_position` varchar(90) NOT NULL default '',
  `description` text NOT NULL,
  `published` tinyint(1) NOT NULL default '0',
  `checked_out` int(11) unsigned NOT NULL default '0',
  `checked_out_time` datetime NOT NULL default '0000-00-00 00:00:00',
  `editor` varchar(150) default NULL,
  `ordering` int(11) NOT NULL default '0',
  `access` tinyint(3) unsigned NOT NULL default '0',
  `count` int(11) NOT NULL default '0',
  `params` text NOT NULL,
  PRIMARY KEY  (`id`),
  KEY `cat_idx` (`section`,`published`,`access`),
  KEY `idx_section` (`section`),
  KEY `idx_access` (`access`),
  KEY `idx_checkout` (`checked_out`)
) ENGINE=MyISAM DEFAULT CHARSET=utf8 AUTO_INCREMENT=1 ;

-- 
-- Dumping data for table `internal_categories`
-- 


-- --------------------------------------------------------

-- 
-- Table structure for table `internal_components`
-- 

CREATE TABLE `internal_components` (
  `id` int(11) NOT NULL auto_increment,
  `name` varchar(150) NOT NULL default '',
  `link` varchar(255) NOT NULL default '',
  `menuid` int(11) unsigned NOT NULL default '0',
  `parent` int(11) unsigned NOT NULL default '0',
  `admin_menu_link` varchar(255) NOT NULL default '',
  `admin_menu_alt` text NOT NULL,
  `option` varchar(50) NOT NULL default '',
  `ordering` int(11) NOT NULL default '0',
  `admin_menu_img` varchar(255) NOT NULL default '',
  `iscore` tinyint(4) NOT NULL default '0',
  `params` text NOT NULL,
  `enabled` tinyint(4) NOT NULL default '1',
  PRIMARY KEY  (`id`)
) ENGINE=MyISAM DEFAULT CHARSET=utf8 AUTO_INCREMENT=35 ;

-- 
-- Dumping data for table `internal_components`
-- 

INSERT INTO `internal_components` VALUES (1, 'Banners', '', 0, 0, '', 'Banner Management', 'com_banners', 0, 'js/ThemeOffice/component.png', 0, '', 1);
INSERT INTO `internal_components` VALUES (2, 'Banners', '', 0, 1, 'option=com_banners', 'Active Banners', 'com_banners', 1, 'js/ThemeOffice/edit.png', 0, '', 1);
INSERT INTO `internal_components` VALUES (3, 'Clients', '', 0, 1, 'option=com_banners&c=client', 'Manage Clients', 'com_banners', 2, 'js/ThemeOffice/categories.png', 0, '', 1);
INSERT INTO `internal_components` VALUES (4, 'Web Links', 'option=com_weblinks', 0, 0, '', 'Manage Weblinks', 'com_weblinks', 0, 'js/ThemeOffice/component.png', 0, '', 1);
INSERT INTO `internal_components` VALUES (5, 'Links', '', 0, 4, 'option=com_weblinks', 'View existing weblinks', 'com_weblinks', 1, 'js/ThemeOffice/edit.png', 0, '', 1);
INSERT INTO `internal_components` VALUES (6, 'Categories', '', 0, 4, 'option=com_categories&section=com_weblinks', 'Manage weblink categories', '', 2, 'js/ThemeOffice/categories.png', 0, '', 1);
INSERT INTO `internal_components` VALUES (7, 'Contacts', 'option=com_contact', 0, 0, '', 'Edit contact details', 'com_contact', 0, 'js/ThemeOffice/component.png', 1, '', 1);
INSERT INTO `internal_components` VALUES (8, 'Contacts', '', 0, 7, 'option=com_contact', 'Edit contact details', 'com_contact', 0, 'js/ThemeOffice/edit.png', 1, '', 1);
INSERT INTO `internal_components` VALUES (9, 'Categories', '', 0, 7, 'option=com_categories&section=com_contact_details', 'Manage contact categories', '', 2, 'js/ThemeOffice/categories.png', 1, '', 1);
INSERT INTO `internal_components` VALUES (10, 'Polls', 'option=com_poll', 0, 0, 'option=com_poll', 'Manage Polls', 'com_poll', 0, 'js/ThemeOffice/component.png', 0, '', 1);
INSERT INTO `internal_components` VALUES (11, 'News Feeds', 'option=com_newsfeeds', 0, 0, '', 'News Feeds Management', 'com_newsfeeds', 0, 'js/ThemeOffice/component.png', 0, '', 1);
INSERT INTO `internal_components` VALUES (12, 'Feeds', '', 0, 11, 'option=com_newsfeeds', 'Manage News Feeds', 'com_newsfeeds', 1, 'js/ThemeOffice/edit.png', 0, '', 1);
INSERT INTO `internal_components` VALUES (13, 'Categories', '', 0, 11, 'option=com_categories&section=com_newsfeeds', 'Manage Categories', '', 2, 'js/ThemeOffice/categories.png', 0, '', 1);
INSERT INTO `internal_components` VALUES (14, 'User', 'option=com_user', 0, 0, '', '', 'com_user', 0, '', 1, '', 1);
INSERT INTO `internal_components` VALUES (15, 'Search', 'option=com_search', 0, 0, 'option=com_search', 'Search Statistics', 'com_search', 0, 'js/ThemeOffice/component.png', 1, '', 1);
INSERT INTO `internal_components` VALUES (16, 'Categories', '', 0, 1, 'option=com_categories&section=com_banner', 'Categories', '', 3, '', 1, '', 1);
INSERT INTO `internal_components` VALUES (17, 'Wrapper', 'option=com_wrapper', 0, 0, '', 'Wrapper', 'com_wrapper', 0, '', 1, '', 1);
INSERT INTO `internal_components` VALUES (18, 'Mail To', '', 0, 0, '', '', 'com_mailto', 0, '', 1, '', 1);
INSERT INTO `internal_components` VALUES (19, 'Media Manager', '', 0, 0, 'option=com_media', 'Media Manager', 'com_media', 0, '', 1, 'upload_extensions=bmp,csv,doc,epg,gif,ico,jpg,odg,odp,ods,odt,pdf,png,ppt,swf,txt,xcf,xls,BMP,CSV,DOC,EPG,GIF,ICO,JPG,ODG,ODP,ODS,ODT,PDF,PNG,PPT,SWF,TXT,XCF,XLS\nupload_maxsize=10000000\n\n', 1);
INSERT INTO `internal_components` VALUES (20, 'Articles', 'option=com_content', 0, 0, '', '', 'com_content', 0, '', 1, 'shownoauth=0\nlink_titles=0\nreadmore=1\nvote=0\nshowAuthor=1\nshowCreateDate=1\nshowModifyDate=1\nshowItemNavigation=0\nicons=1\nshowPdf=1\nshowPrint=1\nshowEmail=1\nhits=1\n\n', 1);
INSERT INTO `internal_components` VALUES (21, 'Configuration Manager', '', 0, 0, '', 'Configuration', 'com_config', 0, '', 1, '', 1);
INSERT INTO `internal_components` VALUES (22, 'Installation Manager', '', 0, 0, '', 'Installer', 'com_installer', 0, '', 1, '', 1);
INSERT INTO `internal_components` VALUES (23, 'Language Manager', '', 0, 0, '', 'Languages', 'com_languages', 0, '', 1, '', 1);
INSERT INTO `internal_components` VALUES (24, 'Mass mail', '', 0, 0, '', 'Mass Mail', 'com_massmail', 0, '', 1, '', 1);
INSERT INTO `internal_components` VALUES (25, 'Menu Editor', '', 0, 0, '', 'Menu Editor', 'com_menus', 0, '', 1, '', 1);
INSERT INTO `internal_components` VALUES (26, 'Menu Manager', '', 0, 0, '', 'Menu Manager', 'com_menumanager', 0, '', 1, '', 1);
INSERT INTO `internal_components` VALUES (27, 'Messaging', '', 0, 0, '', 'Messages', 'com_messages', 0, '', 1, '', 1);
INSERT INTO `internal_components` VALUES (28, 'Modules Manager', '', 0, 0, '', 'Modules', 'com_modules', 0, '', 1, '', 1);
INSERT INTO `internal_components` VALUES (29, 'Plugin Manager', '', 0, 0, '', 'Plugins', 'com_plugins', 0, '', 1, '', 1);
INSERT INTO `internal_components` VALUES (31, 'Template Manager', '', 0, 0, '', 'Templates', 'com_templates', 0, '', 1, '', 1);
INSERT INTO `internal_components` VALUES (32, 'User Manager', '', 0, 0, '', 'Users', 'com_users', 0, '', 1, 'allowUserRegistration=1\nnew_usertype=Registered\nuseractivation=1\nfrontend_userparams=1\n\n', 1);
INSERT INTO `internal_components` VALUES (33, 'Cache Manager', '', 0, 0, '', 'Cache', 'com_cache', 0, '', 1, '', 1);
INSERT INTO `internal_components` VALUES (34, 'Control Panel', '', 0, 0, '', 'Control Panel', 'com_cpanel', 0, '', 1, '', 1);

-- --------------------------------------------------------

-- 
-- Table structure for table `internal_contact_details`
-- 

CREATE TABLE `internal_contact_details` (
  `id` int(11) NOT NULL auto_increment,
  `name` text NOT NULL,
  `con_position` text,
  `address` text,
  `suburb` text,
  `state` text,
  `country` text,
  `postcode` varchar(255) default NULL,
  `telephone` varchar(255) default NULL,
  `fax` varchar(255) default NULL,
  `misc` mediumtext,
  `image` varchar(255) default NULL,
  `imagepos` varchar(60) default NULL,
  `email_to` varchar(255) default NULL,
  `default_con` tinyint(1) unsigned NOT NULL default '0',
  `published` tinyint(1) unsigned NOT NULL default '0',
  `checked_out` int(11) unsigned NOT NULL default '0',
  `checked_out_time` datetime NOT NULL default '0000-00-00 00:00:00',
  `ordering` int(11) NOT NULL default '0',
  `params` text NOT NULL,
  `user_id` int(11) NOT NULL default '0',
  `catid` int(11) NOT NULL default '0',
  `access` tinyint(3) unsigned NOT NULL default '0',
  `mobile` varchar(255) NOT NULL default '',
  `webpage` varchar(255) NOT NULL default '',
  PRIMARY KEY  (`id`)
) ENGINE=MyISAM DEFAULT CHARSET=utf8 AUTO_INCREMENT=2 ;

-- 
-- Dumping data for table `internal_contact_details`
-- 

INSERT INTO `internal_contact_details` VALUES (1, 'Name', 'Position', 'Street', 'Suburb', 'State', 'Country', 'Zip Code', 'Telephone', 'Fax', 'Miscellanous info', 'powered_by.png', 'top', 'email@email.com', 1, 1, 0, '0000-00-00 00:00:00', 1, 'menu_image=-1\r\npageclass_sfx=\r\nprint=\r\nname=1\r\nposition=1\r\nemail=0\r\nstreet_address=1\r\nsuburb=1\r\nstate=1\r\ncountry=1\r\npostcode=1\r\ntelephone=1\r\nfax=1\r\nmisc=1\r\nimage=1\r\nvcard=0\r\nemail_description=1\r\nemail_description_text=\r\nemail_form=1\r\nemail_copy=1\r\ndrop_down=0\r\ncontact_icons=0\r\nicon_address=\r\nicon_email=\r\nicon_telephone=\r\nicon_fax=\r\nicon_misc=', 0, 12, 0, '', '');

-- --------------------------------------------------------

-- 
-- Table structure for table `internal_content`
-- 

CREATE TABLE `internal_content` (
  `id` int(11) unsigned NOT NULL auto_increment,
  `title` text NOT NULL,
  `title_alias` text NOT NULL,
  `introtext` mediumtext NOT NULL,
  `fulltext` mediumtext NOT NULL,
  `state` tinyint(3) NOT NULL default '0',
  `sectionid` int(11) unsigned NOT NULL default '0',
  `mask` int(11) unsigned NOT NULL default '0',
  `catid` int(11) unsigned NOT NULL default '0',
  `created` datetime NOT NULL default '0000-00-00 00:00:00',
  `created_by` int(11) unsigned NOT NULL default '0',
  `created_by_alias` text NOT NULL,
  `modified` datetime NOT NULL default '0000-00-00 00:00:00',
  `modified_by` int(11) unsigned NOT NULL default '0',
  `checked_out` int(11) unsigned NOT NULL default '0',
  `checked_out_time` datetime NOT NULL default '0000-00-00 00:00:00',
  `publish_up` datetime NOT NULL default '0000-00-00 00:00:00',
  `publish_down` datetime NOT NULL default '0000-00-00 00:00:00',
  `images` text NOT NULL,
  `urls` text NOT NULL,
  `attribs` text NOT NULL,
  `version` int(11) unsigned NOT NULL default '1',
  `parentid` int(11) unsigned NOT NULL default '0',
  `ordering` int(11) NOT NULL default '0',
  `metakey` text NOT NULL,
  `metadesc` text NOT NULL,
  `access` int(11) unsigned NOT NULL default '0',
  `hits` int(11) unsigned NOT NULL default '0',
  `metadata` text NOT NULL,
  PRIMARY KEY  (`id`),
  KEY `idx_section` (`sectionid`),
  KEY `idx_access` (`access`),
  KEY `idx_checkout` (`checked_out`),
  KEY `idx_state` (`state`),
  KEY `idx_catid` (`catid`),
  KEY `idx_mask` (`mask`)
) ENGINE=MyISAM DEFAULT CHARSET=utf8 AUTO_INCREMENT=44 ;

-- 
-- Dumping data for table `internal_content`
-- 

INSERT INTO `internal_content` VALUES (1, 'Welcome to the Spartan CMS/CRM/ERP System', 'welcome-to-joomla', '<strong>The Mahsie CMS Solution is a free open source framework and content publishing system designed for quickly creating highly interactive multi-language Web sites, online communities, media portals, blogs and eCommerce applications. <br /></strong><p>Based on the Joomla! CMS, Mahsie''s integrated system provides an easy-to-use graphical user interface that simplifies the management and publishing of large volumes of content including HTML, documents, and rich media.  Joomla! is used by organisations of all sizes for Public Websites, Intranets and Extranets and is supported by a community of thousands of users. </p>', 'With fully documented library of developer resources, the system allows the customisation of every aspect of a Website including presentation, layout, administration and rapid integration with third-party applications.<p>Joomla! has a rich heritage and has been crowned CMS king many times over.  Now with more power under the hood, Mahsie OSS is shifting gear to integrate content management, customer relations and enterprise resource planning within a single, easy-to-use framework.  For those who always wanted increased extensibility, Mahsie OSS can make this happen. </p>', 1, 0, 0, 0, '2006-10-12 12:00:00', 62, '', '2007-03-22 18:05:30', 62, 0, '0000-00-00 00:00:00', '2006-01-02 14:00:00', '0000-00-00 00:00:00', 'powered_by.png|left|Joomla! Logo|1|Example Caption|bottom|center|180', '', 'pageclass_sfx=\nitem_title=1\nlink_titles=\nintrotext=1\nsection=0\nsection_link=0\ncategory=0\ncategory_link=0\nrating=\nshowAuthor=\ncreatedate=\nmodifydate=\npdf=\nprint=\nemail=\nlanguage=\nkeyref=', 19, 0, 1, '', '', 0, 33, 'robots=\nauthor=');
INSERT INTO `internal_content` VALUES (2, 'Newsflash 1', 'newsflash-1', '<p>Joomla! makes it easy to launch a website of any kind. Whether you want a brochure site or you''re building a large online community, Joomla! allows you to deploy a site in minutes and add functionality as you need it. The hundreds of extensions will expand your site and allow you to deliver new services that expand your reach into the Internet.</p>', '', 1, 1, 0, 3, '2004-08-10 08:30:34', 62, '', '2006-10-11 14:28:32', 67, 0, '0000-00-00 00:00:00', '2004-08-09 12:00:00', '0000-00-00 00:00:00', '', '', 'pageclass_sfx=\r\nitem_title=1\r\nlink_titles=\r\nintrotext=1\r\nsection=0\r\nsection_link=0\r\ncategory=0\r\ncategory_link=0\r\nrating=\r\nauthor=\r\ncreatedate=\r\nmodifydate=\r\npdf=\r\nprint=\r\nemail=\r\nlanguage=\r\nkeyref=', 4, 0, 3, '', '', 0, 1, '');
INSERT INTO `internal_content` VALUES (3, 'Newsflash 2', 'newsflash-2', '<p>The one thing about a website, it always changes! Joomla! makes it easy to add article, content, images, videos and more. Site administrators can edit and manage content ''in-context'' by clicking the ''edit'' link. Webmasters can also edit content though a graphical administration panel that give you complete control over your site.</p>', '', 1, 1, 0, 3, '2004-08-10 00:30:34', 62, '', '2006-10-10 14:49:31', 68, 0, '0000-00-00 00:00:00', '2004-08-09 08:00:00', '0000-00-00 00:00:00', '', '', 'pageclass_sfx=\r\nitem_title=1\r\nlink_titles=\r\nintrotext=1\r\nsection=0\r\nsection_link=0\r\ncategory=0\r\ncategory_link=0\r\nrating=\r\nauthor=\r\ncreatedate=\r\nmodifydate=\r\npdf=\r\nprint=\r\nemail=\r\nlanguage=\r\nkeyref=', 3, 0, 4, '', '', 0, 0, '');
INSERT INTO `internal_content` VALUES (4, 'Newsflash 3', 'newsflash-3', '<p>With a library of hundreds of free extensions, you can add what you need as your site grows. Don''t wait, look through the <a href="http://extensions.joomla.org/" target="_blank">Joomla! extensions</a>  library today. </p>', '', 1, 1, 0, 3, '2004-08-10 08:30:34', 62, '', '2006-10-11 14:28:53', 67, 0, '0000-00-00 00:00:00', '2004-08-09 12:00:00', '0000-00-00 00:00:00', '', '', 'pageclass_sfx=\r\nitem_title=1\r\nlink_titles=\r\nintrotext=1\r\nsection=0\r\nsection_link=0\r\ncategory=0\r\ncategory_link=0\r\nrating=\r\nauthor=\r\ncreatedate=\r\nmodifydate=\r\npdf=\r\nprint=\r\nemail=\r\nlanguage=\r\nkeyref=', 4, 0, 5, '', '', 0, 1, '');
INSERT INTO `internal_content` VALUES (5, 'Joomla! License Guidelines', 'joomla-license-guidelines', '<p>This website is powered by <a href="http://www.joomla.org/">Joomla!</a>  The software and default templates on which it runs are Copyright 2005-2006 <a href="http://www.opensourcematters.org/">Open Source Matters</a>.  All other content and data, including data entered into this website and templates added after installation, are copyrighted by their respective copyright owners.</p><p>If you want to distribute, copy or modify Joomla!, you are welcome to do so under the terms of the <a href="http://www.gnu.org/copyleft/gpl.html#SEC1">GNU General Public License</a>.  If you are unfamiliar with this license, you might want to read <a href="http://www.gnu.org/copyleft/gpl.html#SEC4">''How To Apply These Terms To Your Program''</a> and the <a href="http://www.gnu.org/licenses/gpl-faq.html">''GNU General Public License FAQ''</a>.</p>', '', 1, 4, 0, 25, '2004-08-20 12:11:07', 62, '', '2006-10-10 12:22:38', 68, 0, '0000-00-00 00:00:00', '2004-08-19 08:00:00', '0000-00-00 00:00:00', '', '', 'pageclass_sfx=\nitem_title=1\nlink_titles=\nintrotext=1\nsection=0\nsection_link=0\ncategory=0\ncategory_link=0\nrating=\nauthor=\ncreatedate=\nmodifydate=\npdf=\nprint=\nemail=\nlanguage=\nkeyref=', 3, 0, 2, '', '', 0, 44, '');
INSERT INTO `internal_content` VALUES (6, 'Example News Item 1', 'example-news-item-1', '{image}Lorem ipsum dolor sit amet, consetetur sadipscing elitr, sed diam nonumy eirmod tempor invidunt ut labore et dolore magna aliquyam erat,\r\nsed diam voluptua. At vero eos et accusam et justo duo dolores et ea rebum. Stet clita kasd gubergren, no sea takimata sanctus est Lorem ipsum dolor sit\r\namet. Lorem ipsum dolor sit amet, consetetur sadipscing elitr, sed diam nonumy eirmod tempor invidunt ut labore et dolore magna aliquyam erat, sed diam\r\nvoluptua. At vero eos et accusam et justo duo dolores et ea rebum.', '<p>{image}Duis autem vel eum iriure dolor in hendrerit in vulputate\r\nvelit esse molestie consequat, vel illum dolore eu feugiat nulla facilisis at\r\nvero eros et accumsan et iusto odio dignissim qui blandit praesent luptatum\r\nzzril delenit augue duis dolore te feugait nulla facilisi. Lorem ipsum dolor\r\nsit amet, consectetuer adipiscing elit, sed diam nonummy nibh euismod tincidunt\r\nut laoreet dolore magna aliquam erat volutpat.</p>\r\n\r\n<p>Ut wisi enim ad minim veniam, quis nostrud exerci tation\r\nullamcorper suscipit lobortis nisl ut aliquip ex ea commodo consequat. Duis\r\nautem vel eum iriure dolor in hendrerit in vulputate velit esse molestie\r\nconsequat, vel illum dolore eu feugiat nulla facilisis at vero eros et accumsan\r\net iusto odio dignissim qui blandit praesent luptatum zzril delenit augue duis\r\ndolore te feugait nulla facilisi.</p>\r\n\r\n<p>Nam liber tempor cum soluta nobis eleifend option congue\r\nnihil imperdiet doming id quod mazim placerat facer possim assum. Lorem ipsum\r\ndolor sit amet, consectetuer adipiscing elit, sed diam nonummy nibh euismod\r\ntincidunt ut laoreet dolore magna aliquam erat volutpat. Ut wisi enim ad minim\r\nveniam, quis nostrud exerci tation ullamcorper suscipit lobortis nisl ut\r\naliquip ex ea commodo consequat.</p>\r\n\r\n<p>Duis autem vel eum iriure dolor in hendrerit in vulputate\r\nvelit esse molestie consequat, vel illum dolore eu feugiat nulla facilisis. At\r\nvero eos et accusam et justo duo dolores et ea rebum. Stet clita kasd\r\ngubergren, no sea takimata sanctus est Lorem ipsum dolor sit amet. Lorem ipsum\r\ndolor sit amet, consetetur sadipscing elitr, sed diam nonumy eirmod tempor\r\ninvidunt ut labore et dolore magna aliquyam erat, sed diam voluptua. At vero\r\neos et accusam et justo duo dolores et ea rebum. Stet clita kasd gubergren, no\r\nsea takimata sanctus est Lorem ipsum dolor sit amet. Lorem ipsum dolor sit\r\namet, consetetur sadipscing elitr, At accusam aliquyam diam diam dolore dolores\r\nduo eirmod eos erat, et nonumy sed tempor et et invidunt justo labore Stet\r\nclita ea et gubergren, kasd magna no rebum. sanctus sea sed takimata ut vero\r\nvoluptua. est Lorem ipsum dolor sit amet. Lorem ipsum dolor sit amet,\r\nconsetetur sadipscing elitr, sed diam nonumy eirmod tempor invidunt ut labore\r\net dolore magna aliquyam erat.</p>\r\n\r\n<p>Consetetur sadipscing elitr, sed diam nonumy eirmod tempor\r\ninvidunt ut labore et dolore magna aliquyam erat, sed diam voluptua. At vero\r\neos et accusam et justo duo dolores et ea rebum. Stet clita kasd gubergren, no\r\nsea takimata sanctus est Lorem ipsum dolor sit amet. Lorem ipsum dolor sit\r\namet, consetetur sadipscing elitr, sed diam nonumy eirmod tempor invidunt ut\r\nlabore et dolore magna aliquyam erat, sed diam voluptua. At vero eos et accusam\r\net justo duo dolores et ea rebum. Stet clita kasd gubergren, no sea takimata\r\nsanctus est Lorem ipsum dolor sit amet. Lorem ipsum dolor sit amet, consetetur\r\nsadipscing elitr, sed diam nonumy eirmod tempor invidunt ut labore et dolore\r\nmagna aliquyam erat, sed diam voluptua. At vero eos et accusam et justo duo\r\ndolores et ea rebum. Stet clita kasd gubergren, no sea takimata sanctus est\r\nLorem ipsum dolor sit amet.</p>', 1, 1, 0, 1, '2004-07-07 11:54:06', 62, '', '2004-07-07 18:05:05', 62, 0, '0000-00-00 00:00:00', '2004-07-07 00:00:00', '0000-00-00 00:00:00', 'food/coffee.jpg|left||0\r\nfood/bread.jpg|right||0', '', '', 1, 0, 2, '', '', 0, 9, '');
INSERT INTO `internal_content` VALUES (7, 'Example News Item 2', 'example-news-item-2', '<p>{image}Lorem ipsum dolor sit amet, consetetur sadipscing elitr, sed diam nonumy eirmod tempor invidunt ut labore et dolore magna aliquyam erat, sed diam voluptua. At vero eos et accusam et justo duo dolores et ea rebum. Stet clita kasd gubergren, no sea takimata sanctus est Lorem ipsum dolor sit amet. Lorem ipsum dolor sit amet, consetetur sadipscing elitr, sed diam nonumy eirmod tempor invidunt ut labore et dolore magna aliquyam erat, sed diam voluptua.</p>', '\n\n<p>At vero eos et accusam et justo duo dolores et ea rebum. Stet clita kasd gubergren, no sea takimata sanctus est Lorem ipsum dolor sit amet. Lorem ipsum dolor sit amet, consetetur sadipscing elitr, sed diam nonumy eirmod tempor invidunt ut labore et dolore magna aliquyam erat, sed diam voluptua. At vero eos et accusam et justo duo dolores et ea rebum. Stet clita kasd gubergren, no sea takimata sanctus est Lorem ipsum dolor sit amet.</p>', 1, 1, 0, 1, '2004-07-07 12:00:00', 1, '', '2006-12-10 22:39:08', 1, 0, '0000-00-00 00:00:00', '2004-07-07 12:00:00', '0000-00-00 00:00:00', 'food/bun.jpg|right||0', '', 'pageclass_sfx=\nitem_title=1\nlink_titles=\nintrotext=1\nsection=0\nsection_link=0\ncategory=0\ncategory_link=0\nrating=\nauthor=\ncreatedate=\nmodifydate=\npdf=\nprint=\nemail=\nlanguage=\nkeyref=', 3, 0, 3, '', '', 0, 3, '');
INSERT INTO `internal_content` VALUES (8, 'Example News Item 3', 'example-news-item-3', '<p>{image}Lorem ipsum dolor sit amet, consetetur sadipscing elitr, sed diam nonumy eirmod tempor invidunt ut labore et dolore magna aliquyam erat,\r\nsed diam voluptua. At vero eos et accusam et justo duo dolores et ea rebum. Stet clita kasd gubergren, no sea takimata sanctus est Lorem ipsum dolor sit\r\namet. Lorem ipsum dolor sit amet, consetetur sadipscing elitr, sed diam nonumy eirmod tempor invidunt ut labore et dolore magna aliquyam erat, sed diam\r\nvoluptua. At vero eos et accusam et justo duo dolores et ea rebum. Stet clita kasd gubergren, no sea takimata sanctus est Lorem ipsum dolor sit amet. Lorem\r\nipsum dolor sit amet, consetetur sadipscing elitr, sed diam nonumy eirmod tempor invidunt ut labore et dolore magna aliquyam erat, sed diam voluptua. At\r\nvero eos et accusam et justo duo dolores et ea rebum. Stet clita kasd gubergren, no sea takimata sanctus est Lorem ipsum dolor sit amet.</p>', '', 1, 1, 0, 1, '2004-04-12 11:54:06', 62, '', '2004-07-07 18:08:23', 62, 0, '0000-00-00 00:00:00', '2004-07-07 00:00:00', '0000-00-00 00:00:00', 'fruit/pears.jpg|right||0', '', '', 1, 0, 4, '', '', 0, 2, '');
INSERT INTO `internal_content` VALUES (9, 'Example News Item 4', 'example-news-item-4', '<p>Lorem ipsum dolor sit amet, consetetur sadipscing elitr, sed diam nonumy eirmod tempor invidunt ut labore et dolore magna aliquyam erat,\r\nsed diam voluptua. Lorem ipsum dolor sit amet, consetetur sadipscing elitr, sed diam nonumy eirmod tempor invidunt ut labore et dolore magna aliquyam erat, sed diam\r\nvoluptua. At\r\nvero eos et accusam et justo duo dolores et ea rebum. Stet clita kasd gubergren, no sea takimata sanctus est Lorem ipsum dolor sit amet.</p>', '<p>{image}Duis autem vel eum iriure dolor in hendrerit in vulputate\r\nvelit esse molestie consequat, vel illum dolore eu feugiat nulla facilisis at\r\nvero eros et accumsan et iusto odio dignissim qui blandit praesent luptatum\r\nzzril delenit augue duis dolore te feugait nulla facilisi. Lorem ipsum dolor\r\nsit amet, consectetuer adipiscing elit, sed diam nonummy nibh euismod tincidunt\r\nut laoreet dolore magna aliquam erat volutpat.</p>\r\n\r\n<hr class="system-pagebreak" /><p>{image}Ut wisi enim ad minim veniam, quis nostrud exerci tation\r\nullamcorper suscipit lobortis nisl ut aliquip ex ea commodo consequat. Duis\r\nautem vel eum iriure dolor in hendrerit in vulputate velit esse molestie\r\nconsequat, vel illum dolore eu feugiat nulla facilisis at vero eros et accumsan\r\net iusto odio dignissim qui blandit praesent luptatum zzril delenit augue duis\r\ndolore te feugait nulla facilisi.</p>\r\n\r\n<p>{image}Nam liber tempor cum soluta nobis eleifend option congue\r\nnihil imperdiet doming id quod mazim placerat facer possim assum. Lorem ipsum\r\ndolor sit amet, consectetuer adipiscing elit, sed diam nonummy nibh euismod\r\ntincidunt ut laoreet dolore magna aliquam erat volutpat. Ut wisi enim ad minim\r\nveniam, quis nostrud exerci tation ullamcorper suscipit lobortis nisl ut\r\naliquip ex ea commodo consequat.</p>\r\n\r\n<p>Duis autem vel eum iriure dolor in hendrerit in vulputate\r\nvelit esse molestie consequat, vel illum dolore eu feugiat nulla facilisis. At\r\nvero eos et accusam et justo duo dolores et ea rebum. Stet clita kasd\r\ngubergren, no sea takimata sanctus est Lorem ipsum dolor sit amet. Lorem ipsum\r\ndolor sit amet, consetetur sadipscing elitr, sed diam nonumy eirmod tempor\r\ninvidunt ut labore et dolore magna aliquyam erat, sed diam voluptua. At vero\r\neos et accusam et justo duo dolores et ea rebum. Stet clita kasd gubergren, no\r\nsea takimata sanctus est Lorem ipsum dolor sit amet. Lorem ipsum dolor sit\r\namet, consetetur sadipscing elitr, At accusam aliquyam diam diam dolore dolores\r\nduo eirmod eos erat, et nonumy sed tempor et et invidunt justo labore Stet\r\nclita ea et gubergren, kasd magna no rebum. sanctus sea sed takimata ut vero\r\nvoluptua. est Lorem ipsum dolor sit amet. Lorem ipsum dolor sit amet,\r\nconsetetur sadipscing elitr, sed diam nonumy eirmod tempor invidunt ut labore\r\net dolore magna aliquyam erat.</p>\r\n\r\n<hr class="system-pagebreak" /><p>Consetetur sadipscing elitr, sed diam nonumy eirmod tempor\r\ninvidunt ut labore et dolore magna aliquyam erat, sed diam voluptua. At vero\r\neos et accusam et justo duo dolores et ea rebum. Stet clita kasd gubergren, no\r\nsea takimata sanctus est Lorem ipsum dolor sit amet. Lorem ipsum dolor sit\r\namet, consetetur sadipscing elitr, sed diam nonumy eirmod tempor invidunt ut\r\nlabore et dolore magna aliquyam erat, sed diam voluptua. At vero eos et accusam\r\net justo duo dolores et ea rebum. Stet clita kasd gubergren, no sea takimata\r\nsanctus est Lorem ipsum dolor sit amet. Lorem ipsum dolor sit amet, consetetur\r\nsadipscing elitr, sed diam nonumy eirmod tempor invidunt ut labore et dolore\r\nmagna aliquyam erat, sed diam voluptua. At vero eos et accusam et justo duo\r\ndolores et ea rebum. Stet clita kasd gubergren, no sea takimata sanctus est\r\nLorem ipsum dolor sit amet.</p>', 1, 1, 0, 1, '2004-07-07 11:54:06', 62, '', '2004-07-07 18:10:23', 62, 0, '0000-00-00 00:00:00', '2004-07-07 00:00:00', '0000-00-00 00:00:00', 'fruit/strawberry.jpg|left||0\r\nfruit/pears.jpg|right||0\r\nfruit/cherry.jpg|left||0', '', '', 1, 0, 5, '', '', 0, 7, '');
INSERT INTO `internal_content` VALUES (10, 'How do I localise Joomla! to my language?', 'how-do-i-localise-joomla-to-my-language', '<h4>General<br /></h4><p>In Joomla! 1.5 all user interfaces can be localised. This includes the installation, the administrator interface and the front end site.</p><p>The core release of Joomla! 1.5 is shipped with mutliple language choices in the installation but languages for the site and administration interfaces need to be added after installation. (Other than English). Links to such language packs exist below.</p>', '<p>Translation Teams for Joomla! 1.5 may have also released fully localised installation packages where site, administrator and sample data are in the local language. These localised releases can be found in the specific team projects on the Joomla! Forge.</p><h4>How do I install language packs?</h4><ul><li>First download both the admin and the site language packs that you require.</li><li>Install each pack separately using the Extensions-&gt;Install/Uninstall menu selection and then the package file upload facility.</li><li>Go to the Language Manager and be sure to select Site or Admin in the sub-menu. Then select the appropriate language and make it the default one using the toolbar button.</li></ul><h4>How do I select languages?</h4><ul><li>Default language can be individually set for site and for admin</li><li>In addition, users can define their preferred language for each site and admin. This takes affect after logging in<br /></li><li>While logging in to the admin, a language can be selected for the particular session.</li></ul><h4>Where can I find Language Packs and Localised Releases?</h4><p><em>Please note that Joomla! 1.5 is new and language packs for this version may have not been released at this time.</em> </p><ul><li><a href="http://forge.joomla.org/sf/frs/do/viewSummary/projects.joomla_translations/frs" target="_blank" title="Accredited Translations">The Joomla! Accredited Translations Project</a>  - This is a joint repository for language packs that were developed by teams that are members of the Joomla! Translations Working Group.</li><li><a href="http://extensions.joomla.org/component/option,com_mtree/task,listcats/cat_id,1837/Itemid,35/" target="_blank" title="Translations">The Joomla! Extensions Site - Translations</a>  <br /></li><li><a href="http://dev.joomla.org/content/view/42/66/" target="_blank" title="Translation Work Group Teams">List of Translation Teams and Translation Partner Sites for Joomla! 1.5</a> <br /></li></ul><h4>Mutli-lingual sites:</h4><p>Joomla! can be adapted to provide multi-lingual sites by installing the Joom-Fish component. </p><ul><li> <a href="http://extensions.joomla.org/component/option,com_mtree/task,listcats/cat_id,1838/Itemid,35/" target="_blank" title="Joom-Fish">The Joomla! Extenstions Site  - Multi-lingual Content</a></li></ul><br />', 1, 3, 0, 32, '2006-09-30 16:06:37', 62, '', '2006-10-11 14:52:22', 71, 0, '0000-00-00 00:00:00', '2006-09-29 12:00:00', '0000-00-00 00:00:00', '', '', 'pageclass_sfx=\r\nitem_title=1\r\nlink_titles=\r\nintrotext=1\r\nsection=0\r\nsection_link=0\r\ncategory=0\r\ncategory_link=0\r\nrating=\r\nauthor=\r\ncreatedate=\r\nmodifydate=\r\npdf=\r\nprint=\r\nemail=\r\nlanguage=\r\nkeyref=', 6, 0, 5, '', '', 0, 6, '');
INSERT INTO `internal_content` VALUES (11, 'How do I upgrade to Joomla! 1.5 ?', 'how-do-i-upgrade-to-joomla-15', '<p>Joomla 1.5 does not provide an upgrade path from earlier versions. Converting an older site to a Joomla 1.5 site requires creation of a new empty site using Joomla 1.5 and then populating the new site with the content from the old site. This migration of content is not a one-to-one process and involves conversions and modifications to the content dump.</p> <p>There are two ways to perform the migration:</p>', ' <div id="post_content-107"><li>An automated method of migration has been provided which uses a migrator component to create the migration dump out of the old site (Mambo 4.5.x up to Joomla 1.0.x) and a smart import facility in the Joomla 1.5 Installation that performs required conversions and modifications during the installation process.</li> <li>Migration can be performed manually. This involves exporting the required tables, manually performing required conversions and modifications and then importing the content to the new site after it is installed.</li>  <p><!--more--></p> <h4><strong> Automated migration</strong></h4>  <p>This is a two phased process using two tools. The first tool is a migrator component named ''com_migrator''. This component has been contributed by Harald Baer and is based on his ''eBackup'' component. The migrator needs to be installed on the old site and when activated it prepares the required export dump of the old site''s data. The second tool is built into the Joomla 1.5 installation process. The exported content dump is loaded to the new site and all conversions and modification are performed ''on-the-fly''.</p> <p><u><br /> Step 1 - Using com_migrator to export data from old site:</u></p> <li>Install the com_migrator component on the <u><strong>old</strong></u> site. It can be found at the <a href="http://forge.joomla.org/sf/frs/do/listReleases/projects.joomla_addons/frs.com_migrator" target="_blank">Joomla! official Addons forge</a> .<br /></li> <li>Select the component in the component menu of the administrator.</li> <li>Click on the ''Dump it'' icon. Three exported gzipped export scripts will be created. The first is a complete backup of the old site. The second is the migration content of all core elements which will be imported to the new site. The third is a backup of all 3PD component tables.</li> <li>Click on the download icon of the particular exports files needed and store locally.</li> <li>Multiple export sets can be created.</li> <li>The exported data is not modified in anyway and the original encoding is preserved. This makes the com_migrator tool a recommended tool to use for manual migration as well.</li> <p><u><br /> Step 2 - Using the migration facility to import and convert data during Joomla 1.5 installation:</u></p><p>Note: This function requires use of the iconv function in PHP to convert encodings. If iconv is not found a warning will be provided.<br /></p> <li>In step 6 - Configuration select the ''Load Migration Script'' option in the ''Load Sample Data, Restore or Migrate Backed Up Content'' section of the page.</li> <li>Enter the table prefix used in the content dump. For example: ''#_'' or ''#__'' are acceptable values.</li> <li>Select the encoding of the dumped content in the dropdown list. This should be the encoding used on the pages of the old site. (As defined in the _ISO variable in the language file or as seen in the browser page info/encoding/source)</li> <li>Browse the local host and select the migration export and click on ''Upload and Execute''</li> <li>A success message should appear or alternately a listing of db errors</li> <li>Complete the other required fields in the Configuration step such as Site Name and Admin details and advance to the final step of installation. (Admin details will be ignored as the imported data will take priority. Please remember admin name and password from the old site)</li> <p><u><br /></u></p></div>', 1, 3, 0, 28, '2006-10-01 00:27:52', 62, '', '2006-10-11 16:22:49', 70, 0, '0000-00-00 00:00:00', '2006-09-29 16:00:00', '0000-00-00 00:00:00', '', '', 'pageclass_sfx=\r\nitem_title=1\r\nlink_titles=\r\nintrotext=1\r\nsection=0\r\nsection_link=0\r\ncategory=0\r\ncategory_link=0\r\nrating=\r\nauthor=\r\ncreatedate=\r\nmodifydate=\r\npdf=\r\nprint=\r\nemail=\r\nlanguage=\r\nkeyref=', 6, 0, 3, '', '', 0, 9, '');
INSERT INTO `internal_content` VALUES (12, 'Why does Joomla! 1.5 use utf-8 encoding?', 'why-does-joomla-15-use-utf-8-encoding', '<p>Well... how about never needing to mess with encoding settings again?</p><p>Ever needed to display several languages on one page or site and something always came up in Giberish?</p><p>With utf-8 (a variant of Unicode) glyphs (charcter forms) of all basically all languages can be displayed with one single encoding setting. For example if you might wish to say WELCOME in as many language possible you could do the following:</p>', '', 1, 3, 0, 31, '2006-10-05 03:11:29', 62, '', '2006-10-11 14:57:22', 67, 0, '0000-00-00 00:00:00', '2006-10-03 12:00:00', '0000-00-00 00:00:00', '', '', 'pageclass_sfx=\r\nitem_title=1\r\nlink_titles=\r\nintrotext=1\r\nsection=0\r\nsection_link=0\r\ncategory=0\r\ncategory_link=0\r\nrating=\r\nauthor=\r\ncreatedate=\r\nmodifydate=\r\npdf=\r\nprint=\r\nemail=\r\nlanguage=\r\nkeyref=', 5, 0, 8, '', '', 0, 25, '');
INSERT INTO `internal_content` VALUES (13, 'What happened to the locale setting?', 'what-happened-to-the-locale-setting', 'This is now defined in the language &lt;lang&gt;.xml file in the language metadata settings. If you are having locale problems (dates don''t appear in your language) you might want to check/edit the entries in the locale tag. Note that multiple locale strings can be set and the host will usually accept the first one recognised.', '', 1, 3, 0, 28, '2006-10-06 18:47:35', 62, '', '2006-10-11 14:51:18', 67, 0, '0000-00-00 00:00:00', '2006-10-05 16:00:00', '0000-00-00 00:00:00', '', '', 'pageclass_sfx=\nitem_title=1\nlink_titles=\nintrotext=1\nsection=0\nsection_link=0\ncategory=0\ncategory_link=0\nrating=\nauthor=\ncreatedate=\nmodifydate=\npdf=\nprint=\nemail=\nlanguage=\nkeyref=', 4, 0, 2, '', '', 0, 6, '');
INSERT INTO `internal_content` VALUES (14, 'What is the FTP layer for?', 'what-is-the-ftp-layer-for', '<p>This allows file operations (such installing extensions or updating the main configuration) without having to make all the folders and files writeable. This makes the site admin''s life a lot easier and increases security of the site</p><p>You can check the write status of relevent folders by going to ''''Help-&gt;System Info" and then in the sub-menu to "Directory Permissions". With FTP even if all directories are red, Joomla! will operate smoothly.</p><p>NOTE: the FTP layer is not required on a Windows host. </p>', '', 1, 3, 0, 31, '2006-10-06 21:27:49', 62, '', '2006-10-11 14:54:20', 67, 0, '0000-00-00 00:00:00', '2006-10-05 16:00:00', '0000-00-00 00:00:00', '', '', 'pageclass_sfx=\nitem_title=1\nlink_titles=\nintrotext=1\nsection=0\nsection_link=0\ncategory=0\ncategory_link=0\nrating=\nauthor=\ncreatedate=\nmodifydate=\npdf=\nprint=\nemail=\nlanguage=\nkeyref=', 4, 0, 6, '', '', 0, 8, '');
INSERT INTO `internal_content` VALUES (15, 'Can Joomla! 1.5 operate with PHP Safe Mode On?', 'can-joomla-15-operate-with-php-safe-mode-on', '<p>Yes it can! This is a significant security improvement.</p><p>The safe mode limits PHP file to be able to perfom actions only on files/folders who''s owner is the same as PHP is currently using (this is usually ''apache''). As files normally are created either by the Joomla! application or by FTP access, the combination of PHP file actions and the FTP layer allows Joomla! to operate in PHP Safe Mode.</p>', '', 1, 3, 0, 31, '2006-10-06 21:28:35', 62, '', '2006-10-11 14:59:13', 67, 0, '0000-00-00 00:00:00', '2006-10-05 16:00:00', '0000-00-00 00:00:00', '', '', 'pageclass_sfx=\nitem_title=1\nlink_titles=\nintrotext=1\nsection=0\nsection_link=0\ncategory=0\ncategory_link=0\nrating=\nauthor=\ncreatedate=\nmodifydate=\npdf=\nprint=\nemail=\nlanguage=\nkeyref=', 4, 0, 4, '', '', 0, 3, '');
INSERT INTO `internal_content` VALUES (16, 'Only one edit window! How do I create "Read more..."?', 'only-one-edit-window-how-do-i-create-read-more', '<p>This is now implemented by inserting a tag (button is in the editor area) a dotted line appears in the edited text showing the split location for the "Read more...". A new bot takes care of the rest.</p><p>It is worth mentioning that this does not have a negative effect on migrated data from older sites. The new implementation is fully backward compatible.</p>', '', 1, 3, 0, 28, '2006-10-06 21:29:28', 62, '', '2006-10-11 14:58:07', 67, 0, '0000-00-00 00:00:00', '2006-10-05 16:00:00', '0000-00-00 00:00:00', '', '', 'pageclass_sfx=\nitem_title=1\nlink_titles=\nintrotext=1\nsection=0\nsection_link=0\ncategory=0\ncategory_link=0\nrating=\nauthor=\ncreatedate=\nmodifydate=\npdf=\nprint=\nemail=\nlanguage=\nkeyref=', 4, 0, 4, '', '', 0, 8, '');
INSERT INTO `internal_content` VALUES (17, 'My MySql database does not support UTF-8. Do I have a problem?', 'my-mysql-database-does-not-support-utf-8-do-i-have-a-problem', 'No you don''t. Versions of MySql lower than 4.1 do not have build in utf-8 support. However, Joomla! 1.5 has made provisions for backward compatibility and is able to use utf-8 on older databases. Let the installer take care of all settings and there is no need to make any changes to the database (charset, collation or any other).', '', 1, 3, 0, 31, '2006-10-07 13:30:37', 62, '', '2006-10-11 14:54:40', 67, 0, '0000-00-00 00:00:00', '2006-10-06 00:00:00', '0000-00-00 00:00:00', '', '', 'pageclass_sfx=\nitem_title=1\nlink_titles=\nintrotext=1\nsection=0\nsection_link=0\ncategory=0\ncategory_link=0\nrating=\nauthor=\ncreatedate=\nmodifydate=\npdf=\nprint=\nemail=\nlanguage=\nkeyref=', 6, 0, 7, '', '', 0, 5, '');
INSERT INTO `internal_content` VALUES (18, 'Joomla! Features', 'joomla-features', '<h4><font color="#ff6600">Joomla! features:</font></h4> <ul><li>Completely database driven site engines </li><li>News, products or services sections fully editable and manageable</li><li>Topics sections can be added to by contributing authors </li><li>Fully customisable layouts including left, center and right menu boxes </li><li>Browser upload of images to your own library for use anywhere in the site </li><li>Dynamic Forum/Poll/Voting booth for on-the-spot results </li><li>Runs on Linux, FreeBSD, MacOSX server, Solaris and AIX', '  </li></ul> <h4>Extensive Administration:</h4> <ul><li>Change order of objects including news, FAQs, articles etc. </li><li>Random Newsflash generator </li><li>Remote author submission module for News, Articles, FAQs and Links </li><li>Object hierarchy - as many sections, departments, divisions and pages as you want </li><li>Image library - store all your PNGs, PDFs, DOCs, XLSs, GIFs and JPEGs online for easy use </li><li>Automatic Path-Finder. Place a picture and let Joomla! fix the link </li><li>News feed manager. Choose from over 360 news feeds from around the world </li><li>Archive manager. Put your old articles into cold storage rather than throw them out </li><li>Email-a-friend and Print-format for every story and article </li><li>In-line Text editor similar to Word Pad </li><li>User editable look and feel </li><li>Polls/Surveys - Now put a different one on each page </li><li>Custom Page Modules. Download custom page modules to spice up your site </li><li>Template Manager. Download templates and implement them in seconds </li><li>Layout preview. See how it looks before going live </li><li>Banner manager. Make money out of your site</li></ul>', 1, 4, 0, 29, '2006-10-09 01:32:45', 62, '', '2006-10-11 17:28:28', 67, 0, '0000-00-00 00:00:00', '2006-10-07 08:00:00', '0000-00-00 00:00:00', '', '', 'pageclass_sfx=\nitem_title=1\nlink_titles=\nintrotext=1\nsection=0\nsection_link=0\ncategory=0\ncategory_link=0\nrating=\nauthor=\ncreatedate=\nmodifydate=\npdf=\nprint=\nemail=\nlanguage=\nkeyref=', 8, 0, 4, '', '', 0, 52, '');
INSERT INTO `internal_content` VALUES (19, 'Joomla! Overview', 'joomla-overview', '<p>If you''re new to web publishing systems, you''ll find that Joomla! delivers sophisticated solutions to your online needs. It can deliver a robust enterprise-level website, empowered by endless extensibility for your bespoke publishing needs. Moreover, it is often the system of choice for small business or home users who want a professional looking site that''s simple to deploy and use. We do content right.<br /> </p><p>So what''s the catch? How much does this system cost? Well, there''s good news ... and more good news! Joomla! 1.5 is free released under an Open Source license.</p><p>Had you invested in a commercial alternatives, there''d be nothing but moths left in your wallet.</p>Joomla! is set to change all that ... Joomla! is different from the normal models for content management software. For a start, it''s not complicated. Joomla! has been developed for everybody. It''s licensed under the GNU/GPL license, easy to install and administer and reliable. Joomla! doesn''t even require the user or administrator of the system to know HTML to operate it once it''s up and running.', '', 1, 4, 0, 29, '2006-10-09 09:49:20', 62, '', '2006-10-11 15:58:31', 67, 0, '0000-00-00 00:00:00', '2006-10-07 12:00:00', '0000-00-00 00:00:00', '', '', 'pageclass_sfx=\r\nitem_title=1\r\nlink_titles=\r\nintrotext=1\r\nsection=0\r\nsection_link=0\r\ncategory=0\r\ncategory_link=0\r\nrating=\r\nauthor=\r\ncreatedate=\r\nmodifydate=\r\npdf=\r\nprint=\r\nemail=\r\nlanguage=\r\nkeyref=', 9, 0, 2, '', '', 0, 80, '');
INSERT INTO `internal_content` VALUES (20, 'Support and Documentation', 'support-and-documentation', '<h1>Support </h1><p>Support for the Joomla! CMS can be found on several places. The best place to start would be the official <a href="http://help.joomla.org/" target="_blank">Help Site</a> . On the Help Site you can find a lot of documantation such as an Administrator manual, Developer info, Frequently Asked Questions and so on.</p><p>Of course you should not forget the Help System of the CMS itself. On the topmenu in the Backend Administrator you find the Help button which will provide you with lots of explanation on features. <br /></p><p>Another great place would of course be the <a href="http://forum.joomla.org/" target="_blank">Forum</a> . On the Joomla! Forum you can find help and support from both Community members, but also from Joomla! Core members and Working Group members. The forum contains a lot of information, FAQ''s, just about anything you are looking for in terms of support.</p><p>Two other resources for Support are the <a href="http://dev.joomla.org/" target="_blank">Developer Site</a>  and the <a href="http://extensions.joomla.org/" target="_blank">Extensions Site</a> . The Developer Site for example provides lots of technical info to developers. The Joomla! Core members are regularly posting there blog reports about several topics such as programming techniques used in Joomla!, Security, Events and more.</p><h1>Documentation </h1><p>Joomla! Documentation can of course be found on the <a href="http://help.joomla.org/" target="_blank">Help Site</a> . You can find information such as an Installation Guide, User and Administrator manuals, Frueqently Asked Questions and a lot more.</p><p>Other than the documantation provided by the joomla! Core team, there are also books written about Joomla! You can find a listing of these books in the <a href="http://help.joomla.org/content/section/44/254/" target="_blank">Joomla! Bookshelf</a> . </p><p>Can you help?</p><p>Yes! If you have any suggestions for us, please post them to: <br /><a href="http://forum.joomla.org/index.php/board,59.0.html" target="_blank" title="http://forum.joomla.org/index.php/board,59.0.html" class="urlextern" onclick="return svchk()" onkeypress="return svchk()">http://forum.joomla.org/index.php/board,59.0.html</a><br /></p>', '', 1, 4, 0, 25, '2006-10-09 10:33:57', 62, '', '2006-10-11 16:00:30', 67, 0, '0000-00-00 00:00:00', '2006-10-07 12:00:00', '0000-00-00 00:00:00', '', '', 'pageclass_sfx=\r\nitem_title=1\r\nlink_titles=\r\nintrotext=1\r\nsection=0\r\nsection_link=0\r\ncategory=0\r\ncategory_link=0\r\nrating=\r\nauthor=\r\ncreatedate=\r\nmodifydate=\r\npdf=\r\nprint=\r\nemail=\r\nlanguage=\r\nkeyref=', 9, 0, 1, '', '', 0, 1, '');
INSERT INTO `internal_content` VALUES (21, 'Joomla! Facts', 'joomla-facts', '<p>Here are some interesting facts about Joomla!</p><ul><li><span>Over 60,000 registered users on the Official Joomla! community site forum and more on the many international community sites.</span><br /></li><li><span>1168 Projects on the Joomla! Forge (<a href="http://forge.joomla.org/">forge.joomla.org</a> ). All for open source addons by third party developers. </span></li><li><span>890+ extensions for Joomla! registered on the Extension site (<a href="http://extensions.joomla.org/">extensions.joomla.org</a>)</span></li><li><span>Joomla.org exceeds 2 TB of traffic per month!</span></li><li><span>Alexa report [October 2006]: Joomla.org at #492 of top 500 busiest websites in the world.</span></li><li><span>Community <a href="http://forum.joomla.org" title="Joomla Forum">forums</a> , over half a million posts, and 60 000 activated users. </span>Growing at over 1200 posts per day and 150 new partcipants each day!</li></ul><p>&nbsp;</p>', '', 1, 4, 0, 30, '2006-10-09 18:46:37', 62, '', '2006-10-11 17:59:02', 67, 0, '0000-00-00 00:00:00', '2006-10-07 16:00:00', '0000-00-00 00:00:00', '', '', 'pageclass_sfx=\nitem_title=1\nlink_titles=\nintrotext=1\nsection=0\nsection_link=0\ncategory=0\ncategory_link=0\nrating=\nauthor=\ncreatedate=\nmodifydate=\npdf=\nprint=\nemail=\nlanguage=\nkeyref=', 10, 0, 1, '', '', 0, 47, '');
INSERT INTO `internal_content` VALUES (22, 'What''s New In 1.5?', 'whats-new-in-15', '<p>As with previous releases, Joomla! provides a unified and easy-to-use framework for delivering content for websites of all kinds. To support the changing nature of the Internet and emerging web technologies, Joomla! required substantial restructuring of its core functionality and we also used this effort to simplify many challenges within the current user interface. Joomla! 1.5 has many new features.<br /></p>', '<p>&nbsp;</p><p style="margin-bottom: 0in">   The goals for the Joomla! 1.5 release are to: </p>    <ul><li>     <p style="margin-bottom: 0in">       Substantially improve usability, manageability, and scalability far beyond the original Mambo foundations.     </p>   </li><li>     <p style="margin-bottom: 0in"> Expand accessibility to support internationalisation, double-byte characters and Right-to-Left support for Arabic and Hebrew languages. </p>   </li><li>     <p style="margin-bottom: 0in"> Extend the integration of external applications through Web Services and remote authentication such as the Lightweight Directory Access Protocol (LDAP). </p>   </li><li>     <p style="margin-bottom: 0in"> Enhance the content delivery, template and presentation capabilities to support accessibility standards and content delivery to any destination. </p>   </li><li>     <p style="margin-bottom: 0in">       Achieve a more sustainable and flexible framework for component and extension developers.     </p>   </li><li>     <p style="margin-bottom: 0in">       Deliver backwards compatibility with previous releases of components, templates, modules and other extensions.</p></li></ul><p>&nbsp;</p>', 1, 4, 0, 29, '2006-10-12 00:13:58', 62, '', '2006-10-11 16:23:48', 70, 0, '0000-00-00 00:00:00', '2006-10-10 20:00:00', '0000-00-00 00:00:00', '', '', 'pageclass_sfx=\nitem_title=1\nlink_titles=\nintrotext=1\nsection=0\nsection_link=0\ncategory=0\ncategory_link=0\nrating=\nauthor=\ncreatedate=\nmodifydate=\npdf=\nprint=\nemail=\nlanguage=\nkeyref=', 5, 0, 1, '', '', 0, 32, '');
INSERT INTO `internal_content` VALUES (23, 'Platforms and Open Standards', 'platforms-and-open-standards', '<p class="MsoNormal">Joomla! runs on any platform including Windows, most flavors of Linux, Several Unix versions, and the Apple OSX platform.  Joomla! depends PHP and the MySQL database to deliver dynamic content.  </p>            <p class="MsoNormal">The minimum requirements are:<br /></p>      <ul><li>Apache 1.x, 2.x and higher<br /></li><li>PHP 4.3 and higher</li><li>MySQL 3.23 and higher</li></ul>', '', 1, 4, 0, 25, '2006-10-11 08:22:14', 62, '', '2006-10-11 16:00:59', 67, 0, '0000-00-00 00:00:00', '2006-10-10 12:00:00', '0000-00-00 00:00:00', '', '', 'pageclass_sfx=\nitem_title=1\nlink_titles=\nintrotext=1\nsection=0\nsection_link=0\ncategory=0\ncategory_link=0\nrating=\nauthor=\ncreatedate=\nmodifydate=\npdf=\nprint=\nemail=\nlanguage=\nkeyref=', 3, 0, 3, '', '', 0, 8, '');
INSERT INTO `internal_content` VALUES (24, 'Content Layouts', 'content-layouts', '<p>Joomla! provides plenty of flexibility when displaying your web content. Whether you are using Joomla! for a blog site, news or a website for a company, you''ll find one or more content styles to showcase your information. You can also change the style of content dynamically depending on your preferences. Joomla calls how a page is laid out a <strong>layout</strong>. Use the guide below to understand which layouts are available and how you might use them. </p> <h2>Content </h2> <p>Joomla! makes it extremely easy to add and display content. All content  is placed where your mainbody tag in your template is located. There are three main types of layouts available in Joomla! and all of them can be customised via parameters. The display and parameters are set in the menu item used to display the content your working on. You create these layouts by creating a menu item and choosing how you want the content to display.</p> <h3>Blog layout<br /> </h3> <p>Blog layout will show a listing of all content items of the selected blog type (section or category) in the mainbody position of your template. It will give you the standard title, and Intro of each content article in that particular Category and/or Section. You can customise this layout via the use of the content parameters, (See Content Parameters) this is done from the menu not the section manager!</p> <h3>Blog Archive layout<br /> </h3> <p>A Blog Archive layout will give you a similar output of content as the normal Blog Display but will add at the top two dropdown boxes for Month and year plus a search button to allow users to search for all archived content from a specific month and year</p> <h3>Table layout<br /> </h3> <p>Table layout will simply give you a table of all the titles in that particular section or category. No intro will be displayed just the titles. You can set how many titles will be displayed in this table by Parameters. The table layout will also provide a filter section so that users can reorder, filter and set how many titles are listed on a single page (up to 50)</p> <h2>Wrapper</h2> <p>Wrappers allow you to place stand alone applications and 3rd party websites inside your Joomla! site. The content within a wrapper appears within the primary content area defined by the "mainbody" tag and allows you to display content to display them as part of your own site. A Wrapper will place an IFRAME into the content section of your website and wrap your standard template navigation around it so it appears in the same way a content item would.</p> <h2>Content Parameters</h2> <p>The parameters for each layout type can be found on the right hand side of the editor boxes in the menu item configuration screen. The parameters available depend largely on what kind of layout you are configuring.</p>', '', 1, 4, 0, 29, '2006-10-13 00:33:10', 62, '', '2006-10-11 15:59:47', 67, 0, '0000-00-00 00:00:00', '2006-10-11 08:00:00', '0000-00-00 00:00:00', '', '', 'pageclass_sfx=\r\nitem_title=1\r\nlink_titles=\r\nintrotext=1\r\nsection=0\r\nsection_link=0\r\ncategory=0\r\ncategory_link=0\r\nrating=\r\nauthor=\r\ncreatedate=\r\nmodifydate=\r\npdf=\r\nprint=\r\nemail=\r\nlanguage=\r\nkeyref=', 8, 0, 5, '', '', 0, 45, '');
INSERT INTO `internal_content` VALUES (25, 'What are the requirements to run Joomla! 1.5?', 'what-are-the-requirements-to-run-joomla-15', 'Joomla! runs on the php pre-processor. Php comes in many flavors, for a lot of operating systems. Beside php you will need a web server. Most of the times Apache is used, but also php can run on different web-servers like Microsoft IIS. Joomla! also depends on a database, for this currently you can only use MySQL. <br /><br />Many people know from their own experience that it''s not easy to install an Apache web server and it gets harder if you want to add MySQL, PHP and Perl. XAMPP is an easy to install Apache distribution containing MySQL, PHP and Perl. XAMPP is really very easy to install and to use - just download, extract and start. You can even install it on your local desktop or laptop with Windows XP. <br /><br />The minimum version requirements are:<br /><ul><li>Apache 1.x or 2.x<br /></li><li>PHP 4.3 or up<br /></li><li>MySQL 3.23 or up</li></ul>', '', 1, 3, 0, 31, '2006-10-11 02:42:31', 62, '', '2006-10-11 14:50:45', 67, 0, '0000-00-00 00:00:00', '2006-10-10 08:00:00', '0000-00-00 00:00:00', '', '', 'pageclass_sfx=\nitem_title=1\nlink_titles=\nintrotext=1\nsection=0\nsection_link=0\ncategory=0\ncategory_link=0\nrating=\nauthor=\ncreatedate=\nmodifydate=\npdf=\nprint=\nemail=\nlanguage=\nkeyref=', 2, 0, 5, '', '', 0, 0, '');
INSERT INTO `internal_content` VALUES (26, 'Extensions', 'extensions', '<p>Out of the box, Joomla does a great job of managing the content needed to make your website sing. But for many people, the true power of Joomla lies in the application framework that makes it possible for thousands of developers around the world to create powerful add-ons that are called <strong>extensions</strong>. An extension is used to add capabilities to Joomla! that do not exist in the base core code. Here are just some examples of the hundreds of available extensions:</p> <ul>   <li>Dynamic form builders</li>   <li>Business or organisational directories</li>   <li>Document management</li>   <li>Image and multimedia galleries</li>   <li>E-commerce and shopping cart engines</li>   <li>Forums and chat software</li>   <li>Calendars</li>   <li>Email newsletters</li>   <li>Data collection and reporting tools</li>   <li>Banner advertising systems</li>   <li>Paid subscription services</li>   <li>and many, many more</li> </ul> <p>You can find more examples over at our growing <a href="http://extensions.joomla.org" target="_blank" title="Joomla! Extensions Directory">Joomla! Extensions Directory</a>. Prepare to be amazed at the amount of exciting work produced by our active developer community!</p><p>A useful guide to the extension site can be found at:<br /><a href="http://extensions.joomla.org/content/view/15/63/%20" target="_blank" title="Guide to the Joomla! Extension site">http://extensions.joomla.org/content/view/15/63/ </a> <br /></p> <h3>Types of Extensions </h3><p>There are five types of extensions:</p> <ul>   <li>Components</li>   <li>Modules</li>   <li>Templates</li>   <li>Plugins</li>   <li>Languages</li> </ul> <p>You can read more about the specifics of these using the links in the article table of contents (another useful feature of Joomla!) at the top right or by clicking on the next link below.<br /> </p> <hr class="system-pagebreak" title="Components" /> <h3><img src="http://extensions.joomla.org/components/com_mtree/img/ext_com.png" border="0" alt="Component - Joomla! Extension Directory" title="Component - Joomla! Extension Directory" width="17" height="17" /> Components</h3> <p>A component is the largest and most complex of the extension types.  Components are like mini-applications that renders the main body of the  page. An analogy that might make the relationship easier to understand  would be that Joomla! is a book and all the components are chapters in  the book. The core content component (com_content), for example, is the  mini-application that handles all core content rendering just as the  core registration component (com_user) is the mini-application  that handles user registration.</p> <p>Many of Joomla''s core features are provided by the use of default components such as:</p> <ul>   <li>Contacts</li>   <li>Front Page</li>   <li>Newsfeeds</li>   <li>Banners</li>   <li>Mass Mail</li>   <li>Polls</li>   <li>RSS Syndication</li> </ul> <p>A Component will manage data, set displays, provide functions and in general can perform any operation that doesn''t fall under the general functions of the core code.</p> <p>Components work hand in hand with Modules and Plugins to provide a rich variety of content display and functionality aside from the standard article and content display. Components make it possible to completely transform Joomla and greatly expand its capabilities.</p> <p>More information on components is available from the Joomla! help manual: Components<br />   <a href="http://help.joomla.org/content/view/77/153/" target="_blank" title="Joomla! help manual: Components">http://help.joomla.org/content/view/77/153/</a></p> <hr class="system-pagebreak" title="Modules" /> <h3><img src="http://extensions.joomla.org/components/com_mtree/img/ext_mod.png" border="0" alt="Module - Joomla! Extension Directory" title="Module - Joomla! Extension Directory" width="17" height="17" /> Modules</h3> <p>A more lightweight and flexible extension used for page rendering is a  module. Modules are used for small bits of the page that are generally  less complex and able to be seen across different components. To  continue in our book analogy, a module can be looked at as a footnote  or header block, or perhaps an image/caption block that can be rendered  on a particular page. Obviously you can have a footnote on any page but  not all pages will have them. Footnotes also might appear regardless of  which chapter you are reading. Simlarly modules can be rendered  regardless of which component you have loaded.</p> <p>Modules are like little mini-applets that can be placed anywhere on your site. They work in conjunction with components in some cases and in others are complete stand alone snippets of code used to display some data from the database such as Content (Newsflash) Modules are usually used to output data but they can also be form items to input data (Login Module and Polls as an example)</p> <p>Modules can be assigned to module positions which are defined in both your template and backend under the Site/Template Manager/Module Positions menu items. For example, "left" and "right" are common for a 3 column layout. </p> <h4>Displaying Modules</h4> <p>Each module is assigned to a module position on your site. If you wish it to display in two different locations you must copy the module and assign the copy to display at the new location. You can also set which menu items (and thus pages) a module will display on. You can select all menu items or you can pick and choose specific menu items by holding down the control key and selecting multiple menu items one by one in the Modules Edit screen</p> <p>Note your Main Menu is a Module! When you create a new menu in the menu manager you are actually copying the Main Menu module code and giving it the name of your new menu. When you copy a module you do not copy all it''s parameters you simply allow Joomla to use the same code with two separate settings.</p> <h4>NewsFlash Example</h4> <p>NewsFlash is a Module which will display content items from your site in an assignable module position. It can be used and configured to display one category, all categories or to randomly choose content items to highlight to users. It will display as much of an article as you set, and will show a "read more" link to take the user to the full page.</p> <p>The Newsflash component is particularly useful for things like Site News or to show the latest content item added to your site.</p> <p>More information on Modules is available from the Joomla! help manual: Modules<br />   <a href="http://help.joomla.org/content/view/91/153/" target="_blank" title="Joomla! help manual: Modules">http://help.joomla.org/content/view/91/153/</a></p> <hr class="system-pagebreak" title="Plugins" /> <h3><img src="http://extensions.joomla.org/components/com_mtree/img/ext_plugin.png" border="0" alt="Plugin - Joomla! Extension Directory" title="Plugin - Joomla! Extension Directory" width="17" height="17" /> Plugins</h3> <p>One  of the more advanced extensions for Joomla! is the plugin (formerly called a mambot). In previous  versions plugins were known as mambots. Along with the development of  Joomla! 1.5, mambots have been renamed to plugins and their  functionality has been expanded. A plugin is a section of code that  runs when a pre-defined event happens within Joomla! Editors are  plugins, for example, that execute when the Joomla! event  "onGetEditorArea" occurs. Using a plugin allows a developer to change  the way their code behaves depending upon which plugins are installed  to react to an event.</p> <p>More information on Plugins is available from the Joomla! help manual: Plugins<br />   <a href="http://help.joomla.org/content/view/110/153/" target="_blank" title="Joomla! help manual: Plugins">http://help.joomla.org/content/view/110/153/</a></p> <hr class="system-pagebreak" title="Languages" /> <h3><img src="http://extensions.joomla.org/components/com_mtree/img/ext_lang.png" border="0" alt="Language - Joomla! Extensions Directory" title="Language - Joomla! Extensions Directory" width="17" height="17" /> Languages</h3> <p>New  to Joomla! 1.5 and perhaps the most basic and critical extension is a  language. Languages are packaged as either a core language pack or an  extension language pack. They allow both the Joomla! core as well as  third party components and modules to be internationalised.</p> <p>More information on languages is available from the Joomla! help manual: Languages<br />   <a href="http://help.joomla.org/content/view/23/160/" target="_blank" title="Joomla! help manual: Languages">http://help.joomla.org/content/view/23/160/</a></p>', '', 1, 4, 0, 29, '2006-10-11 12:00:00', 62, '', '2006-10-11 16:00:17', 65, 0, '0000-00-00 00:00:00', '2006-10-11 04:00:00', '0000-00-00 00:00:00', '', '', 'pageclass_sfx=\r\nitem_title=1\r\nlink_titles=\r\nintrotext=1\r\nsection=0\r\nsection_link=0\r\ncategory=0\r\ncategory_link=0\r\nrating=\r\nauthor=\r\ncreatedate=\r\nmodifydate=\r\npdf=\r\nprint=\r\nemail=\r\nlanguage=\r\nkeyref=', 19, 0, 3, 'About Joomla!, General, Extensions', '', 0, 55, '');
INSERT INTO `internal_content` VALUES (27, 'The Joomla Community', 'the-joomla-community', '<p><strong>Got a question? </strong>With over 60,000 members, the online forum at <a href="http://forum.joomla.org/" target="_blank">Joomla.org</a>  are a great resource for both new an experienced users. Go ahead, ask your toughest questions, the community is waiting to see what you''re going to do with your Joomla! site.</p><p><strong>Do you want to show off your new Joomla website?</strong> Go ahead, we have a section dedicated to that on our forum. </p><p><strong>Do you want to join in?</strong><br /></p><p>If you think working with Joomla! is fun, wait until you start working on it. We''re passionate about helping Joomla! users make the jump to becoming contributing members of the community, so there are many ways you can help Joomla''s development:</p>                  <ul><li>Submit news about Joomla!. We syndicate all Joomla! related news on our <a href="http://news.joomla.org" title="Joomla! News Portal">news portal</a>. If you have some Joomla! news that you would like to share with the community, please submit your short story, article, announcement or review <a href="http://www.joomla.org/component/option,com_submissions/Itemid,75" title="Submit News">here</a>. </li><li>Report bugs and request features in our <a href="http://forge.joomla.org/sf/tracker/do/listTrackers/projects.joomla/tracker" title="Joomla! developement trackers">trackers</a>. Please read <a href="#reporting%20bugs">Reporting bugs</a>, below, for details on how we like our bug reports served up</li><li>Submit patches for new and/or fixed behavior. Please read <a href="#Submitting%20patches">Submitting patches</a>, below, for details on how to submit a patch.</li><li>Join the <a href="http://forum.joomla.org/index.php/board,126.0.html" title="Joomla! development forums">developer forums</a> and share your ideas for how to improve Joomla!. We''re always open to suggestions, although we''re likely to be skeptical of large-scale suggestions without some code to back it up.</li><li>Join any of the <a href="content/view/13/53/" title="Joomla! working groups">community working groups</a>  and bring your personal expertise to  the Joomla! community. More info about the different working groups can be found <a href="content/view/13/53/" title="Joomla! working groups">here</a>.      </li></ul>           <p> That''s all you need to know if you''d like to join the Joomla! development community.  </p>', '', 1, 4, 0, 30, '2006-10-12 18:50:48', 62, '', '2006-10-11 16:07:14', 65, 0, '0000-00-00 00:00:00', '2006-10-11 04:00:00', '0000-00-00 00:00:00', '', '', 'pageclass_sfx=\r\nitem_title=1\r\nlink_titles=\r\nintrotext=1\r\nsection=0\r\nsection_link=0\r\ncategory=0\r\ncategory_link=0\r\nrating=\r\nauthor=\r\ncreatedate=\r\nmodifydate=\r\npdf=\r\nprint=\r\nemail=\r\nlanguage=\r\nkeyref=', 7, 0, 2, '', '', 0, 35, '');
INSERT INTO `internal_content` VALUES (28, 'How do I install Joomla! 1.5?', 'how-do-i-install-joomla-15', 'Installing of Joomla! 1.5 is pretty easy. We assume you have set-up your website, and it is accessible with your browser.<br /><br />Download Joomla! 1.5, unzip it and put the files into the directory you website points to, fire up your browser and go to the page and the installation will start. We refer to the installation instructions on the help site for more information.<br />', '', 1, 3, 0, 31, '2006-10-11 03:10:59', 62, '', '2006-10-11 14:50:14', 67, 0, '0000-00-00 00:00:00', '2006-10-10 08:00:00', '0000-00-00 00:00:00', '', '', 'pageclass_sfx=\nitem_title=1\nlink_titles=\nintrotext=1\nsection=0\nsection_link=0\ncategory=0\ncategory_link=0\nrating=\nauthor=\ncreatedate=\nmodifydate=\npdf=\nprint=\nemail=\nlanguage=\nkeyref=', 2, 0, 3, '', '', 0, 0, '');
INSERT INTO `internal_content` VALUES (29, 'What is the purpose of the collation selection in the installation screen?', 'what-is-the-purpose-of-the-collation-selection-in-the-installation-screen', 'The collation option determines the way ordering in the database is done. In languages that use special characters, for instance the German umlaut, the database collation determines the sorting order. If you don''t know which collation you need, select the "utf8_general_ci" as most languages use this. The other collations listed are exceptions in regards to the general collation. If your language is not listed in the list of collations it most likely means that "utf8_general_ci is suitable.', '', 1, 3, 0, 32, '2006-10-11 03:11:38', 62, '', '2006-10-11 14:49:24', 67, 0, '0000-00-00 00:00:00', '2006-10-10 08:00:00', '0000-00-00 00:00:00', '', '', 'pageclass_sfx=\nitem_title=1\nlink_titles=\nintrotext=1\nsection=0\nsection_link=0\ncategory=0\ncategory_link=0\nrating=\nauthor=\ncreatedate=\nmodifydate=\npdf=\nprint=\nemail=\nlanguage=\nkeyref=', 2, 0, 4, '', '', 0, 0, '');
INSERT INTO `internal_content` VALUES (30, 'What languages are supported by Joomla! 1.5?', 'what-languages-are-supported-by-joomla-15', 'Within the installer you will find a wide collection of languages. The installer currently supports the following languages: Arabic, Bulgarian, Bengali, Czech, Danish, German, Greek, English, Spanish, Finnish, French, Hebrew, Devanagari(India), Croatian(Croatia), Magyar (Hungary), Italian, Malay,<br />Norwegian bokmal, Dutch, Portuguese(Brasil), Portugues(Portugal), Romanian, Russian, Serbian, Svenska, Thai and more are being added.<br /><br />By default the English language is installed for the back and front-ends. You can download the language files from the Joomla! extensions site. In addition some translation teams are offering fully localised versions of the entire package. Please check the <a href="http://help.joomla.org/content/view/1651/62/" target="blank_" title="Joomla! help site for links">Joomla! help site for links</a>   to locations where languages and localised versions can be found.', '', 1, 3, 0, 32, '2006-10-11 03:12:18', 62, '', '2006-10-11 15:30:06', 67, 0, '0000-00-00 00:00:00', '2006-10-10 08:00:00', '0000-00-00 00:00:00', '', '', 'pageclass_sfx=\nitem_title=1\nlink_titles=\nintrotext=1\nsection=0\nsection_link=0\ncategory=0\ncategory_link=0\nrating=\nauthor=\ncreatedate=\nmodifydate=\npdf=\nprint=\nemail=\nlanguage=\nkeyref=', 2, 0, 2, '', '', 0, 1, '');
INSERT INTO `internal_content` VALUES (31, 'Is it useful to install the example data?', 'is-it-useful-to-install-the-example-data', 'This depends on what you want to achieve. If you are new to Joomla! and have no clue how all fits together, just install the example data. If you don''t like the English example because you - for instance - speak Chinese, then leave it out.', '', 1, 3, 0, 27, '2006-10-11 11:12:55', 62, '', '2006-10-11 14:48:40', 67, 0, '0000-00-00 00:00:00', '2006-10-10 12:00:00', '0000-00-00 00:00:00', '', '', 'pageclass_sfx=\nitem_title=1\nlink_titles=\nintrotext=1\nsection=0\nsection_link=0\ncategory=0\ncategory_link=0\nrating=\nauthor=\ncreatedate=\nmodifydate=\npdf=\nprint=\nemail=\nlanguage=\nkeyref=', 3, 0, 3, '', '', 0, 0, '');
INSERT INTO `internal_content` VALUES (32, 'Where is the static content?', 'where-is-the-static-content', 'In Joomla! versions prior to 1.5 there was a distinctive difference on static and normal content. Both content types are still around, but are not handled as separate items. If you want to create static content, just select "<span style="font-style: italic">uncategorized</span>" as section and category and the content is handled as static content.', '', 1, 3, 0, 28, '2006-10-11 03:13:33', 62, '', '2006-10-11 14:48:11', 67, 0, '0000-00-00 00:00:00', '2006-10-10 08:00:00', '0000-00-00 00:00:00', '', '', 'pageclass_sfx=\nitem_title=1\nlink_titles=\nintrotext=1\nsection=0\nsection_link=0\ncategory=0\ncategory_link=0\nrating=\nauthor=\ncreatedate=\nmodifydate=\npdf=\nprint=\nemail=\nlanguage=\nkeyref=', 2, 0, 6, '', '', 0, 0, '');
INSERT INTO `internal_content` VALUES (33, 'What is uncategorised content?', 'what-is-uncategorised-content', 'Most articles will be assigned to a section and category. In many cases, you might not know where you want it to appear so put the article in the uncategorized section. The articles marked as uncategorized are handled as static content.<br />', '', 1, 3, 0, 31, '2006-10-11 19:14:11', 62, '', '2006-10-11 14:47:38', 67, 0, '0000-00-00 00:00:00', '2006-10-10 16:00:00', '0000-00-00 00:00:00', '', '', 'pageclass_sfx=\nitem_title=1\nlink_titles=\nintrotext=1\nsection=0\nsection_link=0\ncategory=0\ncategory_link=0\nrating=\nauthor=\ncreatedate=\nmodifydate=\npdf=\nprint=\nemail=\nlanguage=\nkeyref=', 4, 0, 2, '', '', 0, 2, '');
INSERT INTO `internal_content` VALUES (34, 'Does the PDF icon render pictures and special characters?', 'does-the-pdf-icon-render-pictures-and-special-characters', 'Yes! Prior to Joomla! 1.5, only the text values of an article and only for ISO-8859-1 encoding was allowed in the PDF rendition. With the new PDF library in place, the complete article including images is rendered and applied to the PDF. The PDF generator also handles the UTF-8 texts and can handle any character sets from any language. The appropriate fonts must be installed but this is done automatically during a language pack installation.', '', 1, 3, 0, 32, '2006-10-11 19:14:57', 62, '', '2006-10-11 14:46:59', 67, 0, '0000-00-00 00:00:00', '2006-10-10 16:00:00', '0000-00-00 00:00:00', '', '', 'pageclass_sfx=\nitem_title=1\nlink_titles=\nintrotext=1\nsection=0\nsection_link=0\ncategory=0\ncategory_link=0\nrating=\nauthor=\ncreatedate=\nmodifydate=\npdf=\nprint=\nemail=\nlanguage=\nkeyref=', 4, 0, 3, '', '', 0, 2, '');
INSERT INTO `internal_content` VALUES (35, 'Is it possible to change the types of menu entries?', 'is-it-possible-to-change-the-types-of-menu-entries', 'You indeed can change the menu items type to whatever you want, even after they have been created. If you for instance want to change the blog section of a menu link, jump to the back end and edit the menu item. Push the "<span style="font-style: italic">change type</span>" button and select the details for the menu you want to assign.', '', 1, 3, 0, 31, '2006-10-11 03:15:36', 62, '', '2006-10-11 14:46:30', 67, 0, '0000-00-00 00:00:00', '2006-10-10 08:00:00', '0000-00-00 00:00:00', '', '', 'pageclass_sfx=\nitem_title=1\nlink_titles=\nintrotext=1\nsection=0\nsection_link=0\ncategory=0\ncategory_link=0\nrating=\nauthor=\ncreatedate=\nmodifydate=\npdf=\nprint=\nemail=\nlanguage=\nkeyref=', 2, 0, 1, '', '', 0, 0, '');
INSERT INTO `internal_content` VALUES (36, 'Where did the installer go?', 'where-did-the-installer-go', 'The improved installer can be found under the extensions option. With versions prior to 1.5 you needed to select a specific extensions type when you wanted to install it, with Joomla! 1.5 you just select the extension you want to upload, and click on install. The installer will do all the hard work for you.', '', 1, 3, 0, 28, '2006-10-11 03:16:20', 62, '', '2006-10-11 14:40:10', 67, 0, '0000-00-00 00:00:00', '2006-10-10 08:00:00', '0000-00-00 00:00:00', '', '', 'pageclass_sfx=\nitem_title=1\nlink_titles=\nintrotext=1\nsection=0\nsection_link=0\ncategory=0\ncategory_link=0\nrating=\nauthor=\ncreatedate=\nmodifydate=\npdf=\nprint=\nemail=\nlanguage=\nkeyref=', 2, 0, 1, '', '', 0, 0, '');
INSERT INTO `internal_content` VALUES (37, 'Where did the Mambots go?', 'where-did-the-mambots-go', 'Mambots have been renamed as "Plugins" Mambots were introduced in Mambo and offered possibilities to add plugin logic to your site to mainly for the purpose of manipulating content. In Joomla!, Plugins will now have much broader capabilities than Mambots. Plugins are able to extend functionality at the framework layer as well.', '', 1, 3, 0, 28, '2006-10-11 11:17:00', 62, '', '2006-10-11 14:44:47', 67, 0, '0000-00-00 00:00:00', '2006-10-10 12:00:00', '0000-00-00 00:00:00', '', '', 'pageclass_sfx=\nitem_title=1\nlink_titles=\nintrotext=1\nsection=0\nsection_link=0\ncategory=0\ncategory_link=0\nrating=\nauthor=\ncreatedate=\nmodifydate=\npdf=\nprint=\nemail=\nlanguage=\nkeyref=', 3, 0, 5, '', '', 0, 0, '');
INSERT INTO `internal_content` VALUES (38, 'I installed with my own language, but the back end is still in English', 'i-installed-with-my-own-language-but-the-back-end-is-still-in-english', '<p>A lot of different languages are available for the back end, but by default this language may not be installed. If you want a translated back end, get your language pack and install it using the back end installer. After this, go to the extensions menu, select language manager and make your language the default one. Your back end will be translated instantaneously.</p><p>Users who have access rights to the back end may choose the language they prefer in their personal details parameters.</p><p>This is of course also true for the front-end language. </p><p> A good place to find where to download your languages and localised versions of Joomla is on our <a href="http://help.joomla.org/content/view/1651/62/" target="blank_" title="Help Site">Help Site</a>.</p>', '', 1, 3, 0, 32, '2006-10-11 19:18:14', 62, '', '2006-10-11 14:45:16', 67, 0, '0000-00-00 00:00:00', '2006-10-10 16:00:00', '0000-00-00 00:00:00', '', '', 'pageclass_sfx=\nitem_title=1\nlink_titles=\nintrotext=1\nsection=0\nsection_link=0\ncategory=0\ncategory_link=0\nrating=\nauthor=\ncreatedate=\nmodifydate=\npdf=\nprint=\nemail=\nlanguage=\nkeyref=', 4, 0, 1, '', '', 0, 2, '');
INSERT INTO `internal_content` VALUES (39, 'How do I remove an article?', 'how-do-i-remove-an-article', '<p>To completely remove an article, select the articles that you want to delete and move them to the trash. Next, open the Article Trash in the Content menu and select the articles you want to delete. After deleting an article, it is no longer available and it is not possible to undo this operation.  </p>', '', 1, 3, 0, 27, '2006-10-11 11:19:01', 62, '', '2006-10-11 14:41:30', 67, 0, '0000-00-00 00:00:00', '2006-10-10 12:00:00', '0000-00-00 00:00:00', '', '', 'pageclass_sfx=\nitem_title=1\nlink_titles=\nintrotext=1\nsection=0\nsection_link=0\ncategory=0\ncategory_link=0\nrating=\nauthor=\ncreatedate=\nmodifydate=\npdf=\nprint=\nemail=\nlanguage=\nkeyref=', 3, 0, 2, '', '', 0, 1, '');
INSERT INTO `internal_content` VALUES (40, 'What is the difference between archiving and trashing an article?', 'what-is-the-difference-between-archiving-and-trashing-an-article', '<p>When you archive an article, the content is put into a state which removes it from your site as published content. The article is still available from within the administration interface and can be retrieved for archival purposes. Trashed articles are just one step from being deleted but are still available until you remove the items from the trash manager. You should use archive if you consider an article important, but not current. Trashed should be used when you want to delete the content entirely from your site and from future search results.  </p><br />', '', 1, 3, 0, 27, '2006-10-11 11:19:43', 62, '', '2006-10-11 14:40:55', 67, 0, '0000-00-00 00:00:00', '2006-10-10 12:00:00', '0000-00-00 00:00:00', '', '', 'pageclass_sfx=\nitem_title=1\nlink_titles=\nintrotext=1\nsection=0\nsection_link=0\ncategory=0\ncategory_link=0\nrating=\nauthor=\ncreatedate=\nmodifydate=\npdf=\nprint=\nemail=\nlanguage=\nkeyref=', 3, 0, 1, '', '', 0, 1, '');
INSERT INTO `internal_content` VALUES (41, 'Newsflash 5', 'newsflash-5', 'Joomla! 1.5 - ''Experience the Freedom''!. It has never been easier to create your own dynamic site. Manage all your content from the best CMS admin interface and in virtually any language you speak.<br />', '', 1, 1, 0, 3, '2006-10-12 02:17:31', 62, '', '2006-10-11 14:27:56', 67, 0, '0000-00-00 00:00:00', '2006-10-11 08:00:00', '0000-00-00 00:00:00', '', '', 'pageclass_sfx=\nitem_title=1\nlink_titles=\nintrotext=1\nsection=0\nsection_link=0\ncategory=0\ncategory_link=0\nrating=\nauthor=\ncreatedate=\nmodifydate=\npdf=\nprint=\nemail=\nlanguage=\nkeyref=', 2, 0, 2, '', '', 0, 0, '');
INSERT INTO `internal_content` VALUES (42, 'Newsflash 4', 'newsflash-4', 'Yesterday all servers in the U.S. went out on strike in a bid to get more RAM and better CPUs. A spokes person said that the need for better RAM was due to some fool increasing the front-side bus speed. In future, busses will be told to slow down in residential motherboards.', '', 1, 1, 0, 3, '2006-10-12 02:25:50', 62, '', '2006-10-11 14:27:27', 67, 0, '0000-00-00 00:00:00', '2006-10-11 08:00:00', '0000-00-00 00:00:00', '', '', 'pageclass_sfx=\nitem_title=1\nlink_titles=\nintrotext=1\nsection=0\nsection_link=0\ncategory=0\ncategory_link=0\nrating=\nauthor=\ncreatedate=\nmodifydate=\npdf=\nprint=\nemail=\nlanguage=\nkeyref=', 2, 0, 1, '', '', 0, 1, '');
INSERT INTO `internal_content` VALUES (43, 'Example Pages and Menu Links', 'example-pages-and-menu-links', '<p>This page is an example of content that is "uncategorized". You will see there is a new menu in the left column. It shows links to the SAME content presented in 4 different page layouts.</p><ul><li>A Blog of a section</li><li>A Table of a Section</li><li>A Blog of a Category</li><li>A Table of a Category</li></ul><p>Follow the links in the Example Pages menu to see some of the options available to you to present content.</p><p>You can also have links to components and individual articles. This is all controlled in the menu links. </p>', '', 1, 0, 0, 0, '2006-10-12 11:26:52', 70, '', '2006-10-11 15:38:54', 70, 0, '0000-00-00 00:00:00', '2006-10-11 12:00:00', '0000-00-00 00:00:00', '', '', 'pageclass_sfx=\nitem_title=1\nlink_titles=\nintrotext=1\nsection=0\nsection_link=0\ncategory=0\ncategory_link=0\nrating=\nauthor=\ncreatedate=\nmodifydate=\npdf=\nprint=\nemail=\nlanguage=\nkeyref=', 3, 0, 2, 'Uncategorized, Uncategorized, Example Pages and Menu Links', '', 0, 25, '');

-- --------------------------------------------------------

-- 
-- Table structure for table `internal_content_frontpage`
-- 

CREATE TABLE `internal_content_frontpage` (
  `content_id` int(11) NOT NULL default '0',
  `ordering` int(11) NOT NULL default '0',
  PRIMARY KEY  (`content_id`)
) ENGINE=MyISAM DEFAULT CHARSET=utf8;

-- 
-- Dumping data for table `internal_content_frontpage`
-- 

INSERT INTO `internal_content_frontpage` VALUES (6, 2);
INSERT INTO `internal_content_frontpage` VALUES (14, 4);
INSERT INTO `internal_content_frontpage` VALUES (7, 3);
INSERT INTO `internal_content_frontpage` VALUES (1, 1);
INSERT INTO `internal_content_frontpage` VALUES (16, 5);

-- --------------------------------------------------------

-- 
-- Table structure for table `internal_content_rating`
-- 

CREATE TABLE `internal_content_rating` (
  `content_id` int(11) NOT NULL default '0',
  `rating_sum` int(11) unsigned NOT NULL default '0',
  `rating_count` int(11) unsigned NOT NULL default '0',
  `lastip` varchar(150) NOT NULL default '',
  PRIMARY KEY  (`content_id`)
) ENGINE=MyISAM DEFAULT CHARSET=utf8;

-- 
-- Dumping data for table `internal_content_rating`
-- 


-- --------------------------------------------------------

-- 
-- Table structure for table `internal_core_acl_aro`
-- 

CREATE TABLE `internal_core_acl_aro` (
  `id` int(11) NOT NULL auto_increment,
  `section_value` varchar(240) NOT NULL default '0',
  `value` varchar(240) NOT NULL default '',
  `order_value` int(11) NOT NULL default '0',
  `name` varchar(255) NOT NULL default '',
  `hidden` int(11) NOT NULL default '0',
  PRIMARY KEY  (`id`),
  UNIQUE KEY `__section_value_value_aro` (`section_value`(100),`value`(100)),
  KEY `internal_gacl_hidden_aro` (`hidden`)
) ENGINE=MyISAM DEFAULT CHARSET=utf8 AUTO_INCREMENT=11 ;

-- 
-- Dumping data for table `internal_core_acl_aro`
-- 

INSERT INTO `internal_core_acl_aro` VALUES (10, 'users', '62', 0, 'Administrator', 0);

-- --------------------------------------------------------

-- 
-- Table structure for table `internal_core_acl_aro_groups`
-- 

CREATE TABLE `internal_core_acl_aro_groups` (
  `id` int(11) NOT NULL auto_increment,
  `parent_id` int(11) NOT NULL default '0',
  `name` varchar(255) NOT NULL default '',
  `lft` int(11) NOT NULL default '0',
  `rgt` int(11) NOT NULL default '0',
  `value` varchar(255) NOT NULL default '',
  PRIMARY KEY  (`id`),
  KEY `internal_gacl_parent_id_aro_groups` (`parent_id`),
  KEY `internal_gacl_lft_rgt_aro_groups` (`lft`,`rgt`)
) ENGINE=MyISAM DEFAULT CHARSET=utf8 AUTO_INCREMENT=31 ;

-- 
-- Dumping data for table `internal_core_acl_aro_groups`
-- 

INSERT INTO `internal_core_acl_aro_groups` VALUES (17, 0, 'ROOT', 1, 22, 'ROOT');
INSERT INTO `internal_core_acl_aro_groups` VALUES (28, 17, 'USERS', 2, 21, 'USERS');
INSERT INTO `internal_core_acl_aro_groups` VALUES (29, 28, 'Public Frontend', 3, 12, 'Public Frontend');
INSERT INTO `internal_core_acl_aro_groups` VALUES (18, 29, 'Registered', 4, 11, 'Registered');
INSERT INTO `internal_core_acl_aro_groups` VALUES (19, 18, 'Author', 5, 10, 'Author');
INSERT INTO `internal_core_acl_aro_groups` VALUES (20, 19, 'Editor', 6, 9, 'Editor');
INSERT INTO `internal_core_acl_aro_groups` VALUES (21, 20, 'Publisher', 7, 8, 'Publisher');
INSERT INTO `internal_core_acl_aro_groups` VALUES (30, 28, 'Public Backend', 13, 20, 'Public Backend');
INSERT INTO `internal_core_acl_aro_groups` VALUES (23, 30, 'Manager', 14, 19, 'Manager');
INSERT INTO `internal_core_acl_aro_groups` VALUES (24, 23, 'Administrator', 15, 18, 'Administrator');
INSERT INTO `internal_core_acl_aro_groups` VALUES (25, 24, 'Super Administrator', 16, 17, 'Super Administrator');

-- --------------------------------------------------------

-- 
-- Table structure for table `internal_core_acl_aro_sections`
-- 

CREATE TABLE `internal_core_acl_aro_sections` (
  `section_id` int(11) NOT NULL auto_increment,
  `value` varchar(230) NOT NULL default '',
  `order_value` int(11) NOT NULL default '0',
  `name` varchar(230) NOT NULL default '',
  `hidden` int(11) NOT NULL default '0',
  PRIMARY KEY  (`section_id`),
  UNIQUE KEY `value_aro_sections` (`value`),
  UNIQUE KEY `internal_gacl_value_aro_sections` (`value`),
  KEY `hidden_aro_sections` (`hidden`),
  KEY `internal_gacl_hidden_aro_sections` (`hidden`)
) ENGINE=MyISAM DEFAULT CHARSET=utf8 AUTO_INCREMENT=11 ;

-- 
-- Dumping data for table `internal_core_acl_aro_sections`
-- 

INSERT INTO `internal_core_acl_aro_sections` VALUES (10, 'users', 1, 'Users', 0);

-- --------------------------------------------------------

-- 
-- Table structure for table `internal_core_acl_groups_aro_map`
-- 

CREATE TABLE `internal_core_acl_groups_aro_map` (
  `group_id` int(11) NOT NULL default '0',
  `section_value` varchar(240) NOT NULL default '',
  `aro_id` int(11) NOT NULL default '0',
  UNIQUE KEY `group_id_aro_id_groups_aro_map` (`group_id`,`section_value`,`aro_id`)
) ENGINE=MyISAM DEFAULT CHARSET=utf8;

-- 
-- Dumping data for table `internal_core_acl_groups_aro_map`
-- 

INSERT INTO `internal_core_acl_groups_aro_map` VALUES (25, '', 10);

-- --------------------------------------------------------

-- 
-- Table structure for table `internal_core_log_items`
-- 

CREATE TABLE `internal_core_log_items` (
  `time_stamp` date NOT NULL default '0000-00-00',
  `item_table` varchar(50) NOT NULL default '',
  `item_id` int(11) unsigned NOT NULL default '0',
  `hits` int(11) unsigned NOT NULL default '0'
) ENGINE=MyISAM DEFAULT CHARSET=utf8;

-- 
-- Dumping data for table `internal_core_log_items`
-- 


-- --------------------------------------------------------

-- 
-- Table structure for table `internal_core_log_searches`
-- 

CREATE TABLE `internal_core_log_searches` (
  `search_term` text NOT NULL,
  `hits` int(11) unsigned NOT NULL default '0'
) ENGINE=MyISAM DEFAULT CHARSET=utf8;

-- 
-- Dumping data for table `internal_core_log_searches`
-- 


-- --------------------------------------------------------

-- 
-- Table structure for table `internal_groups`
-- 

CREATE TABLE `internal_groups` (
  `id` tinyint(3) unsigned NOT NULL default '0',
  `name` varchar(150) NOT NULL default '',
  PRIMARY KEY  (`id`)
) ENGINE=MyISAM DEFAULT CHARSET=utf8;

-- 
-- Dumping data for table `internal_groups`
-- 

INSERT INTO `internal_groups` VALUES (0, 'Public');
INSERT INTO `internal_groups` VALUES (1, 'Registered');
INSERT INTO `internal_groups` VALUES (2, 'Special');

-- --------------------------------------------------------

-- 
-- Table structure for table `internal_menu`
-- 

CREATE TABLE `internal_menu` (
  `id` int(11) NOT NULL auto_increment,
  `menutype` varchar(225) default NULL,
  `name` text,
  `link` text,
  `type` varchar(150) NOT NULL default '',
  `published` tinyint(1) NOT NULL default '0',
  `parent` int(11) unsigned NOT NULL default '0',
  `componentid` int(11) unsigned NOT NULL default '0',
  `sublevel` int(11) default '0',
  `ordering` int(11) default '0',
  `checked_out` int(11) unsigned NOT NULL default '0',
  `checked_out_time` datetime NOT NULL default '0000-00-00 00:00:00',
  `pollid` int(11) NOT NULL default '0',
  `browserNav` tinyint(4) default '0',
  `access` tinyint(3) unsigned NOT NULL default '0',
  `utaccess` tinyint(3) unsigned NOT NULL default '0',
  `params` text NOT NULL,
  `lft` int(11) unsigned NOT NULL default '0',
  `rgt` int(11) unsigned NOT NULL default '0',
  `home` int(1) unsigned NOT NULL default '0',
  PRIMARY KEY  (`id`),
  KEY `componentid` (`componentid`,`menutype`,`published`,`access`),
  KEY `menutype` (`menutype`)
) ENGINE=MyISAM DEFAULT CHARSET=utf8 AUTO_INCREMENT=54 ;

-- 
-- Dumping data for table `internal_menu`
-- 

INSERT INTO `internal_menu` VALUES (1, 'mainmenu', 'Home', 'index.php?option=com_content&view=frontpage', 'component', 1, 0, 20, 0, 1, 0, '0000-00-00 00:00:00', 0, 0, 0, 3, 'leading=1\r\nintro=2\r\nlink=1\r\nimage=1\r\npage_title=0\r\nheader=Welcome to the Frontpage\r\norderby_sec=front\r\nprint=0\r\npdf=0\r\nemail=0\r\nback_button=0', 0, 0, 1);
INSERT INTO `internal_menu` VALUES (2, 'mainmenu', 'Joomla! License', 'index.php?option=com_content&view=article&id=5', 'component', 1, 0, 20, 0, 4, 0, '0000-00-00 00:00:00', 0, 0, 0, 0, 'article_id=5', 0, 0, 0);
INSERT INTO `internal_menu` VALUES (41, 'mainmenu', 'FAQ', 'index.php?option=com_content&view=section&id=3', 'component', 1, 0, 20, 0, 6, 0, '0000-00-00 00:00:00', 0, 0, 0, 0, 'orderby=\nother_cat_section=1\nempty_cat_section=0\npage_title=1\ndescription=0\ndescription_image=0\nother_cat=1\nempty_cat=0\ncat_items=1\ncat_description=1\ndate_format=\ndate=\nauthor=\nhits=\nheadings=1\nnavigation=1\norder_select=1\ndisplay=1\ndisplay_num=50\nfilter=1\nfilter_type=title\nmenu_image=-1\npageclass_sfx=\nsecure=0\n\n', 0, 0, 0);
INSERT INTO `internal_menu` VALUES (11, 'othermenu', 'Joomla! Home', 'http://www.joomla.org', 'url', 1, 0, 0, 0, 1, 0, '0000-00-00 00:00:00', 0, 0, 0, 3, '', 0, 0, 0);
INSERT INTO `internal_menu` VALUES (12, 'othermenu', 'Joomla! Forums', 'http://forum.joomla.org', 'url', 1, 0, 0, 0, 1, 0, '0000-00-00 00:00:00', 0, 0, 0, 3, '', 0, 0, 0);
INSERT INTO `internal_menu` VALUES (13, 'othermenu', 'Joomla! Help', 'http://help.joomla.org', 'url', 1, 0, 0, 0, 1, 0, '0000-00-00 00:00:00', 0, 0, 0, 3, '', 0, 0, 0);
INSERT INTO `internal_menu` VALUES (14, 'othermenu', 'OSM Home', 'http://www.opensourcematters.org', 'url', 1, 0, 0, 0, 1, 0, '0000-00-00 00:00:00', 0, 0, 0, 4, '', 0, 0, 0);
INSERT INTO `internal_menu` VALUES (15, 'othermenu', 'Administrator', 'administrator/', 'url', 1, 0, 0, 0, 3, 0, '0000-00-00 00:00:00', 0, 0, 0, 3, 'menu_image=-1', 0, 0, 0);
INSERT INTO `internal_menu` VALUES (18, 'topmenu', 'News', 'index.php?option=com_newsfeeds&view=newsfeed&id=1&feedid=1', 'component', -2, 0, 11, 0, 1, 0, '0000-00-00 00:00:00', 0, 0, 0, 3, 'menu_image=-1\nsecure=0\npageclass_sfx=\nheader=\npage_title=1\nfeed_image=1\nfeed_descr=1\nitem_descr=1\nword_count=50\n\n', 0, 0, 0);
INSERT INTO `internal_menu` VALUES (20, 'usermenu', 'Your Details', 'index.php?option=com_user&task=edit', 'url', 1, 0, 0, 0, 1, 0, '0000-00-00 00:00:00', 0, 0, 1, 3, '', 0, 0, 0);
INSERT INTO `internal_menu` VALUES (24, 'usermenu', 'Logout', 'index.php?option=com_login&view=login', 'component', 1, 0, 14, 0, 5, 0, '0000-00-00 00:00:00', 0, 0, 1, 3, '', 0, 0, 0);
INSERT INTO `internal_menu` VALUES (38, 'keyconcepts', 'Content Layouts', 'index.php?option=com_content&view=article&id=24', 'component', 1, 0, 20, 0, 3, 0, '0000-00-00 00:00:00', 0, 0, 0, 0, 'unique_itemid=0\nmenu_image=-1\nsecure=0\n\n', 0, 0, 0);
INSERT INTO `internal_menu` VALUES (27, 'mainmenu', 'Joomla! Overview', 'index.php?option=com_content&view=article&id=19', 'component', 1, 0, 20, 0, 2, 0, '0000-00-00 00:00:00', 0, 0, 0, 0, 'unique_itemid=0\nmenu_image=-1\nsecure=0\n\n', 0, 0, 0);
INSERT INTO `internal_menu` VALUES (28, 'topmenu', 'About Joomla!', 'index.php?option=com_content&view=article&id=25', 'component', -2, 0, 20, 0, 2, 0, '0000-00-00 00:00:00', 0, 0, 0, 0, 'unique_itemid=0\nmenu_image=-1\nsecure=0\n\n', 0, 0, 0);
INSERT INTO `internal_menu` VALUES (29, 'topmenu', 'Features', 'index.php?option=com_content&view=article&id=22', 'component', -2, 0, 20, 0, 3, 0, '0000-00-00 00:00:00', 0, 0, 0, 0, 'unique_itemid=0\nmenu_image=-1\nsecure=0\n\n', 0, 0, 0);
INSERT INTO `internal_menu` VALUES (30, 'topmenu', 'The Community', 'index.php?option=com_content&view=article&id=35', 'component', -2, 0, 20, 0, 4, 0, '0000-00-00 00:00:00', 0, 0, 0, 0, 'unique_itemid=0\nmenu_image=-1\nsecure=0\n\n', 0, 0, 0);
INSERT INTO `internal_menu` VALUES (34, 'mainmenu', 'What''s New in 1.5?', 'index.php?option=com_content&view=article&id=22', 'component', 1, 0, 20, 0, 3, 0, '0000-00-00 00:00:00', 0, 0, 0, 0, 'unique_itemid=0\nmenu_image=-1\nsecure=0\n\n', 0, 0, 0);
INSERT INTO `internal_menu` VALUES (40, 'keyconcepts', 'Extensions', 'index.php?option=com_content&view=article&id=26', 'component', 1, 0, 20, 0, 2, 0, '0000-00-00 00:00:00', 0, 0, 0, 0, 'unique_itemid=0\nmenu_image=-1\nsecure=0\n\n', 0, 0, 0);
INSERT INTO `internal_menu` VALUES (37, 'mainmenu', 'More about Joomla!', 'index.php?option=com_content&view=section&id=4', 'component', 1, 0, 20, 0, 5, 0, '0000-00-00 00:00:00', 0, 0, 0, 0, 'orderby=\nother_cat_section=1\nempty_cat_section=0\npage_title=1\ndescription=0\ndescription_image=0\nother_cat=1\nempty_cat=0\ncat_items=1\ncat_description=1\ndate_format=\ndate=\nauthor=\nhits=\nheadings=1\nnavigation=1\norder_select=1\ndisplay=1\ndisplay_num=50\nfilter=1\nfilter_type=title\nmenu_image=-1\npageclass_sfx=\nsecure=0\n\n', 0, 0, 0);
INSERT INTO `internal_menu` VALUES (43, 'keyconcepts', 'Example Pages', 'index.php?option=com_content&view=article&id=43', 'component', 1, 0, 20, 0, 4, 0, '0000-00-00 00:00:00', 0, 0, 0, 0, 'unique_itemid=0\nmenu_image=-1\nsecure=0\n\n', 0, 0, 0);
INSERT INTO `internal_menu` VALUES (44, 'ExamplePages', 'Section Blog', 'index.php?option=com_content&view=section&layout=blog&id=3', 'component', 1, 0, 20, 0, 1, 0, '0000-00-00 00:00:00', 0, 0, 0, 0, 'header=\npage_title=1\nleading=1\nintro=4\ncolumns=2\nlink=4\norderby_pri=\norderby_sec=\npagination=2\npagination_results=1\nimage=1\ndescription=0\ndescription_image=0\ncategory=0\ncategory_link=0\nitem_title=1\nlink_titles=\nreadmore=\nrating=\nauthor=\ncreatedate=\nmodifydate=\npdf=\nprint=\nemail=\nmenu_image=-1\npageclass_sfx=\nsecure=0\n\n', 0, 0, 0);
INSERT INTO `internal_menu` VALUES (45, 'ExamplePages', 'Section Table', 'index.php?option=com_content&view=section&id=3', 'component', 1, 0, 20, 0, 2, 0, '0000-00-00 00:00:00', 0, 0, 0, 0, 'orderby=\nother_cat_section=1\nempty_cat_section=0\npage_title=1\ndescription=0\ndescription_image=0\nother_cat=1\nempty_cat=0\ncat_items=1\ncat_description=1\ndate_format=\ndate=\nauthor=\nhits=\nheadings=1\nnavigation=1\norder_select=1\ndisplay=1\ndisplay_num=50\nfilter=1\nfilter_type=title\nmenu_image=-1\npageclass_sfx=\nsecure=0\n\n', 0, 0, 0);
INSERT INTO `internal_menu` VALUES (46, 'ExamplePages', 'Category Blog', 'index.php?option=com_content&view=category&layout=blog&id=31', 'component', 1, 0, 20, 0, 3, 0, '0000-00-00 00:00:00', 0, 0, 0, 0, 'header=\npage_title=1\nleading=1\nintro=4\ncolumns=2\nlink=4\norderby_pri=\norderby_sec=\npagination=2\npagination_results=1\nimage=1\ndescription=0\ndescription_image=0\ncategory=0\ncategory_link=0\nitem_title=1\nlink_titles=\nreadmore=\nrating=\nauthor=\ncreatedate=\nmodifydate=\npdf=\nprint=\nemail=\nmenu_image=-1\npageclass_sfx=\nsecure=0\n\n', 0, 0, 0);
INSERT INTO `internal_menu` VALUES (47, 'ExamplePages', 'Category Table', 'index.php?option=com_content&view=category&id=32', 'component', 1, 0, 20, 0, 4, 0, '0000-00-00 00:00:00', 0, 0, 0, 0, 'page_title=1\norderby=\ndate_format=\ndate=\nauthor=\nhits=\nheadings=1\nnavigation=1\ndisplay=1\ndisplay_num=50\nfilter=1\nfilter_type=title\nother_cat=1\nempty_cat=0\ncat_items=1\ncat_description=1\nmenu_image=-1\npageclass_sfx=\nsecure=0\n\n', 0, 0, 0);
INSERT INTO `internal_menu` VALUES (48, 'mainmenu', 'Web Links', 'index.php?option=com_weblinks&view=categories', 'component', 1, 0, 4, 0, 8, 0, '0000-00-00 00:00:00', 0, 0, 0, 0, 'menu_image=-1\npageclass_sfx=\nback_button=\npage_title=1\nheader=\nheadings=1\nhits=\nitem_description=1\nother_cat_section=1\nother_cat=1\ndescription=1\ndescription_text=\nimage=-1\nimage_align=right\nweblink_icons=\n\n', 0, 0, 0);
INSERT INTO `internal_menu` VALUES (49, 'mainmenu', 'News Feeds', 'index.php?option=com_newsfeeds&view=categories', 'component', 1, 0, 11, 0, 9, 0, '0000-00-00 00:00:00', 0, 0, 0, 0, 'menu_image=-1\nsecure=0\npageclass_sfx=\npage_title=1\nheader=\nother_cat_section=1\nother_cat=1\ncat_description=1\ncat_items=1\ndescription=1\ndescription_text=\nimage=-1\nimage_align=right\nheadings=1\nname=1\narticles=1\nlink=1\nfeed_image=1\nfeed_descr=1\nitem_descr=1\nword_count=0\n\n', 0, 0, 0);
INSERT INTO `internal_menu` VALUES (50, 'mainmenu', 'The News', 'index.php?option=com_content&view=category&layout=blog&id=1', 'component', 1, 0, 20, 0, 7, 0, '0000-00-00 00:00:00', 0, 0, 0, 0, 'header=\npage_title=1\nleading=0\nintro=3\ncolumns=1\nlink=6\norderby_pri=\norderby_sec=\npagination=2\npagination_results=1\nimage=1\ndescription=0\ndescription_image=0\ncategory=0\ncategory_link=0\nitem_title=1\nlink_titles=\nreadmore=\nrating=\nauthor=\ncreatedate=\nmodifydate=\npdf=\nprint=\nemail=\nmenu_image=-1\npageclass_sfx=\nsecure=0\n\n', 0, 0, 0);
INSERT INTO `internal_menu` VALUES (51, 'topmenu', 'Home', '1', 'menulink', 1, 0, 0, 0, 5, 0, '0000-00-00 00:00:00', 0, 0, 0, 0, 'menu_item=1\n\n', 0, 0, 0);
INSERT INTO `internal_menu` VALUES (52, 'topmenu', 'CRM', 'index.php?option=com_wrapper&view=wrapper', 'component', 1, 0, 17, 0, 6, 0, '0000-00-00 00:00:00', 0, 0, 0, 0, 'url=http://spartan.mediavessel.com/internal/vtiger_crm/index.php\npage_title=0\nheader=\nscrolling=auto\nwidth=100%\nheight=500\nheight_auto=1\nadd=1\nmenu_image=-1\npageclass_sfx=\n\n', 0, 0, 0);
INSERT INTO `internal_menu` VALUES (53, 'topmenu', 'ERP', 'index.php?option=com_wrapper&view=wrapper', 'component', 1, 0, 17, 0, 7, 0, '0000-00-00 00:00:00', 0, 0, 0, 0, 'url=http://spartan.mediavessel.com/internal/webERP/index.php\npage_title=0\nheader=\nscrolling=auto\nwidth=100%\nheight=500\nheight_auto=1\nadd=1\nmenu_image=-1\npageclass_sfx=\n\n', 0, 0, 0);

-- --------------------------------------------------------

-- 
-- Table structure for table `internal_menu_types`
-- 

CREATE TABLE `internal_menu_types` (
  `id` int(10) unsigned NOT NULL auto_increment,
  `menutype` varchar(225) NOT NULL default '',
  `title` text NOT NULL,
  `description` text NOT NULL,
  PRIMARY KEY  (`id`),
  UNIQUE KEY `menutype` (`menutype`)
) ENGINE=MyISAM DEFAULT CHARSET=utf8 AUTO_INCREMENT=9 ;

-- 
-- Dumping data for table `internal_menu_types`
-- 

INSERT INTO `internal_menu_types` VALUES (1, 'mainmenu', 'Main Menu', 'The main menu for the site');
INSERT INTO `internal_menu_types` VALUES (2, 'usermenu', 'User Menu', 'A menu for logged in users');
INSERT INTO `internal_menu_types` VALUES (3, 'topmenu', 'Top Menu', 'Top level navigation');
INSERT INTO `internal_menu_types` VALUES (4, 'othermenu', 'Other Menu', 'Additional links');
INSERT INTO `internal_menu_types` VALUES (8, 'ExamplePages', 'Example Pages', 'Example Pages');
INSERT INTO `internal_menu_types` VALUES (7, 'keyconcepts', 'Key Concepts', 'This describes some critical information for new users.');

-- --------------------------------------------------------

-- 
-- Table structure for table `internal_messages`
-- 

CREATE TABLE `internal_messages` (
  `message_id` int(10) unsigned NOT NULL auto_increment,
  `user_id_from` int(10) unsigned NOT NULL default '0',
  `user_id_to` int(10) unsigned NOT NULL default '0',
  `folder_id` int(10) unsigned NOT NULL default '0',
  `date_time` datetime NOT NULL default '0000-00-00 00:00:00',
  `state` int(11) NOT NULL default '0',
  `priority` int(1) unsigned NOT NULL default '0',
  `subject` text NOT NULL,
  `message` text NOT NULL,
  PRIMARY KEY  (`message_id`)
) ENGINE=MyISAM DEFAULT CHARSET=utf8 AUTO_INCREMENT=1 ;

-- 
-- Dumping data for table `internal_messages`
-- 


-- --------------------------------------------------------

-- 
-- Table structure for table `internal_messages_cfg`
-- 

CREATE TABLE `internal_messages_cfg` (
  `user_id` int(10) unsigned NOT NULL default '0',
  `cfg_name` text NOT NULL,
  `cfg_value` text NOT NULL,
  UNIQUE KEY `idx_user_var_name` (`user_id`,`cfg_name`(100))
) ENGINE=MyISAM DEFAULT CHARSET=utf8;

-- 
-- Dumping data for table `internal_messages_cfg`
-- 


-- --------------------------------------------------------

-- 
-- Table structure for table `internal_modules`
-- 

CREATE TABLE `internal_modules` (
  `id` int(11) NOT NULL auto_increment,
  `title` text NOT NULL,
  `content` text NOT NULL,
  `ordering` int(11) NOT NULL default '0',
  `position` varchar(150) default NULL,
  `checked_out` int(11) unsigned NOT NULL default '0',
  `checked_out_time` datetime NOT NULL default '0000-00-00 00:00:00',
  `published` tinyint(1) NOT NULL default '0',
  `module` varchar(150) default NULL,
  `numnews` int(11) NOT NULL default '0',
  `access` tinyint(3) unsigned NOT NULL default '0',
  `showtitle` tinyint(3) unsigned NOT NULL default '1',
  `params` text NOT NULL,
  `iscore` tinyint(4) NOT NULL default '0',
  `client_id` tinyint(4) NOT NULL default '0',
  `control` text NOT NULL,
  PRIMARY KEY  (`id`),
  KEY `published` (`published`,`access`),
  KEY `newsfeeds` (`module`,`published`)
) ENGINE=MyISAM DEFAULT CHARSET=utf8 AUTO_INCREMENT=42 ;

-- 
-- Dumping data for table `internal_modules`
-- 

INSERT INTO `internal_modules` VALUES (3, 'Main Menu', '', 1, 'left', 0, '0000-00-00 00:00:00', 0, 'mod_mainmenu', 0, 0, 1, 'menutype=mainmenu\nmoduleclass_sfx=_menu\n', 1, 0, '');
INSERT INTO `internal_modules` VALUES (9, 'Login', '', 1, 'login', 0, '0000-00-00 00:00:00', 1, 'mod_login', 0, 0, 1, '', 1, 1, '');
INSERT INTO `internal_modules` VALUES (18, 'Popular', '', 3, 'cpanel', 0, '0000-00-00 00:00:00', 1, 'mod_popular', 0, 2, 1, '', 0, 1, '');
INSERT INTO `internal_modules` VALUES (19, 'Recent added Articles', '', 4, 'cpanel', 0, '0000-00-00 00:00:00', 1, 'mod_latest', 0, 2, 1, '', 0, 1, '');
INSERT INTO `internal_modules` VALUES (20, 'Menu Stats', '', 5, 'cpanel', 0, '0000-00-00 00:00:00', 1, 'mod_stats', 0, 2, 1, '', 0, 1, '');
INSERT INTO `internal_modules` VALUES (21, 'Unread Messages', '', 1, 'header', 0, '0000-00-00 00:00:00', 1, 'mod_unread', 0, 2, 1, '', 1, 1, '');
INSERT INTO `internal_modules` VALUES (22, 'Online Users', '', 2, 'header', 0, '0000-00-00 00:00:00', 1, 'mod_online', 0, 2, 1, '', 1, 1, '');
INSERT INTO `internal_modules` VALUES (23, 'Toolbar', '', 1, 'toolbar', 0, '0000-00-00 00:00:00', 1, 'mod_toolbar', 0, 2, 1, '', 1, 1, '');
INSERT INTO `internal_modules` VALUES (24, 'Quick Icons', '', 1, 'icon', 0, '0000-00-00 00:00:00', 1, 'mod_quickicon', 0, 2, 1, '', 1, 1, '');
INSERT INTO `internal_modules` VALUES (27, 'Logged in Users', '', 2, 'cpanel', 0, '0000-00-00 00:00:00', 1, 'mod_logged', 0, 2, 1, '', 0, 1, '');
INSERT INTO `internal_modules` VALUES (29, 'Footer', '', 0, 'footer', 0, '0000-00-00 00:00:00', 1, 'mod_footer', 0, 0, 1, '', 1, 1, '');
INSERT INTO `internal_modules` VALUES (31, 'Breadcrumbs', '', 1, 'breadcrumb', 0, '0000-00-00 00:00:00', 1, 'mod_breadcrumbs', 0, 0, 1, 'moduleclass_sfx=\ncache=0\nshowHome=1\nhomeText=Home\nshowComponent=1\nseparator=\n\n', 1, 0, '');
INSERT INTO `internal_modules` VALUES (33, 'Admin Menu', '', 1, 'menu', 0, '0000-00-00 00:00:00', 1, 'mod_menu', 0, 2, 1, 'cache=1', 0, 1, '');
INSERT INTO `internal_modules` VALUES (34, 'Admin SubMenu', '', 1, 'submenu', 0, '0000-00-00 00:00:00', 1, 'mod_submenu', 0, 2, 1, '', 0, 1, '');
INSERT INTO `internal_modules` VALUES (35, 'User Status', '', 1, 'status', 0, '0000-00-00 00:00:00', 1, 'mod_status', 0, 2, 1, '', 0, 1, '');
INSERT INTO `internal_modules` VALUES (36, 'Title', '', 1, 'title', 0, '0000-00-00 00:00:00', 1, 'mod_title', 0, 2, 1, '', 0, 1, '');
INSERT INTO `internal_modules` VALUES (1, 'Polls', '', 1, 'right', 0, '0000-00-00 00:00:00', 0, 'mod_poll', 0, 0, 1, 'id=14\ncache=1', 0, 0, '');
INSERT INTO `internal_modules` VALUES (2, 'User Menu', '', 2, 'left', 0, '0000-00-00 00:00:00', 0, 'mod_mainmenu', 0, 1, 1, 'menutype=usermenu\nmoduleclass_sfx=_menu\ncache=1', 1, 0, '');
INSERT INTO `internal_modules` VALUES (4, 'Login Form', '', 6, 'left', 0, '0000-00-00 00:00:00', 0, 'mod_login', 0, 0, 1, 'greeting=1\nname=0', 1, 0, '');
INSERT INTO `internal_modules` VALUES (5, 'Latest News', '', 4, 'user1', 0, '0000-00-00 00:00:00', 0, 'mod_latestnews', 0, 0, 1, 'cache=1', 1, 0, '');
INSERT INTO `internal_modules` VALUES (6, 'Statistics', '', 4, 'left', 0, '0000-00-00 00:00:00', 0, 'mod_stats', 0, 0, 1, 'serverinfo=1\nsiteinfo=1\ncounter=1\nincrease=0\nmoduleclass_sfx=', 0, 0, '');
INSERT INTO `internal_modules` VALUES (7, 'Who''s Online', '', 1, 'right', 0, '0000-00-00 00:00:00', 0, 'mod_whosonline', 0, 0, 1, 'online=1\nusers=1\nmoduleclass_sfx=', 0, 0, '');
INSERT INTO `internal_modules` VALUES (8, 'Popular', '', 6, 'user2', 0, '0000-00-00 00:00:00', 0, 'mod_mostread', 0, 0, 1, 'cache=1', 0, 0, '');
INSERT INTO `internal_modules` VALUES (10, 'Archive', '', 7, 'left', 0, '0000-00-00 00:00:00', 0, 'mod_archive', 0, 0, 1, 'cache=1', 1, 0, '');
INSERT INTO `internal_modules` VALUES (11, 'Sections', '', 8, 'left', 0, '0000-00-00 00:00:00', 0, 'mod_sections', 0, 0, 1, 'cache=1', 1, 0, '');
INSERT INTO `internal_modules` VALUES (12, 'Newsflash', '', 1, 'top', 0, '0000-00-00 00:00:00', 0, 'mod_newsflash', 0, 0, 1, 'catid=3\r\nstyle=random\r\nitems=\r\nmoduleclass_sfx=', 0, 0, '');
INSERT INTO `internal_modules` VALUES (13, 'Related Items', '', 9, 'left', 0, '0000-00-00 00:00:00', 0, 'mod_related_items', 0, 0, 1, '', 0, 0, '');
INSERT INTO `internal_modules` VALUES (14, 'Search', '', 1, 'user4', 0, '0000-00-00 00:00:00', 0, 'mod_search', 0, 0, 0, 'cache=1', 0, 0, '');
INSERT INTO `internal_modules` VALUES (15, 'Random Image', '', 9, 'right', 0, '0000-00-00 00:00:00', 0, 'mod_random_image', 0, 0, 1, '', 0, 0, '');
INSERT INTO `internal_modules` VALUES (16, 'Top Menu', '', 1, 'user3', 0, '0000-00-00 00:00:00', 1, 'mod_mainmenu', 0, 0, 0, 'cache=1\nmenutype=topmenu\nmenu_style=list_flat\nmenu_images=n\nmenu_images_align=left\nexpand_menu=n\nclass_sfx=-nav\nmoduleclass_sfx=\nindent_image1=0\nindent_image2=0\nindent_image3=0\nindent_image4=0\nindent_image5=0\nindent_image6=0', 1, 0, '');
INSERT INTO `internal_modules` VALUES (17, 'Banners', '', 1, 'banner', 0, '0000-00-00 00:00:00', 0, 'mod_banners', 0, 0, 0, 'banner_cids=\nmoduleclass_sfx=\n', 1, 0, '');
INSERT INTO `internal_modules` VALUES (25, 'Other Menu', '', 2, 'left', 0, '0000-00-00 00:00:00', 0, 'mod_mainmenu', 0, 0, 0, 'menutype=othermenu\nmenu_style=list\ncache=1\nmenu_images=0\nmenu_images_align=0\nexpand_menu=0\nclass_sfx=\nmoduleclass_sfx=\nindent_image=0\nindent_image1=\nindent_image2=\nindent_image3=\nindent_image4=\nindent_image5=\nindent_image6=\nmoduleclass_sfx=_menu\n', 0, 0, '');
INSERT INTO `internal_modules` VALUES (26, 'Wrapper', '', 10, 'left', 0, '0000-00-00 00:00:00', 0, 'mod_wrapper', 0, 0, 1, '', 0, 0, '');
INSERT INTO `internal_modules` VALUES (28, 'Footer', '', 1, 'footer', 0, '0000-00-00 00:00:00', 1, 'mod_footer', 0, 0, 1, '', 1, 0, '');
INSERT INTO `internal_modules` VALUES (30, 'Feed Display', '', 11, 'left', 0, '0000-00-00 00:00:00', 0, 'mod_feed', 0, 0, 1, '', 1, 0, '');
INSERT INTO `internal_modules` VALUES (32, 'Syndication', '', 3, 'syndicate', 0, '0000-00-00 00:00:00', 0, 'mod_syndicate', 0, 0, 0, '', 1, 0, '');
INSERT INTO `internal_modules` VALUES (37, 'Resources', '', 4, 'left', 0, '0000-00-00 00:00:00', 0, 'mod_mainmenu', 0, 0, 1, 'cache=1\nclass_sfx=\nmoduleclass_sfx=_menu\nmenutype=othermenu\nmenu_style=list\nstartLevel=0\nendLevel=0\nshowAllChildren=0\nfull_active_id=0\nmenu_images=0\nmenu_images_align=0\nexpand_menu=0\nactivate_parent=0\nindent_image=0\nindent_image1=\nindent_image2=\nindent_image3=\nindent_image4=\nindent_image5=\nindent_image6=\nspacer=\nend_spacer=\nwindow_open=\n\n', 0, 0, '');
INSERT INTO `internal_modules` VALUES (38, 'Advertisement', '', 3, 'right', 0, '0000-00-00 00:00:00', 0, 'mod_banners', 0, 0, 1, 'count=4\r\nrandomise=0\r\ncid=0\r\ncatid=14\r\nheader_text=Featured Links:\r\nfooter_text=<a href="http://www.joomla.org">Ads by Joomla!</a>\r\nmoduleclass_sfx=_text\r\ncache=0\r\n\r\n', 0, 0, '');
INSERT INTO `internal_modules` VALUES (39, 'Example Pages', '', 3, 'left', 0, '0000-00-00 00:00:00', 0, 'mod_mainmenu', 0, 0, 1, 'cache=1\nclass_sfx=\nmoduleclass_sfx=_menu\nmenutype=ExamplePages\nmenu_style=list_flat\nstartLevel=0\nendLevel=0\nshowAllChildren=0\nfull_active_id=0\nmenu_images=0\nmenu_images_align=0\nexpand_menu=0\nactivate_parent=0\nindent_image=0\nindent_image1=\nindent_image2=\nindent_image3=\nindent_image4=\nindent_image5=\nindent_image6=\nspacer=\nend_spacer=\nwindow_open=\n\n', 0, 0, '');
INSERT INTO `internal_modules` VALUES (40, 'Key Concepts', '', 2, 'left', 0, '0000-00-00 00:00:00', 0, 'mod_mainmenu', 0, 0, 1, 'cache=1\nclass_sfx=\nmoduleclass_sfx=_menu\nmenutype=keyconcepts\nmenu_style=list\nstartLevel=0\nendLevel=0\nshowAllChildren=0\nfull_active_id=0\nmenu_images=0\nmenu_images_align=0\nexpand_menu=0\nactivate_parent=0\nindent_image=0\nindent_image1=\nindent_image2=\nindent_image3=\nindent_image4=\nindent_image5=\nindent_image6=\nspacer=\nend_spacer=\nwindow_open=\n\n', 0, 0, '');
INSERT INTO `internal_modules` VALUES (41, 'Welcome to Joomla!', '<div style="padding: 5px"><p>Congratulations on choosing Joomla! as your content management system. We hope you are able to create a successful website with our program and maybe, you are able to give something back to the community later.</p><p>To make your start with Joomla! as smooth as possible, we want to give you some pointers to documentation, common questions and help on securing your server.</p><p>You should start with the &quot;<a href="http://forum.joomla.org/index.php/topic,47524.0.html" target="_blank">Beginners guide to Joomla!</a>&quot; and for securing your server, you should read this <a href="http://forum.joomla.org/index.php/topic,81058.0.html" target="_blank">security checklist</a>.</p><p>For your most common questions, you should first look in the <a href="http://forum.joomla.org" target="_blank">forum</a> and there especially into the <a href="http://forum.joomla.org/index.php/board,49.0.html" target="_blank">FAQ forum</a>. The forum is most likely the biggest resource on Joomla! there is and you will find almost every question answered at least once, so please first use the search function and then ask your question. <img alt="Smile" border="0" src="../plugins/editors/tinymce/jscripts/tiny_mce/plugins/emotions/images/smiley-smile.gif" title="Smile" /></p><p>Security is a big concern for us, which is why we would like you to subscribe to the <a href="http://forum.joomla.org/index.php/board,8.0.html" target="_blank">anouncenment forum</a> to always get the latest informations on new releases for Joomla! Also, you should regularly check the <a href="http://forum.joomla.org/index.php/board,267.0.html" target="_blank">security forum</a>.</p><p>We hope you have much fun and success with Joomla! and hope to see you in the forum among the hundreds and thousands of contributors.</p><p>Your Joomla! team</p><p>P.S.: To remove this message, delete the &quot;Welcome to Joomla!&quot;-module in the administrator screen of the module manager.</p></div>', 1, 'cpanel', 0, '0000-00-00 00:00:00', 1, 'mod_custom', 0, 2, 1, 'moduleclass_sfx=\n\n', 1, 1, '');

-- --------------------------------------------------------

-- 
-- Table structure for table `internal_modules_menu`
-- 

CREATE TABLE `internal_modules_menu` (
  `moduleid` int(11) NOT NULL default '0',
  `menuid` int(11) NOT NULL default '0',
  PRIMARY KEY  (`moduleid`,`menuid`)
) ENGINE=MyISAM DEFAULT CHARSET=utf8;

-- 
-- Dumping data for table `internal_modules_menu`
-- 

INSERT INTO `internal_modules_menu` VALUES (1, 1);
INSERT INTO `internal_modules_menu` VALUES (2, 0);
INSERT INTO `internal_modules_menu` VALUES (3, 0);
INSERT INTO `internal_modules_menu` VALUES (4, 1);
INSERT INTO `internal_modules_menu` VALUES (5, 1);
INSERT INTO `internal_modules_menu` VALUES (5, 2);
INSERT INTO `internal_modules_menu` VALUES (5, 4);
INSERT INTO `internal_modules_menu` VALUES (5, 27);
INSERT INTO `internal_modules_menu` VALUES (5, 36);
INSERT INTO `internal_modules_menu` VALUES (7, 1);
INSERT INTO `internal_modules_menu` VALUES (8, 1);
INSERT INTO `internal_modules_menu` VALUES (8, 2);
INSERT INTO `internal_modules_menu` VALUES (8, 4);
INSERT INTO `internal_modules_menu` VALUES (8, 27);
INSERT INTO `internal_modules_menu` VALUES (8, 36);
INSERT INTO `internal_modules_menu` VALUES (12, 0);
INSERT INTO `internal_modules_menu` VALUES (14, 0);
INSERT INTO `internal_modules_menu` VALUES (16, 0);
INSERT INTO `internal_modules_menu` VALUES (17, 0);
INSERT INTO `internal_modules_menu` VALUES (25, 1);
INSERT INTO `internal_modules_menu` VALUES (26, 0);
INSERT INTO `internal_modules_menu` VALUES (28, 0);
INSERT INTO `internal_modules_menu` VALUES (30, 0);
INSERT INTO `internal_modules_menu` VALUES (31, 0);
INSERT INTO `internal_modules_menu` VALUES (32, 0);
INSERT INTO `internal_modules_menu` VALUES (40, 0);

-- --------------------------------------------------------

-- 
-- Table structure for table `internal_newsfeeds`
-- 

CREATE TABLE `internal_newsfeeds` (
  `catid` int(11) NOT NULL default '0',
  `id` int(11) NOT NULL auto_increment,
  `name` text NOT NULL,
  `link` text NOT NULL,
  `filename` varchar(200) default NULL,
  `published` tinyint(1) NOT NULL default '0',
  `numarticles` int(11) unsigned NOT NULL default '1',
  `cache_time` int(11) unsigned NOT NULL default '3600',
  `checked_out` tinyint(3) unsigned NOT NULL default '0',
  `checked_out_time` datetime NOT NULL default '0000-00-00 00:00:00',
  `ordering` int(11) NOT NULL default '0',
  `rtl` tinyint(4) NOT NULL default '0',
  PRIMARY KEY  (`id`),
  KEY `published` (`published`)
) ENGINE=MyISAM DEFAULT CHARSET=utf8 AUTO_INCREMENT=10 ;

-- 
-- Dumping data for table `internal_newsfeeds`
-- 

INSERT INTO `internal_newsfeeds` VALUES (4, 1, 'Joomla! - Official News', 'http://www.joomla.org/index.php?option=com_rss_xtd&feed=RSS2.0&type=com_frontpage&Itemid=1', '', 1, 5, 3600, 0, '0000-00-00 00:00:00', 8, 0);
INSERT INTO `internal_newsfeeds` VALUES (4, 2, 'Joomla! - Community News', 'http://www.joomla.org/index.php?option=com_rss_xtd&feed=RSS2.0&type=com_content&task=blogcategory&id=0&Itemid=33', '', 1, 5, 3600, 0, '0000-00-00 00:00:00', 9, 0);
INSERT INTO `internal_newsfeeds` VALUES (4, 3, 'OpenSourceMatters', 'http://www.opensourcematters.org/index2.php?option=com_rss&feed=RSS2.0&no_html=1', '', 1, 5, 3600, 0, '0000-00-00 00:00:00', 10, 0);
INSERT INTO `internal_newsfeeds` VALUES (10, 4, 'Linux Today', 'http://linuxtoday.com/backend/my-netscape.rdf', '', 1, 3, 3600, 0, '0000-00-00 00:00:00', 1, 0);
INSERT INTO `internal_newsfeeds` VALUES (5, 5, 'Business News', 'http://headlines.internet.com/internetnews/bus-news/news.rss', '', 1, 3, 3600, 0, '0000-00-00 00:00:00', 2, 0);
INSERT INTO `internal_newsfeeds` VALUES (11, 6, 'Web Developer News', 'http://headlines.internet.com/internetnews/wd-news/news.rss', '', 1, 3, 3600, 0, '0000-00-00 00:00:00', 3, 0);
INSERT INTO `internal_newsfeeds` VALUES (10, 7, 'Linux Central:New Products', 'http://linuxcentral.com/backend/lcnew.rdf', '', 1, 3, 3600, 0, '0000-00-00 00:00:00', 4, 0);
INSERT INTO `internal_newsfeeds` VALUES (10, 8, 'Linux Central:Best Selling', 'http://linuxcentral.com/backend/lcbestns.rdf', '', 1, 3, 3600, 0, '0000-00-00 00:00:00', 5, 0);
INSERT INTO `internal_newsfeeds` VALUES (10, 9, 'Linux Central:Daily Specials', 'http://linuxcentral.com/backend/lcspecialns.rdf', '', 1, 3, 3600, 0, '0000-00-00 00:00:00', 6, 0);

-- --------------------------------------------------------

-- 
-- Table structure for table `internal_plugins`
-- 

CREATE TABLE `internal_plugins` (
  `id` int(11) NOT NULL auto_increment,
  `name` text NOT NULL,
  `element` text NOT NULL,
  `folder` varchar(100) NOT NULL default '',
  `access` tinyint(3) unsigned NOT NULL default '0',
  `ordering` int(11) NOT NULL default '0',
  `published` tinyint(3) NOT NULL default '0',
  `iscore` tinyint(3) NOT NULL default '0',
  `client_id` tinyint(3) NOT NULL default '0',
  `checked_out` int(11) unsigned NOT NULL default '0',
  `checked_out_time` datetime NOT NULL default '0000-00-00 00:00:00',
  `params` text NOT NULL,
  PRIMARY KEY  (`id`),
  KEY `idx_folder` (`published`,`client_id`,`access`,`folder`)
) ENGINE=MyISAM DEFAULT CHARSET=utf8 AUTO_INCREMENT=36 ;

-- 
-- Dumping data for table `internal_plugins`
-- 

INSERT INTO `internal_plugins` VALUES (2, 'Content - Pagebreak', 'pagebreak', 'content', 0, 10000, 1, 1, 0, 0, '0000-00-00 00:00:00', '');
INSERT INTO `internal_plugins` VALUES (4, 'Content - SEF', 'sef', 'content', 0, 3, 1, 0, 0, 0, '0000-00-00 00:00:00', '');
INSERT INTO `internal_plugins` VALUES (5, 'Content - Rating', 'vote', 'content', 0, 4, 1, 1, 0, 0, '0000-00-00 00:00:00', '');
INSERT INTO `internal_plugins` VALUES (6, 'Search - Content', 'content', 'search', 0, 1, 1, 1, 0, 0, '0000-00-00 00:00:00', '');
INSERT INTO `internal_plugins` VALUES (7, 'Search - Weblinks', 'weblinks', 'search', 0, 2, 1, 1, 0, 0, '0000-00-00 00:00:00', '');
INSERT INTO `internal_plugins` VALUES (8, 'Content - Code Highlighter (Joomla)', 'code', 'content', 0, 2, 0, 0, 0, 0, '0000-00-00 00:00:00', '');
INSERT INTO `internal_plugins` VALUES (9, 'Editor - No Editor', 'none', 'editors', 0, 0, 1, 1, 0, 0, '0000-00-00 00:00:00', '');
INSERT INTO `internal_plugins` VALUES (10, 'Editor - TinyMCE 2.0', 'tinymce', 'editors', 0, 0, 1, 1, 0, 0, '0000-00-00 00:00:00', 'theme=advanced\ncleanup=1\ncleanup_startup=0\nautosave=0\ncompressed=0\nrelative_urls=1\ntext_direction=ltr\nlang_mode=0\nlang_code=en\ninvalid_elements=applet\ncontent_css=1\ncontent_css_custom=\nnewlines=0\ntoolbar=top\nhr=1\nsmilies=1\ntable=1\nstyle=1\nlayer=1\nxhtmlxtras=0\ntemplate=0\ndirectionality=1\nfullscreen=1\nhtml_height=550\nhtml_width=750\npreview=1\ninsertdate=1\nformat_date=%Y-%m-%d\ninserttime=1\nformat_time=%H:%M:%S\n\n');
INSERT INTO `internal_plugins` VALUES (11, 'Editor Button - Image', 'image', 'editors-xtd', 0, 0, 1, 0, 0, 0, '0000-00-00 00:00:00', '');
INSERT INTO `internal_plugins` VALUES (12, 'Editor Button - Pagebreak', 'pagebreak', 'editors-xtd', 0, 0, 1, 0, 0, 0, '0000-00-00 00:00:00', '');
INSERT INTO `internal_plugins` VALUES (13, 'Search - Contacts', 'contacts', 'search', 0, 3, 1, 1, 0, 0, '0000-00-00 00:00:00', '');
INSERT INTO `internal_plugins` VALUES (14, 'Search - Categories', 'categories', 'search', 0, 4, 1, 0, 0, 0, '0000-00-00 00:00:00', '');
INSERT INTO `internal_plugins` VALUES (15, 'Search - Sections', 'sections', 'search', 0, 5, 1, 0, 0, 0, '0000-00-00 00:00:00', '');
INSERT INTO `internal_plugins` VALUES (16, 'Content - Email Cloaking', 'emailcloak', 'content', 0, 5, 1, 0, 0, 0, '0000-00-00 00:00:00', '');
INSERT INTO `internal_plugins` VALUES (17, 'Content - Code Hightlighter (GeSHi)', 'geshi', 'content', 0, 5, 0, 0, 0, 0, '0000-00-00 00:00:00', '');
INSERT INTO `internal_plugins` VALUES (18, 'Search - Newsfeeds', 'newsfeeds', 'search', 0, 6, 1, 0, 0, 0, '0000-00-00 00:00:00', '');
INSERT INTO `internal_plugins` VALUES (19, 'Content - Load Module', 'loadmodule', 'content', 0, 6, 1, 0, 0, 0, '0000-00-00 00:00:00', '');
INSERT INTO `internal_plugins` VALUES (20, 'Authentication - Joomla', 'joomla', 'authentication', 0, 1, 1, 1, 0, 0, '0000-00-00 00:00:00', '');
INSERT INTO `internal_plugins` VALUES (21, 'Authentication - LDAP', 'ldap', 'authentication', 0, 2, 0, 1, 0, 0, '0000-00-00 00:00:00', '');
INSERT INTO `internal_plugins` VALUES (22, 'Authentication - GMail', 'gmail', 'authentication', 0, 4, 0, 0, 0, 0, '0000-00-00 00:00:00', '');
INSERT INTO `internal_plugins` VALUES (25, 'Content - Page Navigation', 'pagenavigation', 'content', 0, 2, 1, 1, 0, 0, '0000-00-00 00:00:00', '');
INSERT INTO `internal_plugins` VALUES (26, 'Editor - XStandard Lite 1.7', 'xstandard', 'editors', 0, 0, 1, 1, 0, 0, '0000-00-00 00:00:00', '');
INSERT INTO `internal_plugins` VALUES (27, 'XML-RPC - Joomla', 'joomla', 'xmlrpc', 0, 7, 1, 1, 0, 0, '0000-00-00 00:00:00', '');
INSERT INTO `internal_plugins` VALUES (28, 'XML-RPC - Blogger API', 'blogger', 'xmlrpc', 0, 7, 1, 1, 0, 0, '0000-00-00 00:00:00', '');
INSERT INTO `internal_plugins` VALUES (30, 'Editor Button - Readmore', 'readmore', 'editors-xtd', 0, 0, 1, 0, 0, 0, '0000-00-00 00:00:00', '');
INSERT INTO `internal_plugins` VALUES (31, 'User - Joomla!', 'joomla', 'user', 0, 0, 1, 0, 0, 0, '0000-00-00 00:00:00', '');
INSERT INTO `internal_plugins` VALUES (32, 'Authentication - OpenID', 'openid', 'authentication', 0, 3, 0, 0, 0, 0, '0000-00-00 00:00:00', '');
INSERT INTO `internal_plugins` VALUES (33, 'System - Debug', 'debug', 'system', 0, 1, 1, 0, 0, 0, '0000-00-00 00:00:00', '');
INSERT INTO `internal_plugins` VALUES (34, 'System - Legacy', 'legacy', 'system', 0, 2, 0, 1, 0, 0, '0000-00-00 00:00:00', '');
INSERT INTO `internal_plugins` VALUES (35, 'System - Cache', 'cache', 'system', 0, 3, 0, 1, 0, 0, '0000-00-00 00:00:00', '');

-- --------------------------------------------------------

-- 
-- Table structure for table `internal_poll_data`
-- 

CREATE TABLE `internal_poll_data` (
  `id` int(11) NOT NULL auto_increment,
  `pollid` int(11) NOT NULL default '0',
  `text` text NOT NULL,
  `hits` int(11) NOT NULL default '0',
  PRIMARY KEY  (`id`),
  KEY `pollid` (`pollid`,`text`(1))
) ENGINE=MyISAM DEFAULT CHARSET=utf8 AUTO_INCREMENT=13 ;

-- 
-- Dumping data for table `internal_poll_data`
-- 

INSERT INTO `internal_poll_data` VALUES (1, 14, 'Community Sites', 2);
INSERT INTO `internal_poll_data` VALUES (2, 14, 'Public Brand Sites', 2);
INSERT INTO `internal_poll_data` VALUES (3, 14, 'eCommerce', 0);
INSERT INTO `internal_poll_data` VALUES (4, 14, 'Blogs', 0);
INSERT INTO `internal_poll_data` VALUES (5, 14, 'Intranets', 0);
INSERT INTO `internal_poll_data` VALUES (6, 14, 'Photo and Media Sites', 0);
INSERT INTO `internal_poll_data` VALUES (7, 14, 'All of the Above!', 3);
INSERT INTO `internal_poll_data` VALUES (8, 14, '', 0);
INSERT INTO `internal_poll_data` VALUES (9, 14, '', 0);
INSERT INTO `internal_poll_data` VALUES (10, 14, '', 0);
INSERT INTO `internal_poll_data` VALUES (11, 14, '', 0);
INSERT INTO `internal_poll_data` VALUES (12, 14, '', 0);

-- --------------------------------------------------------

-- 
-- Table structure for table `internal_poll_date`
-- 

CREATE TABLE `internal_poll_date` (
  `id` bigint(20) NOT NULL auto_increment,
  `date` datetime NOT NULL default '0000-00-00 00:00:00',
  `vote_id` int(11) NOT NULL default '0',
  `poll_id` int(11) NOT NULL default '0',
  PRIMARY KEY  (`id`),
  KEY `poll_id` (`poll_id`)
) ENGINE=MyISAM DEFAULT CHARSET=utf8 AUTO_INCREMENT=8 ;

-- 
-- Dumping data for table `internal_poll_date`
-- 

INSERT INTO `internal_poll_date` VALUES (1, '2006-10-09 13:01:58', 1, 14);
INSERT INTO `internal_poll_date` VALUES (2, '2006-10-10 15:19:43', 7, 14);
INSERT INTO `internal_poll_date` VALUES (3, '2006-10-11 11:08:16', 7, 14);
INSERT INTO `internal_poll_date` VALUES (4, '2006-10-11 15:02:26', 2, 14);
INSERT INTO `internal_poll_date` VALUES (5, '2006-10-11 15:43:03', 7, 14);
INSERT INTO `internal_poll_date` VALUES (6, '2006-10-11 15:43:38', 7, 14);
INSERT INTO `internal_poll_date` VALUES (7, '2006-10-12 00:51:13', 2, 14);

-- --------------------------------------------------------

-- 
-- Table structure for table `internal_poll_menu`
-- 

CREATE TABLE `internal_poll_menu` (
  `pollid` int(11) NOT NULL default '0',
  `menuid` int(11) NOT NULL default '0',
  PRIMARY KEY  (`pollid`,`menuid`)
) ENGINE=MyISAM DEFAULT CHARSET=utf8;

-- 
-- Dumping data for table `internal_poll_menu`
-- 


-- --------------------------------------------------------

-- 
-- Table structure for table `internal_polls`
-- 

CREATE TABLE `internal_polls` (
  `id` int(11) unsigned NOT NULL auto_increment,
  `title` text NOT NULL,
  `voters` int(9) NOT NULL default '0',
  `checked_out` int(11) NOT NULL default '0',
  `checked_out_time` datetime NOT NULL default '0000-00-00 00:00:00',
  `published` tinyint(1) NOT NULL default '0',
  `access` int(11) NOT NULL default '0',
  `lag` int(11) NOT NULL default '0',
  PRIMARY KEY  (`id`)
) ENGINE=MyISAM DEFAULT CHARSET=utf8 AUTO_INCREMENT=15 ;

-- 
-- Dumping data for table `internal_polls`
-- 

INSERT INTO `internal_polls` VALUES (14, 'Joomla! is used for?', 7, 0, '0000-00-00 00:00:00', 1, 0, 86400);

-- --------------------------------------------------------

-- 
-- Table structure for table `internal_sections`
-- 

CREATE TABLE `internal_sections` (
  `id` int(11) NOT NULL auto_increment,
  `title` text NOT NULL,
  `name` text NOT NULL,
  `image` text NOT NULL,
  `scope` varchar(50) NOT NULL default '',
  `image_position` varchar(90) NOT NULL default '',
  `description` text NOT NULL,
  `published` tinyint(1) NOT NULL default '0',
  `checked_out` int(11) unsigned NOT NULL default '0',
  `checked_out_time` datetime NOT NULL default '0000-00-00 00:00:00',
  `ordering` int(11) NOT NULL default '0',
  `access` tinyint(3) unsigned NOT NULL default '0',
  `count` int(11) NOT NULL default '0',
  `params` text NOT NULL,
  PRIMARY KEY  (`id`),
  KEY `idx_scope` (`scope`)
) ENGINE=MyISAM DEFAULT CHARSET=utf8 AUTO_INCREMENT=5 ;

-- 
-- Dumping data for table `internal_sections`
-- 

INSERT INTO `internal_sections` VALUES (1, 'News', 'The News', 'articles.jpg', 'content', 'right', 'Select a news topic from the list below, then select a news article to read.', 1, 0, '0000-00-00 00:00:00', 3, 0, 2, '');
INSERT INTO `internal_sections` VALUES (3, 'FAQs', 'Frequently Asked Questions', 'key.jpg', 'content', 'left', 'From the list below choose one of our FAQs topics, then select an FAQ to read. If you have a question which is not in this section, please contact us.', 1, 0, '0000-00-00 00:00:00', 5, 0, 22, '');
INSERT INTO `internal_sections` VALUES (4, 'About Joomla!', 'About Joomla!', '', 'content', 'left', '', 1, 0, '0000-00-00 00:00:00', 2, 0, 14, '');

-- --------------------------------------------------------

-- 
-- Table structure for table `internal_session`
-- 

CREATE TABLE `internal_session` (
  `username` varchar(150) default '',
  `time` varchar(14) default '',
  `session_id` varchar(200) NOT NULL default '0',
  `guest` tinyint(4) default '1',
  `userid` int(11) default '0',
  `usertype` varchar(150) default '',
  `gid` tinyint(3) unsigned NOT NULL default '0',
  `client_id` tinyint(3) unsigned NOT NULL default '0',
  `data` text,
  PRIMARY KEY  (`session_id`),
  KEY `whosonline` (`guest`,`usertype`)
) ENGINE=MyISAM DEFAULT CHARSET=utf8;

-- 
-- Dumping data for table `internal_session`
-- 

INSERT INTO `internal_session` VALUES ('', '1174929410', '2697df0726bd67e924c0daf3753b0e7a', 1, 0, '', 0, 0, NULL);
INSERT INTO `internal_session` VALUES ('admin', '1174929417', 'b3ecfe5850c9b339b248a083c02d7faa', 0, 62, 'Super Administrator', 25, 1, NULL);

-- --------------------------------------------------------

-- 
-- Table structure for table `internal_stats_agents`
-- 

CREATE TABLE `internal_stats_agents` (
  `agent` varchar(255) NOT NULL default '',
  `type` tinyint(1) unsigned NOT NULL default '0',
  `hits` int(11) unsigned NOT NULL default '1'
) ENGINE=MyISAM DEFAULT CHARSET=utf8;

-- 
-- Dumping data for table `internal_stats_agents`
-- 


-- --------------------------------------------------------

-- 
-- Table structure for table `internal_template_positions`
-- 

CREATE TABLE `internal_template_positions` (
  `id` int(11) NOT NULL auto_increment,
  `position` varchar(150) NOT NULL default '',
  `description` text NOT NULL,
  PRIMARY KEY  (`id`)
) ENGINE=MyISAM DEFAULT CHARSET=utf8 AUTO_INCREMENT=35 ;

-- 
-- Dumping data for table `internal_template_positions`
-- 

INSERT INTO `internal_template_positions` VALUES (1, 'left', '');
INSERT INTO `internal_template_positions` VALUES (2, 'right', '');
INSERT INTO `internal_template_positions` VALUES (3, 'top', '');
INSERT INTO `internal_template_positions` VALUES (4, 'bottom', '');
INSERT INTO `internal_template_positions` VALUES (5, 'inset', '');
INSERT INTO `internal_template_positions` VALUES (6, 'banner', '');
INSERT INTO `internal_template_positions` VALUES (7, 'header', '');
INSERT INTO `internal_template_positions` VALUES (8, 'footer', '');
INSERT INTO `internal_template_positions` VALUES (9, 'newsflash', '');
INSERT INTO `internal_template_positions` VALUES (10, 'legals', '');
INSERT INTO `internal_template_positions` VALUES (11, 'pathway', '');
INSERT INTO `internal_template_positions` VALUES (12, 'breadcrumb', '');
INSERT INTO `internal_template_positions` VALUES (13, 'toolbar', '');
INSERT INTO `internal_template_positions` VALUES (14, 'menu', '');
INSERT INTO `internal_template_positions` VALUES (15, 'cpanel', '');
INSERT INTO `internal_template_positions` VALUES (16, 'user1', '');
INSERT INTO `internal_template_positions` VALUES (17, 'user2', '');
INSERT INTO `internal_template_positions` VALUES (18, 'user3', '');
INSERT INTO `internal_template_positions` VALUES (19, 'user4', '');
INSERT INTO `internal_template_positions` VALUES (20, 'user5', '');
INSERT INTO `internal_template_positions` VALUES (21, 'user6', '');
INSERT INTO `internal_template_positions` VALUES (22, 'user7', '');
INSERT INTO `internal_template_positions` VALUES (23, 'user8', '');
INSERT INTO `internal_template_positions` VALUES (24, 'user9', '');
INSERT INTO `internal_template_positions` VALUES (25, 'advert1', '');
INSERT INTO `internal_template_positions` VALUES (26, 'advert2', '');
INSERT INTO `internal_template_positions` VALUES (27, 'advert3', '');
INSERT INTO `internal_template_positions` VALUES (28, 'icon', '');
INSERT INTO `internal_template_positions` VALUES (29, 'debug', '');
INSERT INTO `internal_template_positions` VALUES (30, 'submenu', '');
INSERT INTO `internal_template_positions` VALUES (31, 'status', '');
INSERT INTO `internal_template_positions` VALUES (32, 'title', '');
INSERT INTO `internal_template_positions` VALUES (33, 'syndicate', '');
INSERT INTO `internal_template_positions` VALUES (34, 'cp_shell', '');

-- --------------------------------------------------------

-- 
-- Table structure for table `internal_templates_menu`
-- 

CREATE TABLE `internal_templates_menu` (
  `template` text NOT NULL,
  `menuid` int(11) NOT NULL default '0',
  `client_id` tinyint(4) NOT NULL default '0',
  PRIMARY KEY  (`template`(255),`menuid`)
) ENGINE=MyISAM DEFAULT CHARSET=utf8;

-- 
-- Dumping data for table `internal_templates_menu`
-- 

INSERT INTO `internal_templates_menu` VALUES ('rhuk_milkyway', 0, 0);
INSERT INTO `internal_templates_menu` VALUES ('khepri', 0, 1);

-- --------------------------------------------------------

-- 
-- Table structure for table `internal_users`
-- 

CREATE TABLE `internal_users` (
  `id` int(11) NOT NULL auto_increment,
  `name` text NOT NULL,
  `username` varchar(150) NOT NULL default '',
  `email` varchar(100) NOT NULL default '',
  `password` varchar(100) NOT NULL default '',
  `usertype` varchar(75) NOT NULL default '',
  `block` tinyint(4) NOT NULL default '0',
  `sendEmail` tinyint(4) default '0',
  `gid` tinyint(3) unsigned NOT NULL default '1',
  `registerDate` datetime NOT NULL default '0000-00-00 00:00:00',
  `lastvisitDate` datetime NOT NULL default '0000-00-00 00:00:00',
  `activation` varchar(100) NOT NULL default '',
  `params` text NOT NULL,
  PRIMARY KEY  (`id`),
  KEY `usertype` (`usertype`),
  KEY `idx_name` (`name`(255))
) ENGINE=MyISAM DEFAULT CHARSET=utf8 AUTO_INCREMENT=63 ;

-- 
-- Dumping data for table `internal_users`
-- 

INSERT INTO `internal_users` VALUES (62, 'Administrator', 'admin', 'gareth@mahsie.com', '1cc4e9a2f44b20ebf711479e2cb3b7fe', 'Super Administrator', 0, 1, 25, '2007-03-21 22:06:37', '2007-03-26 13:08:27', '', '');

-- --------------------------------------------------------

-- 
-- Table structure for table `internal_weblinks`
-- 

CREATE TABLE `internal_weblinks` (
  `id` int(11) unsigned NOT NULL auto_increment,
  `catid` int(11) NOT NULL default '0',
  `sid` int(11) NOT NULL default '0',
  `title` text NOT NULL,
  `url` varchar(250) NOT NULL default '',
  `description` text NOT NULL,
  `date` datetime NOT NULL default '0000-00-00 00:00:00',
  `hits` int(11) NOT NULL default '0',
  `published` tinyint(1) NOT NULL default '0',
  `checked_out` int(11) NOT NULL default '0',
  `checked_out_time` datetime NOT NULL default '0000-00-00 00:00:00',
  `ordering` int(11) NOT NULL default '0',
  `archived` tinyint(1) NOT NULL default '0',
  `approved` tinyint(1) NOT NULL default '1',
  `params` text NOT NULL,
  PRIMARY KEY  (`id`),
  KEY `catid` (`catid`,`published`,`archived`)
) ENGINE=MyISAM DEFAULT CHARSET=utf8 AUTO_INCREMENT=6 ;

-- 
-- Dumping data for table `internal_weblinks`
-- 

INSERT INTO `internal_weblinks` VALUES (1, 2, 0, 'Joomla!', 'http://www.joomla.org', 'Home of Joomla!', '2005-02-14 15:19:02', 2, 1, 0, '0000-00-00 00:00:00', 1, 0, 1, 'target=0');
INSERT INTO `internal_weblinks` VALUES (2, 2, 0, 'php.net', 'http://www.php.net', 'The language that Joomla! is developed in', '2004-07-07 11:33:24', 5, 1, 0, '0000-00-00 00:00:00', 3, 0, 1, '');
INSERT INTO `internal_weblinks` VALUES (3, 2, 0, 'MySQL', 'http://www.mysql.com', 'The database that Joomla! uses', '2004-07-07 10:18:31', 0, 1, 0, '0000-00-00 00:00:00', 5, 0, 1, '');
INSERT INTO `internal_weblinks` VALUES (4, 2, 0, 'OpenSourceMatters', 'http://www.opensourcematters.org', 'Home of OSM', '2005-02-14 15:19:02', 10, 1, 0, '0000-00-00 00:00:00', 2, 0, 1, 'target=0');
INSERT INTO `internal_weblinks` VALUES (5, 2, 0, 'Joomla! - Forums', 'http://forum.joomla.org', 'Joomla! Forums', '2005-02-14 15:19:02', 3, 1, 0, '0000-00-00 00:00:00', 4, 0, 1, 'target=0');

-- --------------------------------------------------------

-- 
-- Table structure for table `inventorynotification`
-- 

CREATE TABLE `inventorynotification` (
  `notificationid` int(19) NOT NULL auto_increment,
  `notificationname` varchar(200) default NULL,
  `notificationsubject` varchar(200) default NULL,
  `notificationbody` longtext,
  `label` varchar(50) default NULL,
  PRIMARY KEY  (`notificationid`)
) ENGINE=InnoDB DEFAULT CHARSET=latin1 AUTO_INCREMENT=4 ;

-- 
-- Dumping data for table `inventorynotification`
-- 

INSERT INTO `inventorynotification` VALUES (1, 'InvoiceNotification', '{PRODUCTNAME} Stock Level is Low', 'Dear {HANDLER},\n\nThe current stock of {PRODUCTNAME} in our warehouse is {CURRENTSTOCK}. Kindly procure required number of units as the stock level is below reorder level {REORDERLEVELVALUE}.\n\nPlease treat this information as Urgent as the invoice is already sent  to the customer.\n\nSeverity: Critical\n\nThanks,\n{CURRENTUSER} ', 'InvoiceNotificationDescription');
INSERT INTO `inventorynotification` VALUES (2, 'QuoteNotification', 'Quote given for {PRODUCTNAME}', 'Dear {HANDLER},\n\nQuote is generated for {QUOTEQUANTITY} units of {PRODUCTNAME}. The current stock of {PRODUCTNAME} in our warehouse is {CURRENTSTOCK}. \n\nSeverity: Minor\n\nThanks,\n{CURRENTUSER} ', 'QuoteNotificationDescription');
INSERT INTO `inventorynotification` VALUES (3, 'SalesOrderNotification', 'Sales Order generated for {PRODUCTNAME}', 'Dear {HANDLER},\n\nSalesOrder is generated for {SOQUANTITY} units of {PRODUCTNAME}. The current stock of {PRODUCTNAME} in our warehouse is {CURRENTSTOCK}. \n\nPlease treat this information  with priority as the sales order is already generated.\n\nSeverity: Major\n\nThanks,\n{CURRENTUSER} ', 'SalesOrderNotificationDescription');

-- --------------------------------------------------------

-- 
-- Table structure for table `inventorynotification_seq`
-- 

CREATE TABLE `inventorynotification_seq` (
  `id` int(11) NOT NULL default '0'
) ENGINE=MyISAM DEFAULT CHARSET=latin1;

-- 
-- Dumping data for table `inventorynotification_seq`
-- 

INSERT INTO `inventorynotification_seq` VALUES (3);

-- --------------------------------------------------------

-- 
-- Table structure for table `invoice`
-- 

CREATE TABLE `invoice` (
  `invoiceid` int(19) NOT NULL default '0',
  `subject` varchar(100) default NULL,
  `salesorderid` int(19) default NULL,
  `customerno` varchar(100) default NULL,
  `notes` varchar(100) default NULL,
  `invoicedate` date default NULL,
  `duedate` date default NULL,
  `invoiceterms` varchar(100) default NULL,
  `type` varchar(100) default NULL,
  `salestax` decimal(11,3) default NULL,
  `adjustment` decimal(11,3) default NULL,
  `salescommission` decimal(11,3) default NULL,
  `exciseduty` decimal(11,3) default NULL,
  `subtotal` decimal(11,3) default NULL,
  `total` decimal(11,3) default NULL,
  `shipping` varchar(100) default NULL,
  `accountid` int(19) default NULL,
  `terms_conditions` longtext,
  `purchaseorder` varchar(200) default NULL,
  `invoicestatus` varchar(200) default NULL,
  PRIMARY KEY  (`invoiceid`)
) ENGINE=InnoDB DEFAULT CHARSET=latin1;

-- 
-- Dumping data for table `invoice`
-- 


-- --------------------------------------------------------

-- 
-- Table structure for table `invoicebillads`
-- 

CREATE TABLE `invoicebillads` (
  `invoicebilladdressid` int(19) NOT NULL default '0',
  `bill_city` varchar(30) default NULL,
  `bill_code` varchar(30) default NULL,
  `bill_country` varchar(30) default NULL,
  `bill_state` varchar(30) default NULL,
  `bill_street` varchar(250) default NULL,
  PRIMARY KEY  (`invoicebilladdressid`)
) ENGINE=InnoDB DEFAULT CHARSET=latin1;

-- 
-- Dumping data for table `invoicebillads`
-- 


-- --------------------------------------------------------

-- 
-- Table structure for table `invoicecf`
-- 

CREATE TABLE `invoicecf` (
  `invoiceid` int(19) NOT NULL default '0',
  PRIMARY KEY  (`invoiceid`)
) ENGINE=InnoDB DEFAULT CHARSET=latin1;

-- 
-- Dumping data for table `invoicecf`
-- 


-- --------------------------------------------------------

-- 
-- Table structure for table `invoiceproductrel`
-- 

CREATE TABLE `invoiceproductrel` (
  `invoiceid` int(19) NOT NULL default '0',
  `productid` int(19) NOT NULL default '0',
  `quantity` int(19) default NULL,
  `listprice` decimal(11,3) default NULL,
  PRIMARY KEY  (`invoiceid`,`productid`),
  KEY `InvoiceProductRel_IDX1` (`productid`)
) ENGINE=InnoDB DEFAULT CHARSET=latin1;

-- 
-- Dumping data for table `invoiceproductrel`
-- 


-- --------------------------------------------------------

-- 
-- Table structure for table `invoiceshipads`
-- 

CREATE TABLE `invoiceshipads` (
  `invoiceshipaddressid` int(19) NOT NULL default '0',
  `ship_city` varchar(30) default NULL,
  `ship_code` varchar(30) default NULL,
  `ship_country` varchar(30) default NULL,
  `ship_state` varchar(30) default NULL,
  `ship_street` varchar(250) default NULL,
  PRIMARY KEY  (`invoiceshipaddressid`)
) ENGINE=InnoDB DEFAULT CHARSET=latin1;

-- 
-- Dumping data for table `invoiceshipads`
-- 


-- --------------------------------------------------------

-- 
-- Table structure for table `invoicestatus`
-- 

CREATE TABLE `invoicestatus` (
  `inovicestatusid` int(19) NOT NULL auto_increment,
  `invoicestatus` varchar(200) NOT NULL default '',
  `sortorderid` int(19) NOT NULL default '0',
  `presence` int(1) NOT NULL default '1',
  PRIMARY KEY  (`inovicestatusid`),
  UNIQUE KEY `invoicestatus_UK0` (`invoicestatus`)
) ENGINE=InnoDB DEFAULT CHARSET=latin1 AUTO_INCREMENT=6 ;

-- 
-- Dumping data for table `invoicestatus`
-- 

INSERT INTO `invoicestatus` VALUES (1, 'Created', 0, 1);
INSERT INTO `invoicestatus` VALUES (2, 'Approved', 1, 1);
INSERT INTO `invoicestatus` VALUES (3, 'Sent', 2, 1);
INSERT INTO `invoicestatus` VALUES (4, 'Credit Invoice', 3, 1);
INSERT INTO `invoicestatus` VALUES (5, 'Paid', 4, 1);

-- --------------------------------------------------------

-- 
-- Table structure for table `jos_banner`
-- 

CREATE TABLE `jos_banner` (
  `bid` int(11) NOT NULL auto_increment,
  `cid` int(11) NOT NULL default '0',
  `type` varchar(10) NOT NULL default 'banner',
  `name` varchar(50) NOT NULL default '',
  `imptotal` int(11) NOT NULL default '0',
  `impmade` int(11) NOT NULL default '0',
  `clicks` int(11) NOT NULL default '0',
  `imageurl` varchar(100) NOT NULL default '',
  `clickurl` varchar(200) NOT NULL default '',
  `date` datetime default NULL,
  `showBanner` tinyint(1) NOT NULL default '0',
  `checked_out` tinyint(1) NOT NULL default '0',
  `checked_out_time` datetime NOT NULL default '0000-00-00 00:00:00',
  `editor` varchar(50) default NULL,
  `custombannercode` text,
  PRIMARY KEY  (`bid`),
  KEY `viewbanner` (`showBanner`)
) ENGINE=MyISAM DEFAULT CHARSET=latin1 AUTO_INCREMENT=3 ;

-- 
-- Dumping data for table `jos_banner`
-- 

INSERT INTO `jos_banner` VALUES (1, 1, 'banner', 'OSM 1', 0, 600, 1, 'osmbanner1.png', 'http://www.opensourcematters.org', '2004-07-07 15:31:29', 1, 0, '0000-00-00 00:00:00', NULL, NULL);
INSERT INTO `jos_banner` VALUES (2, 1, 'banner', 'OSM 2', 0, 580, 0, 'osmbanner2.png', 'http://www.opensourcematters.org', '2004-07-07 15:31:29', 1, 0, '0000-00-00 00:00:00', NULL, NULL);

-- --------------------------------------------------------

-- 
-- Table structure for table `jos_bannerclient`
-- 

CREATE TABLE `jos_bannerclient` (
  `cid` int(11) NOT NULL auto_increment,
  `name` varchar(60) NOT NULL default '',
  `contact` varchar(60) NOT NULL default '',
  `email` varchar(60) NOT NULL default '',
  `extrainfo` text NOT NULL,
  `checked_out` tinyint(1) NOT NULL default '0',
  `checked_out_time` time default NULL,
  `editor` varchar(50) default NULL,
  PRIMARY KEY  (`cid`)
) ENGINE=MyISAM DEFAULT CHARSET=latin1 AUTO_INCREMENT=2 ;

-- 
-- Dumping data for table `jos_bannerclient`
-- 

INSERT INTO `jos_bannerclient` VALUES (1, 'Open Source Matters', 'Administrator', 'admin@opensourcematters.org', '', 0, '00:00:00', NULL);

-- --------------------------------------------------------

-- 
-- Table structure for table `jos_bannerfinish`
-- 

CREATE TABLE `jos_bannerfinish` (
  `bid` int(11) NOT NULL auto_increment,
  `cid` int(11) NOT NULL default '0',
  `type` varchar(10) NOT NULL default '',
  `name` varchar(50) NOT NULL default '',
  `impressions` int(11) NOT NULL default '0',
  `clicks` int(11) NOT NULL default '0',
  `imageurl` varchar(50) NOT NULL default '',
  `datestart` datetime default NULL,
  `dateend` datetime default NULL,
  PRIMARY KEY  (`bid`)
) ENGINE=MyISAM DEFAULT CHARSET=latin1 AUTO_INCREMENT=1 ;

-- 
-- Dumping data for table `jos_bannerfinish`
-- 


-- --------------------------------------------------------

-- 
-- Table structure for table `jos_categories`
-- 

CREATE TABLE `jos_categories` (
  `id` int(11) NOT NULL auto_increment,
  `parent_id` int(11) NOT NULL default '0',
  `title` varchar(50) NOT NULL default '',
  `name` varchar(255) NOT NULL default '',
  `image` varchar(100) NOT NULL default '',
  `section` varchar(50) NOT NULL default '',
  `image_position` varchar(10) NOT NULL default '',
  `description` text NOT NULL,
  `published` tinyint(1) NOT NULL default '0',
  `checked_out` int(11) unsigned NOT NULL default '0',
  `checked_out_time` datetime NOT NULL default '0000-00-00 00:00:00',
  `editor` varchar(50) default NULL,
  `ordering` int(11) NOT NULL default '0',
  `access` tinyint(3) unsigned NOT NULL default '0',
  `count` int(11) NOT NULL default '0',
  `params` text NOT NULL,
  PRIMARY KEY  (`id`),
  KEY `cat_idx` (`section`,`published`,`access`),
  KEY `idx_section` (`section`),
  KEY `idx_access` (`access`),
  KEY `idx_checkout` (`checked_out`)
) ENGINE=MyISAM DEFAULT CHARSET=latin1 AUTO_INCREMENT=13 ;

-- 
-- Dumping data for table `jos_categories`
-- 

INSERT INTO `jos_categories` VALUES (1, 0, 'Latest', 'Latest News', 'taking_notes.jpg', '1', 'left', 'The latest news from the Joomla! Team', 1, 0, '0000-00-00 00:00:00', '', 0, 0, 1, '');
INSERT INTO `jos_categories` VALUES (2, 0, 'Joomla!', 'Joomla!', 'clock.jpg', 'com_weblinks', 'left', 'A selection of links that are all related to the Joomla! Project.', 1, 0, '0000-00-00 00:00:00', NULL, 0, 0, 0, '');
INSERT INTO `jos_categories` VALUES (3, 0, 'Newsflash', 'Newsflash', '', '2', 'left', '', 1, 0, '0000-00-00 00:00:00', '', 0, 0, 0, '');
INSERT INTO `jos_categories` VALUES (4, 0, 'Joomla!', 'Joomla!', '', 'com_newsfeeds', 'left', '', 1, 0, '0000-00-00 00:00:00', NULL, 2, 0, 0, '');
INSERT INTO `jos_categories` VALUES (5, 0, 'Business: general', 'Business: general', '', 'com_newsfeeds', 'left', '', 1, 0, '0000-00-00 00:00:00', NULL, 1, 0, 0, '');
INSERT INTO `jos_categories` VALUES (7, 0, 'Examples', 'Example FAQs', 'key.jpg', '3', 'left', 'Here you will find an example set of FAQs.', 1, 0, '0000-00-00 00:00:00', NULL, 0, 0, 2, '');
INSERT INTO `jos_categories` VALUES (9, 0, 'Finance', 'Finance', '', 'com_newsfeeds', 'left', '', 1, 0, '0000-00-00 00:00:00', NULL, 5, 0, 0, '');
INSERT INTO `jos_categories` VALUES (10, 0, 'Linux', 'Linux', '', 'com_newsfeeds', 'left', '<br />\r\n', 1, 0, '0000-00-00 00:00:00', NULL, 6, 0, 0, '');
INSERT INTO `jos_categories` VALUES (11, 0, 'Internet', 'Internet', '', 'com_newsfeeds', 'left', '', 1, 0, '0000-00-00 00:00:00', NULL, 7, 0, 0, '');
INSERT INTO `jos_categories` VALUES (12, 0, 'Contacts', 'Contacts', '', 'com_contact_details', 'left', 'Contact Details for this website', 1, 0, '0000-00-00 00:00:00', NULL, 0, 0, 0, '');

-- --------------------------------------------------------

-- 
-- Table structure for table `jos_components`
-- 

CREATE TABLE `jos_components` (
  `id` int(11) NOT NULL auto_increment,
  `name` varchar(50) NOT NULL default '',
  `link` varchar(255) NOT NULL default '',
  `menuid` int(11) unsigned NOT NULL default '0',
  `parent` int(11) unsigned NOT NULL default '0',
  `admin_menu_link` varchar(255) NOT NULL default '',
  `admin_menu_alt` varchar(255) NOT NULL default '',
  `option` varchar(50) NOT NULL default '',
  `ordering` int(11) NOT NULL default '0',
  `admin_menu_img` varchar(255) NOT NULL default '',
  `iscore` tinyint(4) NOT NULL default '0',
  `params` text NOT NULL,
  PRIMARY KEY  (`id`)
) ENGINE=MyISAM DEFAULT CHARSET=latin1 AUTO_INCREMENT=22 ;

-- 
-- Dumping data for table `jos_components`
-- 

INSERT INTO `jos_components` VALUES (1, 'Banners', '', 0, 0, '', 'Banner Management', 'com_banners', 0, 'js/ThemeOffice/component.png', 0, '');
INSERT INTO `jos_components` VALUES (2, 'Manage Banners', '', 0, 1, 'option=com_banners', 'Active Banners', 'com_banners', 1, 'js/ThemeOffice/edit.png', 0, '');
INSERT INTO `jos_components` VALUES (3, 'Manage Clients', '', 0, 1, 'option=com_banners&task=listclients', 'Manage Clients', 'com_banners', 2, 'js/ThemeOffice/categories.png', 0, '');
INSERT INTO `jos_components` VALUES (4, 'Web Links', 'option=com_weblinks', 0, 0, '', 'Manage Weblinks', 'com_weblinks', 0, 'js/ThemeOffice/globe2.png', 0, '');
INSERT INTO `jos_components` VALUES (5, 'Web Link Items', '', 0, 4, 'option=com_weblinks', 'View existing weblinks', 'com_weblinks', 1, 'js/ThemeOffice/edit.png', 0, '');
INSERT INTO `jos_components` VALUES (6, 'Web Link Categories', '', 0, 4, 'option=categories&section=com_weblinks', 'Manage weblink categories', '', 2, 'js/ThemeOffice/categories.png', 0, '');
INSERT INTO `jos_components` VALUES (7, 'Contacts', 'option=com_contact', 0, 0, '', 'Edit contact details', 'com_contact', 0, 'js/ThemeOffice/user.png', 1, '');
INSERT INTO `jos_components` VALUES (8, 'Manage Contacts', '', 0, 7, 'option=com_contact', 'Edit contact details', 'com_contact', 0, 'js/ThemeOffice/edit.png', 1, '');
INSERT INTO `jos_components` VALUES (9, 'Contact Categories', '', 0, 7, 'option=categories&section=com_contact_details', 'Manage contact categories', '', 2, 'js/ThemeOffice/categories.png', 1, '');
INSERT INTO `jos_components` VALUES (10, 'Front Page', 'option=com_frontpage', 0, 0, '', 'Manage Front Page Items', 'com_frontpage', 0, 'js/ThemeOffice/component.png', 1, '');
INSERT INTO `jos_components` VALUES (11, 'Polls', 'option=com_poll', 0, 0, 'option=com_poll', 'Manage Polls', 'com_poll', 0, 'js/ThemeOffice/component.png', 0, '');
INSERT INTO `jos_components` VALUES (12, 'News Feeds', 'option=com_newsfeeds', 0, 0, '', 'News Feeds Management', 'com_newsfeeds', 0, 'js/ThemeOffice/component.png', 0, '');
INSERT INTO `jos_components` VALUES (13, 'Manage News Feeds', '', 0, 12, 'option=com_newsfeeds', 'Manage News Feeds', 'com_newsfeeds', 1, 'js/ThemeOffice/edit.png', 0, '');
INSERT INTO `jos_components` VALUES (14, 'Manage Categories', '', 0, 12, 'option=com_categories&section=com_newsfeeds', 'Manage Categories', '', 2, 'js/ThemeOffice/categories.png', 0, '');
INSERT INTO `jos_components` VALUES (15, 'Login', 'option=com_login', 0, 0, '', '', 'com_login', 0, '', 1, '');
INSERT INTO `jos_components` VALUES (16, 'Search', 'option=com_search', 0, 0, '', '', 'com_search', 0, '', 1, '');
INSERT INTO `jos_components` VALUES (17, 'Syndicate', '', 0, 0, 'option=com_syndicate&hidemainmenu=1', 'Manage Syndication Settings', 'com_syndicate', 0, 'js/ThemeOffice/component.png', 0, '');
INSERT INTO `jos_components` VALUES (18, 'Mass Mail', '', 0, 0, 'option=com_massmail&hidemainmenu=1', 'Send Mass Mail', 'com_massmail', 0, 'js/ThemeOffice/mass_email.png', 0, '');
INSERT INTO `jos_components` VALUES (19, 'VirtueMart', 'option=com_virtuemart', 0, 0, 'option=com_virtuemart', 'VirtueMart', 'com_virtuemart', 0, '../administrator/components/com_virtuemart/favicon.ico', 0, '');
INSERT INTO `jos_components` VALUES (20, 'virtuemart_version', '', 0, 9999, '', '', '', 0, '', 0, 'RELEASE=1.0.10\nDEV_STATUS=stable');
INSERT INTO `jos_components` VALUES (21, 'joomlaXplorer', 'option=com_joomlaxplorer', 0, 0, 'option=com_joomlaxplorer', 'joomlaXplorer', 'com_joomlaxplorer', 0, '../administrator/components/com_joomlaxplorer/_img/joomla_x_icon.png', 0, '');

-- --------------------------------------------------------

-- 
-- Table structure for table `jos_contact_details`
-- 

CREATE TABLE `jos_contact_details` (
  `id` int(11) NOT NULL auto_increment,
  `name` varchar(100) NOT NULL default '',
  `con_position` varchar(50) default NULL,
  `address` text,
  `suburb` varchar(50) default NULL,
  `state` varchar(20) default NULL,
  `country` varchar(50) default NULL,
  `postcode` varchar(10) default NULL,
  `telephone` varchar(25) default NULL,
  `fax` varchar(25) default NULL,
  `misc` mediumtext,
  `image` varchar(100) default NULL,
  `imagepos` varchar(20) default NULL,
  `email_to` varchar(100) default NULL,
  `default_con` tinyint(1) unsigned NOT NULL default '0',
  `published` tinyint(1) unsigned NOT NULL default '0',
  `checked_out` int(11) unsigned NOT NULL default '0',
  `checked_out_time` datetime NOT NULL default '0000-00-00 00:00:00',
  `ordering` int(11) NOT NULL default '0',
  `params` text NOT NULL,
  `user_id` int(11) NOT NULL default '0',
  `catid` int(11) NOT NULL default '0',
  `access` tinyint(3) unsigned NOT NULL default '0',
  PRIMARY KEY  (`id`)
) ENGINE=MyISAM DEFAULT CHARSET=latin1 AUTO_INCREMENT=2 ;

-- 
-- Dumping data for table `jos_contact_details`
-- 

INSERT INTO `jos_contact_details` VALUES (1, 'Name', 'Position', 'Street', 'Suburb', 'State', 'Country', 'Zip Code', 'Telephone', 'Fax', 'Miscellanous info', 'asterisk.png', 'top', 'email@email.com', 1, 1, 0, '0000-00-00 00:00:00', 1, '', 0, 12, 0);

-- --------------------------------------------------------

-- 
-- Table structure for table `jos_content`
-- 

CREATE TABLE `jos_content` (
  `id` int(11) unsigned NOT NULL auto_increment,
  `title` varchar(100) NOT NULL default '',
  `title_alias` varchar(100) NOT NULL default '',
  `introtext` mediumtext NOT NULL,
  `fulltext` mediumtext NOT NULL,
  `state` tinyint(3) NOT NULL default '0',
  `sectionid` int(11) unsigned NOT NULL default '0',
  `mask` int(11) unsigned NOT NULL default '0',
  `catid` int(11) unsigned NOT NULL default '0',
  `created` datetime NOT NULL default '0000-00-00 00:00:00',
  `created_by` int(11) unsigned NOT NULL default '0',
  `created_by_alias` varchar(100) NOT NULL default '',
  `modified` datetime NOT NULL default '0000-00-00 00:00:00',
  `modified_by` int(11) unsigned NOT NULL default '0',
  `checked_out` int(11) unsigned NOT NULL default '0',
  `checked_out_time` datetime NOT NULL default '0000-00-00 00:00:00',
  `publish_up` datetime NOT NULL default '0000-00-00 00:00:00',
  `publish_down` datetime NOT NULL default '0000-00-00 00:00:00',
  `images` text NOT NULL,
  `urls` text NOT NULL,
  `attribs` text NOT NULL,
  `version` int(11) unsigned NOT NULL default '1',
  `parentid` int(11) unsigned NOT NULL default '0',
  `ordering` int(11) NOT NULL default '0',
  `metakey` text NOT NULL,
  `metadesc` text NOT NULL,
  `access` int(11) unsigned NOT NULL default '0',
  `hits` int(11) unsigned NOT NULL default '0',
  PRIMARY KEY  (`id`),
  KEY `idx_section` (`sectionid`),
  KEY `idx_access` (`access`),
  KEY `idx_checkout` (`checked_out`),
  KEY `idx_state` (`state`),
  KEY `idx_catid` (`catid`),
  KEY `idx_mask` (`mask`)
) ENGINE=MyISAM DEFAULT CHARSET=latin1 AUTO_INCREMENT=12 ;

-- 
-- Dumping data for table `jos_content`
-- 

INSERT INTO `jos_content` VALUES (1, 'Welcome to your organization''s new site!', 'Welcome', '<p>If you&#39;ve read anything at all about Content Management Systems (CMS), you&#39;ll probably know at least three things: CMS are the most exciting way to do business, CMS can be really, I mean <em>really</em>, complicated and lastly Portals are absolutely, outrageously, often <em>unaffordably</em> expensive. <br /><br />{mosimage}Mahsie CMS is set to change all that ... Mahsie CMS is different from the normal models for portal software. For a start, it&#39;s not complicated. It is based on the Joomla! CMS and has been developed for the masses. It&#39;s licensed under the GNU/GPL license, easy to install and administer and reliable. It doesn&#39;t even require the user or administrator of the system to know HTML to operate it once it&#39;s up and running.</p><p>&nbsp;This demo is designed to highlight its features and how it integrates with Mahsie&#39;s ERP and CRM solutions.&nbsp;&nbsp; Please use the menu at the left to select where you would like to go!</p>', '<h4><font color="#ff6600">Mahsie CMS features:</font></h4> <ul> <li>Completely database driven site engines </li> <li>News, products or services sections fully editable and manageable</li>  <li>Topics sections can be added to by contributing authors </li> <li>Fully customisable layouts including left, center and right menu boxes </li> <li>Browser upload of images to your own library for use anywhere in the site </li> <li>Dynamic Forum/Poll/Voting booth for on-the-spot results </li> <li>Runs on Linux, FreeBSD, MacOSX server, Solaris and AIX  </li></ul> <h4>Extensive Administration:</h4> <ul> <li>Change order of objects including news, FAQs, articles etc. </li> <li>Random Newsflash generator </li> <li>Remote author submission module for News, Articles, FAQs and Links </li> <li>Object hierarchy - as many sections, departments, divisions and pages as you want </li> <li>Image library - store all your PNGs, PDFs, DOCs, XLSs, GIFs and JPEGs online for easy use </li> <li>Automatic Path-Finder. Place a picture and let Joomla! fix the link </li> <li>News feed manager. Choose from over 360 news feeds from around the world </li> <li>Archive manager. Put your old articles into cold storage rather than throw them out </li> <li>Email-a-friend and Print-format for every story and article </li> <li>In-line Text editor similar to Word Pad </li> <li>User editable look and feel </li> <li>Polls/Surveys - Now put a different one on each page </li> <li>Custom Page Modules. Download custom page modules to spice up your site </li> <li>Template Manager. Download templates and implement them in seconds </li> <li>Layout preview. See how it looks before going live </li> <li>Banner manager. Make money out of your site</li></ul>', 1, 1, 0, 1, '2004-06-12 11:54:06', 62, 'Web Master', '2007-04-23 13:17:31', 63, 0, '0000-00-00 00:00:00', '2004-01-01 00:00:00', '0000-00-00 00:00:00', 'asterisk.png|left|Joomla! Logo|1|Example Caption|bottom|center|120', '', 'pageclass_sfx=\nback_button=\nitem_title=1\nlink_titles=\nintrotext=1\nsection=0\nsection_link=0\ncategory=0\ncategory_link=0\nrating=\nauthor=\ncreatedate=\nmodifydate=\npdf=\nprint=\nemail=\nkeyref=\ndocbook_type=', 3, 0, 1, '', '', 0, 1);
INSERT INTO `jos_content` VALUES (2, 'Newsflash 1', '', 'Joomla! 1.0 - ''Experience the Freedom''!. It has never been easier to create\r\nyour own dynamic site. Manage all your content from the best CMS admin\r\ninterface.', '', 1, 2, 1, 3, '2004-08-09 08:30:34', 62, '', '0000-00-00 00:00:00', 0, 0, '0000-00-00 00:00:00', '2004-08-09 00:00:00', '0000-00-00 00:00:00', '', '', '', 1, 0, 1, '', '', 0, 0);
INSERT INTO `jos_content` VALUES (3, 'Newsflash 2', '', 'Yesterday all servers in the U.S. went out on strike in a bid to get more RAM and better CPUs. A spokes person said that the need for better RAM was due to some fool increasing the front-side bus speed. In future, busses will be told to slow down in residential motherboards.', '', 1, 2, 1, 3, '2004-08-09 08:30:34', 62, '', '0000-00-00 00:00:00', 0, 0, '0000-00-00 00:00:00', '2004-08-09 00:00:00', '0000-00-00 00:00:00', '', '', '', 1, 0, 2, '', '', 0, 0);
INSERT INTO `jos_content` VALUES (4, 'Newsflash 3', '', 'Aoccdrnig to a rscheearch at an Elingsh uinervtisy, it deosn''t mttaer in waht oredr the ltteers in a wrod are, the olny iprmoetnt tihng is taht frist and lsat ltteer is at the rghit pclae. The rset can be a toatl mses and you can sitll raed it wouthit porbelm. Tihs is bcuseae we do not raed ervey lteter by itslef but the wrod as a wlohe.', '', 1, 2, 1, 3, '2004-08-09 08:30:34', 62, '', '0000-00-00 00:00:00', 0, 0, '0000-00-00 00:00:00', '2004-08-09 00:00:00', '0000-00-00 00:00:00', '', '', '', 1, 0, 3, '', '', 0, 1);
INSERT INTO `jos_content` VALUES (5, 'Joomla! License Guidelines', '', '<p>This website is powered by <a href="http://www.joomla.org/">Joomla!</a>  The software and default templates on which it runs are Copyright 2005 <a href="http://www.opensourcematters.org/">Open Source Matters</a>.  All other content and data, including data entered into this website and templates added after installation, are copyrighted by their respective copyright owners.</p><p>If you want to distribute, copy or modify Joomla!, you are welcome to do so under the terms of the <a href="http://www.gnu.org/copyleft/gpl.html#SEC1">GNU General Public License</a>.  If you are unfamiliar with this license, you might want to read <a href="http://www.gnu.org/copyleft/gpl.html#SEC4">''How To Apply These Terms To Your Program''</a> and the <a href="http://www.gnu.org/licenses/gpl-faq.html">''GNU General Public License FAQ''</a>.</p>', '', 1, 0, 0, 0, '2004-08-19 20:11:07', 62, '', '2004-08-19 20:14:49', 62, 0, '0000-00-00 00:00:00', '2004-08-19 00:00:00', '0000-00-00 00:00:00', '', '', 'menu_image=\nitem_title=1\npageclass_sfx=\nback_button=\nrating=\nauthor=\ncreatedate=\nmodifydate=\npdf=\nprint=\nemail=', 1, 0, 11, '', '', 0, 10);
INSERT INTO `jos_content` VALUES (6, 'Example News Item 1', 'News1', '{mosimage}Lorem ipsum dolor sit amet, consetetur sadipscing elitr, sed diam nonumy eirmod tempor invidunt ut labore et dolore magna aliquyam erat,\r\nsed diam voluptua. At vero eos et accusam et justo duo dolores et ea rebum. Stet clita kasd gubergren, no sea takimata sanctus est Lorem ipsum dolor sit\r\namet. Lorem ipsum dolor sit amet, consetetur sadipscing elitr, sed diam nonumy eirmod tempor invidunt ut labore et dolore magna aliquyam erat, sed diam\r\nvoluptua. At vero eos et accusam et justo duo dolores et ea rebum.', '<p>{mosimage}Duis autem vel eum iriure dolor in hendrerit in vulputate\r\nvelit esse molestie consequat, vel illum dolore eu feugiat nulla facilisis at\r\nvero eros et accumsan et iusto odio dignissim qui blandit praesent luptatum\r\nzzril delenit augue duis dolore te feugait nulla facilisi. Lorem ipsum dolor\r\nsit amet, consectetuer adipiscing elit, sed diam nonummy nibh euismod tincidunt\r\nut laoreet dolore magna aliquam erat volutpat.</p>\r\n\r\n<p>Ut wisi enim ad minim veniam, quis nostrud exerci tation\r\nullamcorper suscipit lobortis nisl ut aliquip ex ea commodo consequat. Duis\r\nautem vel eum iriure dolor in hendrerit in vulputate velit esse molestie\r\nconsequat, vel illum dolore eu feugiat nulla facilisis at vero eros et accumsan\r\net iusto odio dignissim qui blandit praesent luptatum zzril delenit augue duis\r\ndolore te feugait nulla facilisi.</p>\r\n\r\n<p>Nam liber tempor cum soluta nobis eleifend option congue\r\nnihil imperdiet doming id quod mazim placerat facer possim assum. Lorem ipsum\r\ndolor sit amet, consectetuer adipiscing elit, sed diam nonummy nibh euismod\r\ntincidunt ut laoreet dolore magna aliquam erat volutpat. Ut wisi enim ad minim\r\nveniam, quis nostrud exerci tation ullamcorper suscipit lobortis nisl ut\r\naliquip ex ea commodo consequat.</p>\r\n\r\n<p>Duis autem vel eum iriure dolor in hendrerit in vulputate\r\nvelit esse molestie consequat, vel illum dolore eu feugiat nulla facilisis. At\r\nvero eos et accusam et justo duo dolores et ea rebum. Stet clita kasd\r\ngubergren, no sea takimata sanctus est Lorem ipsum dolor sit amet. Lorem ipsum\r\ndolor sit amet, consetetur sadipscing elitr, sed diam nonumy eirmod tempor\r\ninvidunt ut labore et dolore magna aliquyam erat, sed diam voluptua. At vero\r\neos et accusam et justo duo dolores et ea rebum. Stet clita kasd gubergren, no\r\nsea takimata sanctus est Lorem ipsum dolor sit amet. Lorem ipsum dolor sit\r\namet, consetetur sadipscing elitr, At accusam aliquyam diam diam dolore dolores\r\nduo eirmod eos erat, et nonumy sed tempor et et invidunt justo labore Stet\r\nclita ea et gubergren, kasd magna no rebum. sanctus sea sed takimata ut vero\r\nvoluptua. est Lorem ipsum dolor sit amet. Lorem ipsum dolor sit amet,\r\nconsetetur sadipscing elitr, sed diam nonumy eirmod tempor invidunt ut labore\r\net dolore magna aliquyam erat.</p>\r\n\r\n<p>Consetetur sadipscing elitr, sed diam nonumy eirmod tempor\r\ninvidunt ut labore et dolore magna aliquyam erat, sed diam voluptua. At vero\r\neos et accusam et justo duo dolores et ea rebum. Stet clita kasd gubergren, no\r\nsea takimata sanctus est Lorem ipsum dolor sit amet. Lorem ipsum dolor sit\r\namet, consetetur sadipscing elitr, sed diam nonumy eirmod tempor invidunt ut\r\nlabore et dolore magna aliquyam erat, sed diam voluptua. At vero eos et accusam\r\net justo duo dolores et ea rebum. Stet clita kasd gubergren, no sea takimata\r\nsanctus est Lorem ipsum dolor sit amet. Lorem ipsum dolor sit amet, consetetur\r\nsadipscing elitr, sed diam nonumy eirmod tempor invidunt ut labore et dolore\r\nmagna aliquyam erat, sed diam voluptua. At vero eos et accusam et justo duo\r\ndolores et ea rebum. Stet clita kasd gubergren, no sea takimata sanctus est\r\nLorem ipsum dolor sit amet.</p>', 1, 1, 0, 1, '2004-07-07 11:54:06', 62, '', '2004-07-07 18:05:05', 62, 0, '0000-00-00 00:00:00', '2004-07-07 00:00:00', '0000-00-00 00:00:00', 'food/coffee.jpg|left||0\r\nfood/bread.jpg|right||0', '', '', 1, 0, 2, '', '', 0, 4);
INSERT INTO `jos_content` VALUES (7, 'Example News Item 2', 'News2', '<p>{mosimage}Lorem ipsum dolor sit amet, consetetur sadipscing elitr, sed diam nonumy eirmod tempor invidunt ut labore et dolore magna aliquyam erat,\r\nsed diam voluptua. At vero eos et accusam et justo duo dolores et ea rebum. Stet clita kasd gubergren, no sea takimata sanctus est Lorem ipsum dolor sit\r\namet. Lorem ipsum dolor sit amet, consetetur sadipscing elitr, sed diam nonumy eirmod tempor invidunt ut labore et dolore magna aliquyam erat, sed diam\r\nvoluptua. At vero eos et accusam et justo duo dolores et ea rebum. Stet clita kasd gubergren, no sea takimata sanctus est Lorem ipsum dolor sit amet. Lorem\r\nipsum dolor sit amet, consetetur sadipscing elitr, sed diam nonumy eirmod tempor invidunt ut labore et dolore magna aliquyam erat, sed diam voluptua. At\r\nvero eos et accusam et justo duo dolores et ea rebum. Stet clita kasd gubergren, no sea takimata sanctus est Lorem ipsum dolor sit amet.</p>', '', 1, 1, 0, 1, '2004-07-07 11:54:06', 62, '', '2004-07-07 18:11:30', 62, 0, '0000-00-00 00:00:00', '2004-07-07 00:00:00', '0000-00-00 00:00:00', 'food/bun.jpg|right||0', '', '', 1, 0, 3, '', '', 0, 2);
INSERT INTO `jos_content` VALUES (8, 'Example News Item 3', 'News3', '<p>{mosimage}Lorem ipsum dolor sit amet, consetetur sadipscing elitr, sed diam nonumy eirmod tempor invidunt ut labore et dolore magna aliquyam erat,\r\nsed diam voluptua. At vero eos et accusam et justo duo dolores et ea rebum. Stet clita kasd gubergren, no sea takimata sanctus est Lorem ipsum dolor sit\r\namet. Lorem ipsum dolor sit amet, consetetur sadipscing elitr, sed diam nonumy eirmod tempor invidunt ut labore et dolore magna aliquyam erat, sed diam\r\nvoluptua. At vero eos et accusam et justo duo dolores et ea rebum. Stet clita kasd gubergren, no sea takimata sanctus est Lorem ipsum dolor sit amet. Lorem\r\nipsum dolor sit amet, consetetur sadipscing elitr, sed diam nonumy eirmod tempor invidunt ut labore et dolore magna aliquyam erat, sed diam voluptua. At\r\nvero eos et accusam et justo duo dolores et ea rebum. Stet clita kasd gubergren, no sea takimata sanctus est Lorem ipsum dolor sit amet.</p>', '', 1, 1, 0, 1, '2004-04-12 11:54:06', 62, '', '2004-07-07 18:08:23', 62, 0, '0000-00-00 00:00:00', '2004-07-07 00:00:00', '0000-00-00 00:00:00', 'fruit/pears.jpg|right||0', '', '', 1, 0, 4, '', '', 0, 1);
INSERT INTO `jos_content` VALUES (9, 'Example News Item 4', 'News4', '<p>Lorem ipsum dolor sit amet, consetetur sadipscing elitr, sed diam nonumy eirmod tempor invidunt ut labore et dolore magna aliquyam erat,\r\nsed diam voluptua. Lorem ipsum dolor sit amet, consetetur sadipscing elitr, sed diam nonumy eirmod tempor invidunt ut labore et dolore magna aliquyam erat, sed diam\r\nvoluptua. At\r\nvero eos et accusam et justo duo dolores et ea rebum. Stet clita kasd gubergren, no sea takimata sanctus est Lorem ipsum dolor sit amet.</p>', '<p>{mosimage}Duis autem vel eum iriure dolor in hendrerit in vulputate\r\nvelit esse molestie consequat, vel illum dolore eu feugiat nulla facilisis at\r\nvero eros et accumsan et iusto odio dignissim qui blandit praesent luptatum\r\nzzril delenit augue duis dolore te feugait nulla facilisi. Lorem ipsum dolor\r\nsit amet, consectetuer adipiscing elit, sed diam nonummy nibh euismod tincidunt\r\nut laoreet dolore magna aliquam erat volutpat.</p>\r\n\r\n{mospagebreak}<p>{mosimage}Ut wisi enim ad minim veniam, quis nostrud exerci tation\r\nullamcorper suscipit lobortis nisl ut aliquip ex ea commodo consequat. Duis\r\nautem vel eum iriure dolor in hendrerit in vulputate velit esse molestie\r\nconsequat, vel illum dolore eu feugiat nulla facilisis at vero eros et accumsan\r\net iusto odio dignissim qui blandit praesent luptatum zzril delenit augue duis\r\ndolore te feugait nulla facilisi.</p>\r\n\r\n<p>{mosimage}Nam liber tempor cum soluta nobis eleifend option congue\r\nnihil imperdiet doming id quod mazim placerat facer possim assum. Lorem ipsum\r\ndolor sit amet, consectetuer adipiscing elit, sed diam nonummy nibh euismod\r\ntincidunt ut laoreet dolore magna aliquam erat volutpat. Ut wisi enim ad minim\r\nveniam, quis nostrud exerci tation ullamcorper suscipit lobortis nisl ut\r\naliquip ex ea commodo consequat.</p>\r\n\r\n<p>Duis autem vel eum iriure dolor in hendrerit in vulputate\r\nvelit esse molestie consequat, vel illum dolore eu feugiat nulla facilisis. At\r\nvero eos et accusam et justo duo dolores et ea rebum. Stet clita kasd\r\ngubergren, no sea takimata sanctus est Lorem ipsum dolor sit amet. Lorem ipsum\r\ndolor sit amet, consetetur sadipscing elitr, sed diam nonumy eirmod tempor\r\ninvidunt ut labore et dolore magna aliquyam erat, sed diam voluptua. At vero\r\neos et accusam et justo duo dolores et ea rebum. Stet clita kasd gubergren, no\r\nsea takimata sanctus est Lorem ipsum dolor sit amet. Lorem ipsum dolor sit\r\namet, consetetur sadipscing elitr, At accusam aliquyam diam diam dolore dolores\r\nduo eirmod eos erat, et nonumy sed tempor et et invidunt justo labore Stet\r\nclita ea et gubergren, kasd magna no rebum. sanctus sea sed takimata ut vero\r\nvoluptua. est Lorem ipsum dolor sit amet. Lorem ipsum dolor sit amet,\r\nconsetetur sadipscing elitr, sed diam nonumy eirmod tempor invidunt ut labore\r\net dolore magna aliquyam erat.</p>\r\n\r\n{mospagebreak}<p>Consetetur sadipscing elitr, sed diam nonumy eirmod tempor\r\ninvidunt ut labore et dolore magna aliquyam erat, sed diam voluptua. At vero\r\neos et accusam et justo duo dolores et ea rebum. Stet clita kasd gubergren, no\r\nsea takimata sanctus est Lorem ipsum dolor sit amet. Lorem ipsum dolor sit\r\namet, consetetur sadipscing elitr, sed diam nonumy eirmod tempor invidunt ut\r\nlabore et dolore magna aliquyam erat, sed diam voluptua. At vero eos et accusam\r\net justo duo dolores et ea rebum. Stet clita kasd gubergren, no sea takimata\r\nsanctus est Lorem ipsum dolor sit amet. Lorem ipsum dolor sit amet, consetetur\r\nsadipscing elitr, sed diam nonumy eirmod tempor invidunt ut labore et dolore\r\nmagna aliquyam erat, sed diam voluptua. At vero eos et accusam et justo duo\r\ndolores et ea rebum. Stet clita kasd gubergren, no sea takimata sanctus est\r\nLorem ipsum dolor sit amet.</p>', 1, 1, 0, 1, '2004-07-07 11:54:06', 62, '', '2004-07-07 18:10:23', 62, 0, '0000-00-00 00:00:00', '2004-07-07 00:00:00', '0000-00-00 00:00:00', 'fruit/strawberry.jpg|left||0\r\nfruit/pears.jpg|right||0\r\nfruit/cherry.jpg|left||0', '', '', 1, 0, 5, '', '', 0, 8);
INSERT INTO `jos_content` VALUES (10, 'Example FAQ Item 1', 'FAQ1', '<p>Lorem ipsum dolor sit amet, consetetur sadipscing elitr, sed diam nonumy eirmod tempor invidunt ut labore et dolore magna aliquyam erat,\r\nsed diam voluptua. Lorem ipsum dolor sit amet, consetetur sadipscing elitr, sed diam nonumy eirmod tempor invidunt ut labore et dolore magna aliquyam erat, sed diam\r\nvoluptua. At\r\nvero eos et accusam et justo duo dolores et ea rebum. Stet clita kasd gubergren, no sea takimata sanctus est Lorem ipsum dolor sit amet.</p>', '', 1, 3, 0, 7, '2004-05-12 11:54:06', 62, '', '2004-07-07 18:10:23', 62, 0, '0000-00-00 00:00:00', '2004-01-01 00:00:00', '0000-00-00 00:00:00', '', '', '', 1, 0, 5, '', '', 0, 8);
INSERT INTO `jos_content` VALUES (11, 'Example FAQ Item 2', 'FAQ2', '<p>Lorem ipsum dolor sit amet, consetetur sadipscing elitr, sed diam nonumy eirmod tempor invidunt ut labore et dolore magna aliquyam erat,\r\nsed diam voluptua. Lorem ipsum dolor sit amet, consetetur sadipscing elitr, sed diam nonumy eirmod tempor invidunt ut labore et dolore magna aliquyam erat, sed diam\r\nvoluptua. At\r\nvero eos et accusam et justo duo dolores et ea rebum. Stet clita kasd gubergren, no sea takimata sanctus est Lorem ipsum dolor sit amet.</p>', '<p>{mosimage}Duis autem vel eum iriure dolor in hendrerit in vulputate\r\nvelit esse molestie consequat, vel illum dolore eu feugiat nulla facilisis at\r\nvero eros et accumsan et iusto odio dignissim qui blandit praesent luptatum\r\nzzril delenit augue duis dolore te feugait nulla facilisi. Lorem ipsum dolor\r\nsit amet, consectetuer adipiscing elit, sed diam nonummy nibh euismod tincidunt\r\nut laoreet dolore magna aliquam erat volutpat.</p>\r\n\r\n<p>{mosimage}Ut wisi enim ad minim veniam, quis nostrud exerci tation\r\nullamcorper suscipit lobortis nisl ut aliquip ex ea commodo consequat. Duis\r\nautem vel eum iriure dolor in hendrerit in vulputate velit esse molestie\r\nconsequat, vel illum dolore eu feugiat nulla facilisis at vero eros et accumsan\r\net iusto odio dignissim qui blandit praesent luptatum zzril delenit augue duis\r\ndolore te feugait nulla facilisi.</p>\r\n\r\n<p>{mosimage}Nam liber tempor cum soluta nobis eleifend option congue\r\nnihil imperdiet doming id quod mazim placerat facer possim assum. Lorem ipsum\r\ndolor sit amet, consectetuer adipiscing elit, sed diam nonummy nibh euismod\r\ntincidunt ut laoreet dolore magna aliquam erat volutpat. Ut wisi enim ad minim\r\nveniam, quis nostrud exerci tation ullamcorper suscipit lobortis nisl ut\r\naliquip ex ea commodo consequat.</p>\r\n\r\n<p>Duis autem vel eum iriure dolor in hendrerit in vulputate\r\nvelit esse molestie consequat, vel illum dolore eu feugiat nulla facilisis. At\r\nvero eos et accusam et justo duo dolores et ea rebum. Stet clita kasd\r\ngubergren, no sea takimata sanctus est Lorem ipsum dolor sit amet. Lorem ipsum\r\ndolor sit amet, consetetur sadipscing elitr, sed diam nonumy eirmod tempor\r\ninvidunt ut labore et dolore magna aliquyam erat, sed diam voluptua. At vero\r\neos et accusam et justo duo dolores et ea rebum. Stet clita kasd gubergren, no\r\nsea takimata sanctus est Lorem ipsum dolor sit amet. Lorem ipsum dolor sit\r\namet, consetetur sadipscing elitr, At accusam aliquyam diam diam dolore dolores\r\nduo eirmod eos erat, et nonumy sed tempor et et invidunt justo labore Stet\r\nclita ea et gubergren, kasd magna no rebum. sanctus sea sed takimata ut vero\r\nvoluptua. est Lorem ipsum dolor sit amet. Lorem ipsum dolor sit amet,\r\nconsetetur sadipscing elitr, sed diam nonumy eirmod tempor invidunt ut labore\r\net dolore magna aliquyam erat.</p>\r\n\r\n<p>Consetetur sadipscing elitr, sed diam nonumy eirmod tempor\r\ninvidunt ut labore et dolore magna aliquyam erat, sed diam voluptua. At vero\r\neos et accusam et justo duo dolores et ea rebum. Stet clita kasd gubergren, no\r\nsea takimata sanctus est Lorem ipsum dolor sit amet. Lorem ipsum dolor sit\r\namet, consetetur sadipscing elitr, sed diam nonumy eirmod tempor invidunt ut\r\nlabore et dolore magna aliquyam erat, sed diam voluptua. At vero eos et accusam\r\net justo duo dolores et ea rebum. Stet clita kasd gubergren, no sea takimata\r\nsanctus est Lorem ipsum dolor sit amet. Lorem ipsum dolor sit amet, consetetur\r\nsadipscing elitr, sed diam nonumy eirmod tempor invidunt ut labore et dolore\r\nmagna aliquyam erat, sed diam voluptua. At vero eos et accusam et justo duo\r\ndolores et ea rebum. Stet clita kasd gubergren, no sea takimata sanctus est\r\nLorem ipsum dolor sit amet.</p>', 1, 3, 0, 7, '2004-05-12 11:54:06', 62, 'Web master', '2004-07-07 18:10:23', 62, 0, '0000-00-00 00:00:00', '2004-01-01 00:00:00', '0000-00-00 00:00:00', 'fruit/cherry.jpg|left||0\r\nfruit/peas.jpg|right||0\r\nfood/milk.jpg|left||0', '', '', 1, 0, 5, '', '', 0, 10);

-- --------------------------------------------------------

-- 
-- Table structure for table `jos_content_frontpage`
-- 

CREATE TABLE `jos_content_frontpage` (
  `content_id` int(11) NOT NULL default '0',
  `ordering` int(11) NOT NULL default '0',
  PRIMARY KEY  (`content_id`)
) ENGINE=MyISAM DEFAULT CHARSET=latin1;

-- 
-- Dumping data for table `jos_content_frontpage`
-- 

INSERT INTO `jos_content_frontpage` VALUES (1, 1);
INSERT INTO `jos_content_frontpage` VALUES (2, 2);
INSERT INTO `jos_content_frontpage` VALUES (3, 3);
INSERT INTO `jos_content_frontpage` VALUES (4, 4);
INSERT INTO `jos_content_frontpage` VALUES (5, 5);

-- --------------------------------------------------------

-- 
-- Table structure for table `jos_content_rating`
-- 

CREATE TABLE `jos_content_rating` (
  `content_id` int(11) NOT NULL default '0',
  `rating_sum` int(11) unsigned NOT NULL default '0',
  `rating_count` int(11) unsigned NOT NULL default '0',
  `lastip` varchar(50) NOT NULL default '',
  PRIMARY KEY  (`content_id`)
) ENGINE=MyISAM DEFAULT CHARSET=latin1;

-- 
-- Dumping data for table `jos_content_rating`
-- 


-- --------------------------------------------------------

-- 
-- Table structure for table `jos_core_acl_aro`
-- 

CREATE TABLE `jos_core_acl_aro` (
  `aro_id` int(11) NOT NULL auto_increment,
  `section_value` varchar(240) NOT NULL default '0',
  `value` varchar(240) NOT NULL default '',
  `order_value` int(11) NOT NULL default '0',
  `name` varchar(255) NOT NULL default '',
  `hidden` int(11) NOT NULL default '0',
  PRIMARY KEY  (`aro_id`),
  UNIQUE KEY `jos_gacl_section_value_value_aro` (`section_value`(100),`value`(100)),
  KEY `jos_gacl_hidden_aro` (`hidden`)
) ENGINE=MyISAM DEFAULT CHARSET=latin1 AUTO_INCREMENT=38 ;

-- 
-- Dumping data for table `jos_core_acl_aro`
-- 

INSERT INTO `jos_core_acl_aro` VALUES (10, 'users', '62', 0, 'Administrator', 0);
INSERT INTO `jos_core_acl_aro` VALUES (11, 'users', '63', 0, 'superadmin', 0);
INSERT INTO `jos_core_acl_aro` VALUES (12, 'users', '64', 0, 'demo', 0);
INSERT INTO `jos_core_acl_aro` VALUES (14, 'users', '66', 0, 'Test Test', 0);
INSERT INTO `jos_core_acl_aro` VALUES (15, 'users', '67', 0, 'Testing Testing', 0);
INSERT INTO `jos_core_acl_aro` VALUES (16, 'users', '68', 0, 'TEST1 TEST1', 0);
INSERT INTO `jos_core_acl_aro` VALUES (17, 'users', '69', 0, 'TEST5 TEST5', 0);
INSERT INTO `jos_core_acl_aro` VALUES (18, 'users', '70', 0, 'TEST6 TEST6', 0);
INSERT INTO `jos_core_acl_aro` VALUES (19, 'users', '71', 0, 'TEST7 TEST7', 0);
INSERT INTO `jos_core_acl_aro` VALUES (20, 'users', '72', 0, 'TEST TEST', 0);
INSERT INTO `jos_core_acl_aro` VALUES (32, 'users', '84', 0, 'Gareth Spanglett', 0);
INSERT INTO `jos_core_acl_aro` VALUES (31, 'users', '83', 0, 'Gareth Spanglett', 0);
INSERT INTO `jos_core_acl_aro` VALUES (33, 'users', '85', 0, 'Klaus Vachon', 0);
INSERT INTO `jos_core_acl_aro` VALUES (34, 'users', '86', 0, 'Jeffrey Moncrieff', 0);
INSERT INTO `jos_core_acl_aro` VALUES (35, 'users', '87', 0, 'Gareth Spanglett', 0);
INSERT INTO `jos_core_acl_aro` VALUES (36, 'users', '88', 0, 'Vic Vaid', 0);
INSERT INTO `jos_core_acl_aro` VALUES (37, 'users', '89', 0, 'Jeffrey Moncrieff', 0);

-- --------------------------------------------------------

-- 
-- Table structure for table `jos_core_acl_aro_groups`
-- 

CREATE TABLE `jos_core_acl_aro_groups` (
  `group_id` int(11) NOT NULL auto_increment,
  `parent_id` int(11) NOT NULL default '0',
  `name` varchar(255) NOT NULL default '',
  `lft` int(11) NOT NULL default '0',
  `rgt` int(11) NOT NULL default '0',
  PRIMARY KEY  (`group_id`),
  KEY `parent_id_aro_groups` (`parent_id`),
  KEY `jos_gacl_parent_id_aro_groups` (`parent_id`),
  KEY `jos_gacl_lft_rgt_aro_groups` (`lft`,`rgt`)
) ENGINE=MyISAM DEFAULT CHARSET=latin1 AUTO_INCREMENT=31 ;

-- 
-- Dumping data for table `jos_core_acl_aro_groups`
-- 

INSERT INTO `jos_core_acl_aro_groups` VALUES (17, 0, 'ROOT', 1, 22);
INSERT INTO `jos_core_acl_aro_groups` VALUES (28, 17, 'USERS', 2, 21);
INSERT INTO `jos_core_acl_aro_groups` VALUES (29, 28, 'Public Frontend', 3, 12);
INSERT INTO `jos_core_acl_aro_groups` VALUES (18, 29, 'Registered', 4, 11);
INSERT INTO `jos_core_acl_aro_groups` VALUES (19, 18, 'Author', 5, 10);
INSERT INTO `jos_core_acl_aro_groups` VALUES (20, 19, 'Editor', 6, 9);
INSERT INTO `jos_core_acl_aro_groups` VALUES (21, 20, 'Publisher', 7, 8);
INSERT INTO `jos_core_acl_aro_groups` VALUES (30, 28, 'Public Backend', 13, 20);
INSERT INTO `jos_core_acl_aro_groups` VALUES (23, 30, 'Manager', 14, 19);
INSERT INTO `jos_core_acl_aro_groups` VALUES (24, 23, 'Administrator', 15, 18);
INSERT INTO `jos_core_acl_aro_groups` VALUES (25, 24, 'Super Administrator', 16, 17);

-- --------------------------------------------------------

-- 
-- Table structure for table `jos_core_acl_aro_sections`
-- 

CREATE TABLE `jos_core_acl_aro_sections` (
  `section_id` int(11) NOT NULL auto_increment,
  `value` varchar(230) NOT NULL default '',
  `order_value` int(11) NOT NULL default '0',
  `name` varchar(230) NOT NULL default '',
  `hidden` int(11) NOT NULL default '0',
  PRIMARY KEY  (`section_id`),
  UNIQUE KEY `value_aro_sections` (`value`),
  UNIQUE KEY `jos_gacl_value_aro_sections` (`value`),
  KEY `hidden_aro_sections` (`hidden`),
  KEY `jos_gacl_hidden_aro_sections` (`hidden`)
) ENGINE=MyISAM DEFAULT CHARSET=latin1 AUTO_INCREMENT=11 ;

-- 
-- Dumping data for table `jos_core_acl_aro_sections`
-- 

INSERT INTO `jos_core_acl_aro_sections` VALUES (10, 'users', 1, 'Users', 0);

-- --------------------------------------------------------

-- 
-- Table structure for table `jos_core_acl_groups_aro_map`
-- 

CREATE TABLE `jos_core_acl_groups_aro_map` (
  `group_id` int(11) NOT NULL default '0',
  `section_value` varchar(240) NOT NULL default '',
  `aro_id` int(11) NOT NULL default '0',
  UNIQUE KEY `group_id_aro_id_groups_aro_map` (`group_id`,`section_value`,`aro_id`)
) ENGINE=MyISAM DEFAULT CHARSET=latin1;

-- 
-- Dumping data for table `jos_core_acl_groups_aro_map`
-- 

INSERT INTO `jos_core_acl_groups_aro_map` VALUES (18, '', 14);
INSERT INTO `jos_core_acl_groups_aro_map` VALUES (18, '', 15);
INSERT INTO `jos_core_acl_groups_aro_map` VALUES (18, '', 16);
INSERT INTO `jos_core_acl_groups_aro_map` VALUES (18, '', 17);
INSERT INTO `jos_core_acl_groups_aro_map` VALUES (18, '', 18);
INSERT INTO `jos_core_acl_groups_aro_map` VALUES (18, '', 19);
INSERT INTO `jos_core_acl_groups_aro_map` VALUES (18, '', 20);
INSERT INTO `jos_core_acl_groups_aro_map` VALUES (18, '', 31);
INSERT INTO `jos_core_acl_groups_aro_map` VALUES (18, '', 32);
INSERT INTO `jos_core_acl_groups_aro_map` VALUES (18, '', 33);
INSERT INTO `jos_core_acl_groups_aro_map` VALUES (18, '', 34);
INSERT INTO `jos_core_acl_groups_aro_map` VALUES (18, '', 35);
INSERT INTO `jos_core_acl_groups_aro_map` VALUES (18, '', 36);
INSERT INTO `jos_core_acl_groups_aro_map` VALUES (18, '', 37);
INSERT INTO `jos_core_acl_groups_aro_map` VALUES (24, '', 12);
INSERT INTO `jos_core_acl_groups_aro_map` VALUES (25, '', 10);
INSERT INTO `jos_core_acl_groups_aro_map` VALUES (25, '', 11);

-- --------------------------------------------------------

-- 
-- Table structure for table `jos_core_log_items`
-- 

CREATE TABLE `jos_core_log_items` (
  `time_stamp` date NOT NULL default '0000-00-00',
  `item_table` varchar(50) NOT NULL default '',
  `item_id` int(11) unsigned NOT NULL default '0',
  `hits` int(11) unsigned NOT NULL default '0'
) ENGINE=MyISAM DEFAULT CHARSET=latin1;

-- 
-- Dumping data for table `jos_core_log_items`
-- 


-- --------------------------------------------------------

-- 
-- Table structure for table `jos_core_log_searches`
-- 

CREATE TABLE `jos_core_log_searches` (
  `search_term` varchar(128) NOT NULL default '',
  `hits` int(11) unsigned NOT NULL default '0'
) ENGINE=MyISAM DEFAULT CHARSET=latin1;

-- 
-- Dumping data for table `jos_core_log_searches`
-- 


-- --------------------------------------------------------

-- 
-- Table structure for table `jos_groups`
-- 

CREATE TABLE `jos_groups` (
  `id` tinyint(3) unsigned NOT NULL default '0',
  `name` varchar(50) NOT NULL default '',
  PRIMARY KEY  (`id`)
) ENGINE=MyISAM DEFAULT CHARSET=latin1;

-- 
-- Dumping data for table `jos_groups`
-- 

INSERT INTO `jos_groups` VALUES (0, 'Public');
INSERT INTO `jos_groups` VALUES (1, 'Registered');
INSERT INTO `jos_groups` VALUES (2, 'Special');

-- --------------------------------------------------------

-- 
-- Table structure for table `jos_mambots`
-- 

CREATE TABLE `jos_mambots` (
  `id` int(11) NOT NULL auto_increment,
  `name` varchar(100) NOT NULL default '',
  `element` varchar(100) NOT NULL default '',
  `folder` varchar(100) NOT NULL default '',
  `access` tinyint(3) unsigned NOT NULL default '0',
  `ordering` int(11) NOT NULL default '0',
  `published` tinyint(3) NOT NULL default '0',
  `iscore` tinyint(3) NOT NULL default '0',
  `client_id` tinyint(3) NOT NULL default '0',
  `checked_out` int(11) unsigned NOT NULL default '0',
  `checked_out_time` datetime NOT NULL default '0000-00-00 00:00:00',
  `params` text NOT NULL,
  PRIMARY KEY  (`id`),
  KEY `idx_folder` (`published`,`client_id`,`access`,`folder`)
) ENGINE=MyISAM DEFAULT CHARSET=latin1 AUTO_INCREMENT=20 ;

-- 
-- Dumping data for table `jos_mambots`
-- 

INSERT INTO `jos_mambots` VALUES (1, 'MOS Image', 'mosimage', 'content', 0, -10000, 1, 1, 0, 0, '0000-00-00 00:00:00', '');
INSERT INTO `jos_mambots` VALUES (2, 'MOS Pagination', 'mospaging', 'content', 0, 10000, 1, 1, 0, 0, '0000-00-00 00:00:00', '');
INSERT INTO `jos_mambots` VALUES (3, 'Legacy Mambot Includer', 'legacybots', 'content', 0, 1, 0, 1, 0, 0, '0000-00-00 00:00:00', '');
INSERT INTO `jos_mambots` VALUES (4, 'SEF', 'mossef', 'content', 0, 3, 1, 0, 0, 0, '0000-00-00 00:00:00', '');
INSERT INTO `jos_mambots` VALUES (5, 'MOS Rating', 'mosvote', 'content', 0, 4, 1, 1, 0, 0, '0000-00-00 00:00:00', '');
INSERT INTO `jos_mambots` VALUES (6, 'Search Content', 'content.searchbot', 'search', 0, 1, 1, 1, 0, 0, '0000-00-00 00:00:00', '');
INSERT INTO `jos_mambots` VALUES (7, 'Search Weblinks', 'weblinks.searchbot', 'search', 0, 2, 1, 1, 0, 0, '0000-00-00 00:00:00', '');
INSERT INTO `jos_mambots` VALUES (8, 'Code support', 'moscode', 'content', 0, 2, 0, 0, 0, 0, '0000-00-00 00:00:00', '');
INSERT INTO `jos_mambots` VALUES (9, 'No WYSIWYG Editor', 'none', 'editors', 0, 0, 1, 1, 0, 0, '0000-00-00 00:00:00', '');
INSERT INTO `jos_mambots` VALUES (10, 'TinyMCE WYSIWYG Editor', 'tinymce', 'editors', 0, 0, 1, 1, 0, 0, '0000-00-00 00:00:00', 'theme=advanced');
INSERT INTO `jos_mambots` VALUES (11, 'MOS Image Editor Button', 'mosimage.btn', 'editors-xtd', 0, 0, 1, 0, 0, 0, '0000-00-00 00:00:00', '');
INSERT INTO `jos_mambots` VALUES (12, 'MOS Pagebreak Editor Button', 'mospage.btn', 'editors-xtd', 0, 0, 1, 0, 0, 0, '0000-00-00 00:00:00', '');
INSERT INTO `jos_mambots` VALUES (13, 'Search Contacts', 'contacts.searchbot', 'search', 0, 3, 1, 1, 0, 0, '0000-00-00 00:00:00', '');
INSERT INTO `jos_mambots` VALUES (14, 'Search Categories', 'categories.searchbot', 'search', 0, 4, 1, 0, 0, 0, '0000-00-00 00:00:00', '');
INSERT INTO `jos_mambots` VALUES (15, 'Search Sections', 'sections.searchbot', 'search', 0, 5, 1, 0, 0, 0, '0000-00-00 00:00:00', '');
INSERT INTO `jos_mambots` VALUES (16, 'Email Cloaking', 'mosemailcloak', 'content', 0, 5, 1, 0, 0, 0, '0000-00-00 00:00:00', '');
INSERT INTO `jos_mambots` VALUES (17, 'GeSHi', 'geshi', 'content', 0, 5, 0, 0, 0, 0, '0000-00-00 00:00:00', '');
INSERT INTO `jos_mambots` VALUES (18, 'Search Newsfeeds', 'newsfeeds.searchbot', 'search', 0, 6, 1, 0, 0, 0, '0000-00-00 00:00:00', '');
INSERT INTO `jos_mambots` VALUES (19, 'Load Module Positions', 'mosloadposition', 'content', 0, 6, 1, 0, 0, 0, '0000-00-00 00:00:00', '');

-- --------------------------------------------------------

-- 
-- Table structure for table `jos_menu`
-- 

CREATE TABLE `jos_menu` (
  `id` int(11) NOT NULL auto_increment,
  `menutype` varchar(25) default NULL,
  `name` varchar(100) default NULL,
  `link` text,
  `type` varchar(50) NOT NULL default '',
  `published` tinyint(1) NOT NULL default '0',
  `parent` int(11) unsigned NOT NULL default '0',
  `componentid` int(11) unsigned NOT NULL default '0',
  `sublevel` int(11) default '0',
  `ordering` int(11) default '0',
  `checked_out` int(11) unsigned NOT NULL default '0',
  `checked_out_time` datetime NOT NULL default '0000-00-00 00:00:00',
  `pollid` int(11) NOT NULL default '0',
  `browserNav` tinyint(4) default '0',
  `access` tinyint(3) unsigned NOT NULL default '0',
  `utaccess` tinyint(3) unsigned NOT NULL default '0',
  `params` text NOT NULL,
  PRIMARY KEY  (`id`),
  KEY `componentid` (`componentid`,`menutype`,`published`,`access`),
  KEY `menutype` (`menutype`)
) ENGINE=MyISAM DEFAULT CHARSET=latin1 AUTO_INCREMENT=27 ;

-- 
-- Dumping data for table `jos_menu`
-- 

INSERT INTO `jos_menu` VALUES (1, 'mainmenu', 'About Mahise', 'index.php?option=com_frontpage', 'components', 1, 0, 10, 0, 1, 0, '0000-00-00 00:00:00', 0, 0, 0, 3, 'menu_image=-1\npageclass_sfx=\nheader=Welcome to the Frontpage\npage_title=0\nback_button=0\nleading=1\nintro=2\ncolumns=2\nlink=1\norderby_pri=\norderby_sec=front\npagination=2\npagination_results=1\nimage=1\nsection=0\nsection_link=0\ncategory=0\ncategory_link=0\nitem_title=1\nlink_titles=\nreadmore=\nrating=\nauthor=\ncreatedate=\nmodifydate=\npdf=0\nprint=0\nemail=0\nunpublished=0');
INSERT INTO `jos_menu` VALUES (2, 'mainmenu', 'News', 'index.php?option=com_content&task=section&id=1', 'content_section', 0, 0, 1, 0, 4, 0, '0000-00-00 00:00:00', 0, 0, 0, 3, '');
INSERT INTO `jos_menu` VALUES (3, 'mainmenu', 'Contact Us', 'index.php?option=com_contact', 'components', 1, 0, 7, 0, 7, 0, '0000-00-00 00:00:00', 0, 0, 0, 3, '');
INSERT INTO `jos_menu` VALUES (23, 'mainmenu', 'Links', 'index.php?option=com_weblinks', 'components', 0, 0, 4, 0, 6, 0, '0000-00-00 00:00:00', 0, 0, 0, 0, 'menu_image=web_links.jpg\npageclass_sfx=\nback_button=\npage_title=1\nheader=\nheadings=1\nhits=\nitem_description=1\nother_cat=1\ndescription=1\ndescription_text=\nimage=-1\nimage_align=right\nweblink_icons=');
INSERT INTO `jos_menu` VALUES (5, 'mainmenu', 'Search', 'index.php?option=com_search', 'components', 1, 0, 16, 0, 8, 0, '0000-00-00 00:00:00', 0, 0, 0, 3, '');
INSERT INTO `jos_menu` VALUES (6, 'mainmenu', 'Joomla! License', 'index.php?option=com_content&task=view&id=5', 'content_typed', 0, 0, 5, 0, 3, 0, '0000-00-00 00:00:00', 0, 0, 0, 0, '');
INSERT INTO `jos_menu` VALUES (7, 'mainmenu', 'News Feeds', 'index.php?option=com_newsfeeds', 'components', 0, 0, 12, 0, 9, 0, '0000-00-00 00:00:00', 0, 0, 0, 3, 'menu_image=-1\npageclass_sfx=\nback_button=\npage_title=1\nheader=');
INSERT INTO `jos_menu` VALUES (8, 'mainmenu', 'Wrapper', 'index.php?option=com_wrapper', 'wrapper', 0, 0, 0, 0, 11, 0, '0000-00-00 00:00:00', 0, 0, 0, 3, 'menu_image=-1\npageclass_sfx=\nback_button=\npage_title=1\nheader=\nscrolling=auto\nwidth=100%\nheight=600\nheight_auto=0\nurl=www.joomla.org');
INSERT INTO `jos_menu` VALUES (9, 'mainmenu', 'Blog', 'index.php?option=com_content&task=blogsection&id=0', 'content_blog_section', 0, 0, 0, 0, 5, 0, '0000-00-00 00:00:00', 0, 0, 0, 3, 'menu_image=-1\npageclass_sfx=\nback_button=\nheader=A blog of all sections with no images\npage_title=1\nleading=0\nintro=6\ncolumns=2\nlink=4\norderby_pri=\norderby_sec=\npagination=2\npagination_results=1\nimage=0\ndescription=0\ndescription_image=0\ncategory=0\ncategory_link=0\nitem_title=1\nlink_titles=\nreadmore=\nrating=\nauthor=\ncreatedate=\nmodifydate=\npdf=\nprint=\nemail=\nsectionid=');
INSERT INTO `jos_menu` VALUES (10, 'othermenu', 'Joomla! Home', 'http://www.joomla.org', 'url', 1, 0, 0, 0, 1, 0, '0000-00-00 00:00:00', 0, 0, 0, 3, '');
INSERT INTO `jos_menu` VALUES (11, 'othermenu', 'Joomla! Forums', 'http://forum.joomla.org', 'url', 1, 0, 0, 0, 1, 0, '0000-00-00 00:00:00', 0, 0, 0, 3, '');
INSERT INTO `jos_menu` VALUES (12, 'othermenu', 'OSM Home', 'http://www.opensourcematters.org', 'url', 1, 0, 0, 0, 1, 0, '0000-00-00 00:00:00', 0, 0, 0, 3, '');
INSERT INTO `jos_menu` VALUES (24, 'othermenu', 'Administrator', 'administrator/', 'url', 1, 0, 0, 0, 3, 0, '0000-00-00 00:00:00', 0, 0, 0, 3, 'menu_image=-1');
INSERT INTO `jos_menu` VALUES (21, 'usermenu', 'Your Details', 'index.php?option=com_user&task=UserDetails', 'url', 1, 0, 0, 0, 1, 0, '0000-00-00 00:00:00', 0, 0, 1, 3, '');
INSERT INTO `jos_menu` VALUES (13, 'usermenu', 'Submit News', 'index.php?option=com_content&task=new&sectionid=1&Itemid=0', 'url', 0, 0, 0, 0, 2, 0, '0000-00-00 00:00:00', 0, 0, 1, 2, '');
INSERT INTO `jos_menu` VALUES (14, 'usermenu', 'Submit WebLink', 'index.php?option=com_weblinks&task=new', 'url', 0, 0, 0, 0, 4, 0, '0000-00-00 00:00:00', 0, 0, 1, 2, '');
INSERT INTO `jos_menu` VALUES (15, 'usermenu', 'Check-In My Items', 'index.php?option=com_user&task=CheckIn', 'url', 0, 0, 0, 0, 5, 0, '0000-00-00 00:00:00', 0, 0, 1, 2, '');
INSERT INTO `jos_menu` VALUES (16, 'usermenu', 'Logout', 'index.php?option=com_login', 'components', 1, 0, 15, 0, 5, 0, '0000-00-00 00:00:00', 0, 0, 1, 3, '');
INSERT INTO `jos_menu` VALUES (17, 'topmenu', 'Home', 'index.php', 'url', 1, 0, 0, 0, 1, 0, '0000-00-00 00:00:00', 0, 0, 0, 3, '');
INSERT INTO `jos_menu` VALUES (18, 'topmenu', 'Contact Us', 'index.php?option=com_contact&Itemid=3', 'url', 1, 0, 0, 0, 2, 0, '0000-00-00 00:00:00', 0, 0, 0, 3, '');
INSERT INTO `jos_menu` VALUES (19, 'topmenu', 'News', 'index.php?option=com_content&task=section&id=1&Itemid=2', 'url', 1, 0, 0, 0, 3, 0, '0000-00-00 00:00:00', 0, 0, 0, 3, '');
INSERT INTO `jos_menu` VALUES (20, 'topmenu', 'Links', 'index.php?option=com_weblinks&Itemid=23', 'url', 1, 0, 0, 0, 4, 0, '0000-00-00 00:00:00', 0, 0, 0, 3, 'menu_image=-1');
INSERT INTO `jos_menu` VALUES (25, 'mainmenu', 'FAQs', 'index.php?option=com_content&task=category&sectionid=3&id=7', 'content_category', 1, 0, 7, 0, 10, 0, '0000-00-00 00:00:00', 0, 0, 0, 0, 'menu_image=-1\npage_title=1\npageclass_sfx=\nback_button=\norderby=\ndate_format=\ndate=\nauthor=\ntitle=1\nhits=\nheadings=1\nnavigation=1\norder_select=1\ndisplay=1\ndisplay_num=50\nfilter=1\nfilter_type=title\nother_cat=1\nempty_cat=0\ncat_items=1\ncat_description=1');
INSERT INTO `jos_menu` VALUES (26, 'mainmenu', 'Our Catalog', 'index.php?option=com_virtuemart', 'components', 1, 0, 19, 0, 2, 0, '0000-00-00 00:00:00', 0, 0, 0, 0, '');

-- --------------------------------------------------------

-- 
-- Table structure for table `jos_messages`
-- 

CREATE TABLE `jos_messages` (
  `message_id` int(10) unsigned NOT NULL auto_increment,
  `user_id_from` int(10) unsigned NOT NULL default '0',
  `user_id_to` int(10) unsigned NOT NULL default '0',
  `folder_id` int(10) unsigned NOT NULL default '0',
  `date_time` datetime NOT NULL default '0000-00-00 00:00:00',
  `state` int(11) NOT NULL default '0',
  `priority` int(1) unsigned NOT NULL default '0',
  `subject` varchar(230) NOT NULL default '',
  `message` text NOT NULL,
  PRIMARY KEY  (`message_id`)
) ENGINE=MyISAM DEFAULT CHARSET=latin1 AUTO_INCREMENT=1 ;

-- 
-- Dumping data for table `jos_messages`
-- 


-- --------------------------------------------------------

-- 
-- Table structure for table `jos_messages_cfg`
-- 

CREATE TABLE `jos_messages_cfg` (
  `user_id` int(10) unsigned NOT NULL default '0',
  `cfg_name` varchar(100) NOT NULL default '',
  `cfg_value` varchar(255) NOT NULL default '',
  UNIQUE KEY `idx_user_var_name` (`user_id`,`cfg_name`)
) ENGINE=MyISAM DEFAULT CHARSET=latin1;

-- 
-- Dumping data for table `jos_messages_cfg`
-- 


-- --------------------------------------------------------

-- 
-- Table structure for table `jos_modules`
-- 

CREATE TABLE `jos_modules` (
  `id` int(11) NOT NULL auto_increment,
  `title` text NOT NULL,
  `content` text NOT NULL,
  `ordering` int(11) NOT NULL default '0',
  `position` varchar(10) default NULL,
  `checked_out` int(11) unsigned NOT NULL default '0',
  `checked_out_time` datetime NOT NULL default '0000-00-00 00:00:00',
  `published` tinyint(1) NOT NULL default '0',
  `module` varchar(50) default NULL,
  `numnews` int(11) NOT NULL default '0',
  `access` tinyint(3) unsigned NOT NULL default '0',
  `showtitle` tinyint(3) unsigned NOT NULL default '1',
  `params` text NOT NULL,
  `iscore` tinyint(4) NOT NULL default '0',
  `client_id` tinyint(4) NOT NULL default '0',
  PRIMARY KEY  (`id`),
  KEY `published` (`published`,`access`),
  KEY `newsfeeds` (`module`,`published`)
) ENGINE=MyISAM DEFAULT CHARSET=latin1 AUTO_INCREMENT=34 ;

-- 
-- Dumping data for table `jos_modules`
-- 

INSERT INTO `jos_modules` VALUES (1, 'Polls', '', 1, 'right', 0, '0000-00-00 00:00:00', 0, 'mod_poll', 0, 0, 1, '', 0, 0);
INSERT INTO `jos_modules` VALUES (2, 'User Menu', '', 4, 'left', 0, '0000-00-00 00:00:00', 1, 'mod_mainmenu', 0, 1, 1, 'menutype=usermenu', 1, 0);
INSERT INTO `jos_modules` VALUES (3, 'Main Menu', '', 1, 'left', 0, '0000-00-00 00:00:00', 1, 'mod_mainmenu', 0, 0, 1, 'menutype=mainmenu', 1, 0);
INSERT INTO `jos_modules` VALUES (4, 'Login Form', '', 5, 'left', 0, '0000-00-00 00:00:00', 1, 'mod_login', 0, 0, 1, '', 1, 0);
INSERT INTO `jos_modules` VALUES (5, 'Syndicate', '', 7, 'left', 0, '0000-00-00 00:00:00', 0, 'mod_rssfeed', 0, 0, 1, '', 1, 0);
INSERT INTO `jos_modules` VALUES (6, 'Latest News', '', 4, 'user1', 0, '0000-00-00 00:00:00', 0, 'mod_latestnews', 0, 0, 1, '', 1, 0);
INSERT INTO `jos_modules` VALUES (7, 'Statistics', '', 6, 'left', 0, '0000-00-00 00:00:00', 0, 'mod_stats', 0, 0, 1, 'serverinfo=1\nsiteinfo=1\ncounter=1\nincrease=0\nmoduleclass_sfx=', 0, 0);
INSERT INTO `jos_modules` VALUES (8, 'Who''s Online', '', 1, 'right', 0, '0000-00-00 00:00:00', 0, 'mod_whosonline', 0, 0, 1, 'online=1\nusers=1\nmoduleclass_sfx=', 0, 0);
INSERT INTO `jos_modules` VALUES (9, 'Popular', '', 6, 'user2', 0, '0000-00-00 00:00:00', 0, 'mod_mostread', 0, 0, 1, '', 0, 0);
INSERT INTO `jos_modules` VALUES (10, 'Template Chooser', '', 8, 'left', 0, '0000-00-00 00:00:00', 0, 'mod_templatechooser', 0, 0, 1, 'show_preview=1', 0, 0);
INSERT INTO `jos_modules` VALUES (11, 'Archive', '', 9, 'left', 0, '0000-00-00 00:00:00', 0, 'mod_archive', 0, 0, 1, '', 1, 0);
INSERT INTO `jos_modules` VALUES (12, 'Sections', '', 10, 'left', 0, '0000-00-00 00:00:00', 0, 'mod_sections', 0, 0, 1, '', 1, 0);
INSERT INTO `jos_modules` VALUES (13, 'Newsflash', '', 1, 'top', 0, '0000-00-00 00:00:00', 0, 'mod_newsflash', 0, 0, 1, 'catid=3\r\nstyle=random\r\nitems=\r\nmoduleclass_sfx=', 0, 0);
INSERT INTO `jos_modules` VALUES (14, 'Related Items', '', 11, 'left', 0, '0000-00-00 00:00:00', 0, 'mod_related_items', 0, 0, 1, '', 0, 0);
INSERT INTO `jos_modules` VALUES (15, 'Search', '', 1, 'user4', 0, '0000-00-00 00:00:00', 1, 'mod_search', 0, 0, 0, '', 0, 0);
INSERT INTO `jos_modules` VALUES (16, 'Random Image', '', 9, 'right', 0, '0000-00-00 00:00:00', 1, 'mod_random_image', 0, 0, 1, '', 0, 0);
INSERT INTO `jos_modules` VALUES (17, 'Top Menu', '', 1, 'user3', 0, '0000-00-00 00:00:00', 1, 'mod_mainmenu', 0, 0, 0, 'menutype=topmenu\nmenu_style=list_flat\nmenu_images=n\nmenu_images_align=left\nexpand_menu=n\nclass_sfx=-nav\nmoduleclass_sfx=\nindent_image1=0\nindent_image2=0\nindent_image3=0\nindent_image4=0\nindent_image5=0\nindent_image6=0', 1, 0);
INSERT INTO `jos_modules` VALUES (18, 'Banners', '', 1, 'banner', 0, '0000-00-00 00:00:00', 0, 'mod_banners', 0, 0, 0, 'banner_cids=\nmoduleclass_sfx=\n', 1, 0);
INSERT INTO `jos_modules` VALUES (19, 'Components', '', 2, 'cpanel', 0, '0000-00-00 00:00:00', 1, 'mod_components', 0, 99, 1, '', 1, 1);
INSERT INTO `jos_modules` VALUES (20, 'Popular', '', 3, 'cpanel', 0, '0000-00-00 00:00:00', 1, 'mod_popular', 0, 99, 1, '', 0, 1);
INSERT INTO `jos_modules` VALUES (21, 'Latest Items', '', 4, 'cpanel', 0, '0000-00-00 00:00:00', 1, 'mod_latest', 0, 99, 1, '', 0, 1);
INSERT INTO `jos_modules` VALUES (22, 'Menu Stats', '', 5, 'cpanel', 0, '0000-00-00 00:00:00', 1, 'mod_stats', 0, 99, 1, '', 0, 1);
INSERT INTO `jos_modules` VALUES (23, 'Unread Messages', '', 1, 'header', 0, '0000-00-00 00:00:00', 1, 'mod_unread', 0, 99, 1, '', 1, 1);
INSERT INTO `jos_modules` VALUES (24, 'Online Users', '', 2, 'header', 0, '0000-00-00 00:00:00', 1, 'mod_online', 0, 99, 1, '', 1, 1);
INSERT INTO `jos_modules` VALUES (25, 'Full Menu', '', 1, 'top', 0, '0000-00-00 00:00:00', 1, 'mod_fullmenu', 0, 99, 1, '', 1, 1);
INSERT INTO `jos_modules` VALUES (26, 'Pathway', '', 1, 'pathway', 0, '0000-00-00 00:00:00', 1, 'mod_pathway', 0, 99, 1, '', 1, 1);
INSERT INTO `jos_modules` VALUES (27, 'Toolbar', '', 1, 'toolbar', 0, '0000-00-00 00:00:00', 1, 'mod_toolbar', 0, 99, 1, '', 1, 1);
INSERT INTO `jos_modules` VALUES (28, 'System Message', '', 1, 'inset', 0, '0000-00-00 00:00:00', 1, 'mod_mosmsg', 0, 99, 1, '', 1, 1);
INSERT INTO `jos_modules` VALUES (29, 'Quick Icons', '', 1, 'icon', 0, '0000-00-00 00:00:00', 1, 'mod_quickicon', 0, 99, 1, '', 1, 1);
INSERT INTO `jos_modules` VALUES (30, 'Other Menu', '', 3, 'left', 0, '0000-00-00 00:00:00', 0, 'mod_mainmenu', 0, 0, 0, 'menutype=othermenu\nmenu_style=vert_indent\ncache=0\nmenu_images=0\nmenu_images_align=0\nexpand_menu=0\nclass_sfx=\nmoduleclass_sfx=\nindent_image=0\nindent_image1=\nindent_image2=\nindent_image3=\nindent_image4=\nindent_image5=\nindent_image6=', 0, 0);
INSERT INTO `jos_modules` VALUES (31, 'Wrapper', '', 12, 'left', 0, '0000-00-00 00:00:00', 0, 'mod_wrapper', 0, 0, 1, '', 0, 0);
INSERT INTO `jos_modules` VALUES (32, 'Logged', '', 0, 'cpanel', 0, '0000-00-00 00:00:00', 1, 'mod_logged', 0, 99, 1, '', 0, 1);
INSERT INTO `jos_modules` VALUES (33, 'Our Catalog', '', 2, 'left', 0, '0000-00-00 00:00:00', 1, 'mod_virtuemart', 0, 0, 1, 'cache=0\nclass_sfx=\nmoduleclass_sfx=\npretext=\nshow_login_form=no\nshow_categories=yes\nshow_listall=yes\nshow_minicart=yes\nshow_productsearch=yes\nshow_product_parameter_search=no\nmenutype=links\njscook_type=menu\njscookMenu_style=ThemeOffice\nmenu_orientation=hbr\njscookTree_style=ThemeXP\nroot_label=Shop', 0, 0);

-- --------------------------------------------------------

-- 
-- Table structure for table `jos_modules_menu`
-- 

CREATE TABLE `jos_modules_menu` (
  `moduleid` int(11) NOT NULL default '0',
  `menuid` int(11) NOT NULL default '0',
  PRIMARY KEY  (`moduleid`,`menuid`)
) ENGINE=MyISAM DEFAULT CHARSET=latin1;

-- 
-- Dumping data for table `jos_modules_menu`
-- 

INSERT INTO `jos_modules_menu` VALUES (1, 1);
INSERT INTO `jos_modules_menu` VALUES (2, 0);
INSERT INTO `jos_modules_menu` VALUES (3, 0);
INSERT INTO `jos_modules_menu` VALUES (4, 1);
INSERT INTO `jos_modules_menu` VALUES (5, 1);
INSERT INTO `jos_modules_menu` VALUES (6, 1);
INSERT INTO `jos_modules_menu` VALUES (6, 2);
INSERT INTO `jos_modules_menu` VALUES (6, 4);
INSERT INTO `jos_modules_menu` VALUES (6, 27);
INSERT INTO `jos_modules_menu` VALUES (6, 36);
INSERT INTO `jos_modules_menu` VALUES (8, 1);
INSERT INTO `jos_modules_menu` VALUES (9, 1);
INSERT INTO `jos_modules_menu` VALUES (9, 2);
INSERT INTO `jos_modules_menu` VALUES (9, 4);
INSERT INTO `jos_modules_menu` VALUES (9, 27);
INSERT INTO `jos_modules_menu` VALUES (9, 36);
INSERT INTO `jos_modules_menu` VALUES (10, 1);
INSERT INTO `jos_modules_menu` VALUES (13, 0);
INSERT INTO `jos_modules_menu` VALUES (15, 0);
INSERT INTO `jos_modules_menu` VALUES (17, 0);
INSERT INTO `jos_modules_menu` VALUES (18, 0);
INSERT INTO `jos_modules_menu` VALUES (30, 0);
INSERT INTO `jos_modules_menu` VALUES (33, 0);

-- --------------------------------------------------------

-- 
-- Table structure for table `jos_newsfeeds`
-- 

CREATE TABLE `jos_newsfeeds` (
  `catid` int(11) NOT NULL default '0',
  `id` int(11) NOT NULL auto_increment,
  `name` text NOT NULL,
  `link` text NOT NULL,
  `filename` varchar(200) default NULL,
  `published` tinyint(1) NOT NULL default '0',
  `numarticles` int(11) unsigned NOT NULL default '1',
  `cache_time` int(11) unsigned NOT NULL default '3600',
  `checked_out` tinyint(3) unsigned NOT NULL default '0',
  `checked_out_time` datetime NOT NULL default '0000-00-00 00:00:00',
  `ordering` int(11) NOT NULL default '0',
  PRIMARY KEY  (`id`),
  KEY `published` (`published`)
) ENGINE=MyISAM DEFAULT CHARSET=latin1 AUTO_INCREMENT=11 ;

-- 
-- Dumping data for table `jos_newsfeeds`
-- 

INSERT INTO `jos_newsfeeds` VALUES (4, 1, 'Joomla! - Official News', 'http://www.joomla.org/index.php?option=com_rss_xtd&feed=RSS2.0&type=com_frontpage&Itemid=1', '', 1, 5, 3600, 0, '0000-00-00 00:00:00', 8);
INSERT INTO `jos_newsfeeds` VALUES (4, 2, 'Joomla! - Community News', 'http://www.joomla.org/index.php?option=com_rss_xtd&feed=RSS2.0&type=com_content&task=blogcategory&id=0&Itemid=33', '', 1, 5, 3600, 0, '0000-00-00 00:00:00', 9);
INSERT INTO `jos_newsfeeds` VALUES (10, 4, 'Linux Today', 'http://linuxtoday.com/backend/my-netscape.rdf', '', 1, 3, 3600, 0, '0000-00-00 00:00:00', 1);
INSERT INTO `jos_newsfeeds` VALUES (5, 5, 'Business News', 'http://headlines.internet.com/internetnews/bus-news/news.rss', '', 1, 3, 3600, 0, '0000-00-00 00:00:00', 2);
INSERT INTO `jos_newsfeeds` VALUES (11, 6, 'Web Developer News', 'http://headlines.internet.com/internetnews/wd-news/news.rss', '', 1, 3, 3600, 0, '0000-00-00 00:00:00', 3);
INSERT INTO `jos_newsfeeds` VALUES (10, 7, 'Linux Central:New Products', 'http://linuxcentral.com/backend/lcnew.rdf', '', 1, 3, 3600, 0, '0000-00-00 00:00:00', 4);
INSERT INTO `jos_newsfeeds` VALUES (10, 8, 'Linux Central:Best Selling', 'http://linuxcentral.com/backend/lcbestns.rdf', '', 1, 3, 3600, 0, '0000-00-00 00:00:00', 5);
INSERT INTO `jos_newsfeeds` VALUES (10, 9, 'Linux Central:Daily Specials', 'http://linuxcentral.com/backend/lcspecialns.rdf', '', 1, 3, 3600, 0, '0000-00-00 00:00:00', 6);
INSERT INTO `jos_newsfeeds` VALUES (9, 10, 'Internet:Finance News', 'http://headlines.internet.com/internetnews/fina-news/news.rss', '', 1, 3, 3600, 0, '0000-00-00 00:00:00', 7);

-- --------------------------------------------------------

-- 
-- Table structure for table `jos_poll_data`
-- 

CREATE TABLE `jos_poll_data` (
  `id` int(11) NOT NULL auto_increment,
  `pollid` int(4) NOT NULL default '0',
  `text` text NOT NULL,
  `hits` int(11) NOT NULL default '0',
  PRIMARY KEY  (`id`),
  KEY `pollid` (`pollid`,`text`(1))
) ENGINE=MyISAM DEFAULT CHARSET=latin1 AUTO_INCREMENT=13 ;

-- 
-- Dumping data for table `jos_poll_data`
-- 

INSERT INTO `jos_poll_data` VALUES (1, 14, 'Absolutely simple', 1);
INSERT INTO `jos_poll_data` VALUES (2, 14, 'Reasonably easy', 0);
INSERT INTO `jos_poll_data` VALUES (3, 14, 'Not straight-forward but I worked it out', 0);
INSERT INTO `jos_poll_data` VALUES (4, 14, 'I had to install extra server stuff', 0);
INSERT INTO `jos_poll_data` VALUES (5, 14, 'I had no idea and got my friend to do it', 0);
INSERT INTO `jos_poll_data` VALUES (6, 14, 'My dog ran away with the README ...', 0);
INSERT INTO `jos_poll_data` VALUES (7, 14, '', 0);
INSERT INTO `jos_poll_data` VALUES (8, 14, '', 0);
INSERT INTO `jos_poll_data` VALUES (9, 14, '', 0);
INSERT INTO `jos_poll_data` VALUES (10, 14, '', 0);
INSERT INTO `jos_poll_data` VALUES (11, 14, '', 0);
INSERT INTO `jos_poll_data` VALUES (12, 14, '', 0);

-- --------------------------------------------------------

-- 
-- Table structure for table `jos_poll_date`
-- 

CREATE TABLE `jos_poll_date` (
  `id` bigint(20) NOT NULL auto_increment,
  `date` datetime NOT NULL default '0000-00-00 00:00:00',
  `vote_id` int(11) NOT NULL default '0',
  `poll_id` int(11) NOT NULL default '0',
  PRIMARY KEY  (`id`),
  KEY `poll_id` (`poll_id`)
) ENGINE=MyISAM DEFAULT CHARSET=latin1 AUTO_INCREMENT=1 ;

-- 
-- Dumping data for table `jos_poll_date`
-- 


-- --------------------------------------------------------

-- 
-- Table structure for table `jos_poll_menu`
-- 

CREATE TABLE `jos_poll_menu` (
  `pollid` int(11) NOT NULL default '0',
  `menuid` int(11) NOT NULL default '0',
  PRIMARY KEY  (`pollid`,`menuid`)
) ENGINE=MyISAM DEFAULT CHARSET=latin1;

-- 
-- Dumping data for table `jos_poll_menu`
-- 

INSERT INTO `jos_poll_menu` VALUES (14, 1);

-- --------------------------------------------------------

-- 
-- Table structure for table `jos_polls`
-- 

CREATE TABLE `jos_polls` (
  `id` int(11) unsigned NOT NULL auto_increment,
  `title` varchar(100) NOT NULL default '',
  `voters` int(9) NOT NULL default '0',
  `checked_out` int(11) NOT NULL default '0',
  `checked_out_time` datetime NOT NULL default '0000-00-00 00:00:00',
  `published` tinyint(1) NOT NULL default '0',
  `access` int(11) NOT NULL default '0',
  `lag` int(11) NOT NULL default '0',
  PRIMARY KEY  (`id`)
) ENGINE=MyISAM DEFAULT CHARSET=latin1 AUTO_INCREMENT=15 ;

-- 
-- Dumping data for table `jos_polls`
-- 

INSERT INTO `jos_polls` VALUES (14, 'This Joomla! installation was ....', 1, 0, '0000-00-00 00:00:00', 1, 0, 86400);

-- --------------------------------------------------------

-- 
-- Table structure for table `jos_sections`
-- 

CREATE TABLE `jos_sections` (
  `id` int(11) NOT NULL auto_increment,
  `title` varchar(50) NOT NULL default '',
  `name` varchar(255) NOT NULL default '',
  `image` varchar(100) NOT NULL default '',
  `scope` varchar(50) NOT NULL default '',
  `image_position` varchar(10) NOT NULL default '',
  `description` text NOT NULL,
  `published` tinyint(1) NOT NULL default '0',
  `checked_out` int(11) unsigned NOT NULL default '0',
  `checked_out_time` datetime NOT NULL default '0000-00-00 00:00:00',
  `ordering` int(11) NOT NULL default '0',
  `access` tinyint(3) unsigned NOT NULL default '0',
  `count` int(11) NOT NULL default '0',
  `params` text NOT NULL,
  PRIMARY KEY  (`id`),
  KEY `idx_scope` (`scope`)
) ENGINE=MyISAM DEFAULT CHARSET=latin1 AUTO_INCREMENT=4 ;

-- 
-- Dumping data for table `jos_sections`
-- 

INSERT INTO `jos_sections` VALUES (1, 'News', 'The News', 'articles.jpg', 'content', 'right', 'Select a news topic from the list below, then select a news article to read.', 1, 0, '0000-00-00 00:00:00', 1, 0, 1, '');
INSERT INTO `jos_sections` VALUES (2, 'Newsflashes', 'Newsflashes', '', 'content', 'left', '', 1, 0, '0000-00-00 00:00:00', 2, 0, 1, '');
INSERT INTO `jos_sections` VALUES (3, 'FAQs', 'Frequently Asked Questions', 'pastarchives.jpg', 'content', 'left', 'From the list below choose one of our FAQs topics, then select an FAQ to read. If you have a question which is not in this section, please contact us.', 1, 0, '0000-00-00 00:00:00', 2, 0, 1, '');

-- --------------------------------------------------------

-- 
-- Table structure for table `jos_session`
-- 

CREATE TABLE `jos_session` (
  `username` varchar(50) default '',
  `time` varchar(14) default '',
  `session_id` varchar(200) NOT NULL default '0',
  `guest` tinyint(4) default '1',
  `userid` int(11) default '0',
  `usertype` varchar(50) default '',
  `gid` tinyint(3) unsigned NOT NULL default '0',
  PRIMARY KEY  (`session_id`),
  KEY `whosonline` (`guest`,`usertype`)
) ENGINE=MyISAM DEFAULT CHARSET=latin1;

-- 
-- Dumping data for table `jos_session`
-- 

INSERT INTO `jos_session` VALUES ('', '1187586163', 'c2add42ae2443d5b8010931602f8bdbd', 1, 0, '', 0);

-- --------------------------------------------------------

-- 
-- Table structure for table `jos_stats_agents`
-- 

CREATE TABLE `jos_stats_agents` (
  `agent` varchar(255) NOT NULL default '',
  `type` tinyint(1) unsigned NOT NULL default '0',
  `hits` int(11) unsigned NOT NULL default '1'
) ENGINE=MyISAM DEFAULT CHARSET=latin1;

-- 
-- Dumping data for table `jos_stats_agents`
-- 


-- --------------------------------------------------------

-- 
-- Table structure for table `jos_template_positions`
-- 

CREATE TABLE `jos_template_positions` (
  `id` int(11) NOT NULL auto_increment,
  `position` varchar(10) NOT NULL default '',
  `description` varchar(255) NOT NULL default '',
  PRIMARY KEY  (`id`)
) ENGINE=MyISAM DEFAULT CHARSET=latin1 AUTO_INCREMENT=28 ;

-- 
-- Dumping data for table `jos_template_positions`
-- 

INSERT INTO `jos_template_positions` VALUES (1, 'left', '');
INSERT INTO `jos_template_positions` VALUES (2, 'right', '');
INSERT INTO `jos_template_positions` VALUES (3, 'top', '');
INSERT INTO `jos_template_positions` VALUES (4, 'bottom', '');
INSERT INTO `jos_template_positions` VALUES (5, 'inset', '');
INSERT INTO `jos_template_positions` VALUES (6, 'banner', '');
INSERT INTO `jos_template_positions` VALUES (7, 'header', '');
INSERT INTO `jos_template_positions` VALUES (8, 'footer', '');
INSERT INTO `jos_template_positions` VALUES (9, 'newsflash', '');
INSERT INTO `jos_template_positions` VALUES (10, 'legals', '');
INSERT INTO `jos_template_positions` VALUES (11, 'pathway', '');
INSERT INTO `jos_template_positions` VALUES (12, 'toolbar', '');
INSERT INTO `jos_template_positions` VALUES (13, 'cpanel', '');
INSERT INTO `jos_template_positions` VALUES (14, 'user1', '');
INSERT INTO `jos_template_positions` VALUES (15, 'user2', '');
INSERT INTO `jos_template_positions` VALUES (16, 'user3', '');
INSERT INTO `jos_template_positions` VALUES (17, 'user4', '');
INSERT INTO `jos_template_positions` VALUES (18, 'user5', '');
INSERT INTO `jos_template_positions` VALUES (19, 'user6', '');
INSERT INTO `jos_template_positions` VALUES (20, 'user7', '');
INSERT INTO `jos_template_positions` VALUES (21, 'user8', '');
INSERT INTO `jos_template_positions` VALUES (22, 'user9', '');
INSERT INTO `jos_template_positions` VALUES (23, 'advert1', '');
INSERT INTO `jos_template_positions` VALUES (24, 'advert2', '');
INSERT INTO `jos_template_positions` VALUES (25, 'advert3', '');
INSERT INTO `jos_template_positions` VALUES (26, 'icon', '');
INSERT INTO `jos_template_positions` VALUES (27, 'debug', '');

-- --------------------------------------------------------

-- 
-- Table structure for table `jos_templates_menu`
-- 

CREATE TABLE `jos_templates_menu` (
  `template` varchar(50) NOT NULL default '',
  `menuid` int(11) NOT NULL default '0',
  `client_id` tinyint(4) NOT NULL default '0',
  PRIMARY KEY  (`template`,`menuid`)
) ENGINE=MyISAM DEFAULT CHARSET=latin1;

-- 
-- Dumping data for table `jos_templates_menu`
-- 

INSERT INTO `jos_templates_menu` VALUES ('247portal-b-blue', 0, 0);
INSERT INTO `jos_templates_menu` VALUES ('joomla_admin', 0, 1);

-- --------------------------------------------------------

-- 
-- Table structure for table `jos_users`
-- 

CREATE TABLE `jos_users` (
  `id` int(11) NOT NULL auto_increment,
  `name` varchar(50) NOT NULL default '',
  `username` varchar(25) NOT NULL default '',
  `email` varchar(100) NOT NULL default '',
  `password` varchar(100) NOT NULL default '',
  `usertype` varchar(25) NOT NULL default '',
  `block` tinyint(4) NOT NULL default '0',
  `sendEmail` tinyint(4) default '0',
  `gid` tinyint(3) unsigned NOT NULL default '1',
  `registerDate` datetime NOT NULL default '0000-00-00 00:00:00',
  `lastvisitDate` datetime NOT NULL default '0000-00-00 00:00:00',
  `activation` varchar(100) NOT NULL default '',
  `params` text NOT NULL,
  PRIMARY KEY  (`id`),
  KEY `usertype` (`usertype`),
  KEY `idx_name` (`name`)
) ENGINE=MyISAM DEFAULT CHARSET=latin1 AUTO_INCREMENT=90 ;

-- 
-- Dumping data for table `jos_users`
-- 

INSERT INTO `jos_users` VALUES (62, 'demosite', 'admin', 'muskoxen@mediavessel.com', '50dfa528501ae369beef8df3815857d6', 'Super Administrator', 0, 1, 25, '2007-03-20 13:12:55', '2007-08-18 00:21:05', '', 'expired=\nexpired_time=');
INSERT INTO `jos_users` VALUES (63, 'superadmin', 'superadmin', 'chris@mediavessel.com', 'cb493645d07d0502b3362323a62409ba', 'Super Administrator', 0, 0, 25, '2007-03-20 13:36:13', '2007-03-22 12:03:41', '', 'editor=tinymce\nexpired=\nexpired_time=');
INSERT INTO `jos_users` VALUES (64, 'demo', 'demo', 'info@mahsie.com', 'fe01ce2a7fbac8fafaed7c982a04e229', 'Administrator', 0, 0, 24, '2007-03-20 13:37:23', '2007-03-21 17:38:31', '', 'editor=');
INSERT INTO `jos_users` VALUES (84, 'Gareth Spanglett', 'gareth@mahsie.com', 'gareth@mahsie.com', 'a40e9097b80e805e8baa180700bb381d', 'Registered', 0, 0, 18, '2007-05-08 12:22:37', '2007-05-15 10:12:39', '', '');
INSERT INTO `jos_users` VALUES (83, 'Gareth Spanglett', 'gareth@agora_group.com', 'gareth@agora-group.com', '836eb198e5c22f27629e3c777f920f56', 'Registered', 0, 0, 18, '2007-04-23 13:50:09', '2007-05-15 11:39:21', '', '');
INSERT INTO `jos_users` VALUES (85, 'Klaus Vachon', 'mikepowers40@yahoo.ca', 'mikepowers40@yahoo.ca', 'fcbbc8a0835dbbb50734c2fabf70c793', 'Registered', 0, 0, 18, '2007-05-15 10:16:06', '2007-05-24 10:09:56', '', '');
INSERT INTO `jos_users` VALUES (86, 'Jeffrey Moncrieff', 'jeffrey.moncrieff@mahsie.', 'jeffrey.moncrieff@mahsie.com', '9665ef7d9826749565ebe42a10645b1d', 'Registered', 0, 0, 18, '2007-06-18 12:30:32', '2007-06-18 12:30:34', '', '');
INSERT INTO `jos_users` VALUES (87, 'Gareth Spanglett', 'prsidoro@mavericsolutions', 'prsidoro@mavericsolutions.ca', 'b74fad8f3d103852a23764edf9b1290c', 'Registered', 0, 0, 18, '2007-06-18 20:08:39', '2007-07-04 07:43:23', '', '');
INSERT INTO `jos_users` VALUES (88, 'Vic Vaid', 'vic@vaid.com', 'vic@vaid.com', '9bbcdca3dcbc442c3e353cbdb48b324d', 'Registered', 0, 0, 18, '2007-06-25 18:17:02', '2007-07-03 16:11:14', '', '');
INSERT INTO `jos_users` VALUES (89, 'Jeffrey Moncrieff', 'jmoncrieff@mahsie.com', 'jmoncrieff@mahsie.com', '187ab6abcf30ce9b2573f14f248896d3', 'Registered', 0, 0, 18, '2007-08-13 02:24:30', '2007-08-18 00:53:50', '', '');

-- --------------------------------------------------------

-- 
-- Table structure for table `jos_usertypes`
-- 

CREATE TABLE `jos_usertypes` (
  `id` tinyint(3) unsigned NOT NULL default '0',
  `name` varchar(50) NOT NULL default '',
  `mask` varchar(11) NOT NULL default '',
  PRIMARY KEY  (`id`)
) ENGINE=MyISAM DEFAULT CHARSET=latin1;

-- 
-- Dumping data for table `jos_usertypes`
-- 

INSERT INTO `jos_usertypes` VALUES (0, 'superadministrator', '');
INSERT INTO `jos_usertypes` VALUES (1, 'administrator', '');
INSERT INTO `jos_usertypes` VALUES (2, 'editor', '');
INSERT INTO `jos_usertypes` VALUES (3, 'user', '');
INSERT INTO `jos_usertypes` VALUES (4, 'author', '');
INSERT INTO `jos_usertypes` VALUES (5, 'publisher', '');
INSERT INTO `jos_usertypes` VALUES (6, 'manager', '');

-- --------------------------------------------------------

-- 
-- Table structure for table `jos_vm_affiliate`
-- 

CREATE TABLE `jos_vm_affiliate` (
  `affiliate_id` int(11) NOT NULL auto_increment,
  `user_id` int(11) NOT NULL default '0',
  `active` char(1) NOT NULL default 'N',
  `rate` int(11) NOT NULL default '0',
  PRIMARY KEY  (`affiliate_id`)
) ENGINE=MyISAM DEFAULT CHARSET=latin1 COMMENT='Used to store affiliate user entries' AUTO_INCREMENT=1 ;

-- 
-- Dumping data for table `jos_vm_affiliate`
-- 


-- --------------------------------------------------------

-- 
-- Table structure for table `jos_vm_affiliate_sale`
-- 

CREATE TABLE `jos_vm_affiliate_sale` (
  `order_id` int(11) NOT NULL default '0',
  `visit_id` varchar(32) NOT NULL default '',
  `affiliate_id` int(11) NOT NULL default '0',
  `rate` int(2) NOT NULL default '0',
  PRIMARY KEY  (`order_id`)
) ENGINE=MyISAM DEFAULT CHARSET=latin1 COMMENT='Stores orders that affiliates have placed';

-- 
-- Dumping data for table `jos_vm_affiliate_sale`
-- 


-- --------------------------------------------------------

-- 
-- Table structure for table `jos_vm_auth_user_vendor`
-- 

CREATE TABLE `jos_vm_auth_user_vendor` (
  `user_id` int(11) default NULL,
  `vendor_id` int(11) default NULL,
  KEY `idx_auth_user_vendor_user_id` (`user_id`),
  KEY `idx_auth_user_vendor_vendor_id` (`vendor_id`)
) ENGINE=MyISAM DEFAULT CHARSET=latin1 COMMENT='Maps a user to a vendor';

-- 
-- Dumping data for table `jos_vm_auth_user_vendor`
-- 

INSERT INTO `jos_vm_auth_user_vendor` VALUES (62, 1);
INSERT INTO `jos_vm_auth_user_vendor` VALUES (65, 1);
INSERT INTO `jos_vm_auth_user_vendor` VALUES (66, 1);
INSERT INTO `jos_vm_auth_user_vendor` VALUES (67, 1);
INSERT INTO `jos_vm_auth_user_vendor` VALUES (68, 1);
INSERT INTO `jos_vm_auth_user_vendor` VALUES (69, 1);
INSERT INTO `jos_vm_auth_user_vendor` VALUES (70, 1);
INSERT INTO `jos_vm_auth_user_vendor` VALUES (71, 1);
INSERT INTO `jos_vm_auth_user_vendor` VALUES (72, 1);
INSERT INTO `jos_vm_auth_user_vendor` VALUES (73, 1);
INSERT INTO `jos_vm_auth_user_vendor` VALUES (74, 1);
INSERT INTO `jos_vm_auth_user_vendor` VALUES (75, 1);
INSERT INTO `jos_vm_auth_user_vendor` VALUES (77, 1);
INSERT INTO `jos_vm_auth_user_vendor` VALUES (79, 1);
INSERT INTO `jos_vm_auth_user_vendor` VALUES (80, 1);
INSERT INTO `jos_vm_auth_user_vendor` VALUES (81, 1);
INSERT INTO `jos_vm_auth_user_vendor` VALUES (82, 1);
INSERT INTO `jos_vm_auth_user_vendor` VALUES (78, 1);
INSERT INTO `jos_vm_auth_user_vendor` VALUES (83, 1);
INSERT INTO `jos_vm_auth_user_vendor` VALUES (84, 1);
INSERT INTO `jos_vm_auth_user_vendor` VALUES (85, 1);
INSERT INTO `jos_vm_auth_user_vendor` VALUES (86, 1);
INSERT INTO `jos_vm_auth_user_vendor` VALUES (87, 1);
INSERT INTO `jos_vm_auth_user_vendor` VALUES (88, 1);
INSERT INTO `jos_vm_auth_user_vendor` VALUES (89, 1);

-- --------------------------------------------------------

-- 
-- Table structure for table `jos_vm_category`
-- 

CREATE TABLE `jos_vm_category` (
  `category_id` int(11) NOT NULL auto_increment,
  `vendor_id` int(11) NOT NULL default '0',
  `category_name` varchar(128) NOT NULL default '',
  `category_description` text,
  `category_thumb_image` varchar(255) default NULL,
  `category_full_image` varchar(255) default NULL,
  `category_publish` char(1) default NULL,
  `cdate` int(11) default NULL,
  `mdate` int(11) default NULL,
  `category_browsepage` varchar(255) NOT NULL default 'browse_1',
  `products_per_row` tinyint(2) NOT NULL default '1',
  `category_flypage` varchar(255) default NULL,
  `list_order` int(11) default NULL,
  `ptcode` varchar(20) NOT NULL default '',
  PRIMARY KEY  (`category_id`),
  KEY `idx_category_vendor_id` (`vendor_id`),
  KEY `idx_category_name` (`category_name`)
) ENGINE=MyISAM DEFAULT CHARSET=latin1 COMMENT='Product Categories are stored here' AUTO_INCREMENT=31 ;

-- 
-- Dumping data for table `jos_vm_category`
-- 

INSERT INTO `jos_vm_category` VALUES (1, 1, 'Our Products', 'Products available for sale from our organization.', 'df09aef5743778ed9c5a8943a52dd55f.jpg', '25cdbc5a2e7ba0725c99098f53a95d96.jpg', 'Y', 950319905, 1178641858, 'browse_3', 3, '', 1, '');
INSERT INTO `jos_vm_category` VALUES (2, 1, 'Power Tools', 'Power Tools', 'fc8802c7eaa1149bde98a541742217de.jpg', 'fe2f63f4c46023e3b33404c80bdd2bfe.jpg', 'N', 950319916, 960304104, 'browse_4', 4, '', 2, '');
INSERT INTO `jos_vm_category` VALUES (3, 1, 'Our Services', 'Services available for purchase online.', '69f3431a3a75b8dc8b3cb258ecf8669b.jpg', 'e162f8072785a1037851c778b0579824.jpg', 'Y', 950321122, 1178641802, 'browse_2', 2, 'shop.garden_flypage', 3, '');
INSERT INTO `jos_vm_category` VALUES (4, 1, 'Outdoor Tools', 'Outdoor Tools', NULL, NULL, 'N', 955626629, 958889528, 'browse_1', 1, NULL, 4, '');
INSERT INTO `jos_vm_category` VALUES (5, 1, 'Indoor Tools', 'Indoor Tools', NULL, NULL, 'N', 958892894, 958892894, 'browse_1', 1, NULL, 5, '');
INSERT INTO `jos_vm_category` VALUES (6, 1, 'Products', 'Products for sale from our organization', '', '', 'N', 1178635942, 1178635942, 'browse_1', 1, 'shop.flypage', 4, '');
INSERT INTO `jos_vm_category` VALUES (7, 1, 'Services', 'List of our services', '', '', 'N', 1178636017, 1178636017, 'browse_1', 1, 'shop.flypage', 5, '');
INSERT INTO `jos_vm_category` VALUES (8, 1, 'su,', 'test', NULL, NULL, '1', 1187386742, 1187386742, 'brower_1', 4, NULL, 0, '1');
INSERT INTO `jos_vm_category` VALUES (9, 1, 'Durms', 'Drums', NULL, NULL, 'Y', 1187393534, 1187393534, 'browse_1', 4, '', 3, 'DUMS');
INSERT INTO `jos_vm_category` VALUES (10, 1, 'tfgm', 'mrmj', NULL, NULL, '1', 1187395496, 1187395496, 'browse_1', 4, NULL, 0, 'GMEM');
INSERT INTO `jos_vm_category` VALUES (11, 1, 'dcm', 'mdkm,', NULL, NULL, '1', 1187401167, 1187401167, 'brower_1', 4, NULL, 7, 'PET');
INSERT INTO `jos_vm_category` VALUES (12, 1, 'dcm', 'FBN', NULL, NULL, '1', 1187401369, 1187401369, 'brower_1', 4, NULL, 7, 'VJ10');
INSERT INTO `jos_vm_category` VALUES (13, 1, 'md', 'test', NULL, NULL, '1', 1187401524, 1187401524, 'brower_1', 4, NULL, 7, 'CK39');
INSERT INTO `jos_vm_category` VALUES (14, 1, 'Phones PBX Systems', 'VOIP', NULL, NULL, '1', 1187401882, 1187401882, 'brower_1', 4, NULL, 3, 'PHO_');
INSERT INTO `jos_vm_category` VALUES (15, 1, 'pbx11', 'rffjk', NULL, NULL, '1', 1187402039, 1187402039, 'brower_1', 4, NULL, 78, 'PBX1');
INSERT INTO `jos_vm_category` VALUES (16, 1, 'Voip', 'Voip', NULL, NULL, '1', 1187402188, 1187402188, 'brower_1', 4, NULL, 4, 'VOIP');
INSERT INTO `jos_vm_category` VALUES (17, 1, ' IQREN', 'KJ FPOINO', NULL, NULL, '1', 1187402558, 1187402558, 'brower_1', 4, NULL, 7, 'BFBI');
INSERT INTO `jos_vm_category` VALUES (18, 1, 'TEE', 'TEE', NULL, NULL, '1', 1187402745, 1187402745, 'brower_1', 4, NULL, 1, 'TRE');
INSERT INTO `jos_vm_category` VALUES (19, 1, 'pet', 'dn', NULL, NULL, '1', 1187403312, 1187403312, 'brower_1', 4, NULL, 4, 'PET1');
INSERT INTO `jos_vm_category` VALUES (20, 1, 'TESRT9', 'TEST', NULL, NULL, '1', 1187403432, 1187403432, 'brower_1', 4, NULL, 5, 'TEST');
INSERT INTO `jos_vm_category` VALUES (21, 1, 'rk', 'ke', NULL, NULL, '1', 1187403454, 1187403454, 'brower_1', 4, NULL, 8, 'TES');
INSERT INTO `jos_vm_category` VALUES (22, 1, 'te', 'ey', NULL, NULL, 'N', 1187403531, 1187403531, 'brower_1', 4, NULL, 8, 'TES8');
INSERT INTO `jos_vm_category` VALUES (23, 1, 'Cars', 'Cars', '', '', 'Y', 1187408269, 1187584877, 'brower_1', 2, '', 6, 'CAR');
INSERT INTO `jos_vm_category` VALUES (24, 1, '133', 'TEST', NULL, NULL, '1', 1187581075, 1187581075, 'brower_1', 0, NULL, 4, 'PT10');
INSERT INTO `jos_vm_category` VALUES (25, 1, 'Car Parts', 'Car Parts', NULL, NULL, '1', 1187583050, 1187583050, 'brower_1', 14, NULL, 7, 'CARP');
INSERT INTO `jos_vm_category` VALUES (26, 1, 'Car Parts', 'Car Parts', NULL, NULL, '1', 1187583194, 1187583194, 'brower_1', 34, NULL, 4, 'CARP');
INSERT INTO `jos_vm_category` VALUES (27, 1, 'test', 'Car Parts', NULL, NULL, '1', 1187584580, 1187584797, 'brower_1', 14, NULL, 4, 'CARPA');
INSERT INTO `jos_vm_category` VALUES (28, 1, 'test', 'Car Parts', NULL, NULL, '1', 1187584771, 1187584797, 'brower_1', 14, NULL, 4, 'CARPA');
INSERT INTO `jos_vm_category` VALUES (29, 1, 'test', 'Car Parts', NULL, NULL, '1', 1187584797, 1187584797, 'brower_1', 14, NULL, 4, 'CARPA');
INSERT INTO `jos_vm_category` VALUES (30, 1, 'Car Parts', 'Car Parts', NULL, NULL, 'Y', 1187584981, 1187584981, 'brower_1', 14, NULL, 1, 'CARPRT');

-- --------------------------------------------------------

-- 
-- Table structure for table `jos_vm_category_xref`
-- 

CREATE TABLE `jos_vm_category_xref` (
  `category_parent_id` int(11) NOT NULL default '0',
  `category_child_id` int(11) NOT NULL default '0',
  `category_list` int(11) default NULL,
  KEY `category_xref_category_parent_id` (`category_parent_id`),
  KEY `category_xref_category_child_id` (`category_child_id`),
  KEY `idx_category_xref_category_list` (`category_list`)
) ENGINE=MyISAM DEFAULT CHARSET=latin1 COMMENT='Category child-parent relation list';

-- 
-- Dumping data for table `jos_vm_category_xref`
-- 

INSERT INTO `jos_vm_category_xref` VALUES (0, 1, NULL);
INSERT INTO `jos_vm_category_xref` VALUES (0, 2, NULL);
INSERT INTO `jos_vm_category_xref` VALUES (0, 3, NULL);
INSERT INTO `jos_vm_category_xref` VALUES (2, 4, NULL);
INSERT INTO `jos_vm_category_xref` VALUES (2, 5, NULL);
INSERT INTO `jos_vm_category_xref` VALUES (0, 6, NULL);
INSERT INTO `jos_vm_category_xref` VALUES (0, 7, NULL);
INSERT INTO `jos_vm_category_xref` VALUES (0, 10, NULL);
INSERT INTO `jos_vm_category_xref` VALUES (0, 18, NULL);
INSERT INTO `jos_vm_category_xref` VALUES (0, 22, NULL);
INSERT INTO `jos_vm_category_xref` VALUES (0, 23, NULL);
INSERT INTO `jos_vm_category_xref` VALUES (0, 27, NULL);
INSERT INTO `jos_vm_category_xref` VALUES (0, 27, NULL);
INSERT INTO `jos_vm_category_xref` VALUES (0, 27, NULL);
INSERT INTO `jos_vm_category_xref` VALUES (0, 30, NULL);

-- --------------------------------------------------------

-- 
-- Table structure for table `jos_vm_country`
-- 

CREATE TABLE `jos_vm_country` (
  `country_id` int(11) NOT NULL auto_increment,
  `zone_id` int(11) NOT NULL default '1',
  `country_name` varchar(64) default NULL,
  `country_3_code` char(3) default NULL,
  `country_2_code` char(2) default NULL,
  PRIMARY KEY  (`country_id`),
  KEY `idx_country_name` (`country_name`)
) ENGINE=MyISAM DEFAULT CHARSET=latin1 COMMENT='Country records' AUTO_INCREMENT=240 ;

-- 
-- Dumping data for table `jos_vm_country`
-- 

INSERT INTO `jos_vm_country` VALUES (1, 1, 'Afghanistan', 'AFG', 'AF');
INSERT INTO `jos_vm_country` VALUES (2, 1, 'Albania', 'ALB', 'AL');
INSERT INTO `jos_vm_country` VALUES (3, 1, 'Algeria', 'DZA', 'DZ');
INSERT INTO `jos_vm_country` VALUES (4, 1, 'American Samoa', 'ASM', 'AS');
INSERT INTO `jos_vm_country` VALUES (5, 1, 'Andorra', 'AND', 'AD');
INSERT INTO `jos_vm_country` VALUES (6, 1, 'Angola', 'AGO', 'AO');
INSERT INTO `jos_vm_country` VALUES (7, 1, 'Anguilla', 'AIA', 'AI');
INSERT INTO `jos_vm_country` VALUES (8, 1, 'Antarctica', 'ATA', 'AQ');
INSERT INTO `jos_vm_country` VALUES (9, 1, 'Antigua and Barbuda', 'ATG', 'AG');
INSERT INTO `jos_vm_country` VALUES (10, 1, 'Argentina', 'ARG', 'AR');
INSERT INTO `jos_vm_country` VALUES (11, 1, 'Armenia', 'ARM', 'AM');
INSERT INTO `jos_vm_country` VALUES (12, 1, 'Aruba', 'ABW', 'AW');
INSERT INTO `jos_vm_country` VALUES (13, 1, 'Australia', 'AUS', 'AU');
INSERT INTO `jos_vm_country` VALUES (14, 1, 'Austria', 'AUT', 'AT');
INSERT INTO `jos_vm_country` VALUES (15, 1, 'Azerbaijan', 'AZE', 'AZ');
INSERT INTO `jos_vm_country` VALUES (16, 1, 'Bahamas', 'BHS', 'BS');
INSERT INTO `jos_vm_country` VALUES (17, 1, 'Bahrain', 'BHR', 'BH');
INSERT INTO `jos_vm_country` VALUES (18, 1, 'Bangladesh', 'BGD', 'BD');
INSERT INTO `jos_vm_country` VALUES (19, 1, 'Barbados', 'BRB', 'BB');
INSERT INTO `jos_vm_country` VALUES (20, 1, 'Belarus', 'BLR', 'BY');
INSERT INTO `jos_vm_country` VALUES (21, 1, 'Belgium', 'BEL', 'BE');
INSERT INTO `jos_vm_country` VALUES (22, 1, 'Belize', 'BLZ', 'BZ');
INSERT INTO `jos_vm_country` VALUES (23, 1, 'Benin', 'BEN', 'BJ');
INSERT INTO `jos_vm_country` VALUES (24, 1, 'Bermuda', 'BMU', 'BM');
INSERT INTO `jos_vm_country` VALUES (25, 1, 'Bhutan', 'BTN', 'BT');
INSERT INTO `jos_vm_country` VALUES (26, 1, 'Bolivia', 'BOL', 'BO');
INSERT INTO `jos_vm_country` VALUES (27, 1, 'Bosnia and Herzegowina', 'BIH', 'BA');
INSERT INTO `jos_vm_country` VALUES (28, 1, 'Botswana', 'BWA', 'BW');
INSERT INTO `jos_vm_country` VALUES (29, 1, 'Bouvet Island', 'BVT', 'BV');
INSERT INTO `jos_vm_country` VALUES (30, 1, 'Brazil', 'BRA', 'BR');
INSERT INTO `jos_vm_country` VALUES (31, 1, 'British Indian Ocean Territory', 'IOT', 'IO');
INSERT INTO `jos_vm_country` VALUES (32, 1, 'Brunei Darussalam', 'BRN', 'BN');
INSERT INTO `jos_vm_country` VALUES (33, 1, 'Bulgaria', 'BGR', 'BG');
INSERT INTO `jos_vm_country` VALUES (34, 1, 'Burkina Faso', 'BFA', 'BF');
INSERT INTO `jos_vm_country` VALUES (35, 1, 'Burundi', 'BDI', 'BI');
INSERT INTO `jos_vm_country` VALUES (36, 1, 'Cambodia', 'KHM', 'KH');
INSERT INTO `jos_vm_country` VALUES (37, 1, 'Cameroon', 'CMR', 'CM');
INSERT INTO `jos_vm_country` VALUES (38, 1, 'Canada', 'CAN', 'CA');
INSERT INTO `jos_vm_country` VALUES (39, 1, 'Cape Verde', 'CPV', 'CV');
INSERT INTO `jos_vm_country` VALUES (40, 1, 'Cayman Islands', 'CYM', 'KY');
INSERT INTO `jos_vm_country` VALUES (41, 1, 'Central African Republic', 'CAF', 'CF');
INSERT INTO `jos_vm_country` VALUES (42, 1, 'Chad', 'TCD', 'TD');
INSERT INTO `jos_vm_country` VALUES (43, 1, 'Chile', 'CHL', 'CL');
INSERT INTO `jos_vm_country` VALUES (44, 1, 'China', 'CHN', 'CN');
INSERT INTO `jos_vm_country` VALUES (45, 1, 'Christmas Island', 'CXR', 'CX');
INSERT INTO `jos_vm_country` VALUES (46, 1, 'Cocos (Keeling) Islands', 'CCK', 'CC');
INSERT INTO `jos_vm_country` VALUES (47, 1, 'Colombia', 'COL', 'CO');
INSERT INTO `jos_vm_country` VALUES (48, 1, 'Comoros', 'COM', 'KM');
INSERT INTO `jos_vm_country` VALUES (49, 1, 'Congo', 'COG', 'CG');
INSERT INTO `jos_vm_country` VALUES (50, 1, 'Cook Islands', 'COK', 'CK');
INSERT INTO `jos_vm_country` VALUES (51, 1, 'Costa Rica', 'CRI', 'CR');
INSERT INTO `jos_vm_country` VALUES (52, 1, 'Cote D''Ivoire', 'CIV', 'CI');
INSERT INTO `jos_vm_country` VALUES (53, 1, 'Croatia', 'HRV', 'HR');
INSERT INTO `jos_vm_country` VALUES (54, 1, 'Cuba', 'CUB', 'CU');
INSERT INTO `jos_vm_country` VALUES (55, 1, 'Cyprus', 'CYP', 'CY');
INSERT INTO `jos_vm_country` VALUES (56, 1, 'Czech Republic', 'CZE', 'CZ');
INSERT INTO `jos_vm_country` VALUES (57, 1, 'Denmark', 'DNK', 'DK');
INSERT INTO `jos_vm_country` VALUES (58, 1, 'Djibouti', 'DJI', 'DJ');
INSERT INTO `jos_vm_country` VALUES (59, 1, 'Dominica', 'DMA', 'DM');
INSERT INTO `jos_vm_country` VALUES (60, 1, 'Dominican Republic', 'DOM', 'DO');
INSERT INTO `jos_vm_country` VALUES (61, 1, 'East Timor', 'TMP', 'TP');
INSERT INTO `jos_vm_country` VALUES (62, 1, 'Ecuador', 'ECU', 'EC');
INSERT INTO `jos_vm_country` VALUES (63, 1, 'Egypt', 'EGY', 'EG');
INSERT INTO `jos_vm_country` VALUES (64, 1, 'El Salvador', 'SLV', 'SV');
INSERT INTO `jos_vm_country` VALUES (65, 1, 'Equatorial Guinea', 'GNQ', 'GQ');
INSERT INTO `jos_vm_country` VALUES (66, 1, 'Eritrea', 'ERI', 'ER');
INSERT INTO `jos_vm_country` VALUES (67, 1, 'Estonia', 'EST', 'EE');
INSERT INTO `jos_vm_country` VALUES (68, 1, 'Ethiopia', 'ETH', 'ET');
INSERT INTO `jos_vm_country` VALUES (69, 1, 'Falkland Islands (Malvinas)', 'FLK', 'FK');
INSERT INTO `jos_vm_country` VALUES (70, 1, 'Faroe Islands', 'FRO', 'FO');
INSERT INTO `jos_vm_country` VALUES (71, 1, 'Fiji', 'FJI', 'FJ');
INSERT INTO `jos_vm_country` VALUES (72, 1, 'Finland', 'FIN', 'FI');
INSERT INTO `jos_vm_country` VALUES (73, 1, 'France', 'FRA', 'FR');
INSERT INTO `jos_vm_country` VALUES (74, 1, 'France, Metropolitan', 'FXX', 'FX');
INSERT INTO `jos_vm_country` VALUES (75, 1, 'French Guiana', 'GUF', 'GF');
INSERT INTO `jos_vm_country` VALUES (76, 1, 'French Polynesia', 'PYF', 'PF');
INSERT INTO `jos_vm_country` VALUES (77, 1, 'French Southern Territories', 'ATF', 'TF');
INSERT INTO `jos_vm_country` VALUES (78, 1, 'Gabon', 'GAB', 'GA');
INSERT INTO `jos_vm_country` VALUES (79, 1, 'Gambia', 'GMB', 'GM');
INSERT INTO `jos_vm_country` VALUES (80, 1, 'Georgia', 'GEO', 'GE');
INSERT INTO `jos_vm_country` VALUES (81, 1, 'Germany', 'DEU', 'DE');
INSERT INTO `jos_vm_country` VALUES (82, 1, 'Ghana', 'GHA', 'GH');
INSERT INTO `jos_vm_country` VALUES (83, 1, 'Gibraltar', 'GIB', 'GI');
INSERT INTO `jos_vm_country` VALUES (84, 1, 'Greece', 'GRC', 'GR');
INSERT INTO `jos_vm_country` VALUES (85, 1, 'Greenland', 'GRL', 'GL');
INSERT INTO `jos_vm_country` VALUES (86, 1, 'Grenada', 'GRD', 'GD');
INSERT INTO `jos_vm_country` VALUES (87, 1, 'Guadeloupe', 'GLP', 'GP');
INSERT INTO `jos_vm_country` VALUES (88, 1, 'Guam', 'GUM', 'GU');
INSERT INTO `jos_vm_country` VALUES (89, 1, 'Guatemala', 'GTM', 'GT');
INSERT INTO `jos_vm_country` VALUES (90, 1, 'Guinea', 'GIN', 'GN');
INSERT INTO `jos_vm_country` VALUES (91, 1, 'Guinea-bissau', 'GNB', 'GW');
INSERT INTO `jos_vm_country` VALUES (92, 1, 'Guyana', 'GUY', 'GY');
INSERT INTO `jos_vm_country` VALUES (93, 1, 'Haiti', 'HTI', 'HT');
INSERT INTO `jos_vm_country` VALUES (94, 1, 'Heard and Mc Donald Islands', 'HMD', 'HM');
INSERT INTO `jos_vm_country` VALUES (95, 1, 'Honduras', 'HND', 'HN');
INSERT INTO `jos_vm_country` VALUES (96, 1, 'Hong Kong', 'HKG', 'HK');
INSERT INTO `jos_vm_country` VALUES (97, 1, 'Hungary', 'HUN', 'HU');
INSERT INTO `jos_vm_country` VALUES (98, 1, 'Iceland', 'ISL', 'IS');
INSERT INTO `jos_vm_country` VALUES (99, 1, 'India', 'IND', 'IN');
INSERT INTO `jos_vm_country` VALUES (100, 1, 'Indonesia', 'IDN', 'ID');
INSERT INTO `jos_vm_country` VALUES (101, 1, 'Iran (Islamic Republic of)', 'IRN', 'IR');
INSERT INTO `jos_vm_country` VALUES (102, 1, 'Iraq', 'IRQ', 'IQ');
INSERT INTO `jos_vm_country` VALUES (103, 1, 'Ireland', 'IRL', 'IE');
INSERT INTO `jos_vm_country` VALUES (104, 1, 'Israel', 'ISR', 'IL');
INSERT INTO `jos_vm_country` VALUES (105, 1, 'Italy', 'ITA', 'IT');
INSERT INTO `jos_vm_country` VALUES (106, 1, 'Jamaica', 'JAM', 'JM');
INSERT INTO `jos_vm_country` VALUES (107, 1, 'Japan', 'JPN', 'JP');
INSERT INTO `jos_vm_country` VALUES (108, 1, 'Jordan', 'JOR', 'JO');
INSERT INTO `jos_vm_country` VALUES (109, 1, 'Kazakhstan', 'KAZ', 'KZ');
INSERT INTO `jos_vm_country` VALUES (110, 1, 'Kenya', 'KEN', 'KE');
INSERT INTO `jos_vm_country` VALUES (111, 1, 'Kiribati', 'KIR', 'KI');
INSERT INTO `jos_vm_country` VALUES (112, 1, 'Korea, Democratic People''s Republic of', 'PRK', 'KP');
INSERT INTO `jos_vm_country` VALUES (113, 1, 'Korea, Republic of', 'KOR', 'KR');
INSERT INTO `jos_vm_country` VALUES (114, 1, 'Kuwait', 'KWT', 'KW');
INSERT INTO `jos_vm_country` VALUES (115, 1, 'Kyrgyzstan', 'KGZ', 'KG');
INSERT INTO `jos_vm_country` VALUES (116, 1, 'Lao People''s Democratic Republic', 'LAO', 'LA');
INSERT INTO `jos_vm_country` VALUES (117, 1, 'Latvia', 'LVA', 'LV');
INSERT INTO `jos_vm_country` VALUES (118, 1, 'Lebanon', 'LBN', 'LB');
INSERT INTO `jos_vm_country` VALUES (119, 1, 'Lesotho', 'LSO', 'LS');
INSERT INTO `jos_vm_country` VALUES (120, 1, 'Liberia', 'LBR', 'LR');
INSERT INTO `jos_vm_country` VALUES (121, 1, 'Libyan Arab Jamahiriya', 'LBY', 'LY');
INSERT INTO `jos_vm_country` VALUES (122, 1, 'Liechtenstein', 'LIE', 'LI');
INSERT INTO `jos_vm_country` VALUES (123, 1, 'Lithuania', 'LTU', 'LT');
INSERT INTO `jos_vm_country` VALUES (124, 1, 'Luxembourg', 'LUX', 'LU');
INSERT INTO `jos_vm_country` VALUES (125, 1, 'Macau', 'MAC', 'MO');
INSERT INTO `jos_vm_country` VALUES (126, 1, 'Macedonia, The Former Yugoslav Republic of', 'MKD', 'MK');
INSERT INTO `jos_vm_country` VALUES (127, 1, 'Madagascar', 'MDG', 'MG');
INSERT INTO `jos_vm_country` VALUES (128, 1, 'Malawi', 'MWI', 'MW');
INSERT INTO `jos_vm_country` VALUES (129, 1, 'Malaysia', 'MYS', 'MY');
INSERT INTO `jos_vm_country` VALUES (130, 1, 'Maldives', 'MDV', 'MV');
INSERT INTO `jos_vm_country` VALUES (131, 1, 'Mali', 'MLI', 'ML');
INSERT INTO `jos_vm_country` VALUES (132, 1, 'Malta', 'MLT', 'MT');
INSERT INTO `jos_vm_country` VALUES (133, 1, 'Marshall Islands', 'MHL', 'MH');
INSERT INTO `jos_vm_country` VALUES (134, 1, 'Martinique', 'MTQ', 'MQ');
INSERT INTO `jos_vm_country` VALUES (135, 1, 'Mauritania', 'MRT', 'MR');
INSERT INTO `jos_vm_country` VALUES (136, 1, 'Mauritius', 'MUS', 'MU');
INSERT INTO `jos_vm_country` VALUES (137, 1, 'Mayotte', 'MYT', 'YT');
INSERT INTO `jos_vm_country` VALUES (138, 1, 'Mexico', 'MEX', 'MX');
INSERT INTO `jos_vm_country` VALUES (139, 1, 'Micronesia, Federated States of', 'FSM', 'FM');
INSERT INTO `jos_vm_country` VALUES (140, 1, 'Moldova, Republic of', 'MDA', 'MD');
INSERT INTO `jos_vm_country` VALUES (141, 1, 'Monaco', 'MCO', 'MC');
INSERT INTO `jos_vm_country` VALUES (142, 1, 'Mongolia', 'MNG', 'MN');
INSERT INTO `jos_vm_country` VALUES (143, 1, 'Montserrat', 'MSR', 'MS');
INSERT INTO `jos_vm_country` VALUES (144, 1, 'Morocco', 'MAR', 'MA');
INSERT INTO `jos_vm_country` VALUES (145, 1, 'Mozambique', 'MOZ', 'MZ');
INSERT INTO `jos_vm_country` VALUES (146, 1, 'Myanmar', 'MMR', 'MM');
INSERT INTO `jos_vm_country` VALUES (147, 1, 'Namibia', 'NAM', 'NA');
INSERT INTO `jos_vm_country` VALUES (148, 1, 'Nauru', 'NRU', 'NR');
INSERT INTO `jos_vm_country` VALUES (149, 1, 'Nepal', 'NPL', 'NP');
INSERT INTO `jos_vm_country` VALUES (150, 1, 'Netherlands', 'NLD', 'NL');
INSERT INTO `jos_vm_country` VALUES (151, 1, 'Netherlands Antilles', 'ANT', 'AN');
INSERT INTO `jos_vm_country` VALUES (152, 1, 'New Caledonia', 'NCL', 'NC');
INSERT INTO `jos_vm_country` VALUES (153, 1, 'New Zealand', 'NZL', 'NZ');
INSERT INTO `jos_vm_country` VALUES (154, 1, 'Nicaragua', 'NIC', 'NI');
INSERT INTO `jos_vm_country` VALUES (155, 1, 'Niger', 'NER', 'NE');
INSERT INTO `jos_vm_country` VALUES (156, 1, 'Nigeria', 'NGA', 'NG');
INSERT INTO `jos_vm_country` VALUES (157, 1, 'Niue', 'NIU', 'NU');
INSERT INTO `jos_vm_country` VALUES (158, 1, 'Norfolk Island', 'NFK', 'NF');
INSERT INTO `jos_vm_country` VALUES (159, 1, 'Northern Mariana Islands', 'MNP', 'MP');
INSERT INTO `jos_vm_country` VALUES (160, 1, 'Norway', 'NOR', 'NO');
INSERT INTO `jos_vm_country` VALUES (161, 1, 'Oman', 'OMN', 'OM');
INSERT INTO `jos_vm_country` VALUES (162, 1, 'Pakistan', 'PAK', 'PK');
INSERT INTO `jos_vm_country` VALUES (163, 1, 'Palau', 'PLW', 'PW');
INSERT INTO `jos_vm_country` VALUES (164, 1, 'Panama', 'PAN', 'PA');
INSERT INTO `jos_vm_country` VALUES (165, 1, 'Papua New Guinea', 'PNG', 'PG');
INSERT INTO `jos_vm_country` VALUES (166, 1, 'Paraguay', 'PRY', 'PY');
INSERT INTO `jos_vm_country` VALUES (167, 1, 'Peru', 'PER', 'PE');
INSERT INTO `jos_vm_country` VALUES (168, 1, 'Philippines', 'PHL', 'PH');
INSERT INTO `jos_vm_country` VALUES (169, 1, 'Pitcairn', 'PCN', 'PN');
INSERT INTO `jos_vm_country` VALUES (170, 1, 'Poland', 'POL', 'PL');
INSERT INTO `jos_vm_country` VALUES (171, 1, 'Portugal', 'PRT', 'PT');
INSERT INTO `jos_vm_country` VALUES (172, 1, 'Puerto Rico', 'PRI', 'PR');
INSERT INTO `jos_vm_country` VALUES (173, 1, 'Qatar', 'QAT', 'QA');
INSERT INTO `jos_vm_country` VALUES (174, 1, 'Reunion', 'REU', 'RE');
INSERT INTO `jos_vm_country` VALUES (175, 1, 'Romania', 'ROM', 'RO');
INSERT INTO `jos_vm_country` VALUES (176, 1, 'Russian Federation', 'RUS', 'RU');
INSERT INTO `jos_vm_country` VALUES (177, 1, 'Rwanda', 'RWA', 'RW');
INSERT INTO `jos_vm_country` VALUES (178, 1, 'Saint Kitts and Nevis', 'KNA', 'KN');
INSERT INTO `jos_vm_country` VALUES (179, 1, 'Saint Lucia', 'LCA', 'LC');
INSERT INTO `jos_vm_country` VALUES (180, 1, 'Saint Vincent and the Grenadines', 'VCT', 'VC');
INSERT INTO `jos_vm_country` VALUES (181, 1, 'Samoa', 'WSM', 'WS');
INSERT INTO `jos_vm_country` VALUES (182, 1, 'San Marino', 'SMR', 'SM');
INSERT INTO `jos_vm_country` VALUES (183, 1, 'Sao Tome and Principe', 'STP', 'ST');
INSERT INTO `jos_vm_country` VALUES (184, 1, 'Saudi Arabia', 'SAU', 'SA');
INSERT INTO `jos_vm_country` VALUES (185, 1, 'Senegal', 'SEN', 'SN');
INSERT INTO `jos_vm_country` VALUES (186, 1, 'Seychelles', 'SYC', 'SC');
INSERT INTO `jos_vm_country` VALUES (187, 1, 'Sierra Leone', 'SLE', 'SL');
INSERT INTO `jos_vm_country` VALUES (188, 1, 'Singapore', 'SGP', 'SG');
INSERT INTO `jos_vm_country` VALUES (189, 1, 'Slovakia (Slovak Republic)', 'SVK', 'SK');
INSERT INTO `jos_vm_country` VALUES (190, 1, 'Slovenia', 'SVN', 'SI');
INSERT INTO `jos_vm_country` VALUES (191, 1, 'Solomon Islands', 'SLB', 'SB');
INSERT INTO `jos_vm_country` VALUES (192, 1, 'Somalia', 'SOM', 'SO');
INSERT INTO `jos_vm_country` VALUES (193, 1, 'South Africa', 'ZAF', 'ZA');
INSERT INTO `jos_vm_country` VALUES (194, 1, 'South Georgia and the South Sandwich Islands', 'SGS', 'GS');
INSERT INTO `jos_vm_country` VALUES (195, 1, 'Spain', 'ESP', 'ES');
INSERT INTO `jos_vm_country` VALUES (196, 1, 'Sri Lanka', 'LKA', 'LK');
INSERT INTO `jos_vm_country` VALUES (197, 1, 'St. Helena', 'SHN', 'SH');
INSERT INTO `jos_vm_country` VALUES (198, 1, 'St. Pierre and Miquelon', 'SPM', 'PM');
INSERT INTO `jos_vm_country` VALUES (199, 1, 'Sudan', 'SDN', 'SD');
INSERT INTO `jos_vm_country` VALUES (200, 1, 'Suriname', 'SUR', 'SR');
INSERT INTO `jos_vm_country` VALUES (201, 1, 'Svalbard and Jan Mayen Islands', 'SJM', 'SJ');
INSERT INTO `jos_vm_country` VALUES (202, 1, 'Swaziland', 'SWZ', 'SZ');
INSERT INTO `jos_vm_country` VALUES (203, 1, 'Sweden', 'SWE', 'SE');
INSERT INTO `jos_vm_country` VALUES (204, 1, 'Switzerland', 'CHE', 'CH');
INSERT INTO `jos_vm_country` VALUES (205, 1, 'Syrian Arab Republic', 'SYR', 'SY');
INSERT INTO `jos_vm_country` VALUES (206, 1, 'Taiwan', 'TWN', 'TW');
INSERT INTO `jos_vm_country` VALUES (207, 1, 'Tajikistan', 'TJK', 'TJ');
INSERT INTO `jos_vm_country` VALUES (208, 1, 'Tanzania, United Republic of', 'TZA', 'TZ');
INSERT INTO `jos_vm_country` VALUES (209, 1, 'Thailand', 'THA', 'TH');
INSERT INTO `jos_vm_country` VALUES (210, 1, 'Togo', 'TGO', 'TG');
INSERT INTO `jos_vm_country` VALUES (211, 1, 'Tokelau', 'TKL', 'TK');
INSERT INTO `jos_vm_country` VALUES (212, 1, 'Tonga', 'TON', 'TO');
INSERT INTO `jos_vm_country` VALUES (213, 1, 'Trinidad and Tobago', 'TTO', 'TT');
INSERT INTO `jos_vm_country` VALUES (214, 1, 'Tunisia', 'TUN', 'TN');
INSERT INTO `jos_vm_country` VALUES (215, 1, 'Turkey', 'TUR', 'TR');
INSERT INTO `jos_vm_country` VALUES (216, 1, 'Turkmenistan', 'TKM', 'TM');
INSERT INTO `jos_vm_country` VALUES (217, 1, 'Turks and Caicos Islands', 'TCA', 'TC');
INSERT INTO `jos_vm_country` VALUES (218, 1, 'Tuvalu', 'TUV', 'TV');
INSERT INTO `jos_vm_country` VALUES (219, 1, 'Uganda', 'UGA', 'UG');
INSERT INTO `jos_vm_country` VALUES (220, 1, 'Ukraine', 'UKR', 'UA');
INSERT INTO `jos_vm_country` VALUES (221, 1, 'United Arab Emirates', 'ARE', 'AE');
INSERT INTO `jos_vm_country` VALUES (222, 1, 'United Kingdom', 'GBR', 'GB');
INSERT INTO `jos_vm_country` VALUES (223, 1, 'United States', 'USA', 'US');
INSERT INTO `jos_vm_country` VALUES (224, 1, 'United States Minor Outlying Islands', 'UMI', 'UM');
INSERT INTO `jos_vm_country` VALUES (225, 1, 'Uruguay', 'URY', 'UY');
INSERT INTO `jos_vm_country` VALUES (226, 1, 'Uzbekistan', 'UZB', 'UZ');
INSERT INTO `jos_vm_country` VALUES (227, 1, 'Vanuatu', 'VUT', 'VU');
INSERT INTO `jos_vm_country` VALUES (228, 1, 'Vatican City State (Holy See)', 'VAT', 'VA');
INSERT INTO `jos_vm_country` VALUES (229, 1, 'Venezuela', 'VEN', 'VE');
INSERT INTO `jos_vm_country` VALUES (230, 1, 'Viet Nam', 'VNM', 'VN');
INSERT INTO `jos_vm_country` VALUES (231, 1, 'Virgin Islands (British)', 'VGB', 'VG');
INSERT INTO `jos_vm_country` VALUES (232, 1, 'Virgin Islands (U.S.)', 'VIR', 'VI');
INSERT INTO `jos_vm_country` VALUES (233, 1, 'Wallis and Futuna Islands', 'WLF', 'WF');
INSERT INTO `jos_vm_country` VALUES (234, 1, 'Western Sahara', 'ESH', 'EH');
INSERT INTO `jos_vm_country` VALUES (235, 1, 'Yemen', 'YEM', 'YE');
INSERT INTO `jos_vm_country` VALUES (236, 1, 'Yugoslavia', 'YUG', 'YU');
INSERT INTO `jos_vm_country` VALUES (237, 1, 'Democratic Republic of Congo', 'DRC', 'DC');
INSERT INTO `jos_vm_country` VALUES (238, 1, 'Zambia', 'ZMB', 'ZM');
INSERT INTO `jos_vm_country` VALUES (239, 1, 'Zimbabwe', 'ZWE', 'ZW');

-- --------------------------------------------------------

-- 
-- Table structure for table `jos_vm_coupons`
-- 

CREATE TABLE `jos_vm_coupons` (
  `coupon_id` int(16) NOT NULL auto_increment,
  `coupon_code` varchar(32) NOT NULL default '',
  `percent_or_total` enum('percent','total') NOT NULL default 'percent',
  `coupon_type` enum('gift','permanent') NOT NULL default 'gift',
  `coupon_value` decimal(12,2) NOT NULL default '0.00',
  PRIMARY KEY  (`coupon_id`)
) ENGINE=MyISAM DEFAULT CHARSET=latin1 COMMENT='Used to store coupon codes' AUTO_INCREMENT=5 ;

-- 
-- Dumping data for table `jos_vm_coupons`
-- 

INSERT INTO `jos_vm_coupons` VALUES (1, 'test1', 'total', 'gift', 6.00);
INSERT INTO `jos_vm_coupons` VALUES (2, 'test2', 'percent', 'permanent', 15.00);
INSERT INTO `jos_vm_coupons` VALUES (3, 'test3', 'total', 'permanent', 4.00);
INSERT INTO `jos_vm_coupons` VALUES (4, 'test4', 'total', 'gift', 15.00);

-- --------------------------------------------------------

-- 
-- Table structure for table `jos_vm_creditcard`
-- 

CREATE TABLE `jos_vm_creditcard` (
  `creditcard_id` int(11) NOT NULL auto_increment,
  `vendor_id` int(11) NOT NULL default '0',
  `creditcard_name` varchar(70) NOT NULL default '',
  `creditcard_code` varchar(30) NOT NULL default '',
  PRIMARY KEY  (`creditcard_id`)
) ENGINE=MyISAM DEFAULT CHARSET=latin1 COMMENT='Used to store credit card types' AUTO_INCREMENT=8 ;

-- 
-- Dumping data for table `jos_vm_creditcard`
-- 

INSERT INTO `jos_vm_creditcard` VALUES (1, 1, 'Visa', 'VISA');
INSERT INTO `jos_vm_creditcard` VALUES (2, 1, 'MasterCard', 'MC');
INSERT INTO `jos_vm_creditcard` VALUES (3, 1, 'American Express', 'amex');
INSERT INTO `jos_vm_creditcard` VALUES (4, 1, 'Discover Card', 'discover');
INSERT INTO `jos_vm_creditcard` VALUES (5, 1, 'Diners Club', 'diners');
INSERT INTO `jos_vm_creditcard` VALUES (6, 1, 'JCB', 'jcb');
INSERT INTO `jos_vm_creditcard` VALUES (7, 1, 'Australian Bankcard', 'australian_bc');

-- --------------------------------------------------------

-- 
-- Table structure for table `jos_vm_csv`
-- 

CREATE TABLE `jos_vm_csv` (
  `field_id` int(11) NOT NULL auto_increment,
  `field_name` varchar(128) NOT NULL default '',
  `field_default_value` text,
  `field_ordering` int(3) NOT NULL default '0',
  `field_required` char(1) default 'N',
  PRIMARY KEY  (`field_id`)
) ENGINE=MyISAM DEFAULT CHARSET=latin1 COMMENT='Holds all fields which are used on CVS Ex-/Import' AUTO_INCREMENT=26 ;

-- 
-- Dumping data for table `jos_vm_csv`
-- 

INSERT INTO `jos_vm_csv` VALUES (1, 'product_sku', '', 1, 'Y');
INSERT INTO `jos_vm_csv` VALUES (2, 'product_s_desc', '', 5, 'N');
INSERT INTO `jos_vm_csv` VALUES (3, 'product_desc', '', 6, 'N');
INSERT INTO `jos_vm_csv` VALUES (4, 'product_thumb_image', '', 7, 'N');
INSERT INTO `jos_vm_csv` VALUES (5, 'product_full_image', '', 8, 'N');
INSERT INTO `jos_vm_csv` VALUES (6, 'product_weight', '', 9, 'N');
INSERT INTO `jos_vm_csv` VALUES (7, 'product_weight_uom', 'KG', 10, 'N');
INSERT INTO `jos_vm_csv` VALUES (8, 'product_length', '', 11, 'N');
INSERT INTO `jos_vm_csv` VALUES (9, 'product_width', '', 12, 'N');
INSERT INTO `jos_vm_csv` VALUES (10, 'product_height', '', 13, 'N');
INSERT INTO `jos_vm_csv` VALUES (11, 'product_lwh_uom', '', 14, 'N');
INSERT INTO `jos_vm_csv` VALUES (12, 'product_in_stock', '0', 15, 'N');
INSERT INTO `jos_vm_csv` VALUES (13, 'product_available_date', '', 16, 'N');
INSERT INTO `jos_vm_csv` VALUES (14, 'product_discount_id', '', 17, 'N');
INSERT INTO `jos_vm_csv` VALUES (15, 'product_name', '', 2, 'Y');
INSERT INTO `jos_vm_csv` VALUES (16, 'product_price', '', 4, 'N');
INSERT INTO `jos_vm_csv` VALUES (17, 'category_path', '', 3, 'Y');
INSERT INTO `jos_vm_csv` VALUES (18, 'manufacturer_id', '', 18, 'N');
INSERT INTO `jos_vm_csv` VALUES (19, 'product_tax_id', '', 19, 'N');
INSERT INTO `jos_vm_csv` VALUES (20, 'product_sales', '', 20, 'N');
INSERT INTO `jos_vm_csv` VALUES (21, 'product_parent_sku', '0', 21, 'N');
INSERT INTO `jos_vm_csv` VALUES (22, 'attribute', '', 22, 'N');
INSERT INTO `jos_vm_csv` VALUES (23, 'custom_attribute', '', 23, 'N');
INSERT INTO `jos_vm_csv` VALUES (24, 'attributes', '', 24, 'N');
INSERT INTO `jos_vm_csv` VALUES (25, 'attribute_values', '', 25, 'N');

-- --------------------------------------------------------

-- 
-- Table structure for table `jos_vm_currency`
-- 

CREATE TABLE `jos_vm_currency` (
  `currency_id` int(11) NOT NULL auto_increment,
  `currency_name` varchar(64) default NULL,
  `currency_code` char(3) default NULL,
  PRIMARY KEY  (`currency_id`),
  KEY `idx_currency_name` (`currency_name`)
) ENGINE=MyISAM DEFAULT CHARSET=latin1 COMMENT='Used to store currencies' AUTO_INCREMENT=158 ;

-- 
-- Dumping data for table `jos_vm_currency`
-- 

INSERT INTO `jos_vm_currency` VALUES (1, 'Andorran Peseta', 'ADP');
INSERT INTO `jos_vm_currency` VALUES (2, 'United Arab Emirates Dirham', 'AED');
INSERT INTO `jos_vm_currency` VALUES (3, 'Afghanistan Afghani', 'AFA');
INSERT INTO `jos_vm_currency` VALUES (4, 'Albanian Lek', 'ALL');
INSERT INTO `jos_vm_currency` VALUES (5, 'Netherlands Antillian Guilder', 'ANG');
INSERT INTO `jos_vm_currency` VALUES (6, 'Angolan Kwanza', 'AOK');
INSERT INTO `jos_vm_currency` VALUES (7, 'Argentinian Austral', 'ARA');
INSERT INTO `jos_vm_currency` VALUES (9, 'Australian Dollar', 'AUD');
INSERT INTO `jos_vm_currency` VALUES (10, 'Aruban Florin', 'AWG');
INSERT INTO `jos_vm_currency` VALUES (11, 'Barbados Dollar', 'BBD');
INSERT INTO `jos_vm_currency` VALUES (12, 'Bangladeshi Taka', 'BDT');
INSERT INTO `jos_vm_currency` VALUES (14, 'Bulgarian Lev', 'BGL');
INSERT INTO `jos_vm_currency` VALUES (15, 'Bahraini Dinar', 'BHD');
INSERT INTO `jos_vm_currency` VALUES (16, 'Burundi Franc', 'BIF');
INSERT INTO `jos_vm_currency` VALUES (17, 'Bermudian Dollar', 'BMD');
INSERT INTO `jos_vm_currency` VALUES (18, 'Brunei Dollar', 'BND');
INSERT INTO `jos_vm_currency` VALUES (19, 'Bolivian Boliviano', 'BOB');
INSERT INTO `jos_vm_currency` VALUES (20, 'Brazilian Real', 'BRL');
INSERT INTO `jos_vm_currency` VALUES (21, 'Bahamian Dollar', 'BSD');
INSERT INTO `jos_vm_currency` VALUES (22, 'Bhutan Ngultrum', 'BTN');
INSERT INTO `jos_vm_currency` VALUES (23, 'Burma Kyat', 'BUK');
INSERT INTO `jos_vm_currency` VALUES (24, 'Botswanian Pula', 'BWP');
INSERT INTO `jos_vm_currency` VALUES (25, 'Belize Dollar', 'BZD');
INSERT INTO `jos_vm_currency` VALUES (26, 'Canadian Dollar', 'CAD');
INSERT INTO `jos_vm_currency` VALUES (27, 'Swiss Franc', 'CHF');
INSERT INTO `jos_vm_currency` VALUES (28, 'Chilean Unidades de Fomento', 'CLF');
INSERT INTO `jos_vm_currency` VALUES (29, 'Chilean Peso', 'CLP');
INSERT INTO `jos_vm_currency` VALUES (30, 'Yuan (Chinese) Renminbi', 'CNY');
INSERT INTO `jos_vm_currency` VALUES (31, 'Colombian Peso', 'COP');
INSERT INTO `jos_vm_currency` VALUES (32, 'Costa Rican Colon', 'CRC');
INSERT INTO `jos_vm_currency` VALUES (33, 'Czech Koruna', 'CZK');
INSERT INTO `jos_vm_currency` VALUES (34, 'Cuban Peso', 'CUP');
INSERT INTO `jos_vm_currency` VALUES (35, 'Cape Verde Escudo', 'CVE');
INSERT INTO `jos_vm_currency` VALUES (36, 'Cyprus Pound', 'CYP');
INSERT INTO `jos_vm_currency` VALUES (40, 'Danish Krone', 'DKK');
INSERT INTO `jos_vm_currency` VALUES (41, 'Dominican Peso', 'DOP');
INSERT INTO `jos_vm_currency` VALUES (42, 'Algerian Dinar', 'DZD');
INSERT INTO `jos_vm_currency` VALUES (43, 'Ecuador Sucre', 'ECS');
INSERT INTO `jos_vm_currency` VALUES (44, 'Egyptian Pound', 'EGP');
INSERT INTO `jos_vm_currency` VALUES (46, 'Ethiopian Birr', 'ETB');
INSERT INTO `jos_vm_currency` VALUES (47, 'Euro', 'EUR');
INSERT INTO `jos_vm_currency` VALUES (49, 'Fiji Dollar', 'FJD');
INSERT INTO `jos_vm_currency` VALUES (50, 'Falkland Islands Pound', 'FKP');
INSERT INTO `jos_vm_currency` VALUES (52, 'British Pound', 'GBP');
INSERT INTO `jos_vm_currency` VALUES (53, 'Ghanaian Cedi', 'GHC');
INSERT INTO `jos_vm_currency` VALUES (54, 'Gibraltar Pound', 'GIP');
INSERT INTO `jos_vm_currency` VALUES (55, 'Gambian Dalasi', 'GMD');
INSERT INTO `jos_vm_currency` VALUES (56, 'Guinea Franc', 'GNF');
INSERT INTO `jos_vm_currency` VALUES (58, 'Guatemalan Quetzal', 'GTQ');
INSERT INTO `jos_vm_currency` VALUES (59, 'Guinea-Bissau Peso', 'GWP');
INSERT INTO `jos_vm_currency` VALUES (60, 'Guyanan Dollar', 'GYD');
INSERT INTO `jos_vm_currency` VALUES (61, 'Hong Kong Dollar', 'HKD');
INSERT INTO `jos_vm_currency` VALUES (62, 'Honduran Lempira', 'HNL');
INSERT INTO `jos_vm_currency` VALUES (63, 'Haitian Gourde', 'HTG');
INSERT INTO `jos_vm_currency` VALUES (64, 'Hungarian Forint', 'HUF');
INSERT INTO `jos_vm_currency` VALUES (65, 'Indonesian Rupiah', 'IDR');
INSERT INTO `jos_vm_currency` VALUES (66, 'Irish Punt', 'IEP');
INSERT INTO `jos_vm_currency` VALUES (67, 'Israeli Shekel', 'ILS');
INSERT INTO `jos_vm_currency` VALUES (68, 'Indian Rupee', 'INR');
INSERT INTO `jos_vm_currency` VALUES (69, 'Iraqi Dinar', 'IQD');
INSERT INTO `jos_vm_currency` VALUES (70, 'Iranian Rial', 'IRR');
INSERT INTO `jos_vm_currency` VALUES (73, 'Jamaican Dollar', 'JMD');
INSERT INTO `jos_vm_currency` VALUES (74, 'Jordanian Dinar', 'JOD');
INSERT INTO `jos_vm_currency` VALUES (75, 'Japanese Yen', 'JPY');
INSERT INTO `jos_vm_currency` VALUES (76, 'Kenyan Schilling', 'KES');
INSERT INTO `jos_vm_currency` VALUES (77, 'Kampuchean (Cambodian) Riel', 'KHR');
INSERT INTO `jos_vm_currency` VALUES (78, 'Comoros Franc', 'KMF');
INSERT INTO `jos_vm_currency` VALUES (79, 'North Korean Won', 'KPW');
INSERT INTO `jos_vm_currency` VALUES (80, '(South) Korean Won', 'KRW');
INSERT INTO `jos_vm_currency` VALUES (81, 'Kuwaiti Dinar', 'KWD');
INSERT INTO `jos_vm_currency` VALUES (82, 'Cayman Islands Dollar', 'KYD');
INSERT INTO `jos_vm_currency` VALUES (83, 'Lao Kip', 'LAK');
INSERT INTO `jos_vm_currency` VALUES (84, 'Lebanese Pound', 'LBP');
INSERT INTO `jos_vm_currency` VALUES (85, 'Sri Lanka Rupee', 'LKR');
INSERT INTO `jos_vm_currency` VALUES (86, 'Liberian Dollar', 'LRD');
INSERT INTO `jos_vm_currency` VALUES (87, 'Lesotho Loti', 'LSL');
INSERT INTO `jos_vm_currency` VALUES (89, 'Libyan Dinar', 'LYD');
INSERT INTO `jos_vm_currency` VALUES (90, 'Moroccan Dirham', 'MAD');
INSERT INTO `jos_vm_currency` VALUES (91, 'Malagasy Franc', 'MGF');
INSERT INTO `jos_vm_currency` VALUES (92, 'Mongolian Tugrik', 'MNT');
INSERT INTO `jos_vm_currency` VALUES (93, 'Macau Pataca', 'MOP');
INSERT INTO `jos_vm_currency` VALUES (94, 'Mauritanian Ouguiya', 'MRO');
INSERT INTO `jos_vm_currency` VALUES (95, 'Maltese Lira', 'MTL');
INSERT INTO `jos_vm_currency` VALUES (96, 'Mauritius Rupee', 'MUR');
INSERT INTO `jos_vm_currency` VALUES (97, 'Maldive Rufiyaa', 'MVR');
INSERT INTO `jos_vm_currency` VALUES (98, 'Malawi Kwacha', 'MWK');
INSERT INTO `jos_vm_currency` VALUES (99, 'Mexican Peso', 'MXP');
INSERT INTO `jos_vm_currency` VALUES (100, 'Malaysian Ringgit', 'MYR');
INSERT INTO `jos_vm_currency` VALUES (101, 'Mozambique Metical', 'MZM');
INSERT INTO `jos_vm_currency` VALUES (102, 'Nigerian Naira', 'NGN');
INSERT INTO `jos_vm_currency` VALUES (103, 'Nicaraguan Cordoba', 'NIC');
INSERT INTO `jos_vm_currency` VALUES (105, 'Norwegian Kroner', 'NOK');
INSERT INTO `jos_vm_currency` VALUES (106, 'Nepalese Rupee', 'NPR');
INSERT INTO `jos_vm_currency` VALUES (107, 'New Zealand Dollar', 'NZD');
INSERT INTO `jos_vm_currency` VALUES (108, 'Omani Rial', 'OMR');
INSERT INTO `jos_vm_currency` VALUES (109, 'Panamanian Balboa', 'PAB');
INSERT INTO `jos_vm_currency` VALUES (110, 'Peruvian Inti', 'PEI');
INSERT INTO `jos_vm_currency` VALUES (111, 'Papua New Guinea Kina', 'PGK');
INSERT INTO `jos_vm_currency` VALUES (112, 'Philippine Peso', 'PHP');
INSERT INTO `jos_vm_currency` VALUES (113, 'Pakistan Rupee', 'PKR');
INSERT INTO `jos_vm_currency` VALUES (114, 'Polish Zloty', 'PLZ');
INSERT INTO `jos_vm_currency` VALUES (116, 'Paraguay Guarani', 'PYG');
INSERT INTO `jos_vm_currency` VALUES (117, 'Qatari Rial', 'QAR');
INSERT INTO `jos_vm_currency` VALUES (118, 'Romanian Leu', 'ROL');
INSERT INTO `jos_vm_currency` VALUES (119, 'Rwanda Franc', 'RWF');
INSERT INTO `jos_vm_currency` VALUES (120, 'Saudi Arabian Riyal', 'SAR');
INSERT INTO `jos_vm_currency` VALUES (121, 'Solomon Islands Dollar', 'SBD');
INSERT INTO `jos_vm_currency` VALUES (122, 'Seychelles Rupee', 'SCR');
INSERT INTO `jos_vm_currency` VALUES (123, 'Sudanese Pound', 'SDP');
INSERT INTO `jos_vm_currency` VALUES (124, 'Swedish Krona', 'SEK');
INSERT INTO `jos_vm_currency` VALUES (125, 'Singapore Dollar', 'SGD');
INSERT INTO `jos_vm_currency` VALUES (126, 'St. Helena Pound', 'SHP');
INSERT INTO `jos_vm_currency` VALUES (127, 'Sierra Leone Leone', 'SLL');
INSERT INTO `jos_vm_currency` VALUES (128, 'Somali Schilling', 'SOS');
INSERT INTO `jos_vm_currency` VALUES (129, 'Suriname Guilder', 'SRG');
INSERT INTO `jos_vm_currency` VALUES (130, 'Sao Tome and Principe Dobra', 'STD');
INSERT INTO `jos_vm_currency` VALUES (131, 'Russian Ruble', 'RUB');
INSERT INTO `jos_vm_currency` VALUES (132, 'El Salvador Colon', 'SVC');
INSERT INTO `jos_vm_currency` VALUES (133, 'Syrian Potmd', 'SYP');
INSERT INTO `jos_vm_currency` VALUES (134, 'Swaziland Lilangeni', 'SZL');
INSERT INTO `jos_vm_currency` VALUES (135, 'Thai Bath', 'THB');
INSERT INTO `jos_vm_currency` VALUES (136, 'Tunisian Dinar', 'TND');
INSERT INTO `jos_vm_currency` VALUES (137, 'Tongan Pa''anga', 'TOP');
INSERT INTO `jos_vm_currency` VALUES (138, 'East Timor Escudo', 'TPE');
INSERT INTO `jos_vm_currency` VALUES (139, 'Turkish Lira', 'TRL');
INSERT INTO `jos_vm_currency` VALUES (140, 'Trinidad and Tobago Dollar', 'TTD');
INSERT INTO `jos_vm_currency` VALUES (141, 'Taiwan Dollar', 'TWD');
INSERT INTO `jos_vm_currency` VALUES (142, 'Tanzanian Schilling', 'TZS');
INSERT INTO `jos_vm_currency` VALUES (143, 'Uganda Shilling', 'UGS');
INSERT INTO `jos_vm_currency` VALUES (144, 'US Dollar', 'USD');
INSERT INTO `jos_vm_currency` VALUES (145, 'Uruguayan Peso', 'UYP');
INSERT INTO `jos_vm_currency` VALUES (146, 'Venezualan Bolivar', 'VEB');
INSERT INTO `jos_vm_currency` VALUES (147, 'Vietnamese Dong', 'VND');
INSERT INTO `jos_vm_currency` VALUES (148, 'Vanuatu Vatu', 'VUV');
INSERT INTO `jos_vm_currency` VALUES (149, 'Samoan Tala', 'WST');
INSERT INTO `jos_vm_currency` VALUES (150, 'Democratic Yemeni Dinar', 'YDD');
INSERT INTO `jos_vm_currency` VALUES (151, 'Yemeni Rial', 'YER');
INSERT INTO `jos_vm_currency` VALUES (152, 'New Yugoslavia Dinar', 'YUD');
INSERT INTO `jos_vm_currency` VALUES (153, 'South African Rand', 'ZAR');
INSERT INTO `jos_vm_currency` VALUES (154, 'Zambian Kwacha', 'ZMK');
INSERT INTO `jos_vm_currency` VALUES (155, 'Zaire Zaire', 'ZRZ');
INSERT INTO `jos_vm_currency` VALUES (156, 'Zimbabwe Dollar', 'ZWD');
INSERT INTO `jos_vm_currency` VALUES (157, 'Slovak Koruna', 'SKK');

-- --------------------------------------------------------

-- 
-- Table structure for table `jos_vm_function`
-- 

CREATE TABLE `jos_vm_function` (
  `function_id` int(11) NOT NULL auto_increment,
  `module_id` int(11) default NULL,
  `function_name` varchar(32) default NULL,
  `function_class` varchar(32) default NULL,
  `function_method` varchar(32) default NULL,
  `function_description` text,
  `function_perms` varchar(255) default NULL,
  PRIMARY KEY  (`function_id`),
  KEY `idx_function_module_id` (`module_id`),
  KEY `idx_function_name` (`function_name`)
) ENGINE=MyISAM DEFAULT CHARSET=latin1 COMMENT='Used to map a function alias to a ''real'' class::function' AUTO_INCREMENT=169 ;

-- 
-- Dumping data for table `jos_vm_function`
-- 

INSERT INTO `jos_vm_function` VALUES (1, 1, 'userAdd', 'ps_user', 'add', '', 'admin,storeadmin');
INSERT INTO `jos_vm_function` VALUES (2, 1, 'userDelete', 'ps_user', 'delete', '', 'admin,storeadmin');
INSERT INTO `jos_vm_function` VALUES (3, 1, 'userUpdate', 'ps_user', 'update', '', 'admin,storeadmin');
INSERT INTO `jos_vm_function` VALUES (4, 1, 'adminPasswdUpdate', 'ps_user', 'update_admin_passwd', 'Updates Site Administrator Password', 'admin');
INSERT INTO `jos_vm_function` VALUES (31, 2, 'productAdd', 'ps_product', 'add', '', 'admin,storeadmin');
INSERT INTO `jos_vm_function` VALUES (6, 1, 'functionAdd', 'ps_function', 'add', '', 'admin');
INSERT INTO `jos_vm_function` VALUES (7, 1, 'functionUpdate', 'ps_function', 'update', '', 'admin');
INSERT INTO `jos_vm_function` VALUES (8, 1, 'functionDelete', 'ps_function', 'delete', '', 'admin');
INSERT INTO `jos_vm_function` VALUES (9, 1, 'userLogout', 'ps_user', 'logout', '', 'none');
INSERT INTO `jos_vm_function` VALUES (10, 1, 'userAddressAdd', 'ps_user_address', 'add', '', 'admin,storeadmin,shopper,demo');
INSERT INTO `jos_vm_function` VALUES (11, 1, 'userAddressUpdate', 'ps_user_address', 'update', '', 'admin,storeadmin,shopper');
INSERT INTO `jos_vm_function` VALUES (12, 1, 'userAddressDelete', 'ps_user_address', 'delete', '', 'admin,storeadmin,shopper');
INSERT INTO `jos_vm_function` VALUES (13, 1, 'moduleAdd', 'ps_module', 'add', '', 'admin');
INSERT INTO `jos_vm_function` VALUES (14, 1, 'moduleUpdate', 'ps_module', 'update', '', 'admin');
INSERT INTO `jos_vm_function` VALUES (15, 1, 'moduleDelete', 'ps_module', 'delete', '', 'admin');
INSERT INTO `jos_vm_function` VALUES (16, 1, 'userLogin', 'ps_user', 'login', '', 'none');
INSERT INTO `jos_vm_function` VALUES (17, 3, 'vendorAdd', 'ps_vendor', 'add', '', 'admin');
INSERT INTO `jos_vm_function` VALUES (18, 3, 'vendorUpdate', 'ps_vendor', 'update', '', 'admin,storeadmin');
INSERT INTO `jos_vm_function` VALUES (19, 3, 'vendorDelete', 'ps_vendor', 'delete', '', 'admin');
INSERT INTO `jos_vm_function` VALUES (20, 3, 'vendorCategoryAdd', 'ps_vendor_category', 'add', '', 'admin');
INSERT INTO `jos_vm_function` VALUES (21, 3, 'vendorCategoryUpdate', 'ps_vendor_category', 'update', '', 'admin');
INSERT INTO `jos_vm_function` VALUES (22, 3, 'vendorCategoryDelete', 'ps_vendor_category', 'delete', '', 'admin');
INSERT INTO `jos_vm_function` VALUES (23, 4, 'shopperAdd', 'ps_shopper', 'add', '', 'none');
INSERT INTO `jos_vm_function` VALUES (24, 4, 'shopperDelete', 'ps_shopper', 'delete', '', 'admin,storeadmin');
INSERT INTO `jos_vm_function` VALUES (25, 4, 'shopperUpdate', 'ps_shopper', 'update', '', 'admin,storeadmin,shopper');
INSERT INTO `jos_vm_function` VALUES (26, 4, 'shopperGroupAdd', 'ps_shopper_group', 'add', '', 'admin,storeadmin');
INSERT INTO `jos_vm_function` VALUES (27, 4, 'shopperGroupUpdate', 'ps_shopper_group', 'update', '', 'admin,storeadmin');
INSERT INTO `jos_vm_function` VALUES (28, 4, 'shopperGroupDelete', 'ps_shopper_group', 'delete', '', 'admin,storeadmin');
INSERT INTO `jos_vm_function` VALUES (29, 5, 'orderSearch', 'ps_order', 'find', '', 'admin,storeadmin,demo');
INSERT INTO `jos_vm_function` VALUES (30, 5, 'orderStatusSet', 'ps_order', 'order_status_update', '', 'admin,storeadmin');
INSERT INTO `jos_vm_function` VALUES (32, 2, 'productDelete', 'ps_product', 'delete', '', 'admin,storeadmin');
INSERT INTO `jos_vm_function` VALUES (33, 2, 'productUpdate', 'ps_product', 'update', '', 'admin,storeadmin');
INSERT INTO `jos_vm_function` VALUES (34, 2, 'productCategoryAdd', 'ps_product_category', 'add', '', 'admin,storeadmin');
INSERT INTO `jos_vm_function` VALUES (35, 2, 'productCategoryUpdate', 'ps_product_category', 'update', '', 'admin,storeadmin');
INSERT INTO `jos_vm_function` VALUES (36, 2, 'productCategoryDelete', 'ps_product_category', 'delete', '', 'admin,storeadmin');
INSERT INTO `jos_vm_function` VALUES (37, 2, 'productPriceAdd', 'ps_product_price', 'add', '', 'admin,storeadmin');
INSERT INTO `jos_vm_function` VALUES (38, 2, 'productPriceUpdate', 'ps_product_price', 'update', '', 'admin,storeadmin');
INSERT INTO `jos_vm_function` VALUES (39, 2, 'productPriceDelete', 'ps_product_price', 'delete', '', 'admin,storeadmin');
INSERT INTO `jos_vm_function` VALUES (40, 2, 'productAttributeAdd', 'ps_product_attribute', 'add', '', 'admin,storeadmin');
INSERT INTO `jos_vm_function` VALUES (41, 2, 'productAttributeUpdate', 'ps_product_attribute', 'update', '', 'admin,storeadmin');
INSERT INTO `jos_vm_function` VALUES (42, 2, 'productAttributeDelete', 'ps_product_attribute', 'delete', '', 'admin,storeadmin');
INSERT INTO `jos_vm_function` VALUES (43, 7, 'cartAdd', 'ps_cart', 'add', '', 'none');
INSERT INTO `jos_vm_function` VALUES (44, 7, 'cartUpdate', 'ps_cart', 'update', '', 'none');
INSERT INTO `jos_vm_function` VALUES (45, 7, 'cartDelete', 'ps_cart', 'delete', '', 'none');
INSERT INTO `jos_vm_function` VALUES (46, 10, 'checkoutComplete', 'ps_checkout', 'add', '', 'shopper,storeadmin,admin');
INSERT INTO `jos_vm_function` VALUES (47, 1, 'setLanguage', 'ps_module', 'set_language', '', 'none');
INSERT INTO `jos_vm_function` VALUES (48, 8, 'paymentMethodUpdate', 'ps_payment_method', 'update', '', 'admin,storeadmin');
INSERT INTO `jos_vm_function` VALUES (49, 8, 'paymentMethodAdd', 'ps_payment_method', 'add', '', 'admin,storeadmin');
INSERT INTO `jos_vm_function` VALUES (50, 8, 'paymentMethodDelete', 'ps_payment_method', 'delete', '', 'admin,storeadmin');
INSERT INTO `jos_vm_function` VALUES (51, 5, 'orderDelete', 'ps_order', 'delete', '', 'admin,storeadmin');
INSERT INTO `jos_vm_function` VALUES (52, 11, 'addTaxRate', 'ps_tax', 'add', '', 'admin,storeadmin');
INSERT INTO `jos_vm_function` VALUES (53, 11, 'updateTaxRate', 'ps_tax', 'update', '', 'admin,storeadmin');
INSERT INTO `jos_vm_function` VALUES (54, 11, 'deleteTaxRate', 'ps_tax', 'delete', '', 'admin,storeadmin');
INSERT INTO `jos_vm_function` VALUES (55, 10, 'checkoutValidateST', 'ps_checkout', 'validate_shipto', '', 'none');
INSERT INTO `jos_vm_function` VALUES (59, 5, 'orderStatusUpdate', 'ps_order_status', 'update', '', 'admin,storeadmin');
INSERT INTO `jos_vm_function` VALUES (60, 5, 'orderStatusAdd', 'ps_order_status', 'add', '', 'storeadmin,admin');
INSERT INTO `jos_vm_function` VALUES (61, 5, 'orderStatusDelete', 'ps_order_status', 'delete', '', 'admin,storeadmin');
INSERT INTO `jos_vm_function` VALUES (62, 1, 'currencyAdd', 'ps_currency', 'add', 'add a currency', 'storeadmin,admin');
INSERT INTO `jos_vm_function` VALUES (63, 1, 'currencyUpdate', 'ps_currency', 'update', '        update a currency', 'storeadmin,admin');
INSERT INTO `jos_vm_function` VALUES (64, 1, 'currencyDelete', 'ps_currency', 'delete', 'delete a currency', 'storeadmin,admin');
INSERT INTO `jos_vm_function` VALUES (65, 1, 'countryAdd', 'ps_country', 'add', 'Add a country ', 'storeadmin,admin');
INSERT INTO `jos_vm_function` VALUES (66, 1, 'countryUpdate', 'ps_country', 'update', 'Update a country record', 'storeadmin,admin');
INSERT INTO `jos_vm_function` VALUES (67, 1, 'countryDelete', 'ps_country', 'delete', 'Delete a country record', 'storeadmin,admin');
INSERT INTO `jos_vm_function` VALUES (68, 2, 'product_csv', 'ps_csv', 'upload_csv', '', 'admin');
INSERT INTO `jos_vm_function` VALUES (110, 7, 'waitingListAdd', 'zw_waiting_list', 'add', '', 'none');
INSERT INTO `jos_vm_function` VALUES (111, 13, 'addzone', 'ps_zone', 'add', 'This will add a zone', 'admin,storeadmin');
INSERT INTO `jos_vm_function` VALUES (112, 13, 'updatezone', 'ps_zone', 'update', 'This will update a zone', 'admin,storeadmin');
INSERT INTO `jos_vm_function` VALUES (113, 13, 'deletezone', 'ps_zone', 'delete', 'This will delete a zone', 'admin,storeadmin');
INSERT INTO `jos_vm_function` VALUES (114, 13, 'zoneassign', 'ps_zone', 'assign', 'This will assign a country to a zone', 'admin,storeadmin');
INSERT INTO `jos_vm_function` VALUES (115, 1, 'writeConfig', 'ps_config', 'writeconfig', 'This will write the configuration details to phpshop.cfg.php', 'admin');
INSERT INTO `jos_vm_function` VALUES (116, 12839, 'carrierAdd', 'ps_shipping', 'add', '', 'admin,storeadmin');
INSERT INTO `jos_vm_function` VALUES (117, 12839, 'carrierDelete', 'ps_shipping', 'delete', '', 'admin,storeadmin');
INSERT INTO `jos_vm_function` VALUES (118, 12839, 'carrierUpdate', 'ps_shipping', 'update', '', 'admin,storeadmin');
INSERT INTO `jos_vm_function` VALUES (119, 12839, 'rateAdd', 'ps_shipping', 'rate_add', '', 'admin,storeadmin');
INSERT INTO `jos_vm_function` VALUES (120, 12839, 'rateUpdate', 'ps_shipping', 'rate_update', '', 'admin,shopadmin');
INSERT INTO `jos_vm_function` VALUES (121, 12839, 'rateDelete', 'ps_shipping', 'rate_delete', '', 'admin,storeadmin');
INSERT INTO `jos_vm_function` VALUES (122, 10, 'checkoutProcess', 'ps_checkout', 'process', '', 'shopper,storeadmin,admin,demo');
INSERT INTO `jos_vm_function` VALUES (123, 5, 'downloadRequest', 'ps_order', 'download_request', 'This checks if the download request is valid and sends the file to the browser as file download if the request was successful, otherwise echoes an error', 'admin,storeadmin,shopper');
INSERT INTO `jos_vm_function` VALUES (124, 98, 'affiliateAdd', 'ps_affiliate', 'add', '', 'admin,storeadmin');
INSERT INTO `jos_vm_function` VALUES (125, 98, 'affiliateUpdate', 'ps_affiliate', 'update', '', 'admin,storeadmin');
INSERT INTO `jos_vm_function` VALUES (126, 98, 'affiliateDelete', 'ps_affiliate', 'delete', '', 'admin,storeadmin');
INSERT INTO `jos_vm_function` VALUES (127, 98, 'affiliateEmail', 'ps_affiliate', 'email', '', 'admin,storeadmin');
INSERT INTO `jos_vm_function` VALUES (128, 99, 'manufacturerAdd', 'ps_manufacturer', 'add', '', 'admin,storeadmin');
INSERT INTO `jos_vm_function` VALUES (129, 99, 'manufacturerUpdate', 'ps_manufacturer', 'update', '', 'admin,storeadmin');
INSERT INTO `jos_vm_function` VALUES (130, 99, 'manufacturerDelete', 'ps_manufacturer', 'delete', '', 'admin,storeadmin');
INSERT INTO `jos_vm_function` VALUES (131, 99, 'manufacturercategoryAdd', 'ps_manufacturer_category', 'add', '', 'admin,storeadmin');
INSERT INTO `jos_vm_function` VALUES (132, 99, 'manufacturercategoryUpdate', 'ps_manufacturer_category', 'update', '', 'admin,storeadmin');
INSERT INTO `jos_vm_function` VALUES (133, 99, 'manufacturercategoryDelete', 'ps_manufacturer_category', 'delete', '', 'admin,storeadmin');
INSERT INTO `jos_vm_function` VALUES (134, 7, 'addReview', 'ps_reviews', 'process_review', 'This lets the user add a review and rating to a product.', 'admin,storeadmin,shopper,demo');
INSERT INTO `jos_vm_function` VALUES (135, 7, 'productReviewDelete', 'ps_reviews', 'delete_review', 'This deletes a review and from a product.', 'admin,storeadmin');
INSERT INTO `jos_vm_function` VALUES (136, 8, 'creditcardAdd', 'ps_creditcard', 'add', 'Adds a Credit Card entry.', 'admin,storeadmin');
INSERT INTO `jos_vm_function` VALUES (137, 8, 'creditcardUpdate', 'ps_creditcard', 'update', 'Updates a Credit Card entry.', 'admin,storeadmin');
INSERT INTO `jos_vm_function` VALUES (138, 8, 'creditcardDelete', 'ps_creditcard', 'delete', 'Deletes a Credit Card entry.', 'admin,storeadmin');
INSERT INTO `jos_vm_function` VALUES (139, 2, 'changePublishState', 'vmAbstractObject.class', 'handlePublishState', 'Changes the publish field of an item, so that it can be published or unpublished easily.', 'admin,storeadmin');
INSERT INTO `jos_vm_function` VALUES (140, 2, 'export_csv', 'ps_csv', 'export_csv', 'This function exports all relevant product data to CSV.', 'admin,storeadmin');
INSERT INTO `jos_vm_function` VALUES (141, 2, 'reorder', 'ps_product_category', 'reorder', 'Changes the list order of a category.', 'admin,storeadmin');
INSERT INTO `jos_vm_function` VALUES (142, 2, 'discountAdd', 'ps_product_discount', 'add', 'Adds a discount.', 'admin,storeadmin');
INSERT INTO `jos_vm_function` VALUES (143, 2, 'discountUpdate', 'ps_product_discount', 'update', 'Updates a discount.', 'admin,storeadmin');
INSERT INTO `jos_vm_function` VALUES (144, 2, 'discountDelete', 'ps_product_discount', 'delete', 'Deletes a discount.', 'admin,storeadmin');
INSERT INTO `jos_vm_function` VALUES (145, 8, 'shippingmethodSave', 'ps_shipping_method', 'save', '', 'admin,storeadmin');
INSERT INTO `jos_vm_function` VALUES (146, 2, 'uploadProductFile', 'ps_product_files', 'add', 'Uploads and Adds a Product Image/File.', 'admin,storeadmin');
INSERT INTO `jos_vm_function` VALUES (147, 2, 'updateProductFile', 'ps_product_files', 'update', 'Updates a Product Image/File.', 'admin,storeadmin');
INSERT INTO `jos_vm_function` VALUES (148, 2, 'deleteProductFile', 'ps_product_files', 'delete', 'Deletes a Product Image/File.', 'admin,storeadmin');
INSERT INTO `jos_vm_function` VALUES (149, 12843, 'couponAdd', 'ps_coupon', 'add_coupon_code', 'Adds a Coupon.', 'admin,storeadmin');
INSERT INTO `jos_vm_function` VALUES (150, 12843, 'couponUpdate', 'ps_coupon', 'update_coupon', 'Updates a Coupon.', 'admin,storeadmin');
INSERT INTO `jos_vm_function` VALUES (151, 12843, 'couponDelete', 'ps_coupon', 'remove_coupon_code', 'Deletes a Coupon.', 'admin,storeadmin');
INSERT INTO `jos_vm_function` VALUES (152, 12843, 'couponProcess', 'ps_coupon', 'process_coupon_code', 'Processes a Coupon.', 'admin,storeadmin,shopper,demo');
INSERT INTO `jos_vm_function` VALUES (153, 2, 'ProductTypeAdd', 'ps_product_type', 'add', 'Function add a Product Type and create new table product_type_<id>.', 'admin');
INSERT INTO `jos_vm_function` VALUES (154, 2, 'ProductTypeUpdate', 'ps_product_type', 'update', 'Update a Product Type.', 'admin');
INSERT INTO `jos_vm_function` VALUES (155, 2, 'ProductTypeDelete', 'ps_product_type', 'delete', 'Delete a Product Type and drop table product_type_<id>.', 'admin');
INSERT INTO `jos_vm_function` VALUES (156, 2, 'ProductTypeReorder', 'ps_product_type', 'reorder', 'Changes the list order of a Product Type.', 'admin');
INSERT INTO `jos_vm_function` VALUES (157, 2, 'ProductTypeAddParam', 'ps_product_type_parameter', 'add_parameter', 'Function add a Parameter into a Product Type and create new column in table product_type_<id>.', 'admin');
INSERT INTO `jos_vm_function` VALUES (158, 2, 'ProductTypeUpdateParam', 'ps_product_type_parameter', 'update_parameter', 'Function update a Parameter in a Product Type and a column in table product_type_<id>.', 'admin');
INSERT INTO `jos_vm_function` VALUES (159, 2, 'ProductTypeDeleteParam', 'ps_product_type_parameter', 'delete_parameter', 'Function delete a Parameter from a Product Type and drop a column in table product_type_<id>.', 'admin');
INSERT INTO `jos_vm_function` VALUES (160, 2, 'ProductTypeReorderParam', 'ps_product_type_parameter', 'reorder_parameter', 'Changes the list order of a Parameter.', 'admin');
INSERT INTO `jos_vm_function` VALUES (161, 2, 'productProductTypeAdd', 'ps_product_product_type', 'add', 'Add a Product into a Product Type.', 'admin,storeadmin');
INSERT INTO `jos_vm_function` VALUES (162, 2, 'productProductTypeDelete', 'ps_product_product_type', 'delete', 'Delete a Product from a Product Type.', 'admin,storeadmin');
INSERT INTO `jos_vm_function` VALUES (163, 1, 'stateAdd', 'ps_country', 'addState', 'Add a State ', 'storeadmin,admin');
INSERT INTO `jos_vm_function` VALUES (164, 1, 'stateUpdate', 'ps_country', 'updateState', 'Update a state record', 'storeadmin,admin');
INSERT INTO `jos_vm_function` VALUES (165, 1, 'stateDelete', 'ps_country', 'deleteState', 'Delete a state record', 'storeadmin,admin');
INSERT INTO `jos_vm_function` VALUES (166, 2, 'csvFieldAdd', 'ps_csv', 'add', 'Add a CSV Field ', 'storeadmin,admin');
INSERT INTO `jos_vm_function` VALUES (167, 2, 'csvFieldUpdate', 'ps_csv', 'update', 'Update a CSV Field', 'storeadmin,admin');
INSERT INTO `jos_vm_function` VALUES (168, 2, 'csvFieldDelete', 'ps_csv', 'delete', 'Delete a CSV Field', 'storeadmin,admin');

-- --------------------------------------------------------

-- 
-- Table structure for table `jos_vm_manufacturer`
-- 

CREATE TABLE `jos_vm_manufacturer` (
  `manufacturer_id` int(11) NOT NULL auto_increment,
  `mf_name` varchar(64) default NULL,
  `mf_email` varchar(255) default NULL,
  `mf_desc` text,
  `mf_category_id` int(11) default NULL,
  `mf_url` varchar(255) NOT NULL default '',
  PRIMARY KEY  (`manufacturer_id`)
) ENGINE=MyISAM DEFAULT CHARSET=latin1 COMMENT='Manufacturers are those who create products' AUTO_INCREMENT=2 ;

-- 
-- Dumping data for table `jos_vm_manufacturer`
-- 

INSERT INTO `jos_vm_manufacturer` VALUES (1, 'Manufacturer', 'info@manufacturer.com', 'An example for a manufacturer', 1, 'http://www.a-url.com');

-- --------------------------------------------------------

-- 
-- Table structure for table `jos_vm_manufacturer_category`
-- 

CREATE TABLE `jos_vm_manufacturer_category` (
  `mf_category_id` int(11) NOT NULL auto_increment,
  `mf_category_name` varchar(64) default NULL,
  `mf_category_desc` text,
  PRIMARY KEY  (`mf_category_id`),
  KEY `idx_manufacturer_category_category_name` (`mf_category_name`)
) ENGINE=MyISAM DEFAULT CHARSET=latin1 COMMENT='Manufactorers are assigned to these categories' AUTO_INCREMENT=2 ;

-- 
-- Dumping data for table `jos_vm_manufacturer_category`
-- 

INSERT INTO `jos_vm_manufacturer_category` VALUES (1, '-default-', 'This is the default manufacturer category');

-- --------------------------------------------------------

-- 
-- Table structure for table `jos_vm_module`
-- 

CREATE TABLE `jos_vm_module` (
  `module_id` int(11) NOT NULL auto_increment,
  `module_name` varchar(255) default NULL,
  `module_description` text,
  `module_perms` varchar(255) default NULL,
  `module_publish` char(1) default NULL,
  `list_order` int(11) default NULL,
  PRIMARY KEY  (`module_id`),
  KEY `idx_module_name` (`module_name`),
  KEY `idx_module_list_order` (`list_order`)
) ENGINE=MyISAM DEFAULT CHARSET=latin1 COMMENT='VirtueMart Core Modules, not: Joomla modules' AUTO_INCREMENT=12844 ;

-- 
-- Dumping data for table `jos_vm_module`
-- 

INSERT INTO `jos_vm_module` VALUES (1, 'admin', '<h4>ADMINISTRATIVE USERS ONLY</h4>\r\n\r\n<p>Only used for the following:</p>\r\n<OL>\r\n\r\n<LI>User Maintenance</LI>\r\n<LI>Module Maintenance</LI>\r\n<LI>Function Maintenance</LI>\r\n</OL>\r\n', 'admin', 'Y', 1);
INSERT INTO `jos_vm_module` VALUES (2, 'product', '<p>Here you can adminster your online catalog of products.  The Product Administrator allows you to create product categories, create new products, edit product attributes, and add product items for each attribute value.</p>', 'storeadmin,admin', 'Y', 4);
INSERT INTO `jos_vm_module` VALUES (3, 'vendor', '<h4>ADMINISTRATIVE USERS ONLY</h4>\r\n<p>Here you can manage the vendors on the phpShop system.</p>', 'admin', 'N', 12);
INSERT INTO `jos_vm_module` VALUES (4, 'shopper', '<p>Manage shoppers in your store.  Allows you to create shopper groups.  Shopper groups can be used when setting the price for a product.  This allows you to create different prices for different types of users.  An example of this would be to have a ''wholesale'' group and a ''retail'' group. </p>', 'admin,storeadmin', 'Y', 4);
INSERT INTO `jos_vm_module` VALUES (5, 'order', '<p>View Order and Update Order Status.</p>', 'admin,storeadmin', 'Y', 5);
INSERT INTO `jos_vm_module` VALUES (6, 'msgs', 'This module is unprotected an used for displaying system messages to users.  We need to have an area that does not require authorization when things go wrong.', 'none', 'N', 99);
INSERT INTO `jos_vm_module` VALUES (7, 'shop', 'This is the Washupito store module.  This is the demo store included with the phpShop distribution.', 'none', 'Y', 99);
INSERT INTO `jos_vm_module` VALUES (8, 'store', '', 'storeadmin,admin', 'Y', 2);
INSERT INTO `jos_vm_module` VALUES (9, 'account', 'This module allows shoppers to update their account information and view previously placed orders.', 'shopper,storeadmin,admin,demo', 'N', 99);
INSERT INTO `jos_vm_module` VALUES (10, 'checkout', '', 'none', 'N', 99);
INSERT INTO `jos_vm_module` VALUES (11, 'tax', 'The tax module allows you to set tax rates for states or regions within a country.  The rate is set as a decimal figure.  For example, 2 percent tax would be 0.02.', 'admin,storeadmin', 'Y', 8);
INSERT INTO `jos_vm_module` VALUES (12, 'reportbasic', 'The report basic module allows you to do queries on all orders.', 'admin,storeadmin', 'Y', 7);
INSERT INTO `jos_vm_module` VALUES (13, 'zone', 'This is the zone-shipping module. Here you can manage your shipping costs according to Zones.', 'admin,storeadmin', 'N', 9);
INSERT INTO `jos_vm_module` VALUES (12839, 'shipping', '<h4>Shipping</h4><p>Let this module calculate the shipping fees for your customers.<br>Create carriers for shipping areas and weight groups.</p>', 'admin,storeadmin', 'Y', 10);
INSERT INTO `jos_vm_module` VALUES (98, 'affiliate', 'administrate the affiliates on your store.', 'storeadmin,admin', 'N', 99);
INSERT INTO `jos_vm_module` VALUES (99, 'manufacturer', 'Manage the manufacturers of products in your store.', 'storeadmin,admin', 'Y', 6);
INSERT INTO `jos_vm_module` VALUES (12842, 'help', 'Help Module', 'admin,storeadmin', 'Y', 13);
INSERT INTO `jos_vm_module` VALUES (12843, 'coupon', 'Coupon Management', 'admin,storeadmin', 'Y', 11);

-- --------------------------------------------------------

-- 
-- Table structure for table `jos_vm_order_history`
-- 

CREATE TABLE `jos_vm_order_history` (
  `order_status_history_id` int(11) NOT NULL auto_increment,
  `order_id` int(11) NOT NULL default '0',
  `order_status_code` char(1) NOT NULL default '0',
  `date_added` datetime NOT NULL default '0000-00-00 00:00:00',
  `customer_notified` int(1) default '0',
  `comments` text,
  PRIMARY KEY  (`order_status_history_id`)
) ENGINE=MyISAM DEFAULT CHARSET=latin1 COMMENT='Stores all actions and changes that occur to an order' AUTO_INCREMENT=39 ;

-- 
-- Dumping data for table `jos_vm_order_history`
-- 

INSERT INTO `jos_vm_order_history` VALUES (1, 1, 'P', '2007-03-20 22:03:53', 1, '');
INSERT INTO `jos_vm_order_history` VALUES (2, 2, 'P', '2007-03-21 09:47:50', 1, '');
INSERT INTO `jos_vm_order_history` VALUES (3, 3, 'P', '2007-03-27 15:18:02', 1, '');
INSERT INTO `jos_vm_order_history` VALUES (4, 4, 'P', '2007-03-27 23:13:43', 1, '');
INSERT INTO `jos_vm_order_history` VALUES (5, 5, 'P', '2007-03-28 21:35:39', 1, '');
INSERT INTO `jos_vm_order_history` VALUES (6, 6, 'P', '2007-04-02 18:10:26', 1, '');
INSERT INTO `jos_vm_order_history` VALUES (7, 7, 'P', '2007-04-02 18:19:23', 1, '');
INSERT INTO `jos_vm_order_history` VALUES (8, 8, 'P', '2007-04-02 20:56:49', 1, '');
INSERT INTO `jos_vm_order_history` VALUES (9, 9, 'P', '2007-04-16 13:50:37', 1, '');
INSERT INTO `jos_vm_order_history` VALUES (10, 10, 'P', '2007-04-16 14:00:46', 1, '');
INSERT INTO `jos_vm_order_history` VALUES (11, 11, 'P', '2007-04-16 16:13:50', 1, '');
INSERT INTO `jos_vm_order_history` VALUES (12, 12, 'P', '2007-04-16 19:19:16', 1, '');
INSERT INTO `jos_vm_order_history` VALUES (13, 13, 'P', '2007-04-16 20:57:18', 1, '');
INSERT INTO `jos_vm_order_history` VALUES (14, 14, 'P', '2007-04-16 22:18:36', 1, '');
INSERT INTO `jos_vm_order_history` VALUES (15, 11, 'C', '2007-04-17 15:31:52', 0, '');
INSERT INTO `jos_vm_order_history` VALUES (16, 12, 'C', '2007-04-17 15:32:02', 1, '');
INSERT INTO `jos_vm_order_history` VALUES (17, 15, 'P', '2007-04-23 17:51:44', 1, '');
INSERT INTO `jos_vm_order_history` VALUES (18, 15, 'C', '2007-04-23 17:54:29', 1, '');
INSERT INTO `jos_vm_order_history` VALUES (19, 15, 'C', '2007-04-23 17:54:55', 1, '');
INSERT INTO `jos_vm_order_history` VALUES (20, 16, 'P', '2007-04-23 18:05:24', 1, '');
INSERT INTO `jos_vm_order_history` VALUES (21, 17, 'P', '2007-04-23 18:42:34', 1, '');
INSERT INTO `jos_vm_order_history` VALUES (22, 18, 'P', '2007-04-23 18:44:01', 1, '');
INSERT INTO `jos_vm_order_history` VALUES (23, 19, 'P', '2007-04-23 18:45:16', 1, '');
INSERT INTO `jos_vm_order_history` VALUES (24, 20, 'P', '2007-04-23 18:48:58', 1, '');
INSERT INTO `jos_vm_order_history` VALUES (25, 21, 'P', '2007-04-23 18:52:45', 1, '');
INSERT INTO `jos_vm_order_history` VALUES (26, 22, 'P', '2007-05-08 16:22:56', 1, '');
INSERT INTO `jos_vm_order_history` VALUES (27, 23, 'P', '2007-05-08 16:48:22', 1, '');
INSERT INTO `jos_vm_order_history` VALUES (28, 24, 'P', '2007-05-08 17:08:04', 1, '');
INSERT INTO `jos_vm_order_history` VALUES (29, 24, 'C', '2007-05-08 17:10:09', 1, '');
INSERT INTO `jos_vm_order_history` VALUES (30, 25, 'P', '2007-05-15 14:18:20', 1, '');
INSERT INTO `jos_vm_order_history` VALUES (31, 25, 'C', '2007-05-15 14:20:56', 1, '');
INSERT INTO `jos_vm_order_history` VALUES (32, 26, 'P', '2007-06-18 16:31:07', 1, '');
INSERT INTO `jos_vm_order_history` VALUES (33, 27, 'P', '2007-06-19 00:09:50', 1, '');
INSERT INTO `jos_vm_order_history` VALUES (34, 28, 'P', '2007-06-25 02:49:51', 1, '');
INSERT INTO `jos_vm_order_history` VALUES (35, 29, 'P', '2007-06-25 22:17:27', 1, '');
INSERT INTO `jos_vm_order_history` VALUES (36, 29, 'C', '2007-06-25 22:19:25', 1, '');
INSERT INTO `jos_vm_order_history` VALUES (37, 30, 'P', '2007-08-13 06:25:13', 1, '');
INSERT INTO `jos_vm_order_history` VALUES (38, 31, 'P', '2007-08-18 04:54:44', 1, '');

-- --------------------------------------------------------

-- 
-- Table structure for table `jos_vm_order_item`
-- 

CREATE TABLE `jos_vm_order_item` (
  `order_item_id` int(11) NOT NULL auto_increment,
  `order_id` int(11) default NULL,
  `user_info_id` varchar(32) default NULL,
  `vendor_id` int(11) default NULL,
  `product_id` int(11) default NULL,
  `order_item_sku` varchar(64) NOT NULL default '',
  `order_item_name` varchar(64) NOT NULL default '',
  `product_quantity` int(11) default NULL,
  `product_item_price` decimal(15,5) default NULL,
  `product_final_price` decimal(12,2) NOT NULL default '0.00',
  `order_item_currency` varchar(16) default NULL,
  `order_status` char(1) default NULL,
  `cdate` int(11) default NULL,
  `mdate` int(11) default NULL,
  `product_attribute` text,
  PRIMARY KEY  (`order_item_id`),
  KEY `idx_order_item_order_id` (`order_id`),
  KEY `idx_order_item_user_info_id` (`user_info_id`),
  KEY `idx_order_item_vendor_id` (`vendor_id`)
) ENGINE=MyISAM DEFAULT CHARSET=latin1 COMMENT='Stores all items (products) which are part of an order' AUTO_INCREMENT=37 ;

-- 
-- Dumping data for table `jos_vm_order_item`
-- 

INSERT INTO `jos_vm_order_item` VALUES (1, 1, 'ff51e9605bc27d8a451fb6f865ee7b0d', 1, 8, 'P02', 'Circular Saw', 1, 177.52000, 192.17, 'USD', 'P', 1174446233, 1174446233, 'Size:M; Power:middle');
INSERT INTO `jos_vm_order_item` VALUES (2, 2, 'ff51e9605bc27d8a451fb6f865ee7b0d', 1, 6, 'H02', 'Hammer', 1, 1.00000, 1.08, 'USD', 'P', 1174488470, 1174488470, 'Size:big; Material:wood_and_metal');
INSERT INTO `jos_vm_order_item` VALUES (3, 3, '53b03e1404dd77552c914d45248cd927', 1, 6, 'H02', 'Hammer', 5, 1.00000, 1.08, 'USD', 'P', 1175023082, 1175023082, 'Size:big; Material:wood_and_metal');
INSERT INTO `jos_vm_order_item` VALUES (4, 3, '53b03e1404dd77552c914d45248cd927', 1, 7, 'P01', 'Chain Saw', 2, 149.99000, 162.36, 'USD', 'P', 1175023082, 1175023082, '');
INSERT INTO `jos_vm_order_item` VALUES (5, 4, '53b03e1404dd77552c914d45248cd927', 1, 7, 'P01', 'Chain Saw', 1, 149.99000, 162.36, 'USD', 'P', 1175051623, 1175051623, '');
INSERT INTO `jos_vm_order_item` VALUES (6, 4, '53b03e1404dd77552c914d45248cd927', 1, 8, 'P02', 'Circular Saw', 1, 177.52000, 192.17, 'USD', 'P', 1175051623, 1175051623, 'Size:XL; Power:strong');
INSERT INTO `jos_vm_order_item` VALUES (7, 5, '9588c81a1d70b873ea802cfd704c3f5c', 1, 6, 'H02', 'Hammer', 1, 1.00000, 1.08, 'USD', 'P', 1175132139, 1175132139, 'Size:big; Material:wood_and_metal');
INSERT INTO `jos_vm_order_item` VALUES (8, 5, '9588c81a1d70b873ea802cfd704c3f5c', 1, 5, 'H01', 'Nice Saw', 1, 23.14242, 25.05, 'USD', 'P', 1175132139, 1175132139, 'Size:big; Power:100W');
INSERT INTO `jos_vm_order_item` VALUES (9, 6, '801182246295ff864a139f1d508561e7', 1, 6, 'H02', 'Hammer', 1, 1.00000, 1.08, 'USD', 'P', 1175551826, 1175551826, 'Size:big; Material:wood_and_metal');
INSERT INTO `jos_vm_order_item` VALUES (10, 7, '801182246295ff864a139f1d508561e7', 1, 11, 'G01-01', 'Hand Shovel', 1, 4.99000, 4.99, 'USD', 'P', 1175552363, 1175552363, 'Color: Red; Size: Small; ');
INSERT INTO `jos_vm_order_item` VALUES (11, 8, '4622be01ae387e45263b9175b73d2be0', 1, 6, 'H02', 'Hammer', 1, 1.00000, 1.08, 'USD', 'P', 1175561809, 1175561809, 'Size:big; Material:wood_and_metal');
INSERT INTO `jos_vm_order_item` VALUES (12, 9, '53b03e1404dd77552c914d45248cd927', 1, 6, 'H02', 'Hammer', 1, 1.00000, 1.08, 'USD', 'P', 1176745837, 1176745837, 'Size:big; Material:wood_and_metal');
INSERT INTO `jos_vm_order_item` VALUES (13, 10, '860099c64c05a44092a87ff112127bc9', 1, 11, 'G01-01', 'Hand Shovel', 1, 4.99000, 4.99, 'USD', 'P', 1176746446, 1176746446, 'Color: Red; Size: Small; ');
INSERT INTO `jos_vm_order_item` VALUES (14, 11, '41df4154907e658f52a6148456845e84', 1, 12, 'G01-02', 'Hand Shovel', 1, 4.99000, 4.99, 'USD', 'C', 1176754430, 1176838312, 'Color: Green; Size: Medium; ');
INSERT INTO `jos_vm_order_item` VALUES (15, 11, '41df4154907e658f52a6148456845e84', 1, 6, 'H02', 'Hammer', 1, 1.00000, 1.08, 'USD', 'C', 1176754430, 1176838312, 'Size:big; Material:wood_and_metal');
INSERT INTO `jos_vm_order_item` VALUES (16, 11, '41df4154907e658f52a6148456845e84', 1, 8, 'P02', 'Circular Saw', 1, 177.52000, 192.17, 'USD', 'C', 1176754430, 1176838312, 'Size:XL; Power:strong');
INSERT INTO `jos_vm_order_item` VALUES (17, 12, '41df4154907e658f52a6148456845e84', 1, 5, 'H01', 'Nice Saw', 1, 23.14242, 25.05, 'USD', 'C', 1176765556, 1176838322, 'Size:big; Power:100W');
INSERT INTO `jos_vm_order_item` VALUES (18, 13, '41df4154907e658f52a6148456845e84', 1, 10, 'P04', 'Power Sander', 1, 73.14242, 79.18, 'USD', 'P', 1176771438, 1176771438, 'Size:big; Power:100W');
INSERT INTO `jos_vm_order_item` VALUES (19, 14, '41df4154907e658f52a6148456845e84', 1, 9, 'P03', 'Drill', 1, 48.12000, 52.09, 'USD', 'P', 1176776316, 1176776316, '');
INSERT INTO `jos_vm_order_item` VALUES (20, 15, '7b0f09a33dcbf7332983ddc5a93c5326', 1, 7, 'P01', 'Chain Saw', 1, 0.25000, 0.27, 'USD', 'C', 1177365104, 1177365295, '');
INSERT INTO `jos_vm_order_item` VALUES (21, 16, '7b0f09a33dcbf7332983ddc5a93c5326', 1, 7, 'P01', 'Chain Saw', 1, 0.25000, 0.27, 'USD', 'P', 1177365924, 1177365924, '');
INSERT INTO `jos_vm_order_item` VALUES (22, 17, '7b0f09a33dcbf7332983ddc5a93c5326', 1, 7, 'P01', 'Chain Saw', 1, 0.25000, 0.27, 'USD', 'P', 1177368154, 1177368154, '');
INSERT INTO `jos_vm_order_item` VALUES (23, 18, '7b0f09a33dcbf7332983ddc5a93c5326', 1, 7, 'P01', 'Chain Saw', 1, 0.25000, 0.27, 'USD', 'P', 1177368241, 1177368241, '');
INSERT INTO `jos_vm_order_item` VALUES (24, 19, '7b0f09a33dcbf7332983ddc5a93c5326', 1, 7, 'P01', 'Chain Saw', 1, 0.25000, 0.27, 'USD', 'P', 1177368316, 1177368316, '');
INSERT INTO `jos_vm_order_item` VALUES (25, 20, '7b0f09a33dcbf7332983ddc5a93c5326', 1, 7, 'P01', 'Chain Saw', 1, 0.25000, 0.27, 'USD', 'P', 1177368538, 1177368538, '');
INSERT INTO `jos_vm_order_item` VALUES (26, 21, '7b0f09a33dcbf7332983ddc5a93c5326', 1, 7, 'P01', 'Chain Saw', 1, 0.25000, 0.27, 'USD', 'P', 1177368765, 1177368765, '');
INSERT INTO `jos_vm_order_item` VALUES (27, 22, '85b9a747854423227f3edb868bad3fbd', 1, 6, 'H02', 'Hammer', 1, 1.00000, 1.08, 'USD', 'P', 1178655776, 1178655776, 'Size:big; Material:wood_and_metal');
INSERT INTO `jos_vm_order_item` VALUES (28, 23, '85b9a747854423227f3edb868bad3fbd', 1, 5, 'H01', 'Lapel Pin', 1, 0.25000, 0.27, 'CAD', 'P', 1178657302, 1178657302, '');
INSERT INTO `jos_vm_order_item` VALUES (29, 24, '85b9a747854423227f3edb868bad3fbd', 1, 6, 'H02', 'Mug', 1, 0.25000, 0.27, 'USD', 'C', 1178658484, 1178658609, 'Size:big; Material:wood_and_metal');
INSERT INTO `jos_vm_order_item` VALUES (30, 25, '2512d8a4b449603bf45009dc0d993e6a', 1, 5, 'H01', 'Lapel Pin', 2, 0.25000, 0.27, 'CAD', 'C', 1179253100, 1179253256, '');
INSERT INTO `jos_vm_order_item` VALUES (31, 26, 'b4aeeefb735d9567aca3a485e5b8eadc', 1, 5, 'H01', 'Lapel Pin', 1, 0.25000, 0.27, 'CAD', 'P', 1182198667, 1182198667, '');
INSERT INTO `jos_vm_order_item` VALUES (32, 27, 'cb5ca5b8921dd4f1239c21b8c737bbd2', 1, 5, 'H01', 'Lapel Pin', 1, 0.25000, 0.27, 'CAD', 'P', 1182226190, 1182226190, '');
INSERT INTO `jos_vm_order_item` VALUES (33, 28, 'cb5ca5b8921dd4f1239c21b8c737bbd2', 1, 6, 'H02', 'Mug', 1, 0.25000, 0.27, 'USD', 'P', 1182754191, 1182754191, 'Size:big; Material:wood_and_metal');
INSERT INTO `jos_vm_order_item` VALUES (34, 29, 'd95e7e9ed7d113d27e8e49a92261dd77', 1, 5, 'H01', 'Lapel Pin', 1, 0.25000, 0.27, 'CAD', 'C', 1182824247, 1182824365, '');
INSERT INTO `jos_vm_order_item` VALUES (35, 30, '8b7989992ab99cee05e1aa2da07dc844', 1, 6, 'H02', 'Mug', 1, 0.25000, 0.27, 'USD', 'P', 1187000713, 1187000713, 'Size:big; Material:wood_and_metal');
INSERT INTO `jos_vm_order_item` VALUES (36, 31, '8b7989992ab99cee05e1aa2da07dc844', 1, 25, 'VW004', 'RAbIT', 1, 56.00000, 56.00, 'CDN', 'P', 1187427284, 1187427284, '');

-- --------------------------------------------------------

-- 
-- Table structure for table `jos_vm_order_payment`
-- 

CREATE TABLE `jos_vm_order_payment` (
  `order_id` int(11) NOT NULL default '0',
  `payment_method_id` int(11) default NULL,
  `order_payment_code` varchar(30) NOT NULL default '',
  `order_payment_number` blob,
  `order_payment_expire` int(11) default NULL,
  `order_payment_name` varchar(255) default NULL,
  `order_payment_log` text,
  `order_payment_trans_id` text NOT NULL,
  KEY `idx_order_payment_order_id` (`order_id`),
  KEY `idx_order_payment_method_id` (`payment_method_id`)
) ENGINE=MyISAM DEFAULT CHARSET=latin1 COMMENT='The payment method that was chosen for a specific order';

-- 
-- Dumping data for table `jos_vm_order_payment`
-- 

INSERT INTO `jos_vm_order_payment` VALUES (1, 4, '', '', 1164952800, '', '', '');
INSERT INTO `jos_vm_order_payment` VALUES (2, 2, '', 0xb5872688d4a0833a7cf7f9c38feec462, 1188622800, 'John Smith', 'Payment information captured for later processing.<br />', '');
INSERT INTO `jos_vm_order_payment` VALUES (3, 2, '', '', 1164949200, '', 'Payment information captured for later processing.<br />', '');
INSERT INTO `jos_vm_order_payment` VALUES (4, 2, '', '', 1164949200, '', 'Payment information captured for later processing.<br />', '');
INSERT INTO `jos_vm_order_payment` VALUES (5, 2, '', '', 1164949200, '', 'Payment information captured for later processing.<br />', '');
INSERT INTO `jos_vm_order_payment` VALUES (6, 4, '', '', 1164949200, '', '', '');
INSERT INTO `jos_vm_order_payment` VALUES (7, 4, '', '', 1164949200, '', '', '');
INSERT INTO `jos_vm_order_payment` VALUES (8, 4, '', '', 1164949200, '', '', '');
INSERT INTO `jos_vm_order_payment` VALUES (9, 2, '', '', 1164949200, '', 'Payment information captured for later processing.<br />', '');
INSERT INTO `jos_vm_order_payment` VALUES (10, 2, '', '', 1164949200, '', 'Payment information captured for later processing.<br />', '');
INSERT INTO `jos_vm_order_payment` VALUES (11, 2, '', 0xb5872688d4a0833a7cf7f9c38feec462, 1175400000, 'jmoncrieff', 'Payment information captured for later processing.<br />', '');
INSERT INTO `jos_vm_order_payment` VALUES (12, 2, '', '', 1164949200, '', 'Payment information captured for later processing.<br />', '');
INSERT INTO `jos_vm_order_payment` VALUES (13, 2, '', '', 1164949200, '', 'Payment information captured for later processing.<br />', '');
INSERT INTO `jos_vm_order_payment` VALUES (14, 2, '', '', 1164949200, '', 'Payment information captured for later processing.<br />', '');
INSERT INTO `jos_vm_order_payment` VALUES (15, 4, '', 0x804416a8d7e6ecf211ffc34f741cec4c, 1183262400, 'PREFERRED CUSTOMER', '', '');
INSERT INTO `jos_vm_order_payment` VALUES (16, 4, '', '', 1164949200, '', '', '');
INSERT INTO `jos_vm_order_payment` VALUES (17, 18, '', '', 1164949200, '', '', '');
INSERT INTO `jos_vm_order_payment` VALUES (18, 18, '', '', 1164949200, '', '', '');
INSERT INTO `jos_vm_order_payment` VALUES (19, 18, '', '', 1164949200, '', '', '');
INSERT INTO `jos_vm_order_payment` VALUES (20, 18, '', '', 1164949200, '', '', '');
INSERT INTO `jos_vm_order_payment` VALUES (21, 18, '', '', 1164949200, '', '', '');
INSERT INTO `jos_vm_order_payment` VALUES (22, 4, '', '', 1164949200, '', '', '');
INSERT INTO `jos_vm_order_payment` VALUES (23, 2, '', '', 1164949200, '', 'Payment information captured for later processing.<br />', '');
INSERT INTO `jos_vm_order_payment` VALUES (24, 4, '', '', 1164949200, '', '', '');
INSERT INTO `jos_vm_order_payment` VALUES (25, 4, '', '', 1164949200, '', '', '');
INSERT INTO `jos_vm_order_payment` VALUES (26, 4, '', '', 1164949200, '', '', '');
INSERT INTO `jos_vm_order_payment` VALUES (27, 4, '', '', 1164949200, '', '', '');
INSERT INTO `jos_vm_order_payment` VALUES (28, 4, '', '', 1164949200, '', '', '');
INSERT INTO `jos_vm_order_payment` VALUES (29, 4, '', '', 1164949200, '', '', '');
INSERT INTO `jos_vm_order_payment` VALUES (30, 2, '', '', 1164949200, '', 'Payment information captured for later processing.<br />', '');
INSERT INTO `jos_vm_order_payment` VALUES (31, 4, '', '', 1164949200, '', '', '');

-- --------------------------------------------------------

-- 
-- Table structure for table `jos_vm_order_status`
-- 

CREATE TABLE `jos_vm_order_status` (
  `order_status_id` int(11) NOT NULL auto_increment,
  `order_status_code` char(1) NOT NULL default '',
  `order_status_name` varchar(64) default NULL,
  `list_order` int(11) default NULL,
  `vendor_id` int(11) default NULL,
  PRIMARY KEY  (`order_status_id`),
  KEY `idx_order_status_list_order` (`list_order`),
  KEY `idx_order_status_vendor_id` (`vendor_id`)
) ENGINE=MyISAM DEFAULT CHARSET=latin1 COMMENT='All available order statuses' AUTO_INCREMENT=6 ;

-- 
-- Dumping data for table `jos_vm_order_status`
-- 

INSERT INTO `jos_vm_order_status` VALUES (1, 'P', 'Pending', 1, 1);
INSERT INTO `jos_vm_order_status` VALUES (2, 'C', 'Confirmed', 2, 1);
INSERT INTO `jos_vm_order_status` VALUES (3, 'X', 'Cancelled', 3, 1);
INSERT INTO `jos_vm_order_status` VALUES (4, 'R', 'Refunded', 4, 1);
INSERT INTO `jos_vm_order_status` VALUES (5, 'S', 'Shipped', 5, 1);

-- --------------------------------------------------------

-- 
-- Table structure for table `jos_vm_order_user_info`
-- 

CREATE TABLE `jos_vm_order_user_info` (
  `order_info_id` int(11) NOT NULL auto_increment,
  `order_id` int(11) NOT NULL default '0',
  `user_id` int(11) NOT NULL default '0',
  `address_type` char(2) default NULL,
  `address_type_name` varchar(32) default NULL,
  `company` varchar(64) default NULL,
  `title` varchar(32) default NULL,
  `last_name` varchar(32) default NULL,
  `first_name` varchar(32) default NULL,
  `middle_name` varchar(32) default NULL,
  `phone_1` varchar(32) default NULL,
  `phone_2` varchar(32) default NULL,
  `fax` varchar(32) default NULL,
  `address_1` varchar(64) NOT NULL default '',
  `address_2` varchar(64) default NULL,
  `city` varchar(32) NOT NULL default '',
  `state` varchar(32) NOT NULL default '',
  `country` varchar(32) NOT NULL default 'US',
  `zip` varchar(32) NOT NULL default '',
  `user_email` varchar(255) default NULL,
  `extra_field_1` varchar(255) default NULL,
  `extra_field_2` varchar(255) default NULL,
  `extra_field_3` varchar(255) default NULL,
  `extra_field_4` char(1) default NULL,
  `extra_field_5` char(1) default NULL,
  `bank_account_nr` varchar(32) NOT NULL default '',
  `bank_name` varchar(32) NOT NULL default '',
  `bank_sort_code` varchar(16) NOT NULL default '',
  `bank_iban` varchar(64) NOT NULL default '',
  `bank_account_holder` varchar(48) NOT NULL default '',
  `bank_account_type` enum('Checking','Business Checking','Savings') NOT NULL default 'Checking',
  PRIMARY KEY  (`order_info_id`),
  KEY `idx_order_info_order_id` (`order_id`)
) ENGINE=MyISAM DEFAULT CHARSET=latin1 COMMENT='Stores the BillTo and ShipTo Information at order time' AUTO_INCREMENT=32 ;

-- 
-- Dumping data for table `jos_vm_order_user_info`
-- 

INSERT INTO `jos_vm_order_user_info` VALUES (1, 1, 65, 'BT', '-default-', '', '', 'Smith', 'John', '', '613-234-5678', '', '', '1234 Main St.', '', 'Ottawa', '', 'CAN', 'K1A 1A1', 'gareth@agora2.com', '', '', '', '', '', '', '', '', '', '', '');
INSERT INTO `jos_vm_order_user_info` VALUES (2, 2, 65, 'BT', '-default-', '', '', 'Smith', 'John', '', '613-234-5678', '', '', '1234 Main St.', '', 'Ottawa', '', 'CAN', 'K1A 1A1', 'gareth@agora2.com', '', '', '', '', '', '', '', '', '', '', '');
INSERT INTO `jos_vm_order_user_info` VALUES (3, 3, 77, 'BT', '-default-', 'Agora Communications Group', 'Mr.', 'Spanglett', 'Gareth', '', '613-761-1489', '', '', '285 Churchill Ave. N.', '', 'Ottawa', 'ON', 'CAN', 'K1Z 5B7', 'gareth@agora-group.com', '', '', '', '', '', '', '', '', '', '', '');
INSERT INTO `jos_vm_order_user_info` VALUES (4, 4, 77, 'BT', '-default-', 'Agora Communications Group', 'Mr.', 'Spanglett', 'Gareth', '', '613-761-1489', '', '', '285 Churchill Ave. N.', '', 'Ottawa', 'ON', 'CAN', 'K1Z 5B7', 'gareth@agora-group.com', '', '', '', '', '', '', '', '', '', '', '');
INSERT INTO `jos_vm_order_user_info` VALUES (5, 5, 80, 'BT', '-default-', 'Mahsie Open Soure', 'Mr.', 'Moncrieff', 'Jeffrey', 'Dean', '613-830-0220', '613-620-1771', '', '3  Ridgeburngate', '', 'Ottawa', 'AB', 'CAN', 'Ontaio', 'jmoncrieff@mahsie.org', '', '', '', '', '', '', '', '', '', '', '');
INSERT INTO `jos_vm_order_user_info` VALUES (6, 6, 79, 'BT', '-default-', 'jeffrey', '', 'Moncrieff', 'Jeffrey', 'Dean', '613-830-0220', '', '', '3 Ridgeburn Gate', '', 'Ottawa', 'AB', 'CAN', 'k1b4c1', 'jeff@mahsie.com', '', '', '', '', '', '', '', '', '', '', '');
INSERT INTO `jos_vm_order_user_info` VALUES (7, 7, 79, 'BT', '-default-', 'jeffrey', '', 'Moncrieff', 'Jeffrey', 'Dean', '613-830-0220', '', '', '3 Ridgeburn Gate', '', 'Ottawa', 'AB', 'CAN', 'k1b4c1', 'jeff@mahsie.com', '', '', '', '', '', '', '', '', '', '', '');
INSERT INTO `jos_vm_order_user_info` VALUES (8, 8, 81, 'BT', '-default-', 'Agora Communications Group', '', 'Spanglett', 'Gareth', '', '613-761-1489', '', '', '285 Churchill AVe.', '', 'Ottawa', 'ON', 'CAN', 'K1Z 5B7', 'gspanglett@rogers.com', '', '', '', '', '', '', '', '', '', '', '');
INSERT INTO `jos_vm_order_user_info` VALUES (9, 9, 77, 'BT', '-default-', 'Agora Communications Group', 'Mr.', 'Spanglett', 'Gareth', '', '613-761-1489', '', '', '285 Churchill Ave. N.', '', 'Ottawa', 'ON', 'CAN', 'K1Z 5B7', 'gareth@agora-group.com', '', '', '', '', '', '', '', '', '', '', '');
INSERT INTO `jos_vm_order_user_info` VALUES (10, 10, 82, 'BT', '-default-', 'Acme Inc.', '', 'Doe', 'John', '', '613-555-5555', '', '', '1234 Main Street', '', 'Ottawa', 'ON', 'CAN', 'K1Z 1Z1', 'quixote1024@yahoo.ca', '', '', '', '', '', '', '', '', '', '', '');
INSERT INTO `jos_vm_order_user_info` VALUES (11, 11, 78, 'BT', '-default-', 'Mahsie', '', 'Moncrieff', 'Jeffrey', '', '830-0220', '', '', '3 ridgeburn Gate', '', 'Ottawa', 'AB', 'CAN', 'k1b4c1', 'jmoncrieff@mahsie.com', '', '', '', '', '', '', '', '', '', '', '');
INSERT INTO `jos_vm_order_user_info` VALUES (12, 12, 78, 'BT', '-default-', 'Mahsie', '', 'Moncrieff', 'Jeffrey', '', '830-0220', '', '', '3 ridgeburn Gate', '', 'Ottawa', 'AB', 'CAN', 'k1b4c1', 'jmoncrieff@mahsie.com', '', '', '', '', '', '', '', '', '', '', '');
INSERT INTO `jos_vm_order_user_info` VALUES (13, 13, 78, 'BT', '-default-', 'Mahsie', '', 'Moncrieff', 'Jeffrey', '', '830-0220', '', '', '3 ridgeburn Gate', '', 'Ottawa', 'AB', 'CAN', 'k1b4c1', 'jmoncrieff@mahsie.com', '', '', '', '', '', '', '', '', '', '', '');
INSERT INTO `jos_vm_order_user_info` VALUES (14, 14, 78, 'BT', '-default-', 'Mahsie', '', 'Moncrieff', 'Jeffrey', '', '830-0220', '', '', '3 ridgeburn Gate', '', 'Ottawa', 'AB', 'CAN', 'k1b4c1', 'jmoncrieff@mahsie.com', '', '', '', '', '', '', '', '', '', '', '');
INSERT INTO `jos_vm_order_user_info` VALUES (15, 15, 83, 'BT', '-default-', 'Agora', '', 'Spanglett', 'Gareth', '', '613-761-1489', '', '', '285 Churchill Ave. N.', '', 'Ottawa', 'ON', 'CAN', 'K1Z 5B7', 'gareth@agora-group.com', '', '', '', '', '', '', '', '', '', '', '');
INSERT INTO `jos_vm_order_user_info` VALUES (16, 16, 83, 'BT', '-default-', 'Agora', '', 'Spanglett', 'Gareth', '', '613-761-1489', '', '', '285 Churchill Ave. N.', '', 'Ottawa', 'ON', 'CAN', 'K1Z 5B7', 'gareth@agora-group.com', '', '', '', '', '', '', '', '', '', '', '');
INSERT INTO `jos_vm_order_user_info` VALUES (17, 17, 83, 'BT', '-default-', 'Agora', '', 'Spanglett', 'Gareth', '', '613-761-1489', '', '', '285 Churchill Ave. N.', '', 'Ottawa', 'ON', 'CAN', 'K1Z 5B7', 'gareth@agora-group.com', '', '', '', '', '', '', '', '', '', '', '');
INSERT INTO `jos_vm_order_user_info` VALUES (18, 18, 83, 'BT', '-default-', 'Agora', '', 'Spanglett', 'Gareth', '', '613-761-1489', '', '', '285 Churchill Ave. N.', '', 'Ottawa', 'ON', 'CAN', 'K1Z 5B7', 'gareth@agora-group.com', '', '', '', '', '', '', '', '', '', '', '');
INSERT INTO `jos_vm_order_user_info` VALUES (19, 19, 83, 'BT', '-default-', 'Agora', '', 'Spanglett', 'Gareth', '', '613-761-1489', '', '', '285 Churchill Ave. N.', '', 'Ottawa', 'ON', 'CAN', 'K1Z 5B7', 'gareth@agora-group.com', '', '', '', '', '', '', '', '', '', '', '');
INSERT INTO `jos_vm_order_user_info` VALUES (20, 20, 83, 'BT', '-default-', 'Agora', '', 'Spanglett', 'Gareth', '', '613-761-1489', '', '', '285 Churchill Ave. N.', '', 'Ottawa', 'ON', 'CAN', 'K1Z 5B7', 'gareth@agora-group.com', '', '', '', '', '', '', '', '', '', '', '');
INSERT INTO `jos_vm_order_user_info` VALUES (21, 21, 83, 'BT', '-default-', 'Agora', '', 'Spanglett', 'Gareth', '', '613-761-1489', '', '', '285 Churchill Ave. N.', '', 'Ottawa', 'ON', 'CAN', 'K1Z 5B7', 'gareth@agora-group.com', '', '', '', '', '', '', '', '', '', '', '');
INSERT INTO `jos_vm_order_user_info` VALUES (22, 22, 84, 'BT', '-default-', '', '', 'Spanglett', 'Gareth', '', '613-555-1212', '', '', '1234 Main', '', 'Ottawa', 'ON', 'CAN', 'K1Z 5B7', 'gareth@mahsie.com', '', '', '', '', '', '', '', '', '', '', '');
INSERT INTO `jos_vm_order_user_info` VALUES (23, 23, 84, 'BT', '-default-', '', '', 'Spanglett', 'Gareth', '', '613-555-1212', '', '', '1234 Main', '', 'Ottawa', 'ON', 'CAN', 'K1Z 5B7', 'gareth@mahsie.com', '', '', '', '', '', '', '', '', '', '', '');
INSERT INTO `jos_vm_order_user_info` VALUES (24, 24, 84, 'BT', '-default-', '', '', 'Spanglett', 'Gareth', '', '613-555-1212', '', '', '1234 Main', '', 'Ottawa', 'ON', 'CAN', 'K1Z 5B7', 'gareth@mahsie.com', '', '', '', '', '', '', '', '', '', '', '');
INSERT INTO `jos_vm_order_user_info` VALUES (25, 25, 85, 'BT', '-default-', '', '', 'Vachon', 'Klaus', '', '613-555-1212', '', '', '1234 Main Street', '', 'Ottawa', 'ON', 'CAN', 'K1A 1A1', 'mikepowers40@yahoo.ca', '', '', '', '', '', '', '', '', '', '', '');
INSERT INTO `jos_vm_order_user_info` VALUES (26, 26, 86, 'BT', '-default-', 'Mahsie', '', 'Moncrieff', 'Jeffrey', '', '613-830-0220', '', '', '3 ridgeBurn gate', '', 'Ottawa', 'AB', 'CAN', 'ontario', 'jeffrey.moncrieff@mahsie.com', '', '', '', '', '', '', '', '', '', '', '');
INSERT INTO `jos_vm_order_user_info` VALUES (27, 27, 87, 'BT', '-default-', '', '', 'Spanglett', 'Gareth', '', '613-761-1489', '', '', '1234 Main', '', 'Ottawa', 'ON', 'CAN', 'K1A1A1', 'prsidoro@mavericsolutions.ca', '', '', '', '', '', '', '', '', '', '', '');
INSERT INTO `jos_vm_order_user_info` VALUES (28, 28, 87, 'BT', '-default-', '', '', 'Spanglett', 'Gareth', '', '613-761-1489', '', '', '1234 Main', '', 'Ottawa', 'ON', 'CAN', 'K1A1A1', 'prsidoro@mavericsolutions.ca', '', '', '', '', '', '', '', '', '', '', '');
INSERT INTO `jos_vm_order_user_info` VALUES (29, 29, 88, 'BT', '-default-', 'Acme Inc.', '', 'Vaid', 'Vic', '', '613-555-5555', '', '', '1234 Main St.', '', 'Ottawa', 'ON', 'CAN', 'K1Z5B7', 'vic@vaid.com', '', '', '', '', '', '', '', '', '', '', '');
INSERT INTO `jos_vm_order_user_info` VALUES (30, 30, 89, 'BT', '-default-', 'mahsie OSS', '', 'Moncrieff', 'Jeffrey', 'jdmonc', '613-830-0220', '', '', '3 ridgebun Gate', '', 'Gloucester', 'AB', 'CAN', 'k1b4c1', 'jmoncrieff@mahsie.com', '', '', '', '', '', '', '', '', '', '', '');
INSERT INTO `jos_vm_order_user_info` VALUES (31, 31, 89, 'BT', '-default-', 'mahsie OSS', '', 'Moncrieff', 'Jeffrey', 'jdmonc', '613-830-0220', '', '', '3 ridgebun Gate', '', 'Gloucester', 'AB', 'CAN', 'k1b4c1', 'jmoncrieff@mahsie.com', '', '', '', '', '', '', '', '', '', '', '');

-- --------------------------------------------------------

-- 
-- Table structure for table `jos_vm_orders`
-- 

CREATE TABLE `jos_vm_orders` (
  `order_id` int(11) NOT NULL auto_increment,
  `user_id` int(11) NOT NULL default '0',
  `vendor_id` int(11) NOT NULL default '0',
  `order_number` varchar(32) default NULL,
  `user_info_id` varchar(32) default NULL,
  `order_total` decimal(15,2) NOT NULL default '0.00',
  `order_subtotal` decimal(15,5) default NULL,
  `order_tax` decimal(10,2) default NULL,
  `order_tax_details` text NOT NULL,
  `order_shipping` decimal(10,2) default NULL,
  `order_shipping_tax` decimal(10,2) default NULL,
  `coupon_discount` decimal(12,2) NOT NULL default '0.00',
  `order_discount` decimal(12,2) NOT NULL default '0.00',
  `order_currency` varchar(16) default NULL,
  `order_status` char(1) default NULL,
  `cdate` int(11) default NULL,
  `mdate` int(11) default NULL,
  `ship_method_id` varchar(255) default NULL,
  `customer_note` text NOT NULL,
  `ip_address` varchar(15) NOT NULL default '',
  PRIMARY KEY  (`order_id`),
  KEY `idx_orders_user_id` (`user_id`),
  KEY `idx_orders_vendor_id` (`vendor_id`),
  KEY `idx_orders_order_number` (`order_number`),
  KEY `idx_orders_user_info_id` (`user_info_id`),
  KEY `idx_orders_ship_method_id` (`ship_method_id`)
) ENGINE=MyISAM DEFAULT CHARSET=latin1 COMMENT='Used to store all orders' AUTO_INCREMENT=32 ;

-- 
-- Dumping data for table `jos_vm_orders`
-- 

INSERT INTO `jos_vm_orders` VALUES (1, 65, 1, '69cf6ced4318d9783d1baaec9998613d', 'ff51e9605bc27d8a451fb6f865ee7b0d', 237.17, 177.52424, 14.65, 'a:0:{}', 45.00, 0.00, 0.00, 0.00, 'USD', 'P', 1174446233, 1174446233, 'standard_shipping|DHL|World_1 &gt;12kg|45.00|15', '', '74.104.4.25');
INSERT INTO `jos_vm_orders` VALUES (2, 65, 1, '8901396fb7f50480f540920e487d29fa', 'ff51e9605bc27d8a451fb6f865ee7b0d', 48.08, 0.99769, 0.22, 'a:0:{}', 45.00, 0.00, 0.00, -2.00, 'USD', 'P', 1174488470, 1174488470, 'standard_shipping|DHL|World_1 &gt;12kg|45.00|15', '', '74.14.228.129');
INSERT INTO `jos_vm_orders` VALUES (3, 77, 1, '78931028a820b6e40663037c1eefcae4', '53b03e1404dd77552c914d45248cd927', 360.70, 304.96073, 25.31, 'a:1:{s:6:"0.0825";d:2.177740877598154156657983548939228057861328125;}', 26.40, 2.18, 0.00, -2.00, 'USD', 'P', 1175023082, 1175023082, 'flex|STD|Standard Shipping over 25.00|28.5746', 'Deliver to back door.', '10.1.1.1');
INSERT INTO `jos_vm_orders` VALUES (4, 77, 1, '582703b14f7c21bb49721e40b1119552', '53b03e1404dd77552c914d45248cd927', 401.53, 327.51039, 27.17, 'a:0:{}', 45.00, 0.00, 0.00, -2.00, 'USD', 'P', 1175051623, 1175051623, 'standard_shipping|DHL|World_1 &gt;12kg|45.00|15', '', '10.1.1.1');
INSERT INTO `jos_vm_orders` VALUES (5, 80, 1, 'ea14a87011d7bf6d10e3a81e805e8cb4', '9588c81a1d70b873ea802cfd704c3f5c', 73.13, 24.13856, 2.14, 'a:0:{}', 45.00, 0.00, 0.00, -2.00, 'USD', 'C', 1175132139, 1175132139, 'standard_shipping|DHL|World_1 &gt;12kg|45.00|15', '', '64.230.5.254');
INSERT INTO `jos_vm_orders` VALUES (6, 79, 1, '74a20bd492a5a3b8e962e537aa91c261', '801182246295ff864a139f1d508561e7', 38.08, 0.99769, 0.08, 'a:0:{}', 37.00, 0.00, 0.00, 0.00, 'USD', 'P', 1175551826, 1175551826, 'standard_shipping|DHL|World_1 &gt; 8kg|37.00|14', '', '10.1.1.1');
INSERT INTO `jos_vm_orders` VALUES (7, 79, 1, '6d54bbcb986217b26531a704c015733e', '801182246295ff864a139f1d508561e7', 17.98, 4.99000, 0.00, 'a:1:{s:6:"0.0825";d:0.9900000000000002131628207280300557613372802734375;}', 12.00, 0.99, 0.00, 0.00, 'USD', 'P', 1175552363, 1175552363, 'flex|STD|Standard Shipping under 25.00|12.99', '', '10.1.1.1');
INSERT INTO `jos_vm_orders` VALUES (8, 81, 1, '3ec9db8ab7f5ffafeff333722a056a0e', '4622be01ae387e45263b9175b73d2be0', 14.07, 0.99769, 0.08, 'a:1:{s:6:"0.0825";d:0.9900000000000002131628207280300557613372802734375;}', 12.00, 0.99, 0.00, 0.00, 'USD', 'P', 1175561809, 1175561809, 'flex|STD|Standard Shipping under 25.00|12.99', '', '10.1.1.1');
INSERT INTO `jos_vm_orders` VALUES (9, 77, 1, '00e7990b7a196c61edc553ee636ac45b', '53b03e1404dd77552c914d45248cd927', 40.08, 0.99769, 0.22, 'a:0:{}', 37.00, 0.00, 0.00, -2.00, 'USD', 'P', 1176745837, 1176745837, 'standard_shipping|DHL|World_1 &gt; 8kg|37.00|14', '', '10.1.1.1');
INSERT INTO `jos_vm_orders` VALUES (10, 82, 1, 'bced27c6bec835454ba7ab13d76f1289', '860099c64c05a44092a87ff112127bc9', 19.98, 4.99000, 0.00, 'a:1:{s:6:"0.0825";d:0.9900000000000002131628207280300557613372802734375;}', 12.00, 0.99, 0.00, -2.00, 'USD', 'C', 1176746446, 1176746446, 'flex|STD|Standard Shipping under 25.00|12.99', '', '10.1.1.1');
INSERT INTO `jos_vm_orders` VALUES (11, 78, 1, '5e096cce34d164cbdab252950eeba754', '41df4154907e658f52a6148456845e84', 245.24, 183.51193, 14.87, 'a:0:{}', 45.00, 0.00, 0.00, -2.00, 'USD', 'C', 1176754430, 1176838312, 'standard_shipping|DHL|World_1 &gt;12kg|45.00|15', '', '64.230.43.85');
INSERT INTO `jos_vm_orders` VALUES (12, 78, 1, '7d4a870e0e78e0ef09bd18ceff54865b', '41df4154907e658f52a6148456845e84', 64.05, 23.14087, 2.06, 'a:0:{}', 37.00, 0.00, 0.00, -2.00, 'USD', 'C', 1176765556, 1176838322, 'standard_shipping|DHL|World_1 &gt; 8kg|37.00|14', '', '64.230.43.85');
INSERT INTO `jos_vm_orders` VALUES (13, 78, 1, '0672ff58f64366b4a305ce6a304a169e', '41df4154907e658f52a6148456845e84', 118.18, 73.14549, 6.18, 'a:0:{}', 37.00, 0.00, 0.00, -2.00, 'USD', 'C', 1176771438, 1176771438, 'standard_shipping|DHL|World_1 &gt; 8kg|37.00|14', '', '64.230.43.85');
INSERT INTO `jos_vm_orders` VALUES (14, 78, 1, 'e343de2850903d1e8ab9cb54feda665d', '41df4154907e658f52a6148456845e84', 91.09, 48.12009, 4.12, 'a:0:{}', 37.00, 0.00, 0.00, -2.00, 'USD', 'C', 1176776316, 1176776316, 'standard_shipping|DHL|World_1 &gt; 8kg|37.00|14', '', '64.230.43.85');
INSERT INTO `jos_vm_orders` VALUES (15, 83, 1, 'bc82388891169d2e7d3817a9a23a9a05', '7b0f09a33dcbf7332983ddc5a93c5326', 0.42, 0.24942, 0.02, 'a:0:{}', 0.15, 0.00, 0.00, 0.00, 'USD', 'C', 1177365104, 1177365295, 'standard_shipping|Canada Post|Canada Post Shipping|0.15|22', '', '10.1.1.1');
INSERT INTO `jos_vm_orders` VALUES (16, 83, 1, '9fb2133703123e98915b26dbc2a7ffc9', '7b0f09a33dcbf7332983ddc5a93c5326', 0.42, 0.24942, 0.02, 'a:0:{}', 0.15, 0.00, 0.00, 0.00, 'USD', 'P', 1177365924, 1177365924, 'standard_shipping|Canada Post|Canada Post Shipping|0.15|22', '', '10.1.1.1');
INSERT INTO `jos_vm_orders` VALUES (17, 83, 1, 'c93d54c617f5dcf9823ece7d448f59a4', '7b0f09a33dcbf7332983ddc5a93c5326', 0.42, 0.24942, 0.02, 'a:0:{}', 0.15, 0.00, 0.00, 0.00, 'USD', 'P', 1177368154, 1177368154, 'standard_shipping|Canada Post|Canada Post Shipping|0.15|22', '', '10.1.1.1');
INSERT INTO `jos_vm_orders` VALUES (18, 83, 1, 'e4df0fe1d5daf6b101deda211d297f9b', '7b0f09a33dcbf7332983ddc5a93c5326', 0.42, 0.24942, 0.02, 'a:0:{}', 0.15, 0.00, 0.00, 0.00, 'USD', 'P', 1177368241, 1177368241, 'standard_shipping|Canada Post|Canada Post Shipping|0.15|22', '', '10.1.1.1');
INSERT INTO `jos_vm_orders` VALUES (19, 83, 1, '5eaed171b87acc2216613e233f43d512', '7b0f09a33dcbf7332983ddc5a93c5326', 0.42, 0.24942, 0.02, 'a:0:{}', 0.15, 0.00, 0.00, 0.00, 'USD', 'P', 1177368316, 1177368316, 'standard_shipping|Canada Post|Canada Post Shipping|0.15|22', '', '10.1.1.1');
INSERT INTO `jos_vm_orders` VALUES (20, 83, 1, 'aede614595c2d173b77fc1d5ccbfa887', '7b0f09a33dcbf7332983ddc5a93c5326', 0.42, 0.24942, 0.02, 'a:0:{}', 0.15, 0.00, 0.00, 0.00, 'USD', 'P', 1177368538, 1177368538, 'standard_shipping|Canada Post|Canada Post Shipping|0.15|22', '', '10.1.1.1');
INSERT INTO `jos_vm_orders` VALUES (21, 83, 1, '91573d3d9373bcea816ee59730ceb1b6', '7b0f09a33dcbf7332983ddc5a93c5326', 0.42, 0.24942, 0.02, 'a:0:{}', 0.15, 0.00, 0.00, 0.00, 'USD', 'P', 1177368765, 1177368765, 'standard_shipping|Canada Post|Canada Post Shipping|0.15|22', '', '10.1.1.1');
INSERT INTO `jos_vm_orders` VALUES (22, 84, 1, '32eca884365fe121479366540a70c7f8', '85b9a747854423227f3edb868bad3fbd', 14.07, 0.99769, 0.08, 'a:1:{s:6:"0.0825";d:0.9900000000000002131628207280300557613372802734375;}', 12.00, 0.99, 0.00, 0.00, 'USD', 'P', 1178655776, 1178655776, 'flex|STD|Standard Shipping under 25.00|12.99', '', '10.1.1.1');
INSERT INTO `jos_vm_orders` VALUES (23, 84, 1, 'a2059869facdf9f94832d3b63ca45595', '85b9a747854423227f3edb868bad3fbd', 2.54, 0.24942, 0.16, 'a:1:{s:6:"0.0825";d:0.02062500000000000444089209850062616169452667236328125;}', 0.25, 0.02, 0.00, -2.00, 'USD', 'P', 1178657302, 1178657302, 'flex|STD|Standard Shipping under 25.00|0.270625', '', '10.1.1.1');
INSERT INTO `jos_vm_orders` VALUES (24, 84, 1, '274575960c1ea28c94a73b2cb32301f7', '85b9a747854423227f3edb868bad3fbd', 0.54, 0.24942, 0.02, 'a:1:{s:6:"0.0825";d:0.02062500000000000444089209850062616169452667236328125;}', 0.25, 0.02, 0.00, 0.00, 'USD', 'C', 1178658484, 1178658609, 'flex|STD|Standard Shipping under 25.00|0.270625', '', '10.1.1.1');
INSERT INTO `jos_vm_orders` VALUES (25, 85, 1, '9ecc1d0684b2dc9a7126aa5892a915ba', '2512d8a4b449603bf45009dc0d993e6a', 0.81, 0.49884, 0.04, 'a:1:{s:6:"0.0825";d:0.02062500000000000444089209850062616169452667236328125;}', 0.25, 0.02, 0.00, 0.00, 'USD', 'C', 1179253100, 1179253256, 'flex|STD|Standard Shipping under 25.00|0.270625', 'Thanks for the great pins.', '10.1.1.1');
INSERT INTO `jos_vm_orders` VALUES (26, 86, 1, '4fbb02ac9b2e52f0ac342a50506d6449', 'b4aeeefb735d9567aca3a485e5b8eadc', 28.27, 0.24942, 0.02, 'a:0:{}', 28.00, 0.00, 0.00, 0.00, 'USD', 'P', 1182198667, 1182198667, 'standard_shipping|DHL|World_1 &gt;  4kg|28.00|13', '', '10.1.1.1');
INSERT INTO `jos_vm_orders` VALUES (27, 87, 1, '73fead250350beea9f009123f4ed2c64', 'cb5ca5b8921dd4f1239c21b8c737bbd2', 28.27, 0.24942, 0.02, 'a:0:{}', 28.00, 0.00, 0.00, 0.00, 'USD', 'P', 1182226190, 1182226190, 'standard_shipping|DHL|World_1 &gt;  4kg|28.00|13', '', '74.101.105.132');
INSERT INTO `jos_vm_orders` VALUES (28, 87, 1, '51b5002bf289f7ea9c86a3bd550dbd09', 'cb5ca5b8921dd4f1239c21b8c737bbd2', 0.54, 0.24942, 0.02, 'a:1:{s:6:"0.0825";d:0.02062500000000000444089209850062616169452667236328125;}', 0.25, 0.02, 0.00, 0.00, 'USD', 'P', 1182754191, 1182754191, 'flex|STD|Standard Shipping under 25.00|0.270625', '', '74.104.4.25');
INSERT INTO `jos_vm_orders` VALUES (29, 88, 1, '2589ddc495f248d03a951c7c8c9d4e0d', 'd95e7e9ed7d113d27e8e49a92261dd77', 0.54, 0.24942, 0.02, 'a:1:{s:6:"0.0825";d:0.02062500000000000444089209850062616169452667236328125;}', 0.25, 0.02, 0.00, 0.00, 'USD', 'C', 1182824247, 1182824365, 'flex|STD|Standard Shipping under 25.00|0.270625', '', '10.1.1.1');
INSERT INTO `jos_vm_orders` VALUES (30, 89, 1, '96fe48123073157b8be05f5421de2ea3', '8b7989992ab99cee05e1aa2da07dc844', 30.27, 0.24942, 0.16, 'a:0:{}', 28.00, 0.00, 0.00, -2.00, 'USD', 'P', 1187000713, 1187000713, 'standard_shipping|DHL|World_1 &gt;  4kg|28.00|13', '', '67.71.94.156');
INSERT INTO `jos_vm_orders` VALUES (31, 89, 1, '7eebac031789b97c27d957d7b22ca1a3', '8b7989992ab99cee05e1aa2da07dc844', 84.00, 56.00000, 0.00, 'a:0:{}', 28.00, 0.00, 0.00, 0.00, 'USD', 'C', 1187427284, 1187427284, 'standard_shipping|DHL|World_1 &gt;  4kg|28.00|13', '', '67.71.94.156');

-- --------------------------------------------------------

-- 
-- Table structure for table `jos_vm_payment_method`
-- 

CREATE TABLE `jos_vm_payment_method` (
  `payment_method_id` int(11) NOT NULL auto_increment,
  `vendor_id` int(11) default NULL,
  `payment_method_name` varchar(255) default NULL,
  `payment_class` varchar(50) NOT NULL default '',
  `shopper_group_id` int(11) default NULL,
  `payment_method_discount` decimal(12,2) default NULL,
  `list_order` int(11) default NULL,
  `payment_method_code` varchar(8) default NULL,
  `enable_processor` char(1) default NULL,
  `is_creditcard` tinyint(1) NOT NULL default '0',
  `payment_enabled` char(1) NOT NULL default 'N',
  `accepted_creditcards` varchar(128) NOT NULL default '',
  `payment_extrainfo` text NOT NULL,
  `payment_passkey` blob NOT NULL,
  PRIMARY KEY  (`payment_method_id`),
  KEY `idx_payment_method_vendor_id` (`vendor_id`),
  KEY `idx_payment_method_name` (`payment_method_name`),
  KEY `idx_payment_method_list_order` (`list_order`),
  KEY `idx_payment_method_shopper_group_id` (`shopper_group_id`)
) ENGINE=MyISAM DEFAULT CHARSET=latin1 COMMENT='The payment methods of your store' AUTO_INCREMENT=19 ;

-- 
-- Dumping data for table `jos_vm_payment_method`
-- 

INSERT INTO `jos_vm_payment_method` VALUES (1, 1, 'Purchase Order', '', 6, 0.00, 4, 'PO', 'N', 0, 'Y', '', '', '');
INSERT INTO `jos_vm_payment_method` VALUES (2, 1, 'Cash On Delivery', '', 5, -2.00, 5, 'COD', 'N', 0, 'Y', '', '', '');
INSERT INTO `jos_vm_payment_method` VALUES (3, 1, 'Credit Card', 'ps_authorize', 5, 0.00, 0, 'AN', 'P', 0, 'N', '', '', '');
INSERT INTO `jos_vm_payment_method` VALUES (4, 1, 'PayPal', 'ps_paypal', 5, 0.00, 0, 'PP', 'P', 0, 'Y', '', '<?php\r\n$url = \\"https://www.paypal.com/cgi-bin/webscr\\";\r\n$tax_total = $db->f(\\"order_tax\\") + $db->f(\\"order_shipping_tax\\");\r\n$discount_total = $db->f(\\"coupon_discount\\") + $db->f(\\"order_discount\\");\r\n$post_variables = Array(\r\n\\"cmd\\" => \\"_xclick\\",\r\n\\"business\\" => PAYPAL_EMAIL,\r\n\\"receiver_email\\" => PAYPAL_EMAIL,\r\n\\"item_name\\" => $VM_LANG->_PHPSHOP_ORDER_PRINT_PO_NUMBER.\\": \\". $db->f(\\"order_id\\"),\r\n\\"order_id\\" => $db->f(\\"order_id\\"),\r\n\\"invoice\\" => $db->f(\\"order_number\\"),\r\n\\"amount\\" => round( $db->f(\\"order_subtotal\\")+$tax_total-$discount_total, 2),\r\n\\"shipping\\" => sprintf(\\"%.2f\\", $db->f(\\"order_shipping\\")),\r\n\\"currency_code\\" => $_SESSION[\\''vendor_currency\\''],\\"first_name\\" => $dbbt->f(\\''first_name\\''),\r\n\\"last_name\\" => $dbbt->f(\\''last_name\\''),\r\n\\"address_street\\" => $dbbt->f(\\''address_1\\''),\r\n\\"address_zip\\" => $dbbt->f(\\''zip\\''),\r\n\\"address_city\\" => $dbbt->f(\\''city\\''),\r\n\\"address_state\\" => $dbbt->f(\\''state\\''),\r\n\\"address_country\\" => $dbbt->f(\\''country\\''),\r\n\\"image_url\\" => $vendor_image_url,\r\n\\"return\\" => SECUREURL .\\"index.php?option=com_virtuemart&page=checkout.result&order_id=\\".$db->f(\\"order_id\\"),\r\n\\"notify_url\\" => SECUREURL .\\"administrator/components/com_virtuemart/notify.php\\",\r\n\\"cancel_return\\" => SECUREURL .\\"index.php\\",\r\n\\"undefined_quantity\\" => \\"0\\",\r\n\\"test_ipn\\" => PAYPAL_DEBUG,\r\n\\"pal\\" => \\"NRUBJXESJTY24\\",\r\n\\"no_shipping\\" => \\"1\\",\r\n\\"no_note\\" => \\"1\\"\r\n);\r\nif( $page == \\"checkout.thankyou\\" ) {\r\n$query_string = \\"?\\";\r\nforeach( $post_variables as $name => $value ) {\r\n$query_string .= $name. \\"=\\" . urlencode($value) .\\"&\\";\r\n}\r\nmosRedirect( $url . $query_string );\r\n} else {\r\n\r\necho \\''<form action=\\"\\''.$url.\\''\\" method=\\"post\\" target=\\"_blank\\">\\'';\r\necho \\''<input type=\\"image\\" name=\\"submit\\" src=\\"http://images.paypal.com/images/x-click-but6.gif\\" border=\\"0\\" alt=\\"Make payments with PayPal, it is fast, free, and secure!\\" />\\'';\r\n\r\nforeach( $post_variables as $name => $value ) {\r\necho \\''<input type=\\"hidden\\" name=\\"\\''.$name.\\''\\" value=\\"\\''.$value.\\''\\" />\\'';\r\n}\r\n\r\necho \\''</form>\\'';\r\n\r\n}\r\n?>', '');
INSERT INTO `jos_vm_payment_method` VALUES (5, 1, 'PayMate', 'ps_paymate', 5, 0.00, 0, 'PM', 'P', 0, 'N', '', '<script type="text/javascript" language="javascript">\n  function openExpress(){\n	var url = ''https://www.paymate.com.au/PayMate/ExpressPayment?mid=<?php echo PAYMATE_USERNAME.\n	  "&amt=".$db->f("order_total").\n	  "&currency=".$_SESSION[''vendor_currency''].\n	  "&ref=".$db->f("order_id").\n	  "&pmt_sender_email=".$user->email.\n	  "&pmt_contact_firstname=".$user->first_name.\n	  "&pmt_contact_surname=".$user->last_name.\n	  "&regindi_address1=".$user->address_1.\n	  "&regindi_address2=".$user->address_2.\n	  "&regindi_sub=".$user->city.\n	  "&regindi_pcode=".$user->zip;?>''\n	var newWin = window.open(url, ''wizard'', ''height=640,width=500,scrollbars=0,toolbar=no'');\n	self.name = ''parent'';\n	newWin.focus();\n  }\n  </script>\n  <div align="center">\n  <p>\n  <a href="javascript:openExpress();">\n  <img src="https://www.paymate.com.au/homepage/images/butt_PayNow.gif" border="0" alt="Pay with Paymate Express">\n  <br />click here to pay your account</a>\n  </p>\n  </div>', '');
INSERT INTO `jos_vm_payment_method` VALUES (6, 1, 'WorldPay', 'ps_worldpay', 5, 0.00, 0, 'WP', 'P', 0, 'N', '', '<form action="https://select.worldpay.com/wcc/purchase" method="post">\n						  <input type=hidden name="testMode" value="100"> \n						  <input type="hidden" name="instId" value="<?php echo WORLDPAY_INST_ID ?>" />\n						  <input type="hidden" name="cartId" value="<?php echo $db->f("order_id") ?>" />\n						  <input type="hidden" name="amount" value="<?php echo $db->f("order_total") ?>" />\n						  <input type="hidden" name="currency" value="<?php echo $_SESSION[''vendor_currency''] ?>" />\n						  <input type="hidden" name="desc" value="Products" />\n						  <input type="hidden" name="email" value="<?php echo $user->email?>" />\n						  <input type="hidden" name="address" value="<?php echo $user->address_1?>&#10<?php echo $user->address_2?>&#10<?php echo\n						  $user->city?>&#10<?php echo $user->state?>" />\n						  <input type="hidden" name="name" value="<?php echo $user->title?><?php echo $user->first_name?>. <?php echo $user->middle_name?><?php echo $user->last_name?>" />\n						  <input type="hidden" name="country" value="<?php echo $user->country?>"/>\n						  <input type="hidden" name="postcode" value="<?php echo $user->zip?>" />\n						  <input type="hidden" name="tel"  value="<?php echo $user->phone_1?>">\n						  <input type="hidden" name="withDelivery"  value="true">\n						  <br />\n						  <input type="submit" value ="PROCEED TO PAYMENT PAGE" />\n						  </form>', '');
INSERT INTO `jos_vm_payment_method` VALUES (7, 1, '2Checkout', 'ps_twocheckout', 5, 0.00, 0, '2CO', 'P', 0, 'N', '', '<?php\n	$q  = "SELECT * FROM #__users WHERE user_info_id=''".$db->f("user_info_id")."''"; \n	$dbbt = new ps_DB;\n	$dbbt->setQuery($q);\n	$dbbt->query();\n	$dbbt->next_record(); \n	// Get ship_to information\n	if( $db->f("user_info_id") != $dbbt->f("user_info_id")) {\n	  $q2  = "SELECT * FROM #__vm_user_info WHERE user_info_id=''".$db->f("user_info_id")."''"; \n	  $dbst = new ps_DB;\n	  $dbst->setQuery($q2);\n	  $dbst->query();\n	  $dbst->next_record();\n	}\n	else  {\n	  $dbst = $dbbt;\n	}\n			\n	//Authnet vars to send\n	$formdata = array (\n	 ''x_login'' => TWOCO_LOGIN,\n	 ''x_email_merchant'' => ((TWOCO_MERCHANT_EMAIL == ''True'') ? ''TRUE'' : ''FALSE''),\n			 \n	 // Customer Name and Billing Address\n	 ''x_first_name'' => $dbbt->f("first_name"),\n	 ''x_last_name'' => $dbbt->f("last_name"),\n	 ''x_company'' => $dbbt->f("company"),\n	 ''x_address'' => $dbbt->f("address_1"),\n	 ''x_city'' => $dbbt->f("city"),\n	 ''x_state'' => $dbbt->f("state"),\n	 ''x_zip'' => $dbbt->f("zip"),\n	 ''x_country'' => $dbbt->f("country"),\n	 ''x_phone'' => $dbbt->f("phone_1"),\n	 ''x_fax'' => $dbbt->f("fax"),\n	 ''x_email'' => $dbbt->f("email"),\n	\n	 // Customer Shipping Address\n	 ''x_ship_to_first_name'' => $dbst->f("first_name"),\n	 ''x_ship_to_last_name'' => $dbst->f("last_name"),\n	 ''x_ship_to_company'' => $dbst->f("company"),\n	 ''x_ship_to_address'' => $dbst->f("address_1"),\n	 ''x_ship_to_city'' => $dbst->f("city"),\n	 ''x_ship_to_state'' => $dbst->f("state"),\n	 ''x_ship_to_zip'' => $dbst->f("zip"),\n	 ''x_ship_to_country'' => $dbst->f("country"),\n	\n	 ''x_invoice_num'' => $db->f("order_number"),\n	 ''x_receipt_link_url'' => SECUREURL."2checkout_notify.php"\n	 );\n	 \n	if( TWOCO_TESTMODE == "Y" )\n	  $formdata[''demo''] = "Y";\n	\n	 $version = "2";\n	 $url = "https://www2.2checkout.com/2co/buyer/purchase";\n	 $formdata[''x_amount''] = number_format($db->f("order_total"), 2, ''.'', '''');\n	\n	 //build the post string\n	 $poststring = '''';\n	 foreach($formdata AS $key => $val){\n	   $poststring .= "<input type=''hidden'' name=''$key'' value=''$val'' />\n	";\n	 }\n	\n	?>\n	<form action="<?php echo $url ?>" method="post" target="_blank">\n	<?php echo $poststring ?>\n	<p>Click on the Image below to pay...</p>\n	<input type="image" name="submit" src="https://www.2checkout.com/images/buy_logo.gif" border="0" alt="Make payments with 2Checkout, it''s fast and secure!" title="Pay your Order with 2Checkout, it''s fast and secure!" />\n	</form>', '');
INSERT INTO `jos_vm_payment_method` VALUES (8, 1, 'NoChex', 'ps_nochex', 5, 0.00, 0, 'NOCHEX', 'P', 0, 'N', '', '<form action="https://www.nochex.com/nochex.dll/checkout" method=post target="_blank"> \n											<input type="hidden" name="email" value="<?php echo NOCHEX_EMAIL ?>" />\n											<input type="hidden" name="amount" value="<?php printf("%.2f", $db->f("order_total"))?>" />\n											<input type="hidden" name="ordernumber" value="<?php $db->p("order_id") ?>" />\n											<input type="hidden" name="logo" value="<?php echo $vendor_image_url ?>" />\n											<input type="hidden" name="returnurl" value="<?php echo SECUREURL ."index.php?option=com_virtuemart&amp;page=checkout.result&amp;order_id=".$db->f("order_id") ?>" />\n											<input type="image" name="submit" src="http://www.nochex.com/web/images/paymeanimated.gif"> \n											</form>', '');
INSERT INTO `jos_vm_payment_method` VALUES (9, 1, 'Credit Card (PayMeNow)', 'ps_paymenow', 5, 0.00, 0, 'PN', 'Y', 0, 'N', '1,2,3,', '', '');
INSERT INTO `jos_vm_payment_method` VALUES (10, 1, 'eWay', 'ps_eway', 5, 0.00, 0, 'EWAY', 'Y', 0, 'N', '', '', '');
INSERT INTO `jos_vm_payment_method` VALUES (11, 1, 'eCheck.net', 'ps_echeck', 5, 0.00, 0, 'ECK', 'B', 0, 'N', '', '', '');
INSERT INTO `jos_vm_payment_method` VALUES (12, 1, 'Credit Card (eProcessingNetwork)', 'ps_epn', 5, 0.00, 0, 'EPN', 'Y', 0, 'N', '1,2,3,', '', '');
INSERT INTO `jos_vm_payment_method` VALUES (13, 1, 'iKobo', '', 5, 0.00, 0, 'IK', 'P', 0, 'N', '', '<form action="https://www.iKobo.com/store/index.php" method="post"> \n  <input type="hidden" name="cmd" value="cart" />Click on the image below to Pay with iKobo\n  <input type="image" src="https://www.ikobo.com/merchant/buttons/ikobo_pay1.gif" name="submit" alt="Pay with iKobo" /> \n  <input type="hidden" name="poid" value="USER_ID" /> \n  <input type="hidden" name="item" value="Order: <?php $db->p("order_id") ?>" /> \n  <input type="hidden" name="price" value="<?php printf("%.2f", $db->f("order_total"))?>" /> \n  <input type="hidden" name="firstname" value="<?php echo $user->first_name?>" /> \n  <input type="hidden" name="lastname" value="<?php echo $user->last_name?>" /> \n  <input type="hidden" name="address" value="<?php echo $user->address_1?>&#10<?php echo $user->address_2?>" /> \n  <input type="hidden" name="city" value="<?php echo $user->city?>" /> \n  <input type="hidden" name="state" value="<?php echo $user->state?>" /> \n  <input type="hidden" name="zip" value="<?php echo $user->zip?>" /> \n  <input type="hidden" name="phone" value="<?php echo $user->phone_1?>" /> \n  <input type="hidden" name="email" value="<?php echo $user->email?>" /> \n  </form> >', '');
INSERT INTO `jos_vm_payment_method` VALUES (14, 1, 'iTransact', '', 5, 0.00, 0, 'ITR', 'P', 0, 'N', '', '<?php\n  //your iTransact account details\n  $vendorID = "XXXXX";\n  global $vendor_name;\n  $mername = $vendor_name;\n  \n  //order details\n  $total = $db->f("order_total");$first_name = $user->first_name;$last_name = $user->last_name;$address = $user->address_1;$city = $user->city;$state = $user->state;$zip = $user->zip;$country = $user->country;$email = $user->email;$phone = $user->phone_1;$home_page = $mosConfig_live_site."/index.php";$ret_addr = $mosConfig_live_site."/index.php";$cc_payment_image = $mosConfig_live_site."/components/com_virtuemart/shop_image/ps_image/cc_payment.jpg";\n  ?>\n  <form action="https://secure.paymentclearing.com/cgi-bin/mas/split.cgi" method="POST"> \n		<input type="hidden" name="vendor_id" value="<?php echo $vendorID; ?>" />\n		<input type="hidden" name="home_page" value="<?php echo $home_page; ?>" />\n		<input type="hidden" name="ret_addr" value="<?php echo $ret_addr; ?>" />\n		<input type="hidden" name="mername" value="<?php echo $mername; ?>" />\n		<!--Enter text in the next value that should appear on the bottom of the order form.-->\n		<INPUT type="hidden" name="mertext" value="" />\n		<!--If you are accepting checks, enter the number 1 in the next value.  Enter the number 0 if you are not accepting checks.-->\n		<INPUT type="hidden" name="acceptchecks" value="0" />\n		<!--Enter the number 1 in the next value if you want to allow pre-registered customers to pay with a check.  Enter the number 0 if not.-->\n		<INPUT type="hidden" name="allowreg" value="0" />\n		<!--If you are set up with Check Guarantee, enter the number 1 in the next value.  Enter the number 0 if not.-->\n		<INPUT type="hidden" name="checkguar" value="0" />\n		<!--Enter the number 1 in the next value if you are accepting credit card payments.  Enter the number zero if not.-->\n		<INPUT type="hidden" name="acceptcards" value="1">\n		<!--Enter the number 1 in the next value if you want to allow a separate mailing address for credit card orders.  Enter the number 0 if not.-->\n		<INPUT type="hidden" name="altaddr" value="0" />\n		<!--Enter the number 1 in the next value if you want the customer to enter the CVV number for card orders.  Enter the number 0 if not.-->\n		<INPUT type="hidden" name="showcvv" value="1" />\n		\n		<input type="hidden" name="1-desc" value="Order Total" />\n		<input type="hidden" name="1-cost" value="<?php echo $total; ?>" />\n		<input type="hidden" name="1-qty" value="1" />\n		<input type="hidden" name="total" value="<?php echo $total; ?>" />\n		<input type="hidden" name="first_name" value="<?php echo $first_name; ?>" />\n		<input type="hidden" name="last_name" value="<?php echo $last_name; ?>" />\n		<input type="hidden" name="address" value="<?php echo $address; ?>" />\n		<input type="hidden" name="city" value="<?php echo $city; ?>" />\n		<input type="hidden" name="state" value="<?php echo $state; ?>" />\n		<input type="hidden" name="zip" value="<?php echo $zip; ?>" />\n		<input type="hidden" name="country" value="<?php echo $country; ?>" />\n		<input type="hidden" name="phone" value="<?php echo $phone; ?>" />\n		<input type="hidden" name="email" value="<?php echo $email; ?>" />\n		<p><input type="image" alt="Process Secure Credit Card Transaction using iTransact" border="0" height="60" width="210" src="<?php echo $cc_payment_image; ?>" /> </p>\n		</form>', '');
INSERT INTO `jos_vm_payment_method` VALUES (15, 1, 'Dankort / PBS', 'ps_pbs', 5, 0.00, 0, 'PBS', 'P', 0, 'N', '', '', '');
INSERT INTO `jos_vm_payment_method` VALUES (16, 1, 'Verisign PayFlow Pro', 'ps_pfp', 5, 0.00, 0, 'PFP', 'Y', 0, 'Y', '1,2,6,7,', '', '');
INSERT INTO `jos_vm_payment_method` VALUES (18, 1, 'Credit Card', 'ps_paypal2', 5, 0.00, 0, 'CCPP', 'P', 0, 'Y', '', '<?php\r\n$url = \\"https://www.paypal.com/cgi-bin/webscr\\";\r\n$tax_total = $db->f(\\"order_tax\\") + $db->f(\\"order_shipping_tax\\");\r\n$post_variables = Array(\r\n    \\"cmd\\" => \\"_xclick\\",\r\n    \\"business\\" => PAYPAL_EMAIL,\r\n    \\"receiver_email\\" => PAYPAL_EMAIL,\r\n    \\"item_name\\" => $VM_LANG->_PHPSHOP_ORDER_PRINT_PO_NUMBER.\\": \\". $db->f(\\"order_id\\"),\r\n    \\"order_id\\" => $db->f(\\"order_id\\"),\r\n    \\"invoice\\" => $db->f(\\"order_number\\"),\r\n    \\"amount\\" => round( $db->f(\\"order_subtotal\\")+$tax_total, 2),\r\n    \\"shipping\\" => sprintf(\\"%.2f\\", $db->f(\\"order_shipping\\")),\r\n    \\"currency_code\\" => $_SESSION[\\''vendor_currency\\''],\r\n    \\"image_url\\" => $vendor_image_url,\r\n    \\"return\\" => SECUREURL .\\"index.php?option=com_virtuemart&page=checkout.result&order_id=\\".$db->f(\\"order_id\\"),\r\n    \\"notify_url\\" => SECUREURL .\\"administrator/components/com_virtuemart/notify.php\\",\r\n    \\"cancel_return\\" => SECUREURL .\\"index.php\\",\r\n    \\"undefined_quantity\\" => \\"0\\",\r\n    \\"test_ipn\\" => PAYPAL_DEBUG,\r\n    \\"pal\\" => \\"NRUBJXESJTY24\\",\r\n    \\"no_shipping\\" => \\"1\\",\r\n    \\"no_note\\" => \\"1\\"\r\n);\r\nif( $page == \\"checkout.thankyou\\" ) {\r\n    $query_string = \\"?\\";\r\n    foreach( $post_variables as $name => $value ) {\r\n        $query_string .= $name. \\"=\\" . urlencode($value) .\\"&\\";\r\n    }\r\n    mosRedirect( $url . $query_string );\r\n} \r\nelse {\r\n\r\n    echo \\''<form action=\\"\\''.$url.\\''\\" method=\\"post\\" target=\\"_blank\\">\\'';\r\n    echo \\''<input type=\\"image\\" name=\\"submit\\" src=\\"http://images.paypal.com/images/x-click-but6.gif\\" border=\\"0\\" alt=\\"Make payments with PayPal, it is fast, free, and secure!\\">\\'';\r\n\r\n    foreach( $post_variables as $name => $value ) {\r\n        echo \\''<input type=\\"hidden\\" name=\\"\\''.$name.\\''\\" value=\\"\\''.$value.\\''\\" />\\'';\r\n    }\r\n\r\n    echo \\''</form>\\'';\r\n\r\n}\r\n?>', '');

-- --------------------------------------------------------

-- 
-- Table structure for table `jos_vm_product`
-- 

CREATE TABLE `jos_vm_product` (
  `product_id` int(11) NOT NULL auto_increment,
  `vendor_id` int(11) NOT NULL default '0',
  `product_parent_id` int(11) NOT NULL default '0',
  `product_sku` varchar(64) NOT NULL default '',
  `product_s_desc` varchar(255) default NULL,
  `product_desc` text,
  `product_thumb_image` varchar(255) default NULL,
  `product_full_image` varchar(255) default NULL,
  `product_publish` char(1) default NULL,
  `product_weight` decimal(10,4) default NULL,
  `product_weight_uom` varchar(32) default 'pounds.',
  `product_length` decimal(10,4) default NULL,
  `product_width` decimal(10,4) default NULL,
  `product_height` decimal(10,4) default NULL,
  `product_lwh_uom` varchar(32) default 'inches',
  `product_url` varchar(255) default NULL,
  `product_in_stock` int(11) default NULL,
  `product_available_date` int(11) default NULL,
  `product_availability` varchar(56) NOT NULL default '',
  `product_special` char(1) default NULL,
  `product_discount_id` int(11) default NULL,
  `ship_code_id` int(11) default NULL,
  `cdate` int(11) default NULL,
  `mdate` int(11) default NULL,
  `product_name` varchar(64) default NULL,
  `product_sales` int(11) NOT NULL default '0',
  `attribute` text,
  `custom_attribute` text NOT NULL,
  `product_tax_id` tinyint(2) NOT NULL default '0',
  `product_unit` varchar(32) default NULL,
  `product_packaging` int(11) default NULL,
  PRIMARY KEY  (`product_id`),
  KEY `idx_product_vendor_id` (`vendor_id`),
  KEY `idx_product_product_parent_id` (`product_parent_id`),
  KEY `idx_product_sku` (`product_sku`),
  KEY `idx_product_ship_code_id` (`ship_code_id`),
  KEY `idx_product_name` (`product_name`)
) ENGINE=MyISAM DEFAULT CHARSET=latin1 COMMENT='All products are stored here.' AUTO_INCREMENT=39 ;

-- 
-- Dumping data for table `jos_vm_product`
-- 

INSERT INTO `jos_vm_product` VALUES (1, 1, 0, 'G01', '<p>A real nice tie for special occasions.</p>\r\n', '<ul>  <li>Hand crafted silk  </li><li>Three lengths to choose from</li></ul>', '85f024fce3fd269b1c56de10247b0f20.jpg', '05baeb0d0ab566228315bd3f5bbdd8bf.jpg', 'Y', 150.0000, 'grams', 0.0000, 0.0000, 0.0000, 'inches', '', 10, 1072846800, '48h.gif', 'Y', 1, NULL, 950320117, 1178642103, 'Tie', 0, 'Size,L[+0.10],M,S[-0.10]', '', 2, '', 0);
INSERT INTO `jos_vm_product` VALUES (2, 1, 0, 'G02', 'A really long ladder to reach high places.', '\r\n<ul>  <li>Hand crafted handle with maximum grip torque  </li><li>Titanium tipped shovel platter  </li><li>Half degree offset for less accidents  </li><li>Includes HowTo Video narrated by Bob Costas  </li></ul>    <b>Specifications</b><br>  5" Diameter<br>  Tungsten handle tip with 5 point loft<br>\r\n', 'ffd5d5ace2840232c8c32de59553cd8d.jpg', '8cb8d644ef299639b7eab25829d13dbc.jpg', 'N', 10.0000, 'pounds', 0.0000, 0.0000, 0.0000, 'inches', '', 76, 1072911600, '3-5d.gif', 'N', 0, NULL, 950320180, 1084907618, 'Ladder', 0, '', '', 2, '', 0);
INSERT INTO `jos_vm_product` VALUES (3, 1, 0, 'G03', 'Join our organization!  Get your membership online today!', '<ul>  <li>Membership card  </li><li>Lifetime benefits</li><li>Monthly newsletter  </li></ul>    <br /> ', 'ec40368231046b4bb9e8f1a74a991e6d.jpg', 'd783ae8f081fb431329c24b754a6e734.jpg', 'Y', 0.0000, 'pounds', 0.0000, 0.0000, 0.0000, 'inches', '', 32, 1072846800, '7d.gif', 'N', 0, NULL, 950320243, 1178642350, 'Membership', 0, 'Membership type,Family[+0.99],Single', '', 2, '', 0);
INSERT INTO `jos_vm_product` VALUES (4, 1, 0, 'G04', 'Buy tickets to our event online!', '<ul>  <li>Two tickets to our upcoming event.  </li><li>Buy online now!</li></ul>', '0ab15d43c9e3df52ac7aafd1ea5e53fe.jpg', '71b5bd6584aad153b56ecc17080f9f98.jpg', 'Y', 0.0000, 'pounds', 0.0000, 0.0000, 0.0000, 'inches', '', 98, 1088568000, 'on-order.gif', 'N', 0, NULL, 950320378, 1178642450, 'Event Tickets', 0, 'Tickets,non-member[+0.25],member', '', 2, '', 0);
INSERT INTO `jos_vm_product` VALUES (5, 1, 0, 'H01', 'A pin for your jacket or tie.', '<ul>  <li>Hand crafted metal  </li><li>Secure fastener  </li><li>A collectible!<br /></li></ul>    <br /> ', 'b68fafbdabfa29f888408b90ec755c8d.jpg', 'ff548a26f20ac674fd362a7c8acc72c0.jpg', 'Y', 100.0000, 'grams', 0.0000, 0.0000, 0.0000, 'inches', '', 24, 1072846800, '1-4w.gif', 'Y', 0, NULL, 950321256, 1178642222, 'Lapel Pin', 8, '', '', 2, '', 0);
INSERT INTO `jos_vm_product` VALUES (6, 1, 0, 'H02', 'A great mug for coffee!', '<ul>  <li>Hand crafted handle <br /></li><li>Porcelaine  </li><li>Machine Washable  </li></ul>    <strong>&nbsp;&nbsp;&nbsp; &nbsp;&nbsp;&nbsp; Specifications</strong><br />  &nbsp;&nbsp;&nbsp; &nbsp;&nbsp;&nbsp; 5&quot; Height<br />&nbsp;&nbsp;&nbsp; &nbsp;&nbsp;&nbsp; 3&quot; Diameter<br /> ', '5856651904f916202117848406ea8359.jpg', '2ed9674fd75f8ae277464c4a9a10ea7b.jpg', 'Y', 240.0000, 'grams', 0.0000, 0.0000, 0.0000, 'inches', '', 485, 1072846800, '24h.gif', 'N', 0, NULL, 950321631, 1178641952, 'Mug', 15, 'Size,big,medium,small;Material,wood and metal,plastic and metal[-0.99]', '', 2, '', 0);
INSERT INTO `jos_vm_product` VALUES (7, 1, 0, 'P01', 'Don''t do it with an axe.  Get a chain saw.', '<ul>  <li>Tool-free tensioner for easy, convenient chain adjustment  </li><li>3-Way Auto Stop; stops chain a fraction of a second  </li><li>Automatic chain oiler regulates oil for proper chain lubrication  </li><li>Small radius guide bar reduces kick-back  </li></ul>  <br />  <strong>Specifications</strong><br />  12.5 AMPS   <br />   16&quot; Bar Length   <br />   3.5 HP   <br />   8.05 LBS. Weight   <br /> ', '8716aefc3b0dce8870360604e6eb8744.jpg', 'c3a5bf074da14f30c849d13a2dd87d2c.jpg', 'Y', 10.0000, 'pounds', 0.0000, 0.0000, 0.0000, 'inches', '', 35, 1088568000, '48h.gif', 'N', 0, NULL, 950321725, 1177350285, 'Chain Saw', 10, '', '', 2, '', 0);
INSERT INTO `jos_vm_product` VALUES (8, 1, 0, 'P02', 'Cut rings around wood.  This saw can handle the most delicate projects.', '\r\n<ul>  <li>Patented Sightline; Window provides maximum visibility for straight cuts  </li><li>Adjustable dust chute for cleaner work area  </li><li>Bail handle for controlled cutting in 90 to 45 applications  </li><li>1-1/2 to 2-1/2 lbs. lighter and 40% less noise than the average circular saw                     </li><li><b>Includes:</b>Carbide blade  </li></ul>  <br>  <b>Specifications</b><br>  10.0 AMPS   <br>   4,300 RPM   <br>   Capacity: 2-1/16" at 90, 1-3/4" at 45<br>\r\n', 'b4a748303d0d996b29d5a1e1d1112537.jpg', '9a4448bb13e2f7699613b2cfd7cd51ad.jpg', 'Y', 10.0000, 'pounds', 0.0000, 0.0000, 0.0000, 'inches', '', 30, 1072911600, '3-5d.gif', 'Y', 1, NULL, 950321795, 1084907537, 'Circular Saw', 3, 'Size,XL[+1],M,S[-2];Power,strong,middle,poor[=24]', '', 2, '', 0);
INSERT INTO `jos_vm_product` VALUES (9, 1, 0, 'P03', 'Drill through anything.  This drill has the power you need for those demanding hole boring duties.', '\r\n<font color="#000000" size="3"><ul><li>High power motor and double gear reduction for increased durability and improved performance  </li><li>Mid-handle design and two finger trigger for increased balance and comfort  </li><li>Variable speed switch with lock-on button for continuous use  </li><li><b>Includes:</b> Chuck key &amp; holder  </li></ul>  <br>  <b>Specifications</b><br>  4.0 AMPS   <br>   0-1,350 RPM   <br>   Capacity: 3/8" Steel, 1" Wood   <br><br>  </font>\r\n', 'c70a3f47baf9a4020aeeee919eb3fda4.jpg', '1ff5f2527907ca86103288e1b7cc3446.jpg', 'Y', 10.0000, 'pounds', 0.0000, 0.0000, 0.0000, 'inches', '', 2, 1072911600, '2-3d.gif', 'N', 0, NULL, 950321879, 1084907557, 'Drill', 1, '', '', 2, '', 0);
INSERT INTO `jos_vm_product` VALUES (10, 1, 0, 'P04', 'Blast away that paint job from the past.  Use this power sander to really show them you mean business.', '\r\n<ul>  <li>Lever activated paper clamps for simple sandpaper changes  </li><li>Dust sealed rocker switch extends product life and keeps dust out of motor  </li><li>Flush sands on three sides to get into corners  </li><li>Front handle for extra control  </li><li>Dust extraction port for cleaner work environment   </li></ul>  <br>  <b>Specifications</b><br>  1.2 AMPS    <br>   10,000 OPM    <br>\r\n', '7a36a05526e93964a086f2ddf17fc609.jpg', '480655b410d98a5cc3bef3927e786866.jpg', 'Y', 10.0000, 'pounds', 0.0000, 0.0000, 0.0000, 'inches', '', 1, 1072911600, '1-2m.gif', 'N', 2, NULL, 950321963, 1084907719, 'Power Sander', 1, 'Size,big,medium,small;Power,100W,200W,300W', '', 2, '', 0);
INSERT INTO `jos_vm_product` VALUES (14, 1, 2, 'L01', '', '', '', '', 'Y', 10.0000, 'pounds', 0.0000, 0.0000, 0.0000, 'inches', '', 22, 1072911600, '', 'N', 0, NULL, 962351149, 1084902820, 'Metal Ladder', 0, NULL, '', 2, '', 0);
INSERT INTO `jos_vm_product` VALUES (15, 1, 2, 'L02', '', '', '', '', 'Y', 10.0000, 'pounds', 0.0000, 0.0000, 0.0000, 'inches', '', 0, 0, '', '', 0, NULL, 962351165, 962351165, 'Wooden Ladder', 0, NULL, '', 0, '', 0);
INSERT INTO `jos_vm_product` VALUES (16, 1, 2, 'L03', '', '', '', '', 'Y', 10.0000, 'pounds', 0.0000, 0.0000, 0.0000, 'inches', '', 0, 0, '', '', 0, NULL, 962351180, 962351180, 'Plastic Ladder', 0, NULL, '', 0, '', 0);
INSERT INTO `jos_vm_product` VALUES (17, 1, 0, 'S01', 'jig saw', 'Jig saw', NULL, NULL, 'y', 0.0000, 'grams', 0.0000, NULL, NULL, 'inches', NULL, NULL, NULL, '48h.gif', NULL, 1, NULL, NULL, NULL, NULL, 0, NULL, '', 1, NULL, NULL);
INSERT INTO `jos_vm_product` VALUES (18, 1, 0, 'ST01', 'table Sqw', 'Tablew saw', NULL, NULL, 'y', 0.0000, 'grams', 0.0000, NULL, NULL, 'inches', NULL, NULL, NULL, '24h.gif', 'Y', 2, NULL, 1187229873, 1187229873, 'table Sqw', 0, NULL, '', 9, NULL, NULL);
INSERT INTO `jos_vm_product` VALUES (19, 1, 0, 'ETY', 'ETU', 'etu vw 78-90', NULL, NULL, 'y', 0.0000, 'grams', 7.0000, NULL, NULL, 'inches', NULL, NULL, NULL, '24h.gif', '1', NULL, NULL, 1187409759, 1187409759, 'ETU', 0, NULL, '', 1, NULL, NULL);
INSERT INTO `jos_vm_product` VALUES (20, 1, 0, 'EMI', 'emi u', 'wemrn', NULL, NULL, 'y', 0.0000, 'grams', 4.0000, NULL, NULL, 'inches', NULL, NULL, NULL, '24h.gif', '1', NULL, NULL, 1187409917, 1187409917, 'emi u', 0, NULL, '', 1, NULL, NULL);
INSERT INTO `jos_vm_product` VALUES (21, 1, 0, 'JRTUY9', 'hjrj0', 'jodrfhjo', NULL, NULL, 'y', 053.0000, 'grams', 31.0000, NULL, NULL, 'inches', NULL, NULL, NULL, '24h.gif', '1', NULL, NULL, 1187409995, 1187409995, 'hjrj0', 0, NULL, '', 1, NULL, NULL);
INSERT INTO `jos_vm_product` VALUES (22, 1, 0, 'RN', 'renhj', 'beh', NULL, NULL, 'y', 0.0000, 'grams', 5.0000, NULL, NULL, 'inches', NULL, NULL, NULL, '24h.gif', '1', NULL, NULL, 1187410144, 1187410144, 'renhj', 0, NULL, '', 1, NULL, NULL);
INSERT INTO `jos_vm_product` VALUES (23, 1, 0, 'VW1', 'Goft tdi', 'testr', NULL, NULL, 'y', 0.0000, 'grams', 5.0000, NULL, NULL, 'inches', NULL, NULL, NULL, '24h.gif', '1', NULL, NULL, 1187410294, 1187410294, 'Goft tdi', 0, NULL, '', 1, NULL, NULL);
INSERT INTO `jos_vm_product` VALUES (24, 1, 0, 'VW2', 'Vw Rabbit', '4587', NULL, NULL, 'y', 2.0000, 'grams', 48.0000, NULL, NULL, 'inches', NULL, NULL, NULL, '24h.gif', '1', NULL, NULL, 1187410491, 1187410491, 'Vw Rabbit', 0, NULL, '', 1, NULL, NULL);
INSERT INTO `jos_vm_product` VALUES (25, 1, 0, 'VW004', 'RAbIT', 'TRAN', NULL, NULL, 'y', 0.0000, 'grams', 0.0000, NULL, NULL, 'inches', NULL, NULL, NULL, '24h.gif', '1', NULL, NULL, 1187410599, 1187410599, 'RAbIT', 1, NULL, '', 1, NULL, NULL);
INSERT INTO `jos_vm_product` VALUES (26, 1, 0, 'TEST42', 'test', 'TESTY', NULL, '/TEST42.jpg', 'y', 0.0000, 'grams', 2.0000, NULL, NULL, 'inches', NULL, NULL, NULL, '24h.gif', '1', NULL, NULL, 1187460802, 1187460802, 'test', 0, NULL, '', 1, NULL, NULL);
INSERT INTO `jos_vm_product` VALUES (27, 1, 0, 'VOLKS-TDI', 'tdi goft', 'tfrest ', NULL, '/VOLKS-TDI.jpg', 'y', 0.0000, 'grams', 0.0000, NULL, NULL, 'inches', NULL, NULL, NULL, '24h.gif', '1', NULL, NULL, 1187472600, 1187472600, 'tdi goft', 0, NULL, '', 1, NULL, NULL);
INSERT INTO `jos_vm_product` VALUES (28, 1, 0, 'TEST-131', 'test', 'test', NULL, '/TEST-131.jpg', 'y', 2.0000, 'grams', 0.0000, NULL, NULL, 'inches', NULL, NULL, NULL, '24h.gif', '1', NULL, NULL, 1187472663, 1187472663, 'test', 0, NULL, '', 1, NULL, NULL);
INSERT INTO `jos_vm_product` VALUES (29, 1, 0, 'TEST-132', 'test  579', 'tesrt 131', NULL, '/TEST-132.jpg', 'y', 0.0000, 'grams', 0.0000, NULL, NULL, 'inches', NULL, NULL, NULL, '24h.gif', '1', NULL, NULL, 1187478836, 1187478836, 'test', 0, NULL, '', 1, NULL, NULL);
INSERT INTO `jos_vm_product` VALUES (30, 1, 0, 'GOLFTDI', 'Golf TDI', 'golf\r\n', NULL, '/GOLFTDI.jpg', 'y', 0.0000, 'grams', 8.0000, NULL, NULL, 'inches', NULL, NULL, NULL, '24h.gif', '1', NULL, NULL, 1187480536, 1187480536, 'Golf TDI', 0, NULL, '', 1, NULL, NULL);
INSERT INTO `jos_vm_product` VALUES (31, 1, 0, 'TEST-135', 'text GTI edit k test \r\n', 'vw volks', '/TEST-135.jpg', '/TEST-135.jpg', 'y', 0.0000, 'grams', 0.0000, NULL, NULL, 'inches', NULL, NULL, NULL, '24h.gif', '1', NULL, NULL, 1187490669, 1187562326, 'text GTI edit k test \r\n', 0, NULL, '', 1, NULL, NULL);
INSERT INTO `jos_vm_product` VALUES (32, 1, 0, 'TEST-137', 'vw volks Rabbit', '1981 Vw Turbo Desel rabbit', NULL, '', 'y', 0.0000, 'grams', 0.0000, NULL, NULL, 'inches', NULL, NULL, NULL, '24h.gif', '1', NULL, NULL, 1187562468, 1187562468, 'vw volks Rabbit', 0, NULL, '', 1, NULL, NULL);
INSERT INTO `jos_vm_product` VALUES (34, 1, 0, 'VW-001-01', 'Vw Rabbit', '1977 Red Volkswagen Rabbit Desel', NULL, '/VW-001-01.jpg', 'y', 0.0000, 'grams', 0.0000, NULL, NULL, 'inches', NULL, NULL, NULL, '24h.gif', '1', NULL, NULL, 1187565015, 1187565015, 'Vw Rabbit', 0, NULL, '', 1, NULL, NULL);
INSERT INTO `jos_vm_product` VALUES (36, 1, 0, 'VW-001-03', 'Vw Rabbit', '1977 Rabbit Mint Condition Lady Driver ', '/VW-001-03.jpg', '/VW-001-03.jpg', 'y', 0.0000, 'grams', 0.0000, NULL, NULL, 'inches', NULL, NULL, NULL, '24h.gif', '1', NULL, NULL, 1187566441, 1187566441, 'Vw Rabbit', 0, NULL, '', 1, NULL, NULL);
INSERT INTO `jos_vm_product` VALUES (37, 1, 0, 'TURBO', 'Turbo Charger', 'Turbo', '/TURBO.jpg', '/TURBO.jpg', 'y', 0.0000, 'grams', 0.0000, NULL, NULL, 'inches', NULL, NULL, NULL, '24h.gif', '1', NULL, NULL, 1187585165, 1187585322, 'Turbo Charger', 0, NULL, '', 1, NULL, NULL);
INSERT INTO `jos_vm_product` VALUES (38, 1, 0, 'TURBO-TEST', 'Turbo', 'Turbo', '/TURBO-TEST.jpg', '/TURBO-TEST.jpg', 'y', 0.0000, 'grams', 21.0000, NULL, NULL, 'inches', NULL, NULL, NULL, '24h.gif', '1', NULL, NULL, 1187585970, 1187585970, 'Turbo', 0, NULL, '', 1, NULL, NULL);

-- --------------------------------------------------------

-- 
-- Table structure for table `jos_vm_product_attribute`
-- 

CREATE TABLE `jos_vm_product_attribute` (
  `product_id` int(11) NOT NULL default '0',
  `attribute_name` char(255) NOT NULL default '',
  `attribute_value` char(255) NOT NULL default '',
  KEY `idx_product_attribute_product_id` (`product_id`),
  KEY `idx_product_attribute_name` (`attribute_name`)
) ENGINE=MyISAM DEFAULT CHARSET=latin1 COMMENT='Stores attributes + their specific values for Child Products';

-- 
-- Dumping data for table `jos_vm_product_attribute`
-- 

INSERT INTO `jos_vm_product_attribute` VALUES (14, 'Material', 'Metal');
INSERT INTO `jos_vm_product_attribute` VALUES (15, 'Material', 'Wood');
INSERT INTO `jos_vm_product_attribute` VALUES (16, 'Material', 'Plastic');

-- --------------------------------------------------------

-- 
-- Table structure for table `jos_vm_product_attribute_sku`
-- 

CREATE TABLE `jos_vm_product_attribute_sku` (
  `product_id` int(11) NOT NULL default '0',
  `attribute_name` char(255) NOT NULL default '',
  `attribute_list` int(11) NOT NULL default '0',
  KEY `idx_product_attribute_sku_product_id` (`product_id`),
  KEY `idx_product_attribute_sku_attribute_name` (`attribute_name`),
  KEY `idx_product_attribute_list` (`attribute_list`)
) ENGINE=MyISAM DEFAULT CHARSET=latin1 COMMENT='Attributes for a Parent Product used by its Child Products';

-- 
-- Dumping data for table `jos_vm_product_attribute_sku`
-- 

INSERT INTO `jos_vm_product_attribute_sku` VALUES (1, 'Color', 1);
INSERT INTO `jos_vm_product_attribute_sku` VALUES (1, 'Size', 2);
INSERT INTO `jos_vm_product_attribute_sku` VALUES (2, 'Material', 1);

-- --------------------------------------------------------

-- 
-- Table structure for table `jos_vm_product_category_xref`
-- 

CREATE TABLE `jos_vm_product_category_xref` (
  `category_id` int(11) NOT NULL default '0',
  `product_id` int(11) NOT NULL default '0',
  `product_list` int(11) default NULL,
  KEY `idx_product_category_xref_category_id` (`category_id`),
  KEY `idx_product_category_xref_product_id` (`product_id`),
  KEY `idx_product_category_xref_product_list` (`product_list`)
) ENGINE=MyISAM DEFAULT CHARSET=latin1 COMMENT='Maps Products to Categories';

-- 
-- Dumping data for table `jos_vm_product_category_xref`
-- 

INSERT INTO `jos_vm_product_category_xref` VALUES (1, 1, NULL);
INSERT INTO `jos_vm_product_category_xref` VALUES (3, 2, NULL);
INSERT INTO `jos_vm_product_category_xref` VALUES (3, 3, NULL);
INSERT INTO `jos_vm_product_category_xref` VALUES (3, 4, NULL);
INSERT INTO `jos_vm_product_category_xref` VALUES (1, 5, NULL);
INSERT INTO `jos_vm_product_category_xref` VALUES (1, 6, NULL);
INSERT INTO `jos_vm_product_category_xref` VALUES (4, 7, NULL);
INSERT INTO `jos_vm_product_category_xref` VALUES (2, 8, NULL);
INSERT INTO `jos_vm_product_category_xref` VALUES (5, 9, NULL);
INSERT INTO `jos_vm_product_category_xref` VALUES (2, 10, NULL);
INSERT INTO `jos_vm_product_category_xref` VALUES (2, 1, 1);
INSERT INTO `jos_vm_product_category_xref` VALUES (2, 18, NULL);
INSERT INTO `jos_vm_product_category_xref` VALUES (23, 25, NULL);
INSERT INTO `jos_vm_product_category_xref` VALUES (23, 29, NULL);
INSERT INTO `jos_vm_product_category_xref` VALUES (23, 30, NULL);
INSERT INTO `jos_vm_product_category_xref` VALUES (23, 31, NULL);
INSERT INTO `jos_vm_product_category_xref` VALUES (23, 32, NULL);
INSERT INTO `jos_vm_product_category_xref` VALUES (23, 33, NULL);
INSERT INTO `jos_vm_product_category_xref` VALUES (23, 35, NULL);
INSERT INTO `jos_vm_product_category_xref` VALUES (23, 36, NULL);
INSERT INTO `jos_vm_product_category_xref` VALUES (27, 37, NULL);
INSERT INTO `jos_vm_product_category_xref` VALUES (23, 38, NULL);

-- --------------------------------------------------------

-- 
-- Table structure for table `jos_vm_product_discount`
-- 

CREATE TABLE `jos_vm_product_discount` (
  `discount_id` int(11) NOT NULL auto_increment,
  `amount` decimal(12,2) NOT NULL default '0.00',
  `is_percent` tinyint(1) NOT NULL default '0',
  `start_date` int(11) NOT NULL default '0',
  `end_date` int(11) NOT NULL default '0',
  PRIMARY KEY  (`discount_id`)
) ENGINE=MyISAM DEFAULT CHARSET=latin1 COMMENT='Discounts that can be assigned to products' AUTO_INCREMENT=3 ;

-- 
-- Dumping data for table `jos_vm_product_discount`
-- 

INSERT INTO `jos_vm_product_discount` VALUES (1, 20.00, 1, 1097704800, 1194390000);
INSERT INTO `jos_vm_product_discount` VALUES (2, 2.00, 0, 1098655200, 0);

-- --------------------------------------------------------

-- 
-- Table structure for table `jos_vm_product_download`
-- 

CREATE TABLE `jos_vm_product_download` (
  `product_id` int(11) NOT NULL default '0',
  `user_id` int(11) NOT NULL default '0',
  `order_id` int(11) NOT NULL default '0',
  `end_date` int(11) NOT NULL default '0',
  `download_max` int(11) NOT NULL default '0',
  `download_id` varchar(32) NOT NULL default '',
  `file_name` varchar(255) NOT NULL default '',
  PRIMARY KEY  (`download_id`)
) ENGINE=MyISAM DEFAULT CHARSET=latin1 COMMENT='Active downloads for selling downloadable goods';

-- 
-- Dumping data for table `jos_vm_product_download`
-- 


-- --------------------------------------------------------

-- 
-- Table structure for table `jos_vm_product_files`
-- 

CREATE TABLE `jos_vm_product_files` (
  `file_id` int(19) NOT NULL auto_increment,
  `file_product_id` int(11) NOT NULL default '0',
  `file_name` varchar(128) NOT NULL default '',
  `file_title` varchar(128) NOT NULL default '',
  `file_description` mediumtext NOT NULL,
  `file_extension` varchar(128) NOT NULL default '',
  `file_mimetype` varchar(64) NOT NULL default '',
  `file_url` varchar(254) NOT NULL default '',
  `file_published` tinyint(1) NOT NULL default '0',
  `file_is_image` tinyint(1) NOT NULL default '0',
  `file_image_height` int(11) NOT NULL default '0',
  `file_image_width` int(11) NOT NULL default '0',
  `file_image_thumb_height` int(11) NOT NULL default '50',
  `file_image_thumb_width` int(11) NOT NULL default '0',
  PRIMARY KEY  (`file_id`)
) ENGINE=MyISAM DEFAULT CHARSET=latin1 COMMENT='Additional Images and Files which are assigned to products' AUTO_INCREMENT=1 ;

-- 
-- Dumping data for table `jos_vm_product_files`
-- 


-- --------------------------------------------------------

-- 
-- Table structure for table `jos_vm_product_mf_xref`
-- 

CREATE TABLE `jos_vm_product_mf_xref` (
  `product_id` int(11) default NULL,
  `manufacturer_id` int(11) default NULL,
  KEY `idx_product_mf_xref_product_id` (`product_id`),
  KEY `idx_product_mf_xref_manufacturer_id` (`manufacturer_id`)
) ENGINE=MyISAM DEFAULT CHARSET=latin1 COMMENT='Maps a product to a manufacturer';

-- 
-- Dumping data for table `jos_vm_product_mf_xref`
-- 

INSERT INTO `jos_vm_product_mf_xref` VALUES (1, 1);
INSERT INTO `jos_vm_product_mf_xref` VALUES (2, 1);
INSERT INTO `jos_vm_product_mf_xref` VALUES (3, 1);
INSERT INTO `jos_vm_product_mf_xref` VALUES (4, 1);
INSERT INTO `jos_vm_product_mf_xref` VALUES (5, 1);
INSERT INTO `jos_vm_product_mf_xref` VALUES (6, 1);
INSERT INTO `jos_vm_product_mf_xref` VALUES (7, 1);
INSERT INTO `jos_vm_product_mf_xref` VALUES (8, 1);
INSERT INTO `jos_vm_product_mf_xref` VALUES (9, 1);
INSERT INTO `jos_vm_product_mf_xref` VALUES (10, 1);
INSERT INTO `jos_vm_product_mf_xref` VALUES (14, 1);
INSERT INTO `jos_vm_product_mf_xref` VALUES (15, 1);
INSERT INTO `jos_vm_product_mf_xref` VALUES (16, 1);

-- --------------------------------------------------------

-- 
-- Table structure for table `jos_vm_product_price`
-- 

CREATE TABLE `jos_vm_product_price` (
  `product_price_id` int(11) NOT NULL auto_increment,
  `product_id` int(11) NOT NULL default '0',
  `product_price` decimal(12,5) default NULL,
  `product_currency` char(16) default NULL,
  `product_price_vdate` int(11) default NULL,
  `product_price_edate` int(11) default NULL,
  `cdate` int(11) default NULL,
  `mdate` int(11) default NULL,
  `shopper_group_id` int(11) default NULL,
  `price_quantity_start` int(11) unsigned NOT NULL default '0',
  `price_quantity_end` int(11) unsigned NOT NULL default '0',
  PRIMARY KEY  (`product_price_id`),
  KEY `idx_product_price_product_id` (`product_id`),
  KEY `idx_product_price_shopper_group_id` (`shopper_group_id`)
) ENGINE=MyISAM DEFAULT CHARSET=latin1 COMMENT='Holds price records for a product' AUTO_INCREMENT=30 ;

-- 
-- Dumping data for table `jos_vm_product_price`
-- 

INSERT INTO `jos_vm_product_price` VALUES (1, 5, 0.25000, 'CAD', 0, 0, 950321309, 1178642222, 5, 0, 0);
INSERT INTO `jos_vm_product_price` VALUES (2, 1, 0.75000, 'CAD', 0, 0, 950321324, 1178642103, 5, 0, 0);
INSERT INTO `jos_vm_product_price` VALUES (3, 2, 49.99000, 'USD', 0, 0, 950321340, 950321340, 5, 0, 0);
INSERT INTO `jos_vm_product_price` VALUES (4, 3, 1.00000, 'CAD', 0, 0, 950321368, 1178642350, 5, 0, 0);
INSERT INTO `jos_vm_product_price` VALUES (5, 4, 0.25000, 'CAD', 0, 0, 950321385, 1178642450, 5, 0, 0);
INSERT INTO `jos_vm_product_price` VALUES (6, 6, 0.25000, 'USD', 0, 0, 950321686, 1178641952, 5, 0, 0);
INSERT INTO `jos_vm_product_price` VALUES (7, 7, 0.25000, 'USD', 0, 0, 950321754, 1177350285, 5, 0, 0);
INSERT INTO `jos_vm_product_price` VALUES (8, 8, 220.90000, 'USD', 0, 0, 950321833, 955614388, 5, 0, 0);
INSERT INTO `jos_vm_product_price` VALUES (9, 9, 48.12000, 'USD', 0, 0, 950321933, 950321933, 5, 0, 0);
INSERT INTO `jos_vm_product_price` VALUES (10, 10, 74.99000, 'USD', 0, 0, 950322005, 950322005, 5, 0, 0);
INSERT INTO `jos_vm_product_price` VALUES (11, 1, 2.99000, 'USD', 0, 0, 955626841, 955626841, 6, 0, 0);
INSERT INTO `jos_vm_product_price` VALUES (13, 14, 79.99000, 'USD', 0, 0, 962351197, 962351271, 5, 0, 0);
INSERT INTO `jos_vm_product_price` VALUES (14, 15, 49.99000, 'USD', 0, 0, 962351233, 962351233, 5, 0, 0);
INSERT INTO `jos_vm_product_price` VALUES (15, 16, 59.99000, 'USD', 0, 0, 962351259, 962351259, 5, 0, 0);
INSERT INTO `jos_vm_product_price` VALUES (16, 7, 2.99000, 'USD', 0, 0, 966589140, 966589140, 6, 0, 0);
INSERT INTO `jos_vm_product_price` VALUES (17, 0, 56.00000, 'CDN', 0, 0, 1187234857, 1187234857, 5, 0, 0);
INSERT INTO `jos_vm_product_price` VALUES (18, 0, 1500.00000, 'CDN', 0, 0, 1187568263, 1187568263, 5, 0, 0);
INSERT INTO `jos_vm_product_price` VALUES (19, 0, 27.00000, 'CDN', 0, 0, 1187568451, 1187568451, 5, 0, 0);
INSERT INTO `jos_vm_product_price` VALUES (20, 0, 2700.00000, 'CDN', 0, 0, 1187568599, 1187568599, 5, 0, 0);
INSERT INTO `jos_vm_product_price` VALUES (29, 38, 400.00000, 'CDN', 0, 0, 1187586159, 1187586159, 5, 0, 0);
INSERT INTO `jos_vm_product_price` VALUES (28, 36, 36.00000, 'CDN', 0, 0, 1187578307, 1187578307, 5, 0, 0);

-- --------------------------------------------------------

-- 
-- Table structure for table `jos_vm_product_product_type_xref`
-- 

CREATE TABLE `jos_vm_product_product_type_xref` (
  `product_id` int(11) NOT NULL default '0',
  `product_type_id` int(11) NOT NULL default '0',
  KEY `idx_product_product_type_xref_product_id` (`product_id`),
  KEY `idx_product_product_type_xref_product_type_id` (`product_type_id`)
) ENGINE=MyISAM DEFAULT CHARSET=latin1 COMMENT='Maps products to a product type';

-- 
-- Dumping data for table `jos_vm_product_product_type_xref`
-- 


-- --------------------------------------------------------

-- 
-- Table structure for table `jos_vm_product_relations`
-- 

CREATE TABLE `jos_vm_product_relations` (
  `product_id` int(11) NOT NULL default '0',
  `related_products` text,
  PRIMARY KEY  (`product_id`)
) ENGINE=MyISAM DEFAULT CHARSET=latin1;

-- 
-- Dumping data for table `jos_vm_product_relations`
-- 

INSERT INTO `jos_vm_product_relations` VALUES (5, '1');
INSERT INTO `jos_vm_product_relations` VALUES (4, '3');

-- --------------------------------------------------------

-- 
-- Table structure for table `jos_vm_product_reviews`
-- 

CREATE TABLE `jos_vm_product_reviews` (
  `product_id` varchar(255) NOT NULL default '',
  `comment` text NOT NULL,
  `userid` int(11) NOT NULL default '0',
  `time` int(11) NOT NULL default '0',
  `user_rating` tinyint(1) NOT NULL default '0',
  `review_ok` int(11) NOT NULL default '0',
  `review_votes` int(11) NOT NULL default '0'
) ENGINE=MyISAM DEFAULT CHARSET=latin1;

-- 
-- Dumping data for table `jos_vm_product_reviews`
-- 


-- --------------------------------------------------------

-- 
-- Table structure for table `jos_vm_product_type`
-- 

CREATE TABLE `jos_vm_product_type` (
  `product_type_id` int(11) NOT NULL auto_increment,
  `product_type_name` varchar(255) NOT NULL default '',
  `product_type_description` text,
  `product_type_publish` char(1) default NULL,
  `product_type_browsepage` varchar(255) default NULL,
  `product_type_flypage` varchar(255) default NULL,
  `product_type_list_order` int(11) default NULL,
  PRIMARY KEY  (`product_type_id`)
) ENGINE=MyISAM DEFAULT CHARSET=latin1 AUTO_INCREMENT=1 ;

-- 
-- Dumping data for table `jos_vm_product_type`
-- 


-- --------------------------------------------------------

-- 
-- Table structure for table `jos_vm_product_type_parameter`
-- 

CREATE TABLE `jos_vm_product_type_parameter` (
  `product_type_id` int(11) NOT NULL default '0',
  `parameter_name` varchar(255) NOT NULL default '',
  `parameter_label` varchar(255) NOT NULL default '',
  `parameter_description` text,
  `parameter_list_order` int(11) NOT NULL default '0',
  `parameter_type` char(1) NOT NULL default 'T',
  `parameter_values` varchar(255) default NULL,
  `parameter_multiselect` char(1) default NULL,
  `parameter_default` varchar(255) default NULL,
  `parameter_unit` varchar(32) default NULL,
  PRIMARY KEY  (`product_type_id`,`parameter_name`),
  KEY `idx_product_type_parameter_product_type_id` (`product_type_id`),
  KEY `idx_product_type_parameter_parameter_order` (`parameter_list_order`)
) ENGINE=MyISAM DEFAULT CHARSET=latin1 COMMENT='Parameters which are part of a product type';

-- 
-- Dumping data for table `jos_vm_product_type_parameter`
-- 


-- --------------------------------------------------------

-- 
-- Table structure for table `jos_vm_product_votes`
-- 

CREATE TABLE `jos_vm_product_votes` (
  `product_id` int(255) NOT NULL default '0',
  `votes` text NOT NULL,
  `allvotes` int(11) NOT NULL default '0',
  `rating` tinyint(1) NOT NULL default '0',
  `lastip` varchar(50) NOT NULL default '0'
) ENGINE=MyISAM DEFAULT CHARSET=latin1 COMMENT='Stores all votes for a product';

-- 
-- Dumping data for table `jos_vm_product_votes`
-- 


-- --------------------------------------------------------

-- 
-- Table structure for table `jos_vm_shipping_carrier`
-- 

CREATE TABLE `jos_vm_shipping_carrier` (
  `shipping_carrier_id` int(11) NOT NULL auto_increment,
  `shipping_carrier_name` char(80) NOT NULL default '',
  `shipping_carrier_list_order` int(11) NOT NULL default '0',
  PRIMARY KEY  (`shipping_carrier_id`)
) ENGINE=MyISAM DEFAULT CHARSET=latin1 COMMENT='Shipping Carriers as used by the Standard Shipping Module' AUTO_INCREMENT=4 ;

-- 
-- Dumping data for table `jos_vm_shipping_carrier`
-- 

INSERT INTO `jos_vm_shipping_carrier` VALUES (1, 'DHL', 0);
INSERT INTO `jos_vm_shipping_carrier` VALUES (2, 'UPS', 1);
INSERT INTO `jos_vm_shipping_carrier` VALUES (3, 'Canada Post', 2);

-- --------------------------------------------------------

-- 
-- Table structure for table `jos_vm_shipping_rate`
-- 

CREATE TABLE `jos_vm_shipping_rate` (
  `shipping_rate_id` int(11) NOT NULL auto_increment,
  `shipping_rate_name` varchar(255) NOT NULL default '',
  `shipping_rate_carrier_id` int(11) NOT NULL default '0',
  `shipping_rate_country` text NOT NULL,
  `shipping_rate_zip_start` varchar(32) NOT NULL default '',
  `shipping_rate_zip_end` varchar(32) NOT NULL default '',
  `shipping_rate_weight_start` decimal(10,3) NOT NULL default '0.000',
  `shipping_rate_weight_end` decimal(10,3) NOT NULL default '0.000',
  `shipping_rate_value` decimal(10,2) NOT NULL default '0.00',
  `shipping_rate_package_fee` decimal(10,2) NOT NULL default '0.00',
  `shipping_rate_currency_id` int(11) NOT NULL default '0',
  `shipping_rate_vat_id` int(11) NOT NULL default '0',
  `shipping_rate_list_order` int(11) NOT NULL default '0',
  PRIMARY KEY  (`shipping_rate_id`)
) ENGINE=MyISAM DEFAULT CHARSET=latin1 COMMENT='Shipping Rates, used by the Standard Shipping Module' AUTO_INCREMENT=23 ;

-- 
-- Dumping data for table `jos_vm_shipping_rate`
-- 

INSERT INTO `jos_vm_shipping_rate` VALUES (1, 'Inland &gt; 4kg', 1, 'DEU', '00000', '99999', 0.000, 4.000, 5.62, 2.00, 47, 0, 1);
INSERT INTO `jos_vm_shipping_rate` VALUES (2, 'Inland &gt; 8kg', 1, 'DEU', '00000', '99999', 4.000, 8.000, 6.39, 2.00, 47, 0, 2);
INSERT INTO `jos_vm_shipping_rate` VALUES (3, 'Inland &gt; 12kg', 1, 'DEU', '00000', '99999', 8.000, 12.000, 7.16, 2.00, 47, 0, 3);
INSERT INTO `jos_vm_shipping_rate` VALUES (4, 'Inland &gt; 20kg', 1, 'DEU', '00000', '99999', 12.000, 20.000, 8.69, 2.00, 47, 0, 4);
INSERT INTO `jos_vm_shipping_rate` VALUES (5, 'EU+ &gt;  4kg', 1, 'AND;BEL;DNK;FRO;FIN;FRA;GRC;GRL;GBR;IRL;ITA;LIE;LUX;MCO;NLD;AUT;POL;PRT;SMR;SWE;CHE;SVK;ESP;CZE', '00000', '99999', 0.000, 4.000, 14.00, 2.00, 47, 0, 5);
INSERT INTO `jos_vm_shipping_rate` VALUES (6, 'EU+ &gt;  8kg', 1, 'AND;BEL;DNK;FRO;FIN;FRA;GRC;GRL;GBR;IRL;ITA;LIE;LUX;MCO;NLD;AUT;POL;PRT;SMR;SWE;CHE;SVK;ESP;CZE', '00000', '99999', 4.000, 8.000, 18.00, 2.00, 47, 0, 6);
INSERT INTO `jos_vm_shipping_rate` VALUES (7, 'EU+ &gt; 12kg', 1, 'AND;BEL;DNK;FRO;FIN;FRA;GRC;GRL;GBR;IRL;ITA;LIE;LUX;MCO;NLD;AUT;POL;PRT;SMR;SWE;CHE;SVK;ESP;CZE', '00000', '99999', 8.000, 12.000, 22.00, 2.00, 47, 0, 7);
INSERT INTO `jos_vm_shipping_rate` VALUES (8, 'EU+ &gt; 20kg', 1, 'AND;BEL;DNK;FRO;FIN;FRA;GRC;GRL;GBR;IRL;ITA;LIE;LUX;MCO;NLD;AUT;POL;PRT;SMR;SWE;CHE;SVK;ESP;CZE', '00000', '99999', 12.000, 20.000, 30.00, 2.00, 47, 0, 8);
INSERT INTO `jos_vm_shipping_rate` VALUES (9, 'Europe &gt; 4kg', 1, 'ALB;ARM;AZE;BLR;BIH;BGR;EST;GEO;GIB;ISL;YUG;KAZ;HRV;LVA;LTU;MLT;MKD;MDA;NOR;ROM;RUS;SVN;TUR;UKR;HUN;BLR;CYP', '00000', '99999', 0.000, 4.000, 23.00, 2.00, 47, 0, 9);
INSERT INTO `jos_vm_shipping_rate` VALUES (10, 'Europe &gt;  8kg', 1, 'ALB;ARM;AZE;BLR;BIH;BGR;EST;GEO;GIB;ISL;YUG;KAZ;HRV;LVA;LTU;MLT;MKD;MDA;NOR;ROM;RUS;SVN;TUR;UKR;HUN;BLR;CYP', '00000', '99999', 4.000, 8.000, 29.00, 2.00, 47, 0, 10);
INSERT INTO `jos_vm_shipping_rate` VALUES (11, 'Europe &gt; 12kg', 1, 'ALB;ARM;AZE;BLR;BIH;BGR;EST;GEO;GIB;ISL;YUG;KAZ;HRV;LVA;LTU;MLT;MKD;MDA;NOR;ROM;RUS;SVN;TUR;UKR;HUN;BLR;CYP', '00000', '99999', 8.000, 12.000, 36.00, 2.00, 47, 0, 11);
INSERT INTO `jos_vm_shipping_rate` VALUES (12, 'Europe &gt; 20kg', 1, 'ALB;ARM;AZE;BLR;BIH;BGR;EST;GEO;GIB;ISL;YUG;KAZ;HRV;LVA;LTU;MLT;MKD;MDA;NOR;ROM;RUS;SVN;TUR;UKR;HUN;BLR;CYP', '00000', '99999', 12.000, 20.000, 48.00, 2.00, 47, 0, 12);
INSERT INTO `jos_vm_shipping_rate` VALUES (13, 'World_1 &gt;  4kg', 1, 'EGY;DZA;BHR;IRQ;IRN;ISR;YEM;JOR;CAN;QAT;KWT;LBN;LBY;MAR;OMN;SAU;SYR;TUN;ARE;USA', '00000', '99999', 0.000, 4.000, 26.00, 2.00, 47, 0, 13);
INSERT INTO `jos_vm_shipping_rate` VALUES (14, 'World_1 &gt; 8kg', 1, 'EGY;DZA;BHR;IRQ;IRN;ISR;YEM;JOR;CAN;QAT;KWT;LBN;LBY;MAR;OMN;SAU;SYR;TUN;ARE;USA', '00000', '99999', 4.000, 8.000, 35.00, 2.00, 47, 0, 14);
INSERT INTO `jos_vm_shipping_rate` VALUES (15, 'World_1 &gt;12kg', 1, 'EGY;DZA;BHR;IRQ;IRN;ISR;YEM;JOR;CAN;QAT;KWT;LBN;LBY;MAR;OMN;SAU;SYR;TUN;ARE;USA', '00000', '99999', 8.000, 12.000, 43.00, 2.00, 47, 0, 15);
INSERT INTO `jos_vm_shipping_rate` VALUES (16, 'World_1 &gt;20kg', 1, 'EGY;DZA;BHR;IRQ;IRN;ISR;YEM;JOR;CAN;QAT;KWT;LBN;LBY;MAR;OMN;SAU;SYR;TUN;ARE;USA', '00000', '99999', 12.000, 20.000, 59.00, 2.00, 47, 0, 16);
INSERT INTO `jos_vm_shipping_rate` VALUES (17, 'World_2 &gt; 4kg', 1, '', '00000', '99999', 0.000, 4.000, 32.00, 2.00, 47, 0, 17);
INSERT INTO `jos_vm_shipping_rate` VALUES (18, 'World_2 &gt; 8kg', 1, '', '00000', '99999', 4.000, 8.000, 47.00, 2.00, 47, 0, 18);
INSERT INTO `jos_vm_shipping_rate` VALUES (19, 'World_2 &gt; 12kg', 1, '', '00000', '99999', 8.000, 12.000, 61.00, 2.00, 47, 0, 19);
INSERT INTO `jos_vm_shipping_rate` VALUES (20, 'World_2 &gt; 20kg', 1, '', '00000', '99999', 12.000, 20.000, 90.00, 2.00, 47, 0, 20);
INSERT INTO `jos_vm_shipping_rate` VALUES (21, 'UPS Express', 2, 'AND;BEL;DNK;FRO;FIN;FRA;GRC;GRL;GBR;IRL;ITA;LIE;LUX;MCO;NLD;AUT;POL;PRT;SMR;SWE;CHE;SVK;ESP;CZE', '00000', '99999', 0.000, 20.000, 5.00, 2.00, 47, 0, 21);
INSERT INTO `jos_vm_shipping_rate` VALUES (22, 'Canada Post Shipping', 3, 'CAN;', '00000', '99999', 0.000, 1000000.000, 0.10, 0.05, 26, 0, 0);

-- --------------------------------------------------------

-- 
-- Table structure for table `jos_vm_shopper_group`
-- 

CREATE TABLE `jos_vm_shopper_group` (
  `shopper_group_id` int(11) NOT NULL auto_increment,
  `vendor_id` int(11) default NULL,
  `shopper_group_name` varchar(32) default NULL,
  `shopper_group_desc` text,
  `shopper_group_discount` decimal(5,2) NOT NULL default '0.00',
  `show_price_including_tax` tinyint(1) NOT NULL default '1',
  `default` tinyint(1) NOT NULL default '0',
  PRIMARY KEY  (`shopper_group_id`),
  KEY `idx_shopper_group_vendor_id` (`vendor_id`),
  KEY `idx_shopper_group_name` (`shopper_group_name`)
) ENGINE=MyISAM DEFAULT CHARSET=latin1 COMMENT='Shopper Groups that users can be assigned to' AUTO_INCREMENT=8 ;

-- 
-- Dumping data for table `jos_vm_shopper_group`
-- 

INSERT INTO `jos_vm_shopper_group` VALUES (5, 1, '-default-', 'This is the default shopper group.', 0.00, 1, 1);
INSERT INTO `jos_vm_shopper_group` VALUES (6, 1, 'Gold Level', 'Gold Level phpShoppers.', 0.00, 1, 0);
INSERT INTO `jos_vm_shopper_group` VALUES (7, 1, 'Wholesale', 'Shoppers that can buy at wholesale.', 0.00, 0, 0);

-- --------------------------------------------------------

-- 
-- Table structure for table `jos_vm_shopper_vendor_xref`
-- 

CREATE TABLE `jos_vm_shopper_vendor_xref` (
  `user_id` int(11) default NULL,
  `vendor_id` int(11) default NULL,
  `shopper_group_id` int(11) default NULL,
  `customer_number` varchar(32) default NULL,
  KEY `idx_shopper_vendor_xref_user_id` (`user_id`),
  KEY `idx_shopper_vendor_xref_vendor_id` (`vendor_id`),
  KEY `idx_shopper_vendor_xref_shopper_group_id` (`shopper_group_id`)
) ENGINE=MyISAM DEFAULT CHARSET=latin1 COMMENT='Maps a user to a Shopper Group of a Vendor';

-- 
-- Dumping data for table `jos_vm_shopper_vendor_xref`
-- 

INSERT INTO `jos_vm_shopper_vendor_xref` VALUES (62, 1, 5, '');
INSERT INTO `jos_vm_shopper_vendor_xref` VALUES (65, 1, 5, '20494984474600a0214094f');
INSERT INTO `jos_vm_shopper_vendor_xref` VALUES (66, 1, 5, '66702859946016ff8bffc4');
INSERT INTO `jos_vm_shopper_vendor_xref` VALUES (67, 1, 5, '1883972384601729f16fd0');
INSERT INTO `jos_vm_shopper_vendor_xref` VALUES (68, 1, 5, '8173800354601764aaac0f');
INSERT INTO `jos_vm_shopper_vendor_xref` VALUES (69, 1, 5, '32106440546017864122a9');
INSERT INTO `jos_vm_shopper_vendor_xref` VALUES (70, 1, 5, '95797110646017972a5083');
INSERT INTO `jos_vm_shopper_vendor_xref` VALUES (71, 1, 5, '108339951446017ac533394');
INSERT INTO `jos_vm_shopper_vendor_xref` VALUES (72, 1, 5, '35438558546019e3d63c05');
INSERT INTO `jos_vm_shopper_vendor_xref` VALUES (73, 1, 5, '11445417204602280413e81');
INSERT INTO `jos_vm_shopper_vendor_xref` VALUES (74, 1, 5, '88010893146023054506d5');
INSERT INTO `jos_vm_shopper_vendor_xref` VALUES (75, 1, 5, '15868996064602317c328e4');
INSERT INTO `jos_vm_shopper_vendor_xref` VALUES (77, 1, 5, '7658817684609359122a86');
INSERT INTO `jos_vm_shopper_vendor_xref` VALUES (79, 1, 5, '1664016707460a80f35e801');
INSERT INTO `jos_vm_shopper_vendor_xref` VALUES (80, 1, 5, '513599521460adf762b075');
INSERT INTO `jos_vm_shopper_vendor_xref` VALUES (81, 1, 5, '194693327146116dfd1c289');
INSERT INTO `jos_vm_shopper_vendor_xref` VALUES (82, 1, 5, '788356303462381805e5d5');
INSERT INTO `jos_vm_shopper_vendor_xref` VALUES (78, 1, 5, '48807498146239e5360be8');
INSERT INTO `jos_vm_shopper_vendor_xref` VALUES (83, 1, 5, '832567522462cf1e4ea9bb');
INSERT INTO `jos_vm_shopper_vendor_xref` VALUES (84, 1, 5, '16841610444640a3cf8932e');
INSERT INTO `jos_vm_shopper_vendor_xref` VALUES (85, 1, 5, '1930520254649c0a93b397');
INSERT INTO `jos_vm_shopper_vendor_xref` VALUES (86, 1, 5, '2394678214676b32a26916');
INSERT INTO `jos_vm_shopper_vendor_xref` VALUES (87, 1, 5, '111714568846771e89ebaf0');
INSERT INTO `jos_vm_shopper_vendor_xref` VALUES (88, 1, 5, '98015416646803ee130cf8');
INSERT INTO `jos_vm_shopper_vendor_xref` VALUES (89, 1, 5, '211238118846bff920180c6');

-- --------------------------------------------------------

-- 
-- Table structure for table `jos_vm_state`
-- 

CREATE TABLE `jos_vm_state` (
  `state_id` int(11) NOT NULL auto_increment,
  `country_id` int(11) NOT NULL default '1',
  `state_name` varchar(64) default NULL,
  `state_3_code` char(3) default NULL,
  `state_2_code` char(2) default NULL,
  PRIMARY KEY  (`state_id`),
  UNIQUE KEY `state_3_code` (`state_3_code`,`state_2_code`),
  KEY `idx_country_id` (`country_id`)
) ENGINE=MyISAM DEFAULT CHARSET=latin1 COMMENT='States that are assigned to a country' AUTO_INCREMENT=209 ;

-- 
-- Dumping data for table `jos_vm_state`
-- 

INSERT INTO `jos_vm_state` VALUES (1, 223, 'Alabama', 'ALA', 'AL');
INSERT INTO `jos_vm_state` VALUES (2, 223, 'Alaska', 'ALK', 'AK');
INSERT INTO `jos_vm_state` VALUES (3, 223, 'Arizona', 'ARZ', 'AZ');
INSERT INTO `jos_vm_state` VALUES (4, 223, 'Arkansas', 'ARK', 'AR');
INSERT INTO `jos_vm_state` VALUES (5, 223, 'California', 'CAL', 'CA');
INSERT INTO `jos_vm_state` VALUES (6, 223, 'Colorado', 'COL', 'CO');
INSERT INTO `jos_vm_state` VALUES (7, 223, 'Connecticut', 'CCT', 'CT');
INSERT INTO `jos_vm_state` VALUES (8, 223, 'Delaware', 'DEL', 'DE');
INSERT INTO `jos_vm_state` VALUES (9, 223, 'District Of Columbia', 'DOC', 'DC');
INSERT INTO `jos_vm_state` VALUES (10, 223, 'Florida', 'FLO', 'FL');
INSERT INTO `jos_vm_state` VALUES (11, 223, 'Georgia', 'GEA', 'GA');
INSERT INTO `jos_vm_state` VALUES (12, 223, 'Hawaii', 'HWI', 'HI');
INSERT INTO `jos_vm_state` VALUES (13, 223, 'Idaho', 'IDA', 'ID');
INSERT INTO `jos_vm_state` VALUES (14, 223, 'Illinois', 'ILL', 'IL');
INSERT INTO `jos_vm_state` VALUES (15, 223, 'Indiana', 'IND', 'IN');
INSERT INTO `jos_vm_state` VALUES (16, 223, 'Iowa', 'IOA', 'IA');
INSERT INTO `jos_vm_state` VALUES (17, 223, 'Kansas', 'KAS', 'KS');
INSERT INTO `jos_vm_state` VALUES (18, 223, 'Kentucky', 'KTY', 'KY');
INSERT INTO `jos_vm_state` VALUES (19, 223, 'Louisiana', 'LOA', 'LA');
INSERT INTO `jos_vm_state` VALUES (20, 223, 'Maine', 'MAI', 'ME');
INSERT INTO `jos_vm_state` VALUES (21, 223, 'Maryland', 'MLD', 'MD');
INSERT INTO `jos_vm_state` VALUES (22, 223, 'Massachusetts', 'MSA', 'MA');
INSERT INTO `jos_vm_state` VALUES (23, 223, 'Michigan', 'MIC', 'MI');
INSERT INTO `jos_vm_state` VALUES (24, 223, 'Minnesota', 'MIN', 'MN');
INSERT INTO `jos_vm_state` VALUES (25, 223, 'Mississippi', 'MIS', 'MS');
INSERT INTO `jos_vm_state` VALUES (26, 223, 'Missouri', 'MIO', 'MO');
INSERT INTO `jos_vm_state` VALUES (27, 223, 'Montana', 'MOT', 'MT');
INSERT INTO `jos_vm_state` VALUES (28, 223, 'Nebraska', 'NEB', 'NE');
INSERT INTO `jos_vm_state` VALUES (29, 223, 'Nevada', 'NEV', 'NV');
INSERT INTO `jos_vm_state` VALUES (30, 223, 'New Hampshire', 'NEH', 'NH');
INSERT INTO `jos_vm_state` VALUES (31, 223, 'New Jersey', 'NEJ', 'NJ');
INSERT INTO `jos_vm_state` VALUES (32, 223, 'New Mexico', 'NEM', 'NM');
INSERT INTO `jos_vm_state` VALUES (33, 223, 'New York', 'NEY', 'NY');
INSERT INTO `jos_vm_state` VALUES (34, 223, 'North Carolina', 'NOC', 'NC');
INSERT INTO `jos_vm_state` VALUES (35, 223, 'North Dakota', 'NOD', 'ND');
INSERT INTO `jos_vm_state` VALUES (36, 223, 'Ohio', 'OHI', 'OH');
INSERT INTO `jos_vm_state` VALUES (37, 223, 'Oklahoma', 'OKL', 'OK');
INSERT INTO `jos_vm_state` VALUES (38, 223, 'Oregon', 'ORN', 'OR');
INSERT INTO `jos_vm_state` VALUES (39, 223, 'Pennsylvania', 'PEA', 'PA');
INSERT INTO `jos_vm_state` VALUES (40, 223, 'Rhode Island', 'RHI', 'RI');
INSERT INTO `jos_vm_state` VALUES (41, 223, 'South Carolina', 'SOC', 'SC');
INSERT INTO `jos_vm_state` VALUES (42, 223, 'South Dakota', 'SOD', 'SD');
INSERT INTO `jos_vm_state` VALUES (43, 223, 'Tennessee', 'TEN', 'TN');
INSERT INTO `jos_vm_state` VALUES (44, 223, 'Texas', 'TXS', 'TX');
INSERT INTO `jos_vm_state` VALUES (45, 223, 'Utah', 'UTA', 'UT');
INSERT INTO `jos_vm_state` VALUES (46, 223, 'Vermont', 'VMT', 'VT');
INSERT INTO `jos_vm_state` VALUES (47, 223, 'Virginia', 'VIA', 'VA');
INSERT INTO `jos_vm_state` VALUES (48, 223, 'Washington', 'WAS', 'WA');
INSERT INTO `jos_vm_state` VALUES (49, 223, 'West Virginia', 'WEV', 'WV');
INSERT INTO `jos_vm_state` VALUES (50, 223, 'Wisconsin', 'WIS', 'WI');
INSERT INTO `jos_vm_state` VALUES (51, 223, 'Wyoming', 'WYO', 'WY');
INSERT INTO `jos_vm_state` VALUES (52, 38, 'Alberta', 'ALB', 'AB');
INSERT INTO `jos_vm_state` VALUES (53, 38, 'British Columbia', 'BRC', 'BC');
INSERT INTO `jos_vm_state` VALUES (54, 38, 'Manitoba', 'MAB', 'MB');
INSERT INTO `jos_vm_state` VALUES (55, 38, 'New Brunswick', 'NEB', 'NB');
INSERT INTO `jos_vm_state` VALUES (56, 38, 'Newfoundland and Labrador', 'NFL', 'NL');
INSERT INTO `jos_vm_state` VALUES (57, 38, 'Northwest Territories', 'NWT', 'NT');
INSERT INTO `jos_vm_state` VALUES (58, 38, 'Nova Scotia', 'NOS', 'NS');
INSERT INTO `jos_vm_state` VALUES (59, 38, 'Nunavut', 'NUT', 'NU');
INSERT INTO `jos_vm_state` VALUES (60, 38, 'Ontario', 'ONT', 'ON');
INSERT INTO `jos_vm_state` VALUES (61, 38, 'Prince Edward Island', 'PEI', 'PE');
INSERT INTO `jos_vm_state` VALUES (62, 38, 'Quebec', 'QEC', 'QC');
INSERT INTO `jos_vm_state` VALUES (63, 38, 'Saskatchewan', 'SAK', 'SK');
INSERT INTO `jos_vm_state` VALUES (64, 38, 'Yukon', 'YUT', 'YT');
INSERT INTO `jos_vm_state` VALUES (65, 222, 'England', 'ENG', 'EN');
INSERT INTO `jos_vm_state` VALUES (66, 222, 'Northern Ireland', 'NOI', 'NI');
INSERT INTO `jos_vm_state` VALUES (67, 222, 'Scotland', 'SCO', 'SD');
INSERT INTO `jos_vm_state` VALUES (68, 222, 'Wales', 'WLS', 'WS');
INSERT INTO `jos_vm_state` VALUES (69, 13, 'Australian Capital Territory', 'ACT', 'AT');
INSERT INTO `jos_vm_state` VALUES (70, 13, 'New South Wales', 'NSW', 'NW');
INSERT INTO `jos_vm_state` VALUES (71, 13, 'Northern Territory', 'NOT', 'NT');
INSERT INTO `jos_vm_state` VALUES (72, 13, 'Queensland', 'QLD', 'QL');
INSERT INTO `jos_vm_state` VALUES (73, 13, 'South Australia', 'SOA', 'SA');
INSERT INTO `jos_vm_state` VALUES (74, 13, 'Tasmania', 'TAS', 'TA');
INSERT INTO `jos_vm_state` VALUES (75, 13, 'Victoria', 'VIC', 'VI');
INSERT INTO `jos_vm_state` VALUES (76, 13, 'Western Australia', 'WEA', 'WA');
INSERT INTO `jos_vm_state` VALUES (77, 138, 'Aguascalientes', 'AGS', 'AG');
INSERT INTO `jos_vm_state` VALUES (78, 138, 'Baja California Norte', 'BCN', 'BN');
INSERT INTO `jos_vm_state` VALUES (79, 138, 'Baja California Sur', 'BCS', 'BS');
INSERT INTO `jos_vm_state` VALUES (80, 138, 'Campeche', 'CAM', 'CA');
INSERT INTO `jos_vm_state` VALUES (81, 138, 'Chiapas', 'CHI', 'CS');
INSERT INTO `jos_vm_state` VALUES (82, 138, 'Chihuahua', 'CHA', 'CH');
INSERT INTO `jos_vm_state` VALUES (83, 138, 'Coahuila', 'COA', 'CO');
INSERT INTO `jos_vm_state` VALUES (84, 138, 'Colima', 'COL', 'CM');
INSERT INTO `jos_vm_state` VALUES (85, 138, 'Distrito Federal', 'DFM', 'DF');
INSERT INTO `jos_vm_state` VALUES (86, 138, 'Durango', 'DGO', 'DO');
INSERT INTO `jos_vm_state` VALUES (87, 138, 'Guanajuato', 'GTO', 'GO');
INSERT INTO `jos_vm_state` VALUES (88, 138, 'Guerrero', 'GRO', 'GU');
INSERT INTO `jos_vm_state` VALUES (89, 138, 'Hidalgo', 'HGO', 'HI');
INSERT INTO `jos_vm_state` VALUES (90, 138, 'Jalisco', 'JAL', 'JA');
INSERT INTO `jos_vm_state` VALUES (91, 138, 'Mxico (Estado de)', 'EDM', 'EM');
INSERT INTO `jos_vm_state` VALUES (92, 138, 'Michoacn', 'MCN', 'MI');
INSERT INTO `jos_vm_state` VALUES (93, 138, 'Morelos', 'MOR', 'MO');
INSERT INTO `jos_vm_state` VALUES (94, 138, 'Nayarit', 'NAY', 'NY');
INSERT INTO `jos_vm_state` VALUES (95, 138, 'Nuevo Len', 'NUL', 'NL');
INSERT INTO `jos_vm_state` VALUES (96, 138, 'Oaxaca', 'OAX', 'OA');
INSERT INTO `jos_vm_state` VALUES (97, 138, 'Puebla', 'PUE', 'PU');
INSERT INTO `jos_vm_state` VALUES (98, 138, 'Quertaro', 'QRO', 'QU');
INSERT INTO `jos_vm_state` VALUES (99, 138, 'Quintana Roo', 'QUR', 'QR');
INSERT INTO `jos_vm_state` VALUES (100, 138, 'San Luis Potos', 'SLP', 'SP');
INSERT INTO `jos_vm_state` VALUES (101, 138, 'Sinaloa', 'SIN', 'SI');
INSERT INTO `jos_vm_state` VALUES (102, 138, 'Sonora', 'SON', 'SO');
INSERT INTO `jos_vm_state` VALUES (103, 138, 'Tabasco', 'TAB', 'TA');
INSERT INTO `jos_vm_state` VALUES (104, 138, 'Tamaulipas', 'TAM', 'TM');
INSERT INTO `jos_vm_state` VALUES (105, 138, 'Tlaxcala', 'TLX', 'TX');
INSERT INTO `jos_vm_state` VALUES (106, 138, 'Veracruz', 'VER', 'VZ');
INSERT INTO `jos_vm_state` VALUES (107, 138, 'Yucatn', 'YUC', 'YU');
INSERT INTO `jos_vm_state` VALUES (108, 138, 'Zacatecas', 'ZAC', 'ZA');
INSERT INTO `jos_vm_state` VALUES (109, 30, 'Acre', 'ACR', 'AC');
INSERT INTO `jos_vm_state` VALUES (110, 30, 'Alagoas', 'ALG', 'AL');
INSERT INTO `jos_vm_state` VALUES (111, 30, 'Amap', 'AMP', 'AP');
INSERT INTO `jos_vm_state` VALUES (112, 30, 'Amazonas', 'AMZ', 'AM');
INSERT INTO `jos_vm_state` VALUES (113, 30, 'Baha', 'BAH', 'BA');
INSERT INTO `jos_vm_state` VALUES (114, 30, 'Cear', 'CEA', 'CE');
INSERT INTO `jos_vm_state` VALUES (115, 30, 'Distrito Federal', 'DFB', 'DF');
INSERT INTO `jos_vm_state` VALUES (116, 30, 'Espirito Santo', 'ESS', 'ES');
INSERT INTO `jos_vm_state` VALUES (117, 30, 'Gois', 'GOI', 'GO');
INSERT INTO `jos_vm_state` VALUES (118, 30, 'Maranho', 'MAR', 'MA');
INSERT INTO `jos_vm_state` VALUES (119, 30, 'Mato Grosso', 'MAT', 'MT');
INSERT INTO `jos_vm_state` VALUES (120, 30, 'Mato Grosso do Sul', 'MGS', 'MS');
INSERT INTO `jos_vm_state` VALUES (121, 30, 'Minas Geras', 'MIG', 'MG');
INSERT INTO `jos_vm_state` VALUES (122, 30, 'Paran', 'PAR', 'PR');
INSERT INTO `jos_vm_state` VALUES (123, 30, 'Paraba', 'PRB', 'PB');
INSERT INTO `jos_vm_state` VALUES (124, 30, 'Par', 'PAB', 'PA');
INSERT INTO `jos_vm_state` VALUES (125, 30, 'Pernambuco', 'PER', 'PR');
INSERT INTO `jos_vm_state` VALUES (126, 30, 'Piau', 'PIA', 'PI');
INSERT INTO `jos_vm_state` VALUES (127, 30, 'Rio Grande do Norte', 'RGN', 'RN');
INSERT INTO `jos_vm_state` VALUES (128, 30, 'Rio Grande do Sul', 'RGS', 'RS');
INSERT INTO `jos_vm_state` VALUES (129, 30, 'Rio de Janeiro', 'RDJ', 'RJ');
INSERT INTO `jos_vm_state` VALUES (130, 30, 'Rondnia', 'RON', 'RO');
INSERT INTO `jos_vm_state` VALUES (131, 30, 'Roraima', 'ROR', 'RR');
INSERT INTO `jos_vm_state` VALUES (132, 30, 'Santa Catarina', 'SAC', 'SC');
INSERT INTO `jos_vm_state` VALUES (133, 30, 'Sergipe', 'SER', 'SE');
INSERT INTO `jos_vm_state` VALUES (134, 30, 'So Paulo', 'SAP', 'SP');
INSERT INTO `jos_vm_state` VALUES (135, 30, 'Tocantins', 'TOC', 'TO');
INSERT INTO `jos_vm_state` VALUES (136, 44, 'Anhui', 'ANH', 'AN');
INSERT INTO `jos_vm_state` VALUES (137, 44, 'Beijing', 'BEI', 'BE');
INSERT INTO `jos_vm_state` VALUES (138, 44, 'Fujian', 'FUJ', 'FJ');
INSERT INTO `jos_vm_state` VALUES (139, 44, 'Gansu', 'GAN', 'GU');
INSERT INTO `jos_vm_state` VALUES (140, 44, 'Guangdong', 'GUA', 'GU');
INSERT INTO `jos_vm_state` VALUES (141, 44, 'Guangxi Zhuang', 'GUZ', 'GZ');
INSERT INTO `jos_vm_state` VALUES (142, 44, 'Guizhou', 'GUI', 'GI');
INSERT INTO `jos_vm_state` VALUES (143, 44, 'Hainan', 'HAI', 'HA');
INSERT INTO `jos_vm_state` VALUES (144, 44, 'Hebei', 'HEB', 'HE');
INSERT INTO `jos_vm_state` VALUES (145, 44, 'Heilongjiang', 'HEI', 'HG');
INSERT INTO `jos_vm_state` VALUES (146, 44, 'Henan', 'HEN', 'HN');
INSERT INTO `jos_vm_state` VALUES (147, 44, 'Hubei', 'HUB', 'HI');
INSERT INTO `jos_vm_state` VALUES (148, 44, 'Hunan', 'HUN', 'HU');
INSERT INTO `jos_vm_state` VALUES (149, 44, 'Jiangsu', 'JIA', 'JI');
INSERT INTO `jos_vm_state` VALUES (150, 44, 'Jiangxi', 'JIX', 'JX');
INSERT INTO `jos_vm_state` VALUES (151, 44, 'Jilin', 'JIL', 'JN');
INSERT INTO `jos_vm_state` VALUES (152, 44, 'Liaoning', 'LIA', 'LI');
INSERT INTO `jos_vm_state` VALUES (153, 44, 'Nei Mongol', 'NML', 'NM');
INSERT INTO `jos_vm_state` VALUES (154, 44, 'Ningxia Hui', 'NIH', 'NH');
INSERT INTO `jos_vm_state` VALUES (155, 44, 'Qinghai', 'QIN', 'QI');
INSERT INTO `jos_vm_state` VALUES (156, 44, 'Shaanxi', 'SHA', 'SH');
INSERT INTO `jos_vm_state` VALUES (157, 44, 'Shandong', 'SNG', 'SG');
INSERT INTO `jos_vm_state` VALUES (158, 44, 'Shanghai', 'SHH', 'SI');
INSERT INTO `jos_vm_state` VALUES (159, 44, 'Shanxi', 'SHX', 'SX');
INSERT INTO `jos_vm_state` VALUES (160, 44, 'Sichuan', 'SIC', 'SN');
INSERT INTO `jos_vm_state` VALUES (161, 44, 'Tianjin', 'TIA', 'TI');
INSERT INTO `jos_vm_state` VALUES (162, 44, 'Xinjiang Uygur', 'XIU', 'XU');
INSERT INTO `jos_vm_state` VALUES (163, 44, 'Xizang', 'XIZ', 'XI');
INSERT INTO `jos_vm_state` VALUES (164, 44, 'Yunnan', 'YUN', 'YU');
INSERT INTO `jos_vm_state` VALUES (165, 44, 'Zhejiang', 'ZHE', 'ZH');
INSERT INTO `jos_vm_state` VALUES (166, 151, 'Bonaire', 'BNR', 'BN');
INSERT INTO `jos_vm_state` VALUES (167, 151, 'Curacao', 'CUR', 'CR');
INSERT INTO `jos_vm_state` VALUES (168, 175, 'Alba', 'ABA', 'AB');
INSERT INTO `jos_vm_state` VALUES (169, 175, 'Arad', 'ARD', 'AR');
INSERT INTO `jos_vm_state` VALUES (170, 175, 'Arges', 'ARG', 'AG');
INSERT INTO `jos_vm_state` VALUES (171, 175, 'Bacau', 'BAC', 'BC');
INSERT INTO `jos_vm_state` VALUES (172, 175, 'Bihor', 'BIH', 'BH');
INSERT INTO `jos_vm_state` VALUES (173, 175, 'Bistrita-Nasaud', 'BIS', 'BN');
INSERT INTO `jos_vm_state` VALUES (174, 175, 'Botosani', 'BOT', 'BT');
INSERT INTO `jos_vm_state` VALUES (175, 175, 'Braila', 'BRL', 'BL');
INSERT INTO `jos_vm_state` VALUES (176, 175, 'Brasov', 'BRA', 'BR');
INSERT INTO `jos_vm_state` VALUES (177, 175, 'Bucuresti', 'BUC', 'IF');
INSERT INTO `jos_vm_state` VALUES (178, 175, 'Buzau', 'BUZ', 'BU');
INSERT INTO `jos_vm_state` VALUES (179, 175, 'Calarasi', 'CAL', 'CL');
INSERT INTO `jos_vm_state` VALUES (180, 175, 'Caras Severin', 'CRS', 'CS');
INSERT INTO `jos_vm_state` VALUES (181, 175, 'Cluj', 'CLJ', 'CJ');
INSERT INTO `jos_vm_state` VALUES (182, 175, 'Constanta', 'CST', 'CT');
INSERT INTO `jos_vm_state` VALUES (183, 175, 'Covasna', 'COV', 'CV');
INSERT INTO `jos_vm_state` VALUES (184, 175, 'Dambovita', 'DAM', 'DV');
INSERT INTO `jos_vm_state` VALUES (185, 175, 'Dolj', 'DLJ', 'DJ');
INSERT INTO `jos_vm_state` VALUES (186, 175, 'Galati', 'GAL', 'GL');
INSERT INTO `jos_vm_state` VALUES (187, 175, 'Giurgiu', 'GIU', 'GR');
INSERT INTO `jos_vm_state` VALUES (188, 175, 'Hargita', 'HRG', 'HR');
INSERT INTO `jos_vm_state` VALUES (189, 175, 'Hunedoara', 'HUN', 'HN');
INSERT INTO `jos_vm_state` VALUES (190, 175, 'Ialomita', 'IAL', 'IL');
INSERT INTO `jos_vm_state` VALUES (191, 175, 'Iasi', 'IAS', 'IS');
INSERT INTO `jos_vm_state` VALUES (192, 175, 'Ilfov', 'ILF', 'IF');
INSERT INTO `jos_vm_state` VALUES (193, 175, 'Maramures', 'MAR', 'MM');
INSERT INTO `jos_vm_state` VALUES (194, 175, 'Mehedinti', 'MEH', 'MH');
INSERT INTO `jos_vm_state` VALUES (195, 175, 'Mures', 'MUR', 'MS');
INSERT INTO `jos_vm_state` VALUES (196, 175, 'Neamt', 'NEM', 'NT');
INSERT INTO `jos_vm_state` VALUES (197, 175, 'Olt', 'OLT', 'OT');
INSERT INTO `jos_vm_state` VALUES (198, 175, 'Prahova', 'PRA', 'PR');
INSERT INTO `jos_vm_state` VALUES (199, 175, 'Salaj', 'SAL', 'SJ');
INSERT INTO `jos_vm_state` VALUES (200, 175, 'Satu Mare', 'SAT', 'ST');
INSERT INTO `jos_vm_state` VALUES (201, 175, 'Sibiu', 'SIB', 'SB');
INSERT INTO `jos_vm_state` VALUES (202, 175, 'Suceava', 'SUC', 'SV');
INSERT INTO `jos_vm_state` VALUES (203, 175, 'Teleorman', 'TEL', 'TL');
INSERT INTO `jos_vm_state` VALUES (204, 175, 'Timis', 'TIM', 'TM');
INSERT INTO `jos_vm_state` VALUES (205, 175, 'Tulcea', 'TUL', 'TL');
INSERT INTO `jos_vm_state` VALUES (206, 175, 'Valcea', 'VAL', 'VL');
INSERT INTO `jos_vm_state` VALUES (207, 175, 'Vaslui', 'VAS', 'VS');
INSERT INTO `jos_vm_state` VALUES (208, 175, 'Vreancea', 'VRA', 'VR');

-- --------------------------------------------------------

-- 
-- Table structure for table `jos_vm_tax_rate`
-- 

CREATE TABLE `jos_vm_tax_rate` (
  `tax_rate_id` int(11) NOT NULL auto_increment,
  `vendor_id` int(11) default NULL,
  `tax_state` varchar(64) default NULL,
  `tax_country` varchar(64) default NULL,
  `mdate` int(11) default NULL,
  `tax_rate` decimal(10,4) default NULL,
  PRIMARY KEY  (`tax_rate_id`),
  KEY `idx_tax_rate_vendor_id` (`vendor_id`)
) ENGINE=MyISAM DEFAULT CHARSET=latin1 COMMENT='The tax rates for your store' AUTO_INCREMENT=3 ;

-- 
-- Dumping data for table `jos_vm_tax_rate`
-- 

INSERT INTO `jos_vm_tax_rate` VALUES (2, 1, 'CA', 'USA', 964565926, 0.0825);

-- --------------------------------------------------------

-- 
-- Table structure for table `jos_vm_user_info`
-- 

CREATE TABLE `jos_vm_user_info` (
  `user_info_id` varchar(32) NOT NULL default '',
  `user_id` int(11) NOT NULL default '0',
  `address_type` char(2) default NULL,
  `address_type_name` varchar(32) default NULL,
  `company` varchar(64) default NULL,
  `title` varchar(32) default NULL,
  `last_name` varchar(32) default NULL,
  `first_name` varchar(32) default NULL,
  `middle_name` varchar(32) default NULL,
  `phone_1` varchar(32) default NULL,
  `phone_2` varchar(32) default NULL,
  `fax` varchar(32) default NULL,
  `address_1` varchar(64) NOT NULL default '',
  `address_2` varchar(64) default NULL,
  `city` varchar(32) NOT NULL default '',
  `state` varchar(32) NOT NULL default '',
  `country` varchar(32) NOT NULL default 'US',
  `zip` varchar(32) NOT NULL default '',
  `user_email` varchar(255) default NULL,
  `extra_field_1` varchar(255) default NULL,
  `extra_field_2` varchar(255) default NULL,
  `extra_field_3` varchar(255) default NULL,
  `extra_field_4` char(1) default NULL,
  `extra_field_5` char(1) default NULL,
  `cdate` int(11) default NULL,
  `mdate` int(11) default NULL,
  `perms` varchar(40) NOT NULL default 'shopper',
  `bank_account_nr` varchar(32) NOT NULL default '',
  `bank_name` varchar(32) NOT NULL default '',
  `bank_sort_code` varchar(16) NOT NULL default '',
  `bank_iban` varchar(64) NOT NULL default '',
  `bank_account_holder` varchar(48) NOT NULL default '',
  `bank_account_type` enum('Checking','Business Checking','Savings') NOT NULL default 'Checking',
  PRIMARY KEY  (`user_info_id`),
  KEY `idx_user_info_user_id` (`user_id`)
) ENGINE=MyISAM DEFAULT CHARSET=latin1 COMMENT='Customer Information, BT = BillTo and ST = ShipTo';

-- 
-- Dumping data for table `jos_vm_user_info`
-- 

INSERT INTO `jos_vm_user_info` VALUES ('08dc29d6098c1851535fb82c2fcaf6d7', 62, 'BT', NULL, NULL, NULL, NULL, NULL, NULL, NULL, NULL, NULL, '', NULL, '', '', 'US', '', 'muskoxen@mediavessel.com', NULL, NULL, NULL, NULL, NULL, 1174414375, 0, 'shopper', '', '', '', '', '', 'Checking');
INSERT INTO `jos_vm_user_info` VALUES ('ff51e9605bc27d8a451fb6f865ee7b0d', 65, 'BT', '-default-', '', '', 'Smith', 'John', '', '613-234-5678', '', '', '1234 Main St.', '', 'Ottawa', '', 'CAN', 'K1A 1A1', 'gareth@agora2.com', '', '', '', '', '', 1174446113, 1174446113, 'shopper', '', '', '', '', '', '');
INSERT INTO `jos_vm_user_info` VALUES ('d363aac1b9c8d30543b106d00365a23f', 72, 'BT', '-default-', '', '', 'TEST', 'TEST', '', '12345', '', '', 'TEST', '', 'Ottawa', 'ON', 'CAN', 'K1A1A1', 'gareth@agora2.com', '', '', '', '', '', 1174511165, 1174511165, 'shopper', '', '', '', '', '', '');
INSERT INTO `jos_vm_user_info` VALUES ('8985569c6e068ebf0093c6ee3605ca19', 71, 'BT', '-default-', '', '', 'TEST7', 'TEST7', '', '12345', '', '', 'TEST7', '', 'TEST7', '', 'USA', 'TEST7', 'gspanglett@gmail.com', '', '', '', '', '', 1174502085, 1174502085, 'shopper', '', '', '', '', '', '');
INSERT INTO `jos_vm_user_info` VALUES ('7b69b2593b5adca4707ef6d0ab34c361', 70, 'BT', '-default-', 'TEST6', '', 'TEST6', 'TEST6', '', '12345', '', '', 'TEST6', '', 'TEST6', '', 'USA', 'TEST6', 'gareth@mahsie.com', '', '', '', '', '', 1174501746, 1174501746, 'shopper', '', '', '', '', '', '');
INSERT INTO `jos_vm_user_info` VALUES ('1e1804404bb31aca0958f9949dc853c5', 73, 'BT', '-default-', '', '', 'Test50', 'TEST50', '', '12345', '', '', '1234 Mainc', '', 'Ottawa', 'ON', 'CAN', 'K1A1A1', 'temp1@nepeanseniors.ca', '', '', '', '', '', 1174546435, 1174546435, 'shopper', '', '', '', '', '', '');
INSERT INTO `jos_vm_user_info` VALUES ('b9a3e9f57562ee910fc9a19be580d145', 74, 'BT', '-default-', '', '', 'Test', 'Another', '', '34213423', '', '', '1234 Main', '', 'Ottawa', 'ON', 'CAN', 'K1A1A1', 'gareth@agora2.com', '', '', '', '', '', 1174548564, 1174548564, 'shopper', '', '', '', '', '', '');
INSERT INTO `jos_vm_user_info` VALUES ('92d62bc11e710a9615be54e06b78429f', 75, 'BT', '-default-', '', '', 'Mecury', 'Freddy', '', '011-234-457-685756', '', '', '65 Abbey Road', '', 'Liverpool', 'EN', 'GBR', 'K45D8H', 'quarantine@nepeancommunitysupport.com', '', '', '', '', '', 1174548860, 1174548860, 'shopper', '', '', '', '', '', '');
INSERT INTO `jos_vm_user_info` VALUES ('53b03e1404dd77552c914d45248cd927', 77, 'BT', '-default-', 'Agora Communications Group', 'Mr.', 'Spanglett', 'Gareth', '', '613-761-1489', '', '', '285 Churchill Ave. N.', '', 'Ottawa', 'ON', 'CAN', 'K1Z 5B7', 'gareth@agora-group.com', '', '', '', '', '', 1175008654, 1175008654, 'shopper', '', '', '', '', '', '');
INSERT INTO `jos_vm_user_info` VALUES ('801182246295ff864a139f1d508561e7', 79, 'BT', '-default-', 'jeffrey', '', 'Moncrieff', 'Jeffrey', 'Dean', '613-830-0220', '', '', '3 Ridgeburn Gate', '', 'Ottawa', 'AB', 'CAN', 'k1b4c1', 'jeff@mahsie.com', '', '', '', '', '', 1175093490, 1175093490, 'shopper', '', '', '', '', '', '');
INSERT INTO `jos_vm_user_info` VALUES ('9588c81a1d70b873ea802cfd704c3f5c', 80, 'BT', '-default-', 'Mahsie Open Soure INC', 'Mr.', 'Moncrieff', 'Jeffrey', 'Dean1', '613-830-0220', '613-620-1771', '', '123 Main ST', '', 'Lachute', 'AB', 'CAN', 'Ontaio', 'jmoncrieff@mahsie.org', '', '', '', '', '', 1175117679, 1175117679, 'shopper', '', '', '', '', '', '');
INSERT INTO `jos_vm_user_info` VALUES ('4622be01ae387e45263b9175b73d2be0', 81, 'BT', '-default-', 'Agora Communications Group', '', 'Spanglett', 'Gareth', '', '613-761-1489', '', '', '285 Churchill AVe.', '', 'Ottawa', 'ON', 'CAN', 'K1Z 5B7', 'gspanglett@rogers.com', '', '', '', '', '', 1175547387, 1175547387, 'shopper', '', '', '', '', '', '');
INSERT INTO `jos_vm_user_info` VALUES ('860099c64c05a44092a87ff112127bc9', 82, 'BT', '-default-', 'Acme Inc.', '', 'Doe', 'John', '', '613-555-5555', '', '', '1234 Main Street', '', 'Ottawa', 'ON', 'CAN', 'K1Z 1Z1', 'quixote1024@yahoo.ca', '', '', '', '', '', 1176732029, 1176732029, 'shopper', '', '', '', '', '', '');
INSERT INTO `jos_vm_user_info` VALUES ('41df4154907e658f52a6148456845e84', 78, 'BT', '-default-', 'Mahsie', '', 'Moncrieff', 'Jeffrey', '', '830-0220', '', '', '3 ridgeburn Gate', '', 'Ottawa', 'AB', 'CAN', 'k1b4c1', 'jmoncrieff@mahsie.com', '', '', '', '', '', 1176739411, 1176739411, 'shopper', '', '', '', '', '', '');
INSERT INTO `jos_vm_user_info` VALUES ('7b0f09a33dcbf7332983ddc5a93c5326', 83, 'BT', '-default-', 'Agora', '', 'Spanglett', 'Gareth', '', '613-761-1489', '', '', '285 Churchill Ave. N.', '', 'Ottawa', 'ON', 'CAN', 'K1Z 5B7', 'gareth@agora-group.com', '', '', '', '', '', 1177350609, 1177350609, 'shopper', '', '', '', '', '', '');
INSERT INTO `jos_vm_user_info` VALUES ('85b9a747854423227f3edb868bad3fbd', 84, 'BT', '-default-', '', '', 'Spanglett', 'Gareth', '', '613-555-1212', '', '', '1234 Main', '', 'Ottawa', 'ON', 'CAN', 'K1Z 5B7', 'gareth@mahsie.com', '', '', '', '', '', 1178641356, 1178641356, 'shopper', '', '', '', '', '', '');
INSERT INTO `jos_vm_user_info` VALUES ('2512d8a4b449603bf45009dc0d993e6a', 85, 'BT', '-default-', '', '', 'Vachon', 'Klaus', '', '613-555-1212', '', '', '1234 Main Street', '', 'Ottawa', 'ON', 'CAN', 'K1A 1A1', 'mikepowers40@yahoo.ca', '', '', '', '', '', 1179238566, 1179238566, 'shopper', '', '', '', '', '', '');
INSERT INTO `jos_vm_user_info` VALUES ('b4aeeefb735d9567aca3a485e5b8eadc', 86, 'BT', '-default-', 'Mahsie', '', 'Moncrieff', 'Jeffrey', '', '613-830-0220', '', '', '3 ridgeBurn gate', '', 'Ottawa', 'AB', 'CAN', 'ontario', 'jeffrey.moncrieff@mahsie.com', '', '', '', '', '', 1182184232, 1182184232, 'shopper', '', '', '', '', '', '');
INSERT INTO `jos_vm_user_info` VALUES ('cb5ca5b8921dd4f1239c21b8c737bbd2', 87, 'BT', '-default-', '', '', 'Spanglett', 'Gareth', '', '613-761-1489', '', '', '1234 Main', '', 'Ottawa', 'ON', 'CAN', 'K1A1A1', 'prsidoro@mavericsolutions.ca', '', '', '', '', '', 1182211719, 1182211719, 'shopper', '', '', '', '', '', '');
INSERT INTO `jos_vm_user_info` VALUES ('d95e7e9ed7d113d27e8e49a92261dd77', 88, 'BT', '-default-', 'Acme Inc.', '', 'Vaid', 'Vic', '', '613-555-5555', '', '', '1234 Main St.', '', 'Ottawa', 'ON', 'CAN', 'K1Z5B7', 'vic@vaid.com', '', '', '', '', '', 1182809822, 1182809822, 'shopper', '', '', '', '', '', '');
INSERT INTO `jos_vm_user_info` VALUES ('8b7989992ab99cee05e1aa2da07dc844', 89, 'BT', '-default-', 'mahsie OSS', '', 'Moncrieff', 'Jeffrey', 'jdmonc', '613-830-0220', '', '', '3 ridgebun Gate', '', 'Gloucester', 'AB', 'CAN', 'k1b4c1', 'jmoncrieff@mahsie.com', '', '', '', '', '', 1186986270, 1186986270, 'shopper', '', '', '', '', '', '');

-- --------------------------------------------------------

-- 
-- Table structure for table `jos_vm_vendor`
-- 

CREATE TABLE `jos_vm_vendor` (
  `vendor_id` int(11) NOT NULL auto_increment,
  `vendor_name` varchar(64) default NULL,
  `contact_last_name` varchar(32) NOT NULL default '',
  `contact_first_name` varchar(32) NOT NULL default '',
  `contact_middle_name` varchar(32) default NULL,
  `contact_title` varchar(32) default NULL,
  `contact_phone_1` varchar(32) NOT NULL default '',
  `contact_phone_2` varchar(32) default NULL,
  `contact_fax` varchar(32) default NULL,
  `contact_email` varchar(255) default NULL,
  `vendor_phone` varchar(32) default NULL,
  `vendor_address_1` varchar(64) NOT NULL default '',
  `vendor_address_2` varchar(64) default NULL,
  `vendor_city` varchar(32) NOT NULL default '',
  `vendor_state` varchar(32) NOT NULL default '',
  `vendor_country` varchar(32) NOT NULL default 'US',
  `vendor_zip` varchar(32) NOT NULL default '',
  `vendor_store_name` varchar(128) NOT NULL default '',
  `vendor_store_desc` text,
  `vendor_category_id` int(11) default NULL,
  `vendor_thumb_image` varchar(255) default NULL,
  `vendor_full_image` varchar(255) default NULL,
  `vendor_currency` varchar(16) default NULL,
  `cdate` int(11) default NULL,
  `mdate` int(11) default NULL,
  `vendor_image_path` varchar(255) default NULL,
  `vendor_terms_of_service` text NOT NULL,
  `vendor_url` varchar(255) NOT NULL default '',
  `vendor_min_pov` decimal(10,2) default NULL,
  `vendor_freeshipping` decimal(10,2) NOT NULL default '0.00',
  `vendor_currency_display_style` varchar(64) NOT NULL default '',
  PRIMARY KEY  (`vendor_id`),
  KEY `idx_vendor_name` (`vendor_name`),
  KEY `idx_vendor_category_id` (`vendor_category_id`)
) ENGINE=MyISAM DEFAULT CHARSET=latin1 COMMENT='Vendors manage their products in your store' AUTO_INCREMENT=2 ;

-- 
-- Dumping data for table `jos_vm_vendor`
-- 

INSERT INTO `jos_vm_vendor` VALUES (1, 'Mahsie Open Source Solutions Inc', 'Owner', 'Demo', 'Store', 'Mr.', '555-555-1212', '555-555-1212', '555-555-1212', 'muskoxen@mediavessel.com', '555-555-1212', '155 B Loretta', '', 'Ottawa', 'ON', 'CAN', 'K1J2Y7', 'Mahsie Open Source Solutions', '<p>We have the best tools for do-it-yourselfers.  Check us out! </p> 		<p>We were established in 1969 in a time when getting good tools was expensive, but the quality was good.  Now that only a select few of those authentic tools survive, we have dedicated this store to bringing the experience alive for collectors and master mechanics everywhere.</p> 		<p>You can easily find products selecting the category you would like to browse above.</p>', 0, '', '86c0f286a567165cff8ca6d3040e2bd1.png', 'USD', 950302468, 1176740558, 'shop_image/', '<h5>You haven&#39;t configured any terms of service yet. Click <a href="administrator/index2.php?page=store.store_form&amp;option=com_virtuemart">here</a> to change this text.</h5>', 'htttp://demo.mahsie.com/FINAL_DEMO/', 0.00, 0.00, '1|$|2|.| |2|1');

-- --------------------------------------------------------

-- 
-- Table structure for table `jos_vm_vendor_category`
-- 

CREATE TABLE `jos_vm_vendor_category` (
  `vendor_category_id` int(11) NOT NULL auto_increment,
  `vendor_category_name` varchar(64) default NULL,
  `vendor_category_desc` text,
  PRIMARY KEY  (`vendor_category_id`),
  KEY `idx_vendor_category_category_name` (`vendor_category_name`)
) ENGINE=MyISAM DEFAULT CHARSET=latin1 COMMENT='The categories that vendors are assigned to' AUTO_INCREMENT=7 ;

-- 
-- Dumping data for table `jos_vm_vendor_category`
-- 

INSERT INTO `jos_vm_vendor_category` VALUES (6, '-default-', 'Default');

-- --------------------------------------------------------

-- 
-- Table structure for table `jos_vm_visit`
-- 

CREATE TABLE `jos_vm_visit` (
  `visit_id` varchar(255) NOT NULL default '',
  `affiliate_id` int(11) NOT NULL default '0',
  `pages` int(11) NOT NULL default '0',
  `entry_page` varchar(255) NOT NULL default '',
  `exit_page` varchar(255) NOT NULL default '',
  `sdate` int(11) NOT NULL default '0',
  `edate` int(11) NOT NULL default '0',
  PRIMARY KEY  (`visit_id`)
) ENGINE=MyISAM DEFAULT CHARSET=latin1 COMMENT='Records the visit of an affiliate';

-- 
-- Dumping data for table `jos_vm_visit`
-- 


-- --------------------------------------------------------

-- 
-- Table structure for table `jos_vm_waiting_list`
-- 

CREATE TABLE `jos_vm_waiting_list` (
  `waiting_list_id` int(11) NOT NULL auto_increment,
  `product_id` int(11) NOT NULL default '0',
  `user_id` int(11) NOT NULL default '0',
  `notify_email` varchar(150) NOT NULL default '',
  `notified` enum('0','1') default '0',
  `notify_date` timestamp NOT NULL default CURRENT_TIMESTAMP on update CURRENT_TIMESTAMP,
  PRIMARY KEY  (`waiting_list_id`),
  KEY `product_id` (`product_id`),
  KEY `notify_email` (`notify_email`)
) ENGINE=MyISAM DEFAULT CHARSET=latin1 COMMENT='Stores notifications, users waiting f. products out of stock' AUTO_INCREMENT=1 ;

-- 
-- Dumping data for table `jos_vm_waiting_list`
-- 


-- --------------------------------------------------------

-- 
-- Table structure for table `jos_vm_zone_shipping`
-- 

CREATE TABLE `jos_vm_zone_shipping` (
  `zone_id` int(11) NOT NULL auto_increment,
  `zone_name` varchar(255) default NULL,
  `zone_cost` decimal(10,2) default NULL,
  `zone_limit` decimal(10,2) default NULL,
  `zone_description` text NOT NULL,
  `zone_tax_rate` int(11) NOT NULL default '0',
  PRIMARY KEY  (`zone_id`),
  KEY `zone_id` (`zone_id`)
) ENGINE=MyISAM DEFAULT CHARSET=latin1 COMMENT='The Zones managed by the Zone Shipping Module' AUTO_INCREMENT=5 ;

-- 
-- Dumping data for table `jos_vm_zone_shipping`
-- 

INSERT INTO `jos_vm_zone_shipping` VALUES (1, 'Default', 6.00, 35.00, 'This is the default Shipping Zone. This is the zone information that all countries will use until you assign each individual country to a Zone.', 2);
INSERT INTO `jos_vm_zone_shipping` VALUES (2, 'Zone 1', 1000.00, 10000.00, 'This is a zone example', 2);
INSERT INTO `jos_vm_zone_shipping` VALUES (3, 'Zone 2', 2.00, 22.00, 'This is the second zone. You can use this for notes about this zone', 2);
INSERT INTO `jos_vm_zone_shipping` VALUES (4, 'Zone 3', 11.00, 64.00, 'Another usefull thing might be details about this zone or special instructions.', 2);

-- --------------------------------------------------------

-- 
-- Table structure for table `jos_weblinks`
-- 

CREATE TABLE `jos_weblinks` (
  `id` int(11) unsigned NOT NULL auto_increment,
  `catid` int(11) NOT NULL default '0',
  `sid` int(11) NOT NULL default '0',
  `title` varchar(250) NOT NULL default '',
  `url` varchar(250) NOT NULL default '',
  `description` varchar(250) NOT NULL default '',
  `date` datetime NOT NULL default '0000-00-00 00:00:00',
  `hits` int(11) NOT NULL default '0',
  `published` tinyint(1) NOT NULL default '0',
  `checked_out` int(11) NOT NULL default '0',
  `checked_out_time` datetime NOT NULL default '0000-00-00 00:00:00',
  `ordering` int(11) NOT NULL default '0',
  `archived` tinyint(1) NOT NULL default '0',
  `approved` tinyint(1) NOT NULL default '1',
  `params` text NOT NULL,
  PRIMARY KEY  (`id`),
  KEY `catid` (`catid`,`published`,`archived`)
) ENGINE=MyISAM DEFAULT CHARSET=latin1 AUTO_INCREMENT=6 ;

-- 
-- Dumping data for table `jos_weblinks`
-- 

INSERT INTO `jos_weblinks` VALUES (1, 2, 0, 'Joomla!', 'http://www.joomla.org', 'Home of Joomla!', '2005-02-14 15:19:02', 2, 1, 0, '0000-00-00 00:00:00', 1, 0, 1, 'target=0');
INSERT INTO `jos_weblinks` VALUES (2, 2, 0, 'php.net', 'http://www.php.net', 'The language that Joomla! is developed in', '2004-07-07 11:33:24', 0, 1, 0, '0000-00-00 00:00:00', 3, 0, 1, '');
INSERT INTO `jos_weblinks` VALUES (3, 2, 0, 'MySQL', 'http://www.mysql.com', 'The database that Joomla! uses', '2004-07-07 10:18:31', 0, 1, 0, '0000-00-00 00:00:00', 5, 0, 1, '');
INSERT INTO `jos_weblinks` VALUES (4, 2, 0, 'OpenSourceMatters', 'http://www.opensourcematters.org', 'Home of OSM', '2005-02-14 15:19:02', 2, 1, 0, '0000-00-00 00:00:00', 1, 0, 1, 'target=0');
INSERT INTO `jos_weblinks` VALUES (5, 2, 0, 'Joomla! - Forums', 'http://forum.joomla.org', 'Joomla! Forums', '2005-02-14 15:19:02', 2, 1, 0, '0000-00-00 00:00:00', 1, 0, 1, 'target=0');

-- --------------------------------------------------------

-- 
-- Table structure for table `lar`
-- 

CREATE TABLE `lar` (
  `larid` int(19) NOT NULL default '0',
  `name` varchar(50) NOT NULL default '',
  `createdby` int(19) NOT NULL default '0',
  `createdon` date NOT NULL default '0000-00-00',
  PRIMARY KEY  (`larid`),
  UNIQUE KEY `LAR_UK0` (`name`),
  KEY `LAR_IDX0` (`createdby`)
) ENGINE=InnoDB DEFAULT CHARSET=latin1;

-- 
-- Dumping data for table `lar`
-- 


-- --------------------------------------------------------

-- 
-- Table structure for table `lastcostrollup`
-- 

CREATE TABLE `lastcostrollup` (
  `stockid` char(20) NOT NULL default '',
  `totalonhand` double NOT NULL default '0',
  `matcost` decimal(20,4) NOT NULL default '0.0000',
  `labcost` decimal(20,4) NOT NULL default '0.0000',
  `oheadcost` decimal(20,4) NOT NULL default '0.0000',
  `categoryid` char(6) NOT NULL default '',
  `stockact` int(11) NOT NULL default '0',
  `adjglact` int(11) NOT NULL default '0',
  `newmatcost` decimal(20,4) NOT NULL default '0.0000',
  `newlabcost` decimal(20,4) NOT NULL default '0.0000',
  `newoheadcost` decimal(20,4) NOT NULL default '0.0000'
) ENGINE=InnoDB DEFAULT CHARSET=latin1;

-- 
-- Dumping data for table `lastcostrollup`
-- 


-- --------------------------------------------------------

-- 
-- Table structure for table `leadacctrel`
-- 

CREATE TABLE `leadacctrel` (
  `leadid` int(19) NOT NULL default '0',
  `accountid` int(19) NOT NULL default '0',
  PRIMARY KEY  (`leadid`),
  KEY `LeadAcctRel_IDX1` (`accountid`)
) ENGINE=InnoDB DEFAULT CHARSET=latin1;

-- 
-- Dumping data for table `leadacctrel`
-- 


-- --------------------------------------------------------

-- 
-- Table structure for table `leadaddress`
-- 

CREATE TABLE `leadaddress` (
  `leadaddressid` int(19) NOT NULL default '0',
  `city` varchar(30) default NULL,
  `code` varchar(30) default NULL,
  `state` varchar(30) default NULL,
  `country` varchar(30) default NULL,
  `phone` varchar(50) default NULL,
  `mobile` varchar(50) default NULL,
  `fax` varchar(50) default NULL,
  `lane` varchar(30) default NULL,
  `leadaddresstype` varchar(30) default 'Billing',
  `lane2` varchar(250) default NULL,
  PRIMARY KEY  (`leadaddressid`)
) ENGINE=InnoDB DEFAULT CHARSET=latin1;

-- 
-- Dumping data for table `leadaddress`
-- 

INSERT INTO `leadaddress` VALUES (1001, 'Ottawa', 'K2E 6Z5', 'ON', 'Canada', '613-789-0000', '', '', '14 Millhaven Lane', 'Billing', '');
INSERT INTO `leadaddress` VALUES (1002, 'Toronto', 'M5S 2T3', 'ON', 'Canada', '416-776-8888', '', '', '1456 Bathurst Ave.', 'Billing', 'Second Floor');
INSERT INTO `leadaddress` VALUES (1003, 'Toronto', 'M5S 2T3', 'ON', 'Canada', '416-776-8888', '', '', '1456 Bathurst Ave.', 'Billing', 'Second Floor');
INSERT INTO `leadaddress` VALUES (1004, 'Washington', '44332-9709', 'DC', 'USA', '450-456-7777', '', '', '146 Ninth Ave. NW', 'Billing', '');
INSERT INTO `leadaddress` VALUES (1005, 'Halifax', 'G3D 7X7', 'NS', 'Canada', '905-275-5555', '', '', '95 Science Blvd.', 'Billing', '');
INSERT INTO `leadaddress` VALUES (1006, 'Montreal', 'H3J 4G2', 'QC', 'Canada', '514-997-6545', '', '', '97 blvd. Levesque', 'Billing', '');
INSERT INTO `leadaddress` VALUES (1048, 'Cleveland', '77855', 'OH', 'USA', '800-765-4321', '', '', '234 Washington Drive', 'Billing', '');
INSERT INTO `leadaddress` VALUES (1049, 'Toronto', 'M5H 7H8', 'ON', 'Canada', '416-678-3344', '', '', '1944 Bloor St. W.', 'Billing', '');
INSERT INTO `leadaddress` VALUES (1050, 'Halifax', 'C3C 7H6', 'NS', 'Canada', '516-555-5555', '', '', '823 Fitzharbour Drive', 'Billing', '');
INSERT INTO `leadaddress` VALUES (1051, 'Montreal', 'H5J R3R', 'QC', 'Quebec', '514-445-6889', '', '', '9754 Mont Royal', 'Billing', '');

-- --------------------------------------------------------

-- 
-- Table structure for table `leadcontrel`
-- 

CREATE TABLE `leadcontrel` (
  `leadid` int(19) NOT NULL default '0',
  `contactid` int(19) NOT NULL default '0',
  PRIMARY KEY  (`leadid`),
  KEY `LeadContRel_IDX1` (`contactid`)
) ENGINE=InnoDB DEFAULT CHARSET=latin1;

-- 
-- Dumping data for table `leadcontrel`
-- 


-- --------------------------------------------------------

-- 
-- Table structure for table `leaddetails`
-- 

CREATE TABLE `leaddetails` (
  `leadid` int(19) NOT NULL default '0',
  `email` varchar(100) default NULL,
  `interest` varchar(50) default NULL,
  `firstname` varchar(40) default NULL,
  `salutation` varchar(10) default NULL,
  `lastname` varchar(80) NOT NULL default '',
  `company` varchar(100) NOT NULL default '',
  `annualrevenue` int(19) default '0',
  `industry` varchar(50) default NULL,
  `campaign` varchar(30) default NULL,
  `rating` varchar(50) default NULL,
  `leadstatus` varchar(50) default NULL,
  `leadsource` varchar(50) default NULL,
  `converted` int(1) default '0',
  `designation` varchar(50) default 'SalesMan',
  `licencekeystatus` varchar(50) default NULL,
  `space` varchar(250) default NULL,
  `comments` longtext,
  `priority` varchar(50) default NULL,
  `demorequest` varchar(50) default NULL,
  `partnercontact` varchar(50) default NULL,
  `productversion` varchar(20) default NULL,
  `product` varchar(50) default NULL,
  `maildate` date default NULL,
  `nextstepdate` date default NULL,
  `fundingsituation` varchar(50) default NULL,
  `purpose` varchar(50) default NULL,
  `evaluationstatus` varchar(50) default NULL,
  `transferdate` date default NULL,
  `revenuetype` varchar(50) default NULL,
  `noofemployees` varchar(50) default NULL,
  `yahooid` varchar(100) default NULL,
  `assignleadchk` int(1) default '0',
  PRIMARY KEY  (`leadid`),
  KEY `converted` (`converted`,`leadstatus`)
) ENGINE=InnoDB DEFAULT CHARSET=latin1;

-- 
-- Dumping data for table `leaddetails`
-- 

INSERT INTO `leaddetails` VALUES (1001, 'smith@farsight.com', NULL, 'Peter', 'Mr.', 'Smith', 'Farsight Inc.', 0, 'Technology', NULL, 'Active', 'Warm', 'Self Generated', 0, '', NULL, NULL, NULL, NULL, NULL, NULL, NULL, NULL, NULL, NULL, NULL, NULL, NULL, NULL, NULL, '', '', 0);
INSERT INTO `leaddetails` VALUES (1002, '', NULL, 'Francene', 'Ms.', 'Bacon', 'Toronto Hardware', 0, 'Supplier', NULL, 'Active', 'Hot', 'Public Relations', 0, '', NULL, NULL, NULL, NULL, NULL, NULL, NULL, NULL, NULL, NULL, NULL, NULL, NULL, NULL, NULL, '', '', 0);
INSERT INTO `leaddetails` VALUES (1003, '', NULL, 'Federick', 'Mr.', 'Bowles', 'Toronto Hardware', 0, 'Supplier', NULL, 'Active', 'Hot', 'Public Relations', 0, '', NULL, NULL, NULL, NULL, NULL, NULL, NULL, NULL, NULL, NULL, NULL, NULL, NULL, NULL, NULL, '', '', 0);
INSERT INTO `leaddetails` VALUES (1004, '', NULL, 'Diane', 'Mrs.', 'Finestone', 'US Equip Inc.', 0, 'Other', NULL, 'Acquired', 'Contacted', 'Existing Customer', 1, '', NULL, NULL, NULL, NULL, NULL, NULL, NULL, NULL, NULL, NULL, NULL, NULL, NULL, NULL, NULL, '', '', 0);
INSERT INTO `leaddetails` VALUES (1005, '', NULL, 'Charles', 'Mr.', 'Darwin', 'Evolution Equipment Inc.', 0, 'Supplier', NULL, 'Active', 'Contacted', 'Cold Call', 0, '', NULL, NULL, NULL, NULL, NULL, NULL, NULL, NULL, NULL, NULL, NULL, NULL, NULL, NULL, NULL, '', '', 0);
INSERT INTO `leaddetails` VALUES (1006, '', NULL, 'Leah', 'Ms.', 'Thompson', 'Gardening Supplies Co.', 0, 'Hardware', NULL, 'Active', 'Contact in Future', 'Trade Show', 0, '', NULL, NULL, NULL, NULL, NULL, NULL, NULL, NULL, NULL, NULL, NULL, NULL, NULL, NULL, NULL, '', '', 0);
INSERT INTO `leaddetails` VALUES (1048, '', NULL, 'Harvey', '--None--', 'Wilmington', 'Friendly Hardware Store', 0, 'Hardware', NULL, 'Active', 'Attempted to Contact', 'Trade Show', 0, '', NULL, NULL, NULL, NULL, NULL, NULL, NULL, NULL, NULL, NULL, NULL, NULL, NULL, NULL, NULL, '', '', 0);
INSERT INTO `leaddetails` VALUES (1049, '', NULL, 'Berri', 'Ms.', 'Johnston', 'Honest Fred''s Discount Store', 0, 'Hardware', NULL, 'Active', 'Hot', 'Trade Show', 0, '', NULL, NULL, NULL, NULL, NULL, NULL, NULL, NULL, NULL, NULL, NULL, NULL, NULL, NULL, NULL, '', '', 0);
INSERT INTO `leaddetails` VALUES (1050, '', NULL, 'Luke', 'Mr.', 'Perry Jr.', 'Halifax Harbour Supply Store', 0, 'Supplier', NULL, 'Acquired', 'Qualified', 'Word of mouth', 0, '', NULL, NULL, NULL, NULL, NULL, NULL, NULL, NULL, NULL, NULL, NULL, NULL, NULL, NULL, NULL, '', '', 0);
INSERT INTO `leaddetails` VALUES (1051, '', NULL, 'Beverley', 'Mrs.', 'Sauv', 'Mont Royal Hardware', 0, 'Hardware', NULL, 'Active', 'Warm', 'Direct Mail', 1, '', NULL, NULL, NULL, NULL, NULL, NULL, NULL, NULL, NULL, NULL, NULL, NULL, NULL, NULL, NULL, '', '', 0);

-- --------------------------------------------------------

-- 
-- Table structure for table `leadgrouprelation`
-- 

CREATE TABLE `leadgrouprelation` (
  `leadid` int(19) default NULL,
  `groupname` varchar(100) default NULL,
  KEY `leadgrouprelation_IDX0` (`leadid`),
  KEY `leadgrouprelation_IDX1` (`groupname`)
) ENGINE=InnoDB DEFAULT CHARSET=latin1;

-- 
-- Dumping data for table `leadgrouprelation`
-- 


-- --------------------------------------------------------

-- 
-- Table structure for table `leadpotrel`
-- 

CREATE TABLE `leadpotrel` (
  `leadid` int(19) NOT NULL default '0',
  `potentialid` int(19) NOT NULL default '0',
  PRIMARY KEY  (`potentialid`),
  UNIQUE KEY `LeadPotRel_UK0` (`leadid`)
) ENGINE=InnoDB DEFAULT CHARSET=latin1;

-- 
-- Dumping data for table `leadpotrel`
-- 


-- --------------------------------------------------------

-- 
-- Table structure for table `leadscf`
-- 

CREATE TABLE `leadscf` (
  `leadid` int(19) NOT NULL default '0',
  PRIMARY KEY  (`leadid`)
) ENGINE=InnoDB DEFAULT CHARSET=latin1;

-- 
-- Dumping data for table `leadscf`
-- 

INSERT INTO `leadscf` VALUES (1001);
INSERT INTO `leadscf` VALUES (1002);
INSERT INTO `leadscf` VALUES (1003);
INSERT INTO `leadscf` VALUES (1004);
INSERT INTO `leadscf` VALUES (1005);
INSERT INTO `leadscf` VALUES (1006);
INSERT INTO `leadscf` VALUES (1048);
INSERT INTO `leadscf` VALUES (1049);
INSERT INTO `leadscf` VALUES (1050);
INSERT INTO `leadscf` VALUES (1051);

-- --------------------------------------------------------

-- 
-- Table structure for table `leadsource`
-- 

CREATE TABLE `leadsource` (
  `leadsourceid` int(19) NOT NULL auto_increment,
  `leadsource` varchar(200) NOT NULL default '',
  `sortorderid` int(19) NOT NULL default '0',
  `presence` int(1) NOT NULL default '1',
  PRIMARY KEY  (`leadsourceid`)
) ENGINE=InnoDB DEFAULT CHARSET=latin1 AUTO_INCREMENT=14 ;

-- 
-- Dumping data for table `leadsource`
-- 

INSERT INTO `leadsource` VALUES (1, '--None--', 0, 1);
INSERT INTO `leadsource` VALUES (2, 'Cold Call', 1, 1);
INSERT INTO `leadsource` VALUES (3, 'Existing Customer', 2, 1);
INSERT INTO `leadsource` VALUES (4, 'Self Generated', 3, 1);
INSERT INTO `leadsource` VALUES (5, 'Employee', 4, 1);
INSERT INTO `leadsource` VALUES (6, 'Partner', 5, 1);
INSERT INTO `leadsource` VALUES (7, 'Public Relations', 6, 1);
INSERT INTO `leadsource` VALUES (8, 'Direct Mail', 7, 1);
INSERT INTO `leadsource` VALUES (9, 'Conference', 8, 1);
INSERT INTO `leadsource` VALUES (10, 'Trade Show', 9, 1);
INSERT INTO `leadsource` VALUES (11, 'Web Site', 10, 1);
INSERT INTO `leadsource` VALUES (12, 'Word of mouth', 11, 1);
INSERT INTO `leadsource` VALUES (13, 'Other', 12, 1);

-- --------------------------------------------------------

-- 
-- Table structure for table `leadstage`
-- 

CREATE TABLE `leadstage` (
  `leadstageid` int(19) NOT NULL auto_increment,
  `stage` varchar(200) NOT NULL default '',
  `sortorderid` int(19) NOT NULL default '0',
  `presence` int(1) NOT NULL default '1',
  PRIMARY KEY  (`leadstageid`),
  UNIQUE KEY `LeadStage_UK0` (`stage`)
) ENGINE=InnoDB DEFAULT CHARSET=latin1 AUTO_INCREMENT=1 ;

-- 
-- Dumping data for table `leadstage`
-- 


-- --------------------------------------------------------

-- 
-- Table structure for table `leadstatus`
-- 

CREATE TABLE `leadstatus` (
  `leadstatusid` int(19) NOT NULL auto_increment,
  `leadstatus` varchar(200) NOT NULL default '',
  `sortorderid` int(19) NOT NULL default '0',
  `presence` int(1) NOT NULL default '1',
  PRIMARY KEY  (`leadstatusid`)
) ENGINE=InnoDB DEFAULT CHARSET=latin1 AUTO_INCREMENT=13 ;

-- 
-- Dumping data for table `leadstatus`
-- 

INSERT INTO `leadstatus` VALUES (1, '--None--', 0, 1);
INSERT INTO `leadstatus` VALUES (2, 'Attempted to Contact', 1, 1);
INSERT INTO `leadstatus` VALUES (3, 'Cold', 2, 1);
INSERT INTO `leadstatus` VALUES (4, 'Contact in Future', 3, 1);
INSERT INTO `leadstatus` VALUES (5, 'Contacted', 4, 1);
INSERT INTO `leadstatus` VALUES (6, 'Hot', 5, 1);
INSERT INTO `leadstatus` VALUES (7, 'Junk Lead', 6, 1);
INSERT INTO `leadstatus` VALUES (8, 'Lost Lead', 7, 1);
INSERT INTO `leadstatus` VALUES (9, 'Not Contacted', 8, 1);
INSERT INTO `leadstatus` VALUES (10, 'Pre Qualified', 9, 1);
INSERT INTO `leadstatus` VALUES (11, 'Qualified', 10, 1);
INSERT INTO `leadstatus` VALUES (12, 'Warm', 11, 1);

-- --------------------------------------------------------

-- 
-- Table structure for table `leadsubdetails`
-- 

CREATE TABLE `leadsubdetails` (
  `leadsubscriptionid` int(19) NOT NULL default '0',
  `currency` varchar(20) default 'Dollars',
  `website` varchar(255) default NULL,
  `callornot` int(1) default '0',
  `readornot` int(1) default '0',
  `empct` int(10) default '0',
  PRIMARY KEY  (`leadsubscriptionid`)
) ENGINE=InnoDB DEFAULT CHARSET=latin1;

-- 
-- Dumping data for table `leadsubdetails`
-- 

INSERT INTO `leadsubdetails` VALUES (1001, 'Dollars', '', 0, 0, 0);
INSERT INTO `leadsubdetails` VALUES (1002, 'Dollars', '', 0, 0, 0);
INSERT INTO `leadsubdetails` VALUES (1003, 'Dollars', '', 0, 0, 0);
INSERT INTO `leadsubdetails` VALUES (1004, 'Dollars', '', 0, 0, 0);
INSERT INTO `leadsubdetails` VALUES (1005, 'Dollars', '', 0, 0, 0);
INSERT INTO `leadsubdetails` VALUES (1006, 'Dollars', '', 0, 0, 0);
INSERT INTO `leadsubdetails` VALUES (1048, 'Dollars', '', 0, 0, 0);
INSERT INTO `leadsubdetails` VALUES (1049, 'Dollars', '', 0, 0, 0);
INSERT INTO `leadsubdetails` VALUES (1050, 'Dollars', '', 0, 0, 0);
INSERT INTO `leadsubdetails` VALUES (1051, 'Dollars', '', 0, 0, 0);

-- --------------------------------------------------------

-- 
-- Table structure for table `licencekeystatus`
-- 

CREATE TABLE `licencekeystatus` (
  `licencekeystatusid` int(19) NOT NULL auto_increment,
  `licencekeystatus` varchar(200) NOT NULL default '',
  `sortorderid` int(19) NOT NULL default '0',
  `presence` int(1) NOT NULL default '1',
  PRIMARY KEY  (`licencekeystatusid`)
) ENGINE=InnoDB DEFAULT CHARSET=latin1 AUTO_INCREMENT=4 ;

-- 
-- Dumping data for table `licencekeystatus`
-- 

INSERT INTO `licencekeystatus` VALUES (1, '--None--', 0, 1);
INSERT INTO `licencekeystatus` VALUES (2, 'Sent', 1, 1);
INSERT INTO `licencekeystatus` VALUES (3, 'Not Sent', 2, 1);

-- --------------------------------------------------------

-- 
-- Table structure for table `locations`
-- 

CREATE TABLE `locations` (
  `loccode` varchar(5) NOT NULL default '',
  `locationname` varchar(50) NOT NULL default '',
  `deladd1` varchar(40) NOT NULL default '',
  `deladd2` varchar(40) NOT NULL default '',
  `deladd3` varchar(40) NOT NULL default '',
  `deladd4` varchar(40) NOT NULL default '',
  `deladd5` varchar(20) NOT NULL default '',
  `deladd6` varchar(15) NOT NULL default '',
  `tel` varchar(30) NOT NULL default '',
  `fax` varchar(30) NOT NULL default '',
  `email` varchar(55) NOT NULL default '',
  `contact` varchar(30) NOT NULL default '',
  `taxprovinceid` tinyint(4) NOT NULL default '1',
  `managed` int(11) default '0',
  PRIMARY KEY  (`loccode`),
  KEY `taxprovinceid` (`taxprovinceid`)
) ENGINE=InnoDB DEFAULT CHARSET=latin1;

-- 
-- Dumping data for table `locations`
-- 

INSERT INTO `locations` VALUES ('HQ', 'Ottawa Head Office', '4 Main Street', 'Suite 1B', 'Ottawa', 'ON', 'Canada', '', '', '', '', '', 1, 1);
INSERT INTO `locations` VALUES ('NY', 'New York Plant', '7th Ave NW', 'Box 100', 'Rochester', 'NY', 'USA', '11223', '', '', '', '', 1, 1);
INSERT INTO `locations` VALUES ('TK', 'Tokyo', 'Wentworth Street', '', '', '', '', '', '', '', '', 'sa', 1, 0);
INSERT INTO `locations` VALUES ('TOR', 'Toronto Warehouse', '24 Waterfront Street', '', 'Toronto', 'ON', 'Canada', 'M5S 2E5', '', '', '', '', 1, 1);
INSERT INTO `locations` VALUES ('WALK', 'Walk In Sales', '4 Main St', 'Suite 1B', 'Ottawa', 'ON', 'Canada', '', '', '', '', '', 1, 1);

-- --------------------------------------------------------

-- 
-- Table structure for table `locstock`
-- 

CREATE TABLE `locstock` (
  `loccode` varchar(5) NOT NULL default '',
  `stockid` varchar(20) NOT NULL default '',
  `quantity` double NOT NULL default '0',
  `reorderlevel` bigint(20) NOT NULL default '0',
  PRIMARY KEY  (`loccode`,`stockid`),
  KEY `StockID` (`stockid`)
) ENGINE=InnoDB DEFAULT CHARSET=latin1;

-- 
-- Dumping data for table `locstock`
-- 

INSERT INTO `locstock` VALUES ('HQ', 'G01', 0, 0);
INSERT INTO `locstock` VALUES ('HQ', 'G01-01', 0, 0);
INSERT INTO `locstock` VALUES ('HQ', 'G01-02', 0, 0);
INSERT INTO `locstock` VALUES ('HQ', 'G01-03', 0, 0);
INSERT INTO `locstock` VALUES ('HQ', 'G03', 0, 0);
INSERT INTO `locstock` VALUES ('HQ', 'G04', 0, 0);
INSERT INTO `locstock` VALUES ('HQ', 'GOLFTDI', 0, 0);
INSERT INTO `locstock` VALUES ('HQ', 'H01', 0, 0);
INSERT INTO `locstock` VALUES ('HQ', 'H02', 0, 0);
INSERT INTO `locstock` VALUES ('HQ', 'L01', 0, 0);
INSERT INTO `locstock` VALUES ('HQ', 'L02', 0, 0);
INSERT INTO `locstock` VALUES ('HQ', 'L03', 0, 0);
INSERT INTO `locstock` VALUES ('HQ', 'P01', 0, 0);
INSERT INTO `locstock` VALUES ('HQ', 'P02', 6, 0);
INSERT INTO `locstock` VALUES ('HQ', 'P03', 0, 0);
INSERT INTO `locstock` VALUES ('HQ', 'P04', 0, 0);
INSERT INTO `locstock` VALUES ('HQ', 'R01-H01', 0, 0);
INSERT INTO `locstock` VALUES ('HQ', 'R02-H01', 0, 0);
INSERT INTO `locstock` VALUES ('HQ', 'R03-H02', 0, 0);
INSERT INTO `locstock` VALUES ('HQ', 'R04-H02', 0, 0);
INSERT INTO `locstock` VALUES ('HQ', 'S01', 0, 0);
INSERT INTO `locstock` VALUES ('HQ', 'TEST-132', 0, 0);
INSERT INTO `locstock` VALUES ('HQ', 'TURBO', 0, 0);
INSERT INTO `locstock` VALUES ('HQ', 'TURBO-TEST', 0, 0);
INSERT INTO `locstock` VALUES ('HQ', 'VW-001-03', 0, 0);
INSERT INTO `locstock` VALUES ('NY', 'G01', 0, 0);
INSERT INTO `locstock` VALUES ('NY', 'G01-01', 0, 0);
INSERT INTO `locstock` VALUES ('NY', 'G01-02', 0, 0);
INSERT INTO `locstock` VALUES ('NY', 'G01-03', 0, 0);
INSERT INTO `locstock` VALUES ('NY', 'G03', 0, 0);
INSERT INTO `locstock` VALUES ('NY', 'G04', 0, 0);
INSERT INTO `locstock` VALUES ('NY', 'GOLFTDI', 0, 0);
INSERT INTO `locstock` VALUES ('NY', 'H01', 0, 0);
INSERT INTO `locstock` VALUES ('NY', 'H02', 0, 0);
INSERT INTO `locstock` VALUES ('NY', 'L01', 0, 0);
INSERT INTO `locstock` VALUES ('NY', 'L02', 0, 0);
INSERT INTO `locstock` VALUES ('NY', 'L03', 0, 0);
INSERT INTO `locstock` VALUES ('NY', 'P01', 0, 0);
INSERT INTO `locstock` VALUES ('NY', 'P02', 0, 0);
INSERT INTO `locstock` VALUES ('NY', 'P03', 0, 0);
INSERT INTO `locstock` VALUES ('NY', 'P04', 0, 0);
INSERT INTO `locstock` VALUES ('NY', 'R01-H01', 0, 0);
INSERT INTO `locstock` VALUES ('NY', 'R02-H01', 0, 0);
INSERT INTO `locstock` VALUES ('NY', 'R03-H02', 0, 0);
INSERT INTO `locstock` VALUES ('NY', 'R04-H02', 0, 0);
INSERT INTO `locstock` VALUES ('NY', 'S01', 0, 0);
INSERT INTO `locstock` VALUES ('NY', 'TEST-132', 0, 0);
INSERT INTO `locstock` VALUES ('NY', 'TURBO', 0, 0);
INSERT INTO `locstock` VALUES ('NY', 'TURBO-TEST', 0, 0);
INSERT INTO `locstock` VALUES ('NY', 'VW-001-03', 0, 0);
INSERT INTO `locstock` VALUES ('TK', 'G01', 0, 0);
INSERT INTO `locstock` VALUES ('TK', 'G01-01', 0, 0);
INSERT INTO `locstock` VALUES ('TK', 'G01-02', 0, 0);
INSERT INTO `locstock` VALUES ('TK', 'G01-03', 0, 0);
INSERT INTO `locstock` VALUES ('TK', 'G03', 0, 0);
INSERT INTO `locstock` VALUES ('TK', 'G04', 0, 0);
INSERT INTO `locstock` VALUES ('TK', 'GOLFTDI', 0, 0);
INSERT INTO `locstock` VALUES ('TK', 'H01', 0, 0);
INSERT INTO `locstock` VALUES ('TK', 'H02', 0, 0);
INSERT INTO `locstock` VALUES ('TK', 'L01', 0, 0);
INSERT INTO `locstock` VALUES ('TK', 'L02', 0, 0);
INSERT INTO `locstock` VALUES ('TK', 'L03', 0, 0);
INSERT INTO `locstock` VALUES ('TK', 'P01', 0, 0);
INSERT INTO `locstock` VALUES ('TK', 'P02', 0, 0);
INSERT INTO `locstock` VALUES ('TK', 'P03', 0, 0);
INSERT INTO `locstock` VALUES ('TK', 'P04', 0, 0);
INSERT INTO `locstock` VALUES ('TK', 'R01-H01', 0, 0);
INSERT INTO `locstock` VALUES ('TK', 'R02-H01', 0, 0);
INSERT INTO `locstock` VALUES ('TK', 'R03-H02', 0, 0);
INSERT INTO `locstock` VALUES ('TK', 'R04-H02', 0, 0);
INSERT INTO `locstock` VALUES ('TK', 'S01', 0, 0);
INSERT INTO `locstock` VALUES ('TK', 'TEST-132', 0, 0);
INSERT INTO `locstock` VALUES ('TK', 'TURBO', 0, 0);
INSERT INTO `locstock` VALUES ('TK', 'TURBO-TEST', 0, 0);
INSERT INTO `locstock` VALUES ('TK', 'VW-001-03', 0, 0);
INSERT INTO `locstock` VALUES ('TOR', 'G01', 0, 0);
INSERT INTO `locstock` VALUES ('TOR', 'G01-01', 9977, 0);
INSERT INTO `locstock` VALUES ('TOR', 'G01-02', 250, 0);
INSERT INTO `locstock` VALUES ('TOR', 'G01-03', 0, 0);
INSERT INTO `locstock` VALUES ('TOR', 'G03', 0, 0);
INSERT INTO `locstock` VALUES ('TOR', 'G04', 0, 0);
INSERT INTO `locstock` VALUES ('TOR', 'GOLFTDI', 0, 0);
INSERT INTO `locstock` VALUES ('TOR', 'H01', 295, 0);
INSERT INTO `locstock` VALUES ('TOR', 'H02', 244, 0);
INSERT INTO `locstock` VALUES ('TOR', 'L01', 0, 0);
INSERT INTO `locstock` VALUES ('TOR', 'L02', 0, 0);
INSERT INTO `locstock` VALUES ('TOR', 'L03', 0, 0);
INSERT INTO `locstock` VALUES ('TOR', 'P01', 0, 0);
INSERT INTO `locstock` VALUES ('TOR', 'P02', 0, 0);
INSERT INTO `locstock` VALUES ('TOR', 'P03', 0, 0);
INSERT INTO `locstock` VALUES ('TOR', 'P04', 0, 0);
INSERT INTO `locstock` VALUES ('TOR', 'R01-H01', 0, 0);
INSERT INTO `locstock` VALUES ('TOR', 'R02-H01', 0, 0);
INSERT INTO `locstock` VALUES ('TOR', 'R03-H02', 0, 0);
INSERT INTO `locstock` VALUES ('TOR', 'R04-H02', 0, 0);
INSERT INTO `locstock` VALUES ('TOR', 'S01', 0, 0);
INSERT INTO `locstock` VALUES ('TOR', 'TEST-132', 0, 0);
INSERT INTO `locstock` VALUES ('TOR', 'TURBO', 0, 0);
INSERT INTO `locstock` VALUES ('TOR', 'TURBO-TEST', 0, 0);
INSERT INTO `locstock` VALUES ('TOR', 'VW-001-03', 0, 0);
INSERT INTO `locstock` VALUES ('WALK', 'G01', 0, 0);
INSERT INTO `locstock` VALUES ('WALK', 'G01-01', 0, 0);
INSERT INTO `locstock` VALUES ('WALK', 'G01-02', 0, 0);
INSERT INTO `locstock` VALUES ('WALK', 'G01-03', 0, 0);
INSERT INTO `locstock` VALUES ('WALK', 'G03', 0, 0);
INSERT INTO `locstock` VALUES ('WALK', 'G04', 0, 0);
INSERT INTO `locstock` VALUES ('WALK', 'GOLFTDI', 0, 0);
INSERT INTO `locstock` VALUES ('WALK', 'H01', 0, 0);
INSERT INTO `locstock` VALUES ('WALK', 'H02', 0, 0);
INSERT INTO `locstock` VALUES ('WALK', 'L01', 0, 0);
INSERT INTO `locstock` VALUES ('WALK', 'L02', 0, 0);
INSERT INTO `locstock` VALUES ('WALK', 'L03', 0, 0);
INSERT INTO `locstock` VALUES ('WALK', 'P01', 0, 0);
INSERT INTO `locstock` VALUES ('WALK', 'P02', 0, 0);
INSERT INTO `locstock` VALUES ('WALK', 'P03', 0, 0);
INSERT INTO `locstock` VALUES ('WALK', 'P04', 0, 0);
INSERT INTO `locstock` VALUES ('WALK', 'R01-H01', 0, 0);
INSERT INTO `locstock` VALUES ('WALK', 'R02-H01', 0, 0);
INSERT INTO `locstock` VALUES ('WALK', 'R03-H02', 0, 0);
INSERT INTO `locstock` VALUES ('WALK', 'R04-H02', 0, 0);
INSERT INTO `locstock` VALUES ('WALK', 'S01', 0, 0);
INSERT INTO `locstock` VALUES ('WALK', 'TEST-132', 0, 0);
INSERT INTO `locstock` VALUES ('WALK', 'TURBO', 0, 0);
INSERT INTO `locstock` VALUES ('WALK', 'TURBO-TEST', 0, 0);
INSERT INTO `locstock` VALUES ('WALK', 'VW-001-03', 0, 0);

-- --------------------------------------------------------

-- 
-- Table structure for table `loctransfers`
-- 

CREATE TABLE `loctransfers` (
  `reference` int(11) NOT NULL default '0',
  `stockid` varchar(20) NOT NULL default '',
  `shipqty` int(11) NOT NULL default '0',
  `recqty` int(11) NOT NULL default '0',
  `shipdate` date NOT NULL default '0000-00-00',
  `recdate` date NOT NULL default '0000-00-00',
  `shiploc` varchar(7) NOT NULL default '',
  `recloc` varchar(7) NOT NULL default '',
  KEY `Reference` (`reference`,`stockid`),
  KEY `ShipLoc` (`shiploc`),
  KEY `RecLoc` (`recloc`),
  KEY `StockID` (`stockid`)
) ENGINE=InnoDB DEFAULT CHARSET=latin1 COMMENT='Stores Shipments To And From Locations';

-- 
-- Dumping data for table `loctransfers`
-- 


-- --------------------------------------------------------

-- 
-- Table structure for table `loginhistory`
-- 

CREATE TABLE `loginhistory` (
  `login_id` int(11) NOT NULL auto_increment,
  `user_name` varchar(25) NOT NULL default '',
  `user_ip` varchar(25) NOT NULL default '',
  `logout_time` timestamp NOT NULL default CURRENT_TIMESTAMP on update CURRENT_TIMESTAMP,
  `login_time` timestamp NOT NULL default '0000-00-00 00:00:00',
  `status` varchar(25) default NULL,
  PRIMARY KEY  (`login_id`)
) ENGINE=MyISAM DEFAULT CHARSET=latin1 AUTO_INCREMENT=1074 ;

-- 
-- Dumping data for table `loginhistory`
-- 

INSERT INTO `loginhistory` VALUES (1038, 'admin', '74.14.228.129', '0000-00-00 00:00:00', '2007-03-21 11:58:35', 'Signedin');
INSERT INTO `loginhistory` VALUES (1039, 'admin', '74.14.228.129', '0000-00-00 00:00:00', '2007-03-21 12:29:31', 'Signedin');
INSERT INTO `loginhistory` VALUES (1040, 'admin', '74.14.228.129', '0000-00-00 00:00:00', '2007-03-21 14:36:27', 'Signedin');
INSERT INTO `loginhistory` VALUES (1041, 'admin', '74.14.228.129', '0000-00-00 00:00:00', '2007-03-21 15:38:24', 'Signedin');
INSERT INTO `loginhistory` VALUES (1042, 'admin', '74.14.228.129', '0000-00-00 00:00:00', '2007-03-21 16:08:35', 'Signedin');
INSERT INTO `loginhistory` VALUES (1043, 'admin', '74.104.4.25', '0000-00-00 00:00:00', '2007-03-21 20:24:15', 'Signedin');
INSERT INTO `loginhistory` VALUES (1044, 'admin', '74.104.4.25', '0000-00-00 00:00:00', '2007-03-21 22:23:41', 'Signedin');
INSERT INTO `loginhistory` VALUES (1045, 'admin', '74.104.4.25', '0000-00-00 00:00:00', '2007-03-22 02:37:58', 'Signedin');
INSERT INTO `loginhistory` VALUES (1046, 'admin', '74.14.228.129', '0000-00-00 00:00:00', '2007-03-22 10:17:12', 'Signedin');
INSERT INTO `loginhistory` VALUES (1047, 'admin', '74.14.228.129', '2007-03-22 13:08:31', '2007-03-22 13:06:03', 'Signedoff');
INSERT INTO `loginhistory` VALUES (1048, 'spartan', '74.14.228.129', '2007-03-22 13:08:54', '2007-03-22 13:08:41', 'Signedoff');
INSERT INTO `loginhistory` VALUES (1049, 'admin', '74.14.228.129', '2007-03-22 13:12:16', '2007-03-22 13:08:59', 'Signedoff');
INSERT INTO `loginhistory` VALUES (1050, 'spartan', '74.14.228.129', '0000-00-00 00:00:00', '2007-03-22 13:12:26', 'Signedin');
INSERT INTO `loginhistory` VALUES (1051, 'admin', '10.1.1.1', '0000-00-00 00:00:00', '2007-03-26 11:41:11', 'Signedin');
INSERT INTO `loginhistory` VALUES (1052, 'admin', '10.1.1.1', '0000-00-00 00:00:00', '2007-03-26 13:42:38', 'Signedin');
INSERT INTO `loginhistory` VALUES (1053, 'admin', '64.230.45.9', '0000-00-00 00:00:00', '2007-03-26 17:09:48', 'Signedin');
INSERT INTO `loginhistory` VALUES (1054, 'admin', '10.1.1.1', '0000-00-00 00:00:00', '2007-03-27 11:11:11', 'Signedin');
INSERT INTO `loginhistory` VALUES (1055, 'admin', '10.1.1.1', '0000-00-00 00:00:00', '2007-03-27 12:09:31', 'Signedin');
INSERT INTO `loginhistory` VALUES (1056, 'admin', '10.1.1.1', '2007-03-28 13:39:22', '2007-03-27 18:48:29', 'Signedoff');
INSERT INTO `loginhistory` VALUES (1057, 'admin', '64.230.5.254', '0000-00-00 00:00:00', '2007-03-28 09:51:16', 'Signedin');
INSERT INTO `loginhistory` VALUES (1058, 'admin', '64.230.5.254', '0000-00-00 00:00:00', '2007-03-29 00:31:42', 'Signedin');
INSERT INTO `loginhistory` VALUES (1059, 'admin', '74.104.4.25', '0000-00-00 00:00:00', '2007-03-31 12:17:16', 'Signedin');
INSERT INTO `loginhistory` VALUES (1060, 'admin', '64.230.43.85', '0000-00-00 00:00:00', '2007-04-16 19:48:24', 'Signedin');
INSERT INTO `loginhistory` VALUES (1061, 'admin', '209.217.122.59', '0000-00-00 00:00:00', '2007-04-17 11:39:30', 'Signedin');
INSERT INTO `loginhistory` VALUES (1062, 'admin', '10.1.1.1', '0000-00-00 00:00:00', '2007-04-17 14:00:25', 'Signedin');
INSERT INTO `loginhistory` VALUES (1063, 'admin', '10.1.1.1', '0000-00-00 00:00:00', '2007-04-17 14:10:33', 'Signedin');
INSERT INTO `loginhistory` VALUES (1064, 'admin', '10.1.1.1', '0000-00-00 00:00:00', '2007-04-23 13:58:28', 'Signedin');
INSERT INTO `loginhistory` VALUES (1065, 'admin', '10.1.1.1', '0000-00-00 00:00:00', '2007-05-08 12:46:23', 'Signedin');
INSERT INTO `loginhistory` VALUES (1066, 'admin', '10.1.1.1', '0000-00-00 00:00:00', '2007-05-15 10:22:40', 'Signedin');
INSERT INTO `loginhistory` VALUES (1067, 'admin', '10.1.1.1', '0000-00-00 00:00:00', '2007-05-15 11:44:05', 'Signedin');
INSERT INTO `loginhistory` VALUES (1068, 'admin', '10.1.1.1', '0000-00-00 00:00:00', '2007-05-24 10:10:31', 'Signedin');
INSERT INTO `loginhistory` VALUES (1069, 'admin', '10.1.1.1', '0000-00-00 00:00:00', '2007-06-25 18:19:42', 'Signedin');
INSERT INTO `loginhistory` VALUES (1070, 'admin', '67.71.94.156', '0000-00-00 00:00:00', '2007-08-13 02:29:30', 'Signedin');
INSERT INTO `loginhistory` VALUES (1071, 'admin', '67.71.94.156', '0000-00-00 00:00:00', '2007-08-18 00:41:38', 'Signedin');
INSERT INTO `loginhistory` VALUES (1072, 'admin', '67.71.94.156', '2007-08-18 16:47:27', '2007-08-18 16:40:00', 'Signedoff');
INSERT INTO `loginhistory` VALUES (1073, 'admin', '67.71.94.156', '0000-00-00 00:00:00', '2007-08-18 17:03:14', 'Signedin');

-- --------------------------------------------------------

-- 
-- Table structure for table `mail_accounts`
-- 

CREATE TABLE `mail_accounts` (
  `account_id` int(11) NOT NULL default '0',
  `user_id` int(11) NOT NULL default '0',
  `display_name` varchar(50) default NULL,
  `mail_id` varchar(50) default NULL,
  `account_name` varchar(50) default NULL,
  `mail_protocol` varchar(20) default NULL,
  `mail_username` varchar(50) NOT NULL default '',
  `mail_password` varchar(20) NOT NULL default '',
  `mail_servername` varchar(50) default NULL,
  `status` varchar(10) default NULL,
  `set_default` int(2) default NULL,
  PRIMARY KEY  (`account_id`)
) ENGINE=MyISAM DEFAULT CHARSET=latin1;

-- 
-- Dumping data for table `mail_accounts`
-- 


-- --------------------------------------------------------

-- 
-- Table structure for table `mail_accounts_seq`
-- 

CREATE TABLE `mail_accounts_seq` (
  `id` int(11) NOT NULL default '0'
) ENGINE=MyISAM DEFAULT CHARSET=latin1;

-- 
-- Dumping data for table `mail_accounts_seq`
-- 

INSERT INTO `mail_accounts_seq` VALUES (0);

-- --------------------------------------------------------

-- 
-- Table structure for table `manufacturer`
-- 

CREATE TABLE `manufacturer` (
  `manufacturerid` int(19) NOT NULL auto_increment,
  `manufacturer` varchar(200) NOT NULL default '',
  `sortorderid` int(19) NOT NULL default '0',
  `presence` int(1) NOT NULL default '1',
  PRIMARY KEY  (`manufacturerid`),
  UNIQUE KEY `Manufacturer_MFR` (`manufacturer`)
) ENGINE=InnoDB DEFAULT CHARSET=latin1 AUTO_INCREMENT=2 ;

-- 
-- Dumping data for table `manufacturer`
-- 

INSERT INTO `manufacturer` VALUES (1, '--None--', 0, 1);

-- --------------------------------------------------------

-- 
-- Table structure for table `notes`
-- 

CREATE TABLE `notes` (
  `notesid` int(19) NOT NULL default '0',
  `contact_id` int(19) NOT NULL default '0',
  `title` varchar(50) NOT NULL default '',
  `filename` varchar(50) default NULL,
  `notecontent` longtext,
  PRIMARY KEY  (`notesid`,`contact_id`),
  KEY `Notes_UK0` (`title`),
  KEY `Notes_IDX0` (`notesid`)
) ENGINE=InnoDB DEFAULT CHARSET=latin1;

-- 
-- Dumping data for table `notes`
-- 


-- --------------------------------------------------------

-- 
-- Table structure for table `notificationscheduler`
-- 

CREATE TABLE `notificationscheduler` (
  `schedulednotificationid` int(19) NOT NULL auto_increment,
  `schedulednotificationname` varchar(200) default NULL,
  `active` int(1) default NULL,
  `notificationsubject` varchar(200) default NULL,
  `notificationbody` longtext,
  `label` varchar(50) default NULL,
  PRIMARY KEY  (`schedulednotificationid`),
  UNIQUE KEY `notificationscheduler_UK0` (`schedulednotificationname`)
) ENGINE=InnoDB DEFAULT CHARSET=latin1 AUTO_INCREMENT=8 ;

-- 
-- Dumping data for table `notificationscheduler`
-- 

INSERT INTO `notificationscheduler` VALUES (1, 'LBL_TASK_NOTIFICATION_DESCRITPION', 1, 'Task Delay Notification', 'Tasks delayed beyond 24 hrs ', 'LBL_TASK_NOTIFICATION');
INSERT INTO `notificationscheduler` VALUES (2, 'LBL_BIG_DEAL_DESCRIPTION', 1, 'Big Deal notification', 'Success! A big deal has been won! ', 'LBL_BIG_DEAL');
INSERT INTO `notificationscheduler` VALUES (3, 'LBL_TICKETS_DESCRIPTION', 1, 'Pending Tickets notification', 'Ticket pending please ', 'LBL_PENDING_TICKETS');
INSERT INTO `notificationscheduler` VALUES (4, 'LBL_MANY_TICKETS_DESCRIPTION', 1, 'Too many tickets Notification', 'Too many tickets pending against this entity ', 'LBL_MANY_TICKETS');
INSERT INTO `notificationscheduler` VALUES (5, 'LBL_START_DESCRIPTION', 1, 'Support Start Notification', 'Support starts please ', 'LBL_START_NOTIFICATION');
INSERT INTO `notificationscheduler` VALUES (6, 'LBL_SUPPORT_DESCRIPTION', 1, 'Support ending please', 'Support Ending Notification', 'LBL_SUPPORT_NOTICIATION');
INSERT INTO `notificationscheduler` VALUES (7, 'LBL_ACTIVITY_REMINDER_DESCRIPTION', 1, 'Activity Reminder Notication', 'This is a reminder notification for the Activity', 'LBL_ACTIVITY_NOTIFICATION');

-- --------------------------------------------------------

-- 
-- Table structure for table `notificationscheduler_seq`
-- 

CREATE TABLE `notificationscheduler_seq` (
  `id` int(11) NOT NULL default '0'
) ENGINE=MyISAM DEFAULT CHARSET=latin1;

-- 
-- Dumping data for table `notificationscheduler_seq`
-- 

INSERT INTO `notificationscheduler_seq` VALUES (7);

-- --------------------------------------------------------

-- 
-- Table structure for table `opportunity_type`
-- 

CREATE TABLE `opportunity_type` (
  `opptypeid` int(19) NOT NULL auto_increment,
  `opportunity_type` varchar(200) NOT NULL default '',
  `sortorderid` int(19) NOT NULL default '0',
  `presence` int(1) NOT NULL default '1',
  PRIMARY KEY  (`opptypeid`),
  UNIQUE KEY `Opportunity_UK0` (`opportunity_type`)
) ENGINE=InnoDB DEFAULT CHARSET=latin1 AUTO_INCREMENT=4 ;

-- 
-- Dumping data for table `opportunity_type`
-- 

INSERT INTO `opportunity_type` VALUES (1, '--None--', 0, 1);
INSERT INTO `opportunity_type` VALUES (2, 'Existing Business', 1, 1);
INSERT INTO `opportunity_type` VALUES (3, 'New Business', 2, 1);

-- --------------------------------------------------------

-- 
-- Table structure for table `opportunitystage`
-- 

CREATE TABLE `opportunitystage` (
  `potstageid` int(19) NOT NULL auto_increment,
  `stage` varchar(200) NOT NULL default '',
  `sortorderid` int(19) NOT NULL default '0',
  `presence` int(1) NOT NULL default '1',
  `probability` decimal(4,3) default '0.000',
  PRIMARY KEY  (`potstageid`),
  UNIQUE KEY `OpportunityStage_UK0` (`stage`)
) ENGINE=InnoDB DEFAULT CHARSET=latin1 AUTO_INCREMENT=1 ;

-- 
-- Dumping data for table `opportunitystage`
-- 


-- --------------------------------------------------------

-- 
-- Table structure for table `orderdeliverydifferenceslog`
-- 

CREATE TABLE `orderdeliverydifferenceslog` (
  `orderno` int(11) NOT NULL default '0',
  `invoiceno` int(11) NOT NULL default '0',
  `stockid` varchar(20) NOT NULL default '',
  `quantitydiff` double NOT NULL default '0',
  `debtorno` varchar(10) NOT NULL default '',
  `branch` varchar(10) NOT NULL default '',
  `can_or_bo` char(3) NOT NULL default 'CAN',
  PRIMARY KEY  (`orderno`,`invoiceno`,`stockid`),
  KEY `StockID` (`stockid`),
  KEY `DebtorNo` (`debtorno`,`branch`),
  KEY `Can_or_BO` (`can_or_bo`),
  KEY `OrderNo` (`orderno`)
) ENGINE=InnoDB DEFAULT CHARSET=latin1;

-- 
-- Dumping data for table `orderdeliverydifferenceslog`
-- 

INSERT INTO `orderdeliverydifferenceslog` VALUES (11, 1002, 'P02', 1, 'WWW1087', 'WWW1087', 'BO');

-- --------------------------------------------------------

-- 
-- Table structure for table `organizationdetails`
-- 

CREATE TABLE `organizationdetails` (
  `organizationame` varchar(60) default NULL,
  `address` varchar(150) default NULL,
  `city` varchar(100) default NULL,
  `state` varchar(100) default NULL,
  `country` varchar(100) default NULL,
  `code` varchar(30) default NULL,
  `phone` varchar(30) default NULL,
  `fax` varchar(30) default NULL,
  `website` varchar(50) default NULL,
  `logoname` varchar(50) default NULL,
  `logo` longtext
) ENGINE=InnoDB DEFAULT CHARSET=latin1;

-- 
-- Dumping data for table `organizationdetails`
-- 

INSERT INTO `organizationdetails` VALUES ('Acme Inc', '123 Main St', 'anyvile', 'any state', 'Canada', 'mmm-mmm', '613-555-5555', '613-555-5555', 'http://www.mahsie.com', 'mahsie.jpg', NULL);

-- --------------------------------------------------------

-- 
-- Table structure for table `paymentmethods`
-- 

CREATE TABLE `paymentmethods` (
  `paymentid` tinyint(4) NOT NULL auto_increment,
  `paymentname` varchar(15) NOT NULL default '',
  `paymenttype` int(11) NOT NULL default '1',
  `receipttype` int(11) NOT NULL default '1',
  PRIMARY KEY  (`paymentid`)
) ENGINE=InnoDB DEFAULT CHARSET=latin1 AUTO_INCREMENT=5 ;

-- 
-- Dumping data for table `paymentmethods`
-- 

INSERT INTO `paymentmethods` VALUES (1, 'Cheque', 1, 1);
INSERT INTO `paymentmethods` VALUES (2, 'Cash', 1, 1);
INSERT INTO `paymentmethods` VALUES (3, 'Bank Transfer', 1, 1);
INSERT INTO `paymentmethods` VALUES (4, 'Credit Card', 1, 1);

-- --------------------------------------------------------

-- 
-- Table structure for table `paymentterms`
-- 

CREATE TABLE `paymentterms` (
  `termsindicator` char(2) NOT NULL default '',
  `terms` char(40) NOT NULL default '',
  `daysbeforedue` smallint(6) NOT NULL default '0',
  `dayinfollowingmonth` smallint(6) NOT NULL default '0',
  PRIMARY KEY  (`termsindicator`),
  KEY `DaysBeforeDue` (`daysbeforedue`),
  KEY `DayInFollowingMonth` (`dayinfollowingmonth`)
) ENGINE=InnoDB DEFAULT CHARSET=latin1;

-- 
-- Dumping data for table `paymentterms`
-- 

INSERT INTO `paymentterms` VALUES ('20', 'Due 20th Of the Following Month', 0, 22);
INSERT INTO `paymentterms` VALUES ('30', 'Net 30', 0, 30);
INSERT INTO `paymentterms` VALUES ('7', 'Payment due within 7 days', 7, 0);
INSERT INTO `paymentterms` VALUES ('CA', 'Cash Only', 1, 0);

-- --------------------------------------------------------

-- 
-- Table structure for table `periods`
-- 

CREATE TABLE `periods` (
  `periodno` smallint(6) NOT NULL default '0',
  `lastdate_in_period` date NOT NULL default '0000-00-00',
  PRIMARY KEY  (`periodno`),
  KEY `LastDate_in_Period` (`lastdate_in_period`)
) ENGINE=InnoDB DEFAULT CHARSET=latin1;

-- 
-- Dumping data for table `periods`
-- 

INSERT INTO `periods` VALUES (-1, '2007-02-28');
INSERT INTO `periods` VALUES (1, '2007-03-31');
INSERT INTO `periods` VALUES (2, '2007-04-30');
INSERT INTO `periods` VALUES (3, '2007-05-31');
INSERT INTO `periods` VALUES (4, '2007-06-30');
INSERT INTO `periods` VALUES (5, '2007-07-31');
INSERT INTO `periods` VALUES (6, '2007-08-31');
INSERT INTO `periods` VALUES (7, '2007-09-30');
INSERT INTO `periods` VALUES (8, '2007-10-31');
INSERT INTO `periods` VALUES (9, '2007-11-30');
INSERT INTO `periods` VALUES (10, '2007-12-31');
INSERT INTO `periods` VALUES (11, '2008-01-31');
INSERT INTO `periods` VALUES (12, '2008-02-29');
INSERT INTO `periods` VALUES (13, '2008-03-31');
INSERT INTO `periods` VALUES (14, '2008-04-30');

-- --------------------------------------------------------

-- 
-- Table structure for table `pobillads`
-- 

CREATE TABLE `pobillads` (
  `pobilladdressid` int(19) NOT NULL default '0',
  `bill_city` varchar(30) default NULL,
  `bill_code` varchar(30) default NULL,
  `bill_country` varchar(30) default NULL,
  `bill_state` varchar(30) default NULL,
  `bill_street` varchar(250) default NULL,
  PRIMARY KEY  (`pobilladdressid`)
) ENGINE=InnoDB DEFAULT CHARSET=latin1;

-- 
-- Dumping data for table `pobillads`
-- 


-- --------------------------------------------------------

-- 
-- Table structure for table `poproductrel`
-- 

CREATE TABLE `poproductrel` (
  `purchaseorderid` int(19) NOT NULL default '0',
  `productid` int(19) NOT NULL default '0',
  `quantity` int(19) default NULL,
  `listprice` decimal(11,3) default NULL,
  PRIMARY KEY  (`purchaseorderid`,`productid`),
  KEY `PoProductRel_IDX1` (`productid`)
) ENGINE=InnoDB DEFAULT CHARSET=latin1;

-- 
-- Dumping data for table `poproductrel`
-- 


-- --------------------------------------------------------

-- 
-- Table structure for table `poshipads`
-- 

CREATE TABLE `poshipads` (
  `poshipaddressid` int(19) NOT NULL default '0',
  `ship_city` varchar(30) default NULL,
  `ship_code` varchar(30) default NULL,
  `ship_country` varchar(30) default NULL,
  `ship_state` varchar(30) default NULL,
  `ship_street` varchar(250) default NULL,
  PRIMARY KEY  (`poshipaddressid`)
) ENGINE=InnoDB DEFAULT CHARSET=latin1;

-- 
-- Dumping data for table `poshipads`
-- 


-- --------------------------------------------------------

-- 
-- Table structure for table `postatus`
-- 

CREATE TABLE `postatus` (
  `postatusid` int(19) NOT NULL auto_increment,
  `postatus` varchar(200) NOT NULL default '',
  `sortorderid` int(19) NOT NULL default '0',
  `presence` int(1) NOT NULL default '1',
  PRIMARY KEY  (`postatusid`),
  UNIQUE KEY `postatus_UK0` (`postatus`)
) ENGINE=InnoDB DEFAULT CHARSET=latin1 AUTO_INCREMENT=5 ;

-- 
-- Dumping data for table `postatus`
-- 

INSERT INTO `postatus` VALUES (1, 'Created', 0, 1);
INSERT INTO `postatus` VALUES (2, 'Approved', 1, 1);
INSERT INTO `postatus` VALUES (3, 'Delivered', 2, 1);
INSERT INTO `postatus` VALUES (4, 'Canceled', 3, 1);

-- --------------------------------------------------------

-- 
-- Table structure for table `potcompetitorrel`
-- 

CREATE TABLE `potcompetitorrel` (
  `potentialid` int(19) NOT NULL default '0',
  `competitorid` int(19) NOT NULL default '0',
  PRIMARY KEY  (`potentialid`,`competitorid`),
  KEY `PotCompetitorRel_IDX0` (`potentialid`),
  KEY `PotCompetitorRel_IDX1` (`competitorid`)
) ENGINE=InnoDB DEFAULT CHARSET=latin1;

-- 
-- Dumping data for table `potcompetitorrel`
-- 


-- --------------------------------------------------------

-- 
-- Table structure for table `potential`
-- 

CREATE TABLE `potential` (
  `potentialid` int(19) NOT NULL default '0',
  `accountid` int(19) default NULL,
  `potentialname` varchar(120) NOT NULL default '',
  `amount` decimal(10,0) default '0',
  `currency` varchar(20) default NULL,
  `closingdate` date default NULL,
  `typeofrevenue` varchar(50) default NULL,
  `campaignsource` varchar(30) default NULL,
  `nextstep` varchar(100) default NULL,
  `private` int(1) default '0',
  `probability` decimal(7,3) default '0.000',
  `sales_stage` varchar(50) default NULL,
  `potentialtype` varchar(50) default NULL,
  `leadsource` varchar(50) default NULL,
  `productid` int(50) default NULL,
  `productversion` varchar(50) default NULL,
  `quotationref` varchar(50) default NULL,
  `partnercontact` varchar(50) default NULL,
  `remarks` varchar(50) default NULL,
  `runtimefee` int(19) default '0',
  `followupdate` date default NULL,
  `evaluationstatus` varchar(50) default NULL,
  `description` longtext,
  `forecastcategory` int(19) default '0',
  `outcomeanalysis` int(19) default '0',
  PRIMARY KEY  (`potentialid`),
  KEY `Potential_IDX0` (`accountid`),
  KEY `potentialid` (`potentialid`),
  KEY `sales_stage` (`sales_stage`)
) ENGINE=InnoDB DEFAULT CHARSET=latin1;

-- 
-- Dumping data for table `potential`
-- 

INSERT INTO `potential` VALUES (1055, 1053, 'Mont Royal Hardware-Saws', 2500, NULL, '2007-04-30', NULL, NULL, '', 0, 50.000, 'Info Sharing', 'New Business', 'Direct Mail', NULL, NULL, NULL, NULL, NULL, 0, NULL, NULL, NULL, 0, 0);
INSERT INTO `potential` VALUES (1115, 1113, 'US Equip Inc.- new order for pins', 5000, NULL, '2007-06-29', NULL, NULL, '', 0, 70.000, 'In Dialogue', 'New Business', 'Conference', NULL, NULL, NULL, NULL, NULL, 0, NULL, NULL, NULL, 0, 0);

-- --------------------------------------------------------

-- 
-- Table structure for table `potentialscf`
-- 

CREATE TABLE `potentialscf` (
  `potentialid` int(19) NOT NULL default '0',
  `cf_370` varchar(250) default NULL,
  PRIMARY KEY  (`potentialid`)
) ENGINE=InnoDB DEFAULT CHARSET=latin1;

-- 
-- Dumping data for table `potentialscf`
-- 

INSERT INTO `potentialscf` VALUES (1055, NULL);
INSERT INTO `potentialscf` VALUES (1115, NULL);

-- --------------------------------------------------------

-- 
-- Table structure for table `potstagehistory`
-- 

CREATE TABLE `potstagehistory` (
  `historyid` int(19) NOT NULL auto_increment,
  `potentialid` int(19) NOT NULL default '0',
  `amount` decimal(10,0) default NULL,
  `stage` varchar(100) default NULL,
  `probability` decimal(4,3) default NULL,
  `expectedrevenue` decimal(10,0) default NULL,
  `closedate` date default NULL,
  `lastmodified` datetime NOT NULL default '0000-00-00 00:00:00',
  PRIMARY KEY  (`historyid`),
  KEY `PotStageHistory_IDX1` (`potentialid`)
) ENGINE=InnoDB DEFAULT CHARSET=latin1 AUTO_INCREMENT=3 ;

-- 
-- Dumping data for table `potstagehistory`
-- 

INSERT INTO `potstagehistory` VALUES (1, 1055, 2500, 'Prospecting', 50.000, 0, '2007-04-30', '2007-03-22 00:31:35');
INSERT INTO `potstagehistory` VALUES (2, 1115, 5000, 'Prospecting', 70.000, 0, '2007-06-29', '2007-05-15 10:28:21');

-- --------------------------------------------------------

-- 
-- Table structure for table `pricebook`
-- 

CREATE TABLE `pricebook` (
  `pricebookid` int(19) NOT NULL default '0',
  `bookname` varchar(100) default NULL,
  `active` int(1) default NULL,
  `description` longtext,
  `currcode` varchar(20) NOT NULL default '',
  `pbcode` char(2) NOT NULL default '',
  PRIMARY KEY  (`pricebookid`)
) ENGINE=InnoDB DEFAULT CHARSET=latin1;

-- 
-- Dumping data for table `pricebook`
-- 


-- --------------------------------------------------------

-- 
-- Table structure for table `pricebookcf`
-- 

CREATE TABLE `pricebookcf` (
  `pricebookid` int(19) NOT NULL default '0',
  PRIMARY KEY  (`pricebookid`)
) ENGINE=InnoDB DEFAULT CHARSET=latin1;

-- 
-- Dumping data for table `pricebookcf`
-- 


-- --------------------------------------------------------

-- 
-- Table structure for table `pricebookproductrel`
-- 

CREATE TABLE `pricebookproductrel` (
  `pricebookid` int(19) NOT NULL default '0',
  `productid` int(19) NOT NULL default '0',
  `listprice` decimal(11,3) default NULL,
  PRIMARY KEY  (`pricebookid`,`productid`),
  KEY `PriceBookProductRel_IDX0` (`pricebookid`),
  KEY `PriceBookProductRel_IDX1` (`productid`)
) ENGINE=InnoDB DEFAULT CHARSET=latin1;

-- 
-- Dumping data for table `pricebookproductrel`
-- 


-- --------------------------------------------------------

-- 
-- Table structure for table `prices`
-- 

CREATE TABLE `prices` (
  `stockid` varchar(20) NOT NULL default '',
  `typeabbrev` char(2) NOT NULL default '',
  `currabrev` char(3) NOT NULL default '',
  `debtorno` varchar(10) NOT NULL default '',
  `price` decimal(20,4) NOT NULL default '0.0000',
  `branchcode` varchar(10) NOT NULL default '',
  `pricebookid` int(10) NOT NULL default '0',
  `productid` int(10) NOT NULL default '0',
  `mdate` int(11) NOT NULL default '0',
  PRIMARY KEY  (`stockid`,`typeabbrev`,`currabrev`,`debtorno`),
  KEY `CurrAbrev` (`currabrev`),
  KEY `DebtorNo` (`debtorno`),
  KEY `StockID` (`stockid`),
  KEY `TypeAbbrev` (`typeabbrev`)
) ENGINE=InnoDB DEFAULT CHARSET=latin1;

-- 
-- Dumping data for table `prices`
-- 

INSERT INTO `prices` VALUES ('G01-01', 'DE', 'CDN', '', 5.4000, '', 0, 0, 0);
INSERT INTO `prices` VALUES ('G01-02', 'DE', 'CDN', '', 5.4000, '', 0, 0, 0);
INSERT INTO `prices` VALUES ('G01-03', 'DE', 'CDN', '', 16.2300, '', 0, 0, 0);
INSERT INTO `prices` VALUES ('G03', 'DE', 'CDN', '', 24.9900, '', 0, 0, 0);
INSERT INTO `prices` VALUES ('G04', 'DE', 'CDN', '', 19.9900, '', 0, 0, 0);
INSERT INTO `prices` VALUES ('h01', 'DE', 'CDN', '', 29.9900, '', 0, 0, 0);
INSERT INTO `prices` VALUES ('h02', 'DE', 'CDN', '', 1.0000, '', 0, 0, 0);
INSERT INTO `prices` VALUES ('l01', 'DE', 'CDN', '', 79.9900, '', 0, 0, 0);
INSERT INTO `prices` VALUES ('l02', 'DE', 'CDN', '', 49.9900, '', 0, 0, 0);
INSERT INTO `prices` VALUES ('l03', 'DE', 'CDN', '', 59.9900, '', 0, 0, 0);
INSERT INTO `prices` VALUES ('p01', 'DE', 'CDN', '', 149.9900, '', 0, 0, 0);
INSERT INTO `prices` VALUES ('p02', 'DE', 'CDN', '', 220.9000, '', 0, 0, 0);
INSERT INTO `prices` VALUES ('p03', 'DE', 'CDN', '', 48.1200, '', 0, 0, 0);
INSERT INTO `prices` VALUES ('p04', 'DE', 'CDN', '', 79.9900, '', 0, 0, 0);
INSERT INTO `prices` VALUES ('S01', 'DE', 'CDN', '', 56.0000, '', 0, 0, 0);
INSERT INTO `prices` VALUES ('TURBO-TEST', 'DE', 'CDN', '', 400.0000, '', 0, 0, 0);
INSERT INTO `prices` VALUES ('VW-001-03', 'DE', 'CDN', '', 36.0000, '', 0, 0, 0);

-- --------------------------------------------------------

-- 
-- Table structure for table `priority`
-- 

CREATE TABLE `priority` (
  `priorityid` int(19) NOT NULL auto_increment,
  `priority` varchar(200) NOT NULL default '',
  `sortorderid` int(19) NOT NULL default '0',
  `presence` int(1) NOT NULL default '1',
  PRIMARY KEY  (`priorityid`),
  UNIQUE KEY `Priority_UK0` (`priority`)
) ENGINE=InnoDB DEFAULT CHARSET=latin1 AUTO_INCREMENT=1 ;

-- 
-- Dumping data for table `priority`
-- 


-- --------------------------------------------------------

-- 
-- Table structure for table `productcategory`
-- 

CREATE TABLE `productcategory` (
  `productcategoryid` int(19) NOT NULL auto_increment,
  `productcategory` varchar(200) NOT NULL default '',
  `sortorderid` int(19) NOT NULL default '0',
  `presence` int(1) NOT NULL default '1',
  PRIMARY KEY  (`productcategoryid`),
  UNIQUE KEY `ProductCategory_UK0` (`productcategory`)
) ENGINE=InnoDB DEFAULT CHARSET=latin1 AUTO_INCREMENT=7 ;

-- 
-- Dumping data for table `productcategory`
-- 

INSERT INTO `productcategory` VALUES (1, '--None--', 0, 1);
INSERT INTO `productcategory` VALUES (2, 'HT', 2, 1);
INSERT INTO `productcategory` VALUES (3, 'PT', 3, 1);
INSERT INTO `productcategory` VALUES (4, 'GT', 4, 1);
INSERT INTO `productcategory` VALUES (5, 'OT', 5, 1);
INSERT INTO `productcategory` VALUES (6, 'IT', 6, 1);

-- --------------------------------------------------------

-- 
-- Table structure for table `productcf`
-- 

CREATE TABLE `productcf` (
  `productid` int(19) NOT NULL default '0',
  PRIMARY KEY  (`productid`)
) ENGINE=InnoDB DEFAULT CHARSET=latin1;

-- 
-- Dumping data for table `productcf`
-- 

INSERT INTO `productcf` VALUES (1029);
INSERT INTO `productcf` VALUES (1030);
INSERT INTO `productcf` VALUES (1031);
INSERT INTO `productcf` VALUES (1032);
INSERT INTO `productcf` VALUES (1033);
INSERT INTO `productcf` VALUES (1034);
INSERT INTO `productcf` VALUES (1035);
INSERT INTO `productcf` VALUES (1037);
INSERT INTO `productcf` VALUES (1038);
INSERT INTO `productcf` VALUES (1039);
INSERT INTO `productcf` VALUES (1040);
INSERT INTO `productcf` VALUES (1041);
INSERT INTO `productcf` VALUES (1042);
INSERT INTO `productcf` VALUES (1043);
INSERT INTO `productcf` VALUES (1044);
INSERT INTO `productcf` VALUES (1045);
INSERT INTO `productcf` VALUES (1046);
INSERT INTO `productcf` VALUES (1047);
INSERT INTO `productcf` VALUES (1106);
INSERT INTO `productcf` VALUES (1145);
INSERT INTO `productcf` VALUES (1167);
INSERT INTO `productcf` VALUES (1168);
INSERT INTO `productcf` VALUES (1174);
INSERT INTO `productcf` VALUES (1175);
INSERT INTO `productcf` VALUES (1176);

-- --------------------------------------------------------

-- 
-- Table structure for table `productcollaterals`
-- 

CREATE TABLE `productcollaterals` (
  `productid` int(11) NOT NULL default '0',
  `date_entered` timestamp NOT NULL default CURRENT_TIMESTAMP on update CURRENT_TIMESTAMP,
  `data` longblob,
  `description` longtext,
  `filename` varchar(50) default NULL,
  `filesize` varchar(50) NOT NULL default '',
  `filetype` varchar(20) NOT NULL default '',
  PRIMARY KEY  (`productid`),
  KEY `idx_collaterals_name` (`productid`,`filename`)
) ENGINE=InnoDB DEFAULT CHARSET=latin1;

-- 
-- Dumping data for table `productcollaterals`
-- 


-- --------------------------------------------------------

-- 
-- Table structure for table `productionruncosting`
-- 

CREATE TABLE `productionruncosting` (
  `prref` int(11) NOT NULL default '0',
  `otherref` varchar(20) NOT NULL default '0',
  `other` varchar(50) NOT NULL default '',
  `eta` datetime NOT NULL default '0000-00-00 00:00:00',
  `accumvalue` double NOT NULL default '0',
  `supplierid` varchar(10) NOT NULL default '',
  `closed` tinyint(4) NOT NULL default '0',
  PRIMARY KEY  (`prref`),
  KEY `ETA` (`eta`),
  KEY `SupplierID` (`supplierid`),
  KEY `ShipperRef` (`otherref`),
  KEY `Vessel` (`other`)
) ENGINE=InnoDB DEFAULT CHARSET=latin1;

-- 
-- Dumping data for table `productionruncosting`
-- 


-- --------------------------------------------------------

-- 
-- Table structure for table `productionruncostingcharges`
-- 

CREATE TABLE `productionruncostingcharges` (
  `prchgid` int(11) NOT NULL auto_increment,
  `prref` int(11) NOT NULL default '0',
  `transtype` smallint(6) NOT NULL default '0',
  `transno` int(11) NOT NULL default '0',
  `stockid` varchar(20) NOT NULL default '',
  `value` double NOT NULL default '0',
  `prno` int(11) NOT NULL default '0',
  `invoicetype` varchar(200) default NULL,
  PRIMARY KEY  (`prchgid`),
  KEY `TransType` (`transtype`,`transno`),
  KEY `ShiptRef` (`prref`),
  KEY `StockID` (`stockid`),
  KEY `TransType_2` (`transtype`)
) ENGINE=InnoDB DEFAULT CHARSET=latin1 AUTO_INCREMENT=1 ;

-- 
-- Dumping data for table `productionruncostingcharges`
-- 


-- --------------------------------------------------------

-- 
-- Table structure for table `productionrundetails`
-- 

CREATE TABLE `productionrundetails` (
  `prdetailitem` int(11) NOT NULL auto_increment,
  `prno` int(11) NOT NULL default '0',
  `itemcode` varchar(20) NOT NULL default '',
  `processdate` date NOT NULL default '0000-00-00',
  `itemdescription` varchar(100) NOT NULL default '',
  `glcode` int(11) NOT NULL default '0',
  `qtyprocessed` double NOT NULL default '0',
  `unitcost` double NOT NULL default '0',
  `actcostunit` double NOT NULL default '0',
  `stdcostunit` double NOT NULL default '0',
  `quantityord` double NOT NULL default '0',
  `quantityrecd` double NOT NULL default '0',
  `prref` int(11) NOT NULL default '0',
  `jobref` varchar(20) NOT NULL default '',
  `completed` tinyint(4) NOT NULL default '0',
  `parent` varchar(10) NOT NULL default '',
  `bomtotal` double NOT NULL default '0',
  `orddate` date NOT NULL default '0000-00-00',
  `prlineno` int(10) NOT NULL default '0',
  `qtyperunit` decimal(10,4) NOT NULL default '0.0000',
  `bomunitcost` decimal(10,4) NOT NULL default '0.0000',
  `actbomunitcost` decimal(10,4) NOT NULL default '0.0000',
  PRIMARY KEY  (`prdetailitem`),
  KEY `DeliveryDate` (`processdate`),
  KEY `GLCode` (`glcode`),
  KEY `ItemCode` (`itemcode`),
  KEY `JobRef` (`jobref`),
  KEY `OrderNo` (`prno`),
  KEY `ShiptRef` (`prref`),
  KEY `Completed` (`completed`)
) ENGINE=InnoDB DEFAULT CHARSET=latin1 AUTO_INCREMENT=1 ;

-- 
-- Dumping data for table `productionrundetails`
-- 


-- --------------------------------------------------------

-- 
-- Table structure for table `productionruns`
-- 

CREATE TABLE `productionruns` (
  `prno` int(11) NOT NULL auto_increment,
  `supplierno` varchar(10) NOT NULL default '',
  `comments` longblob,
  `initdate` datetime NOT NULL default '0000-00-00 00:00:00',
  `dateprinted` datetime default NULL,
  `allowprint` tinyint(4) NOT NULL default '1',
  `initiator` varchar(10) default NULL,
  `requisitionno` varchar(15) default NULL,
  `workcentre` varchar(5) NOT NULL default '',
  `workadd1` varchar(40) NOT NULL default '',
  `workadd2` varchar(40) NOT NULL default '',
  `workadd3` varchar(40) NOT NULL default '',
  `workadd4` varchar(40) NOT NULL default '',
  `workadd5` varchar(20) NOT NULL default '',
  `workadd6` varchar(15) NOT NULL default '',
  `contact` varchar(30) NOT NULL default '',
  `reqdate` datetime default NULL,
  `stockno` varchar(10) NOT NULL default '',
  `prodrunqty` decimal(10,4) NOT NULL default '0.0000',
  `prodrunqtyrecd` decimal(10,4) NOT NULL default '0.0000',
  `completed` tinyint(1) NOT NULL default '0',
  `rate` double NOT NULL default '1',
  `prref` int(10) NOT NULL default '0',
  `mancosts` decimal(10,4) NOT NULL default '0.0000',
  `othercosts` decimal(10,4) NOT NULL default '0.0000',
  `bomunitcost` decimal(10,4) NOT NULL default '0.0000',
  `processdate` date NOT NULL default '0000-00-00',
  PRIMARY KEY  (`prno`),
  KEY `SupplierNo` (`supplierno`),
  KEY `AllowPrintPR` (`allowprint`),
  KEY `WorkCentre` (`workcentre`),
  KEY `InitDate` (`initdate`),
  KEY `StockNo` (`stockno`)
) ENGINE=InnoDB DEFAULT CHARSET=latin1 AUTO_INCREMENT=1 ;

-- 
-- Dumping data for table `productionruns`
-- 


-- --------------------------------------------------------

-- 
-- Table structure for table `products`
-- 

CREATE TABLE `products` (
  `productid` int(11) NOT NULL default '0',
  `productname` varchar(50) NOT NULL default '',
  `productcode` varchar(40) default NULL,
  `productcategory` varchar(40) default NULL,
  `manufacturer` varchar(40) default NULL,
  `product_description` longtext,
  `qty_per_unit` decimal(11,2) default '0.00',
  `unit_price` decimal(11,2) default NULL,
  `weight` decimal(11,3) default NULL,
  `pack_size` int(11) default NULL,
  `sales_start_date` date default NULL,
  `sales_end_date` date default NULL,
  `start_date` date default NULL,
  `expiry_date` date default NULL,
  `cost_factor` int(11) default NULL,
  `commissionrate` decimal(4,3) default NULL,
  `commissionmethod` varchar(50) default NULL,
  `discontinued` int(1) default NULL,
  `usageunit` varchar(200) default NULL,
  `handler` int(11) default NULL,
  `contactid` int(11) default NULL,
  `currency` varchar(200) default NULL,
  `reorderlevel` int(11) default NULL,
  `website` varchar(100) default NULL,
  `taxclass` varchar(200) default NULL,
  `mfr_part_no` varchar(200) default NULL,
  `vendor_part_no` varchar(200) default NULL,
  `serialno` varchar(200) default NULL,
  `qtyinstock` int(11) default NULL,
  `productsheet` varchar(200) default NULL,
  `qtyindemand` int(11) default NULL,
  `glacct` varchar(200) default NULL,
  `vendor_id` int(11) default NULL,
  `imagename` varchar(150) default NULL,
  PRIMARY KEY  (`productid`)
) ENGINE=InnoDB DEFAULT CHARSET=latin1;

-- 
-- Dumping data for table `products`
-- 


-- --------------------------------------------------------

-- 
-- Table structure for table `profile`
-- 

CREATE TABLE `profile` (
  `profileid` int(10) NOT NULL auto_increment,
  `profilename` varchar(50) NOT NULL default '',
  PRIMARY KEY  (`profileid`)
) ENGINE=MyISAM DEFAULT CHARSET=latin1 AUTO_INCREMENT=5 ;

-- 
-- Dumping data for table `profile`
-- 

INSERT INTO `profile` VALUES (1, 'Administrator');
INSERT INTO `profile` VALUES (2, 'Sales Profile');
INSERT INTO `profile` VALUES (3, 'Support Profile');
INSERT INTO `profile` VALUES (4, 'Guest Profile');

-- --------------------------------------------------------

-- 
-- Table structure for table `profile2field`
-- 

CREATE TABLE `profile2field` (
  `profileid` int(11) default NULL,
  `tabid` int(10) default NULL,
  `fieldid` int(19) default NULL,
  `visible` int(19) default NULL,
  `readonly` int(19) default NULL,
  KEY `idx_prof2fileid` (`profileid`,`tabid`),
  KEY `tabid` (`tabid`,`profileid`),
  KEY `visible` (`visible`,`profileid`)
) ENGINE=MyISAM DEFAULT CHARSET=latin1;

-- 
-- Dumping data for table `profile2field`
-- 

INSERT INTO `profile2field` VALUES (1, 6, 1, 0, 1);
INSERT INTO `profile2field` VALUES (1, 6, 2, 0, 1);
INSERT INTO `profile2field` VALUES (1, 6, 3, 0, 1);
INSERT INTO `profile2field` VALUES (1, 6, 4, 0, 1);
INSERT INTO `profile2field` VALUES (1, 6, 5, 0, 1);
INSERT INTO `profile2field` VALUES (1, 6, 6, 0, 1);
INSERT INTO `profile2field` VALUES (1, 6, 7, 0, 1);
INSERT INTO `profile2field` VALUES (1, 6, 8, 0, 1);
INSERT INTO `profile2field` VALUES (1, 6, 9, 0, 1);
INSERT INTO `profile2field` VALUES (1, 6, 10, 0, 1);
INSERT INTO `profile2field` VALUES (1, 6, 11, 0, 1);
INSERT INTO `profile2field` VALUES (1, 6, 12, 0, 1);
INSERT INTO `profile2field` VALUES (1, 6, 13, 0, 1);
INSERT INTO `profile2field` VALUES (1, 6, 14, 0, 1);
INSERT INTO `profile2field` VALUES (1, 6, 15, 0, 1);
INSERT INTO `profile2field` VALUES (1, 6, 16, 0, 1);
INSERT INTO `profile2field` VALUES (1, 6, 17, 0, 1);
INSERT INTO `profile2field` VALUES (1, 6, 18, 0, 1);
INSERT INTO `profile2field` VALUES (1, 6, 19, 0, 1);
INSERT INTO `profile2field` VALUES (1, 6, 20, 0, 1);
INSERT INTO `profile2field` VALUES (1, 6, 21, 0, 1);
INSERT INTO `profile2field` VALUES (1, 6, 22, 0, 1);
INSERT INTO `profile2field` VALUES (1, 6, 23, 0, 1);
INSERT INTO `profile2field` VALUES (1, 6, 24, 0, 1);
INSERT INTO `profile2field` VALUES (1, 6, 25, 0, 1);
INSERT INTO `profile2field` VALUES (1, 6, 26, 0, 1);
INSERT INTO `profile2field` VALUES (1, 6, 27, 0, 1);
INSERT INTO `profile2field` VALUES (1, 6, 28, 0, 1);
INSERT INTO `profile2field` VALUES (1, 6, 29, 0, 1);
INSERT INTO `profile2field` VALUES (1, 6, 30, 0, 1);
INSERT INTO `profile2field` VALUES (1, 7, 32, 0, 1);
INSERT INTO `profile2field` VALUES (1, 7, 33, 0, 1);
INSERT INTO `profile2field` VALUES (1, 7, 34, 0, 1);
INSERT INTO `profile2field` VALUES (1, 7, 35, 0, 1);
INSERT INTO `profile2field` VALUES (1, 7, 36, 0, 1);
INSERT INTO `profile2field` VALUES (1, 7, 37, 0, 1);
INSERT INTO `profile2field` VALUES (1, 7, 38, 0, 1);
INSERT INTO `profile2field` VALUES (1, 7, 39, 0, 1);
INSERT INTO `profile2field` VALUES (1, 7, 40, 0, 1);
INSERT INTO `profile2field` VALUES (1, 7, 41, 0, 1);
INSERT INTO `profile2field` VALUES (1, 7, 42, 0, 1);
INSERT INTO `profile2field` VALUES (1, 7, 43, 0, 1);
INSERT INTO `profile2field` VALUES (1, 7, 44, 0, 1);
INSERT INTO `profile2field` VALUES (1, 7, 45, 0, 1);
INSERT INTO `profile2field` VALUES (1, 7, 46, 0, 1);
INSERT INTO `profile2field` VALUES (1, 7, 47, 0, 1);
INSERT INTO `profile2field` VALUES (1, 7, 48, 0, 1);
INSERT INTO `profile2field` VALUES (1, 7, 49, 0, 1);
INSERT INTO `profile2field` VALUES (1, 7, 50, 0, 1);
INSERT INTO `profile2field` VALUES (1, 7, 51, 0, 1);
INSERT INTO `profile2field` VALUES (1, 7, 52, 0, 1);
INSERT INTO `profile2field` VALUES (1, 7, 53, 0, 1);
INSERT INTO `profile2field` VALUES (1, 7, 54, 0, 1);
INSERT INTO `profile2field` VALUES (1, 7, 55, 0, 1);
INSERT INTO `profile2field` VALUES (1, 7, 56, 0, 1);
INSERT INTO `profile2field` VALUES (1, 4, 58, 0, 1);
INSERT INTO `profile2field` VALUES (1, 4, 59, 0, 1);
INSERT INTO `profile2field` VALUES (1, 4, 60, 0, 1);
INSERT INTO `profile2field` VALUES (1, 4, 61, 0, 1);
INSERT INTO `profile2field` VALUES (1, 4, 62, 0, 1);
INSERT INTO `profile2field` VALUES (1, 4, 63, 0, 1);
INSERT INTO `profile2field` VALUES (1, 4, 64, 0, 1);
INSERT INTO `profile2field` VALUES (1, 4, 65, 0, 1);
INSERT INTO `profile2field` VALUES (1, 4, 66, 0, 1);
INSERT INTO `profile2field` VALUES (1, 4, 67, 0, 1);
INSERT INTO `profile2field` VALUES (1, 4, 68, 0, 1);
INSERT INTO `profile2field` VALUES (1, 4, 69, 0, 1);
INSERT INTO `profile2field` VALUES (1, 4, 70, 0, 1);
INSERT INTO `profile2field` VALUES (1, 4, 71, 0, 1);
INSERT INTO `profile2field` VALUES (1, 4, 72, 0, 1);
INSERT INTO `profile2field` VALUES (1, 4, 73, 0, 1);
INSERT INTO `profile2field` VALUES (1, 4, 74, 0, 1);
INSERT INTO `profile2field` VALUES (1, 4, 75, 0, 1);
INSERT INTO `profile2field` VALUES (1, 4, 76, 0, 1);
INSERT INTO `profile2field` VALUES (1, 4, 77, 0, 1);
INSERT INTO `profile2field` VALUES (1, 4, 78, 0, 1);
INSERT INTO `profile2field` VALUES (1, 4, 79, 0, 1);
INSERT INTO `profile2field` VALUES (1, 4, 80, 0, 1);
INSERT INTO `profile2field` VALUES (1, 4, 81, 0, 1);
INSERT INTO `profile2field` VALUES (1, 4, 82, 0, 1);
INSERT INTO `profile2field` VALUES (1, 4, 83, 0, 1);
INSERT INTO `profile2field` VALUES (1, 4, 84, 0, 1);
INSERT INTO `profile2field` VALUES (1, 4, 85, 0, 1);
INSERT INTO `profile2field` VALUES (1, 4, 86, 0, 1);
INSERT INTO `profile2field` VALUES (1, 4, 87, 0, 1);
INSERT INTO `profile2field` VALUES (1, 4, 88, 0, 1);
INSERT INTO `profile2field` VALUES (1, 4, 89, 0, 1);
INSERT INTO `profile2field` VALUES (1, 4, 90, 0, 1);
INSERT INTO `profile2field` VALUES (1, 4, 91, 0, 1);
INSERT INTO `profile2field` VALUES (1, 4, 92, 0, 1);
INSERT INTO `profile2field` VALUES (1, 4, 93, 0, 1);
INSERT INTO `profile2field` VALUES (1, 2, 94, 0, 1);
INSERT INTO `profile2field` VALUES (1, 2, 95, 0, 1);
INSERT INTO `profile2field` VALUES (1, 2, 96, 0, 1);
INSERT INTO `profile2field` VALUES (1, 2, 97, 0, 1);
INSERT INTO `profile2field` VALUES (1, 2, 98, 0, 1);
INSERT INTO `profile2field` VALUES (1, 2, 99, 0, 1);
INSERT INTO `profile2field` VALUES (1, 2, 100, 0, 1);
INSERT INTO `profile2field` VALUES (1, 2, 101, 0, 1);
INSERT INTO `profile2field` VALUES (1, 2, 102, 0, 1);
INSERT INTO `profile2field` VALUES (1, 2, 103, 0, 1);
INSERT INTO `profile2field` VALUES (1, 2, 104, 0, 1);
INSERT INTO `profile2field` VALUES (1, 2, 105, 0, 1);
INSERT INTO `profile2field` VALUES (1, 2, 106, 0, 1);
INSERT INTO `profile2field` VALUES (1, 13, 107, 0, 1);
INSERT INTO `profile2field` VALUES (1, 13, 108, 0, 1);
INSERT INTO `profile2field` VALUES (1, 13, 109, 0, 1);
INSERT INTO `profile2field` VALUES (1, 13, 110, 0, 1);
INSERT INTO `profile2field` VALUES (1, 13, 111, 0, 1);
INSERT INTO `profile2field` VALUES (1, 13, 112, 0, 1);
INSERT INTO `profile2field` VALUES (1, 13, 113, 0, 1);
INSERT INTO `profile2field` VALUES (1, 13, 115, 0, 1);
INSERT INTO `profile2field` VALUES (1, 13, 116, 0, 1);
INSERT INTO `profile2field` VALUES (1, 13, 117, 0, 1);
INSERT INTO `profile2field` VALUES (1, 13, 118, 0, 1);
INSERT INTO `profile2field` VALUES (1, 13, 119, 0, 1);
INSERT INTO `profile2field` VALUES (1, 13, 120, 0, 1);
INSERT INTO `profile2field` VALUES (1, 14, 121, 0, 1);
INSERT INTO `profile2field` VALUES (1, 14, 122, 0, 1);
INSERT INTO `profile2field` VALUES (1, 14, 123, 0, 1);
INSERT INTO `profile2field` VALUES (1, 14, 124, 0, 1);
INSERT INTO `profile2field` VALUES (1, 14, 125, 0, 1);
INSERT INTO `profile2field` VALUES (1, 14, 126, 0, 1);
INSERT INTO `profile2field` VALUES (1, 14, 127, 0, 1);
INSERT INTO `profile2field` VALUES (1, 14, 128, 0, 1);
INSERT INTO `profile2field` VALUES (1, 14, 129, 0, 1);
INSERT INTO `profile2field` VALUES (1, 14, 130, 0, 1);
INSERT INTO `profile2field` VALUES (1, 14, 131, 0, 1);
INSERT INTO `profile2field` VALUES (1, 14, 132, 0, 1);
INSERT INTO `profile2field` VALUES (1, 14, 133, 1, 1);
INSERT INTO `profile2field` VALUES (1, 14, 134, 0, 1);
INSERT INTO `profile2field` VALUES (1, 14, 135, 0, 1);
INSERT INTO `profile2field` VALUES (1, 14, 136, 0, 1);
INSERT INTO `profile2field` VALUES (1, 14, 137, 0, 1);
INSERT INTO `profile2field` VALUES (1, 14, 138, 0, 1);
INSERT INTO `profile2field` VALUES (1, 14, 139, 0, 1);
INSERT INTO `profile2field` VALUES (1, 14, 140, 0, 1);
INSERT INTO `profile2field` VALUES (1, 14, 141, 0, 1);
INSERT INTO `profile2field` VALUES (1, 14, 142, 0, 1);
INSERT INTO `profile2field` VALUES (1, 14, 143, 0, 1);
INSERT INTO `profile2field` VALUES (1, 14, 144, 0, 1);
INSERT INTO `profile2field` VALUES (1, 14, 145, 0, 1);
INSERT INTO `profile2field` VALUES (1, 14, 146, 0, 1);
INSERT INTO `profile2field` VALUES (1, 14, 147, 0, 1);
INSERT INTO `profile2field` VALUES (1, 14, 148, 0, 1);
INSERT INTO `profile2field` VALUES (1, 14, 149, 0, 1);
INSERT INTO `profile2field` VALUES (1, 14, 150, 0, 1);
INSERT INTO `profile2field` VALUES (1, 14, 151, 0, 1);
INSERT INTO `profile2field` VALUES (1, 8, 152, 0, 1);
INSERT INTO `profile2field` VALUES (1, 8, 153, 0, 1);
INSERT INTO `profile2field` VALUES (1, 8, 154, 0, 1);
INSERT INTO `profile2field` VALUES (1, 8, 155, 0, 1);
INSERT INTO `profile2field` VALUES (1, 8, 156, 0, 1);
INSERT INTO `profile2field` VALUES (1, 8, 157, 0, 1);
INSERT INTO `profile2field` VALUES (1, 8, 158, 0, 1);
INSERT INTO `profile2field` VALUES (1, 10, 159, 0, 1);
INSERT INTO `profile2field` VALUES (1, 10, 162, 0, 1);
INSERT INTO `profile2field` VALUES (1, 10, 163, 0, 1);
INSERT INTO `profile2field` VALUES (1, 10, 164, 0, 1);
INSERT INTO `profile2field` VALUES (1, 10, 165, 0, 1);
INSERT INTO `profile2field` VALUES (1, 10, 166, 0, 1);
INSERT INTO `profile2field` VALUES (1, 10, 168, 0, 1);
INSERT INTO `profile2field` VALUES (1, 10, 169, 0, 1);
INSERT INTO `profile2field` VALUES (1, 9, 170, 0, 1);
INSERT INTO `profile2field` VALUES (1, 9, 171, 0, 1);
INSERT INTO `profile2field` VALUES (1, 9, 172, 0, 1);
INSERT INTO `profile2field` VALUES (1, 9, 174, 0, 1);
INSERT INTO `profile2field` VALUES (1, 9, 175, 0, 1);
INSERT INTO `profile2field` VALUES (1, 9, 176, 0, 1);
INSERT INTO `profile2field` VALUES (1, 9, 177, 0, 1);
INSERT INTO `profile2field` VALUES (1, 9, 179, 0, 1);
INSERT INTO `profile2field` VALUES (1, 9, 180, 0, 1);
INSERT INTO `profile2field` VALUES (1, 9, 181, 0, 1);
INSERT INTO `profile2field` VALUES (1, 9, 182, 0, 1);
INSERT INTO `profile2field` VALUES (1, 9, 184, 0, 1);
INSERT INTO `profile2field` VALUES (1, 16, 190, 0, 1);
INSERT INTO `profile2field` VALUES (1, 16, 191, 0, 1);
INSERT INTO `profile2field` VALUES (1, 16, 192, 0, 1);
INSERT INTO `profile2field` VALUES (1, 16, 194, 0, 1);
INSERT INTO `profile2field` VALUES (1, 16, 195, 0, 1);
INSERT INTO `profile2field` VALUES (1, 16, 196, 0, 1);
INSERT INTO `profile2field` VALUES (1, 16, 198, 0, 1);
INSERT INTO `profile2field` VALUES (1, 16, 199, 0, 1);
INSERT INTO `profile2field` VALUES (1, 16, 200, 0, 1);
INSERT INTO `profile2field` VALUES (1, 16, 201, 0, 1);
INSERT INTO `profile2field` VALUES (1, 16, 202, 0, 1);
INSERT INTO `profile2field` VALUES (1, 16, 203, 0, 1);
INSERT INTO `profile2field` VALUES (1, 16, 204, 0, 1);
INSERT INTO `profile2field` VALUES (1, 16, 205, 0, 1);
INSERT INTO `profile2field` VALUES (1, 16, 206, 0, 1);
INSERT INTO `profile2field` VALUES (1, 16, 207, 0, 1);
INSERT INTO `profile2field` VALUES (1, 15, 208, 0, 1);
INSERT INTO `profile2field` VALUES (1, 15, 209, 0, 1);
INSERT INTO `profile2field` VALUES (1, 15, 210, 0, 1);
INSERT INTO `profile2field` VALUES (1, 15, 211, 0, 1);
INSERT INTO `profile2field` VALUES (1, 15, 212, 0, 1);
INSERT INTO `profile2field` VALUES (1, 15, 213, 0, 1);
INSERT INTO `profile2field` VALUES (1, 15, 214, 0, 1);
INSERT INTO `profile2field` VALUES (1, 15, 215, 0, 1);
INSERT INTO `profile2field` VALUES (1, 18, 216, 0, 1);
INSERT INTO `profile2field` VALUES (1, 18, 217, 0, 1);
INSERT INTO `profile2field` VALUES (1, 18, 218, 0, 1);
INSERT INTO `profile2field` VALUES (1, 18, 219, 0, 1);
INSERT INTO `profile2field` VALUES (1, 18, 220, 0, 1);
INSERT INTO `profile2field` VALUES (1, 18, 221, 0, 1);
INSERT INTO `profile2field` VALUES (1, 18, 222, 0, 1);
INSERT INTO `profile2field` VALUES (1, 18, 223, 0, 1);
INSERT INTO `profile2field` VALUES (1, 18, 224, 0, 1);
INSERT INTO `profile2field` VALUES (1, 18, 225, 0, 1);
INSERT INTO `profile2field` VALUES (1, 18, 226, 0, 1);
INSERT INTO `profile2field` VALUES (1, 18, 227, 0, 1);
INSERT INTO `profile2field` VALUES (1, 18, 228, 0, 1);
INSERT INTO `profile2field` VALUES (1, 18, 229, 0, 1);
INSERT INTO `profile2field` VALUES (1, 19, 230, 0, 1);
INSERT INTO `profile2field` VALUES (1, 19, 231, 0, 1);
INSERT INTO `profile2field` VALUES (1, 19, 232, 0, 1);
INSERT INTO `profile2field` VALUES (1, 19, 233, 0, 1);
INSERT INTO `profile2field` VALUES (1, 19, 234, 0, 1);
INSERT INTO `profile2field` VALUES (1, 20, 235, 0, 1);
INSERT INTO `profile2field` VALUES (1, 20, 236, 0, 1);
INSERT INTO `profile2field` VALUES (1, 20, 237, 0, 1);
INSERT INTO `profile2field` VALUES (1, 20, 238, 0, 1);
INSERT INTO `profile2field` VALUES (1, 20, 239, 0, 1);
INSERT INTO `profile2field` VALUES (1, 20, 240, 0, 1);
INSERT INTO `profile2field` VALUES (1, 20, 241, 0, 1);
INSERT INTO `profile2field` VALUES (1, 20, 243, 0, 1);
INSERT INTO `profile2field` VALUES (1, 20, 244, 0, 1);
INSERT INTO `profile2field` VALUES (1, 20, 248, 0, 1);
INSERT INTO `profile2field` VALUES (1, 20, 249, 0, 1);
INSERT INTO `profile2field` VALUES (1, 20, 250, 0, 1);
INSERT INTO `profile2field` VALUES (1, 20, 251, 0, 1);
INSERT INTO `profile2field` VALUES (1, 20, 252, 0, 1);
INSERT INTO `profile2field` VALUES (1, 20, 253, 0, 1);
INSERT INTO `profile2field` VALUES (1, 20, 254, 0, 1);
INSERT INTO `profile2field` VALUES (1, 20, 255, 0, 1);
INSERT INTO `profile2field` VALUES (1, 20, 256, 0, 1);
INSERT INTO `profile2field` VALUES (1, 20, 257, 0, 1);
INSERT INTO `profile2field` VALUES (1, 20, 258, 0, 1);
INSERT INTO `profile2field` VALUES (1, 20, 259, 0, 1);
INSERT INTO `profile2field` VALUES (1, 20, 260, 0, 1);
INSERT INTO `profile2field` VALUES (1, 20, 261, 0, 1);
INSERT INTO `profile2field` VALUES (1, 20, 262, 0, 1);
INSERT INTO `profile2field` VALUES (1, 20, 263, 0, 1);
INSERT INTO `profile2field` VALUES (1, 21, 264, 0, 1);
INSERT INTO `profile2field` VALUES (1, 21, 265, 0, 1);
INSERT INTO `profile2field` VALUES (1, 21, 266, 0, 1);
INSERT INTO `profile2field` VALUES (1, 21, 267, 0, 1);
INSERT INTO `profile2field` VALUES (1, 21, 268, 0, 1);
INSERT INTO `profile2field` VALUES (1, 21, 269, 0, 1);
INSERT INTO `profile2field` VALUES (1, 21, 270, 0, 1);
INSERT INTO `profile2field` VALUES (1, 21, 273, 0, 1);
INSERT INTO `profile2field` VALUES (1, 21, 274, 0, 1);
INSERT INTO `profile2field` VALUES (1, 21, 277, 0, 1);
INSERT INTO `profile2field` VALUES (1, 21, 278, 0, 1);
INSERT INTO `profile2field` VALUES (1, 21, 279, 0, 1);
INSERT INTO `profile2field` VALUES (1, 21, 280, 0, 1);
INSERT INTO `profile2field` VALUES (1, 21, 281, 0, 1);
INSERT INTO `profile2field` VALUES (1, 21, 282, 0, 1);
INSERT INTO `profile2field` VALUES (1, 21, 283, 0, 1);
INSERT INTO `profile2field` VALUES (1, 21, 284, 0, 1);
INSERT INTO `profile2field` VALUES (1, 21, 285, 0, 1);
INSERT INTO `profile2field` VALUES (1, 21, 286, 0, 1);
INSERT INTO `profile2field` VALUES (1, 21, 287, 0, 1);
INSERT INTO `profile2field` VALUES (1, 21, 288, 0, 1);
INSERT INTO `profile2field` VALUES (1, 21, 289, 0, 1);
INSERT INTO `profile2field` VALUES (1, 21, 290, 0, 1);
INSERT INTO `profile2field` VALUES (1, 21, 291, 0, 1);
INSERT INTO `profile2field` VALUES (1, 21, 292, 0, 1);
INSERT INTO `profile2field` VALUES (1, 22, 293, 0, 1);
INSERT INTO `profile2field` VALUES (1, 22, 294, 0, 1);
INSERT INTO `profile2field` VALUES (1, 22, 295, 0, 1);
INSERT INTO `profile2field` VALUES (1, 22, 296, 0, 1);
INSERT INTO `profile2field` VALUES (1, 22, 297, 0, 1);
INSERT INTO `profile2field` VALUES (1, 22, 298, 0, 1);
INSERT INTO `profile2field` VALUES (1, 22, 299, 0, 1);
INSERT INTO `profile2field` VALUES (1, 22, 300, 0, 1);
INSERT INTO `profile2field` VALUES (1, 22, 301, 0, 1);
INSERT INTO `profile2field` VALUES (1, 22, 302, 0, 1);
INSERT INTO `profile2field` VALUES (1, 22, 305, 0, 1);
INSERT INTO `profile2field` VALUES (1, 22, 306, 0, 1);
INSERT INTO `profile2field` VALUES (1, 22, 309, 0, 1);
INSERT INTO `profile2field` VALUES (1, 22, 310, 0, 1);
INSERT INTO `profile2field` VALUES (1, 22, 311, 0, 1);
INSERT INTO `profile2field` VALUES (1, 22, 312, 0, 1);
INSERT INTO `profile2field` VALUES (1, 22, 313, 0, 1);
INSERT INTO `profile2field` VALUES (1, 22, 314, 0, 1);
INSERT INTO `profile2field` VALUES (1, 22, 315, 0, 1);
INSERT INTO `profile2field` VALUES (1, 22, 316, 0, 1);
INSERT INTO `profile2field` VALUES (1, 22, 317, 0, 1);
INSERT INTO `profile2field` VALUES (1, 22, 318, 0, 1);
INSERT INTO `profile2field` VALUES (1, 22, 319, 0, 1);
INSERT INTO `profile2field` VALUES (1, 22, 320, 0, 1);
INSERT INTO `profile2field` VALUES (1, 22, 321, 0, 1);
INSERT INTO `profile2field` VALUES (1, 22, 322, 0, 1);
INSERT INTO `profile2field` VALUES (1, 22, 323, 0, 1);
INSERT INTO `profile2field` VALUES (1, 22, 324, 0, 1);
INSERT INTO `profile2field` VALUES (1, 23, 325, 0, 1);
INSERT INTO `profile2field` VALUES (1, 23, 326, 0, 1);
INSERT INTO `profile2field` VALUES (1, 23, 327, 0, 1);
INSERT INTO `profile2field` VALUES (1, 23, 328, 0, 1);
INSERT INTO `profile2field` VALUES (1, 23, 329, 0, 1);
INSERT INTO `profile2field` VALUES (1, 23, 330, 0, 1);
INSERT INTO `profile2field` VALUES (1, 23, 333, 0, 1);
INSERT INTO `profile2field` VALUES (1, 23, 334, 0, 1);
INSERT INTO `profile2field` VALUES (1, 23, 337, 0, 1);
INSERT INTO `profile2field` VALUES (1, 23, 338, 0, 1);
INSERT INTO `profile2field` VALUES (1, 23, 339, 0, 1);
INSERT INTO `profile2field` VALUES (1, 23, 340, 0, 1);
INSERT INTO `profile2field` VALUES (1, 23, 341, 0, 1);
INSERT INTO `profile2field` VALUES (1, 23, 342, 0, 1);
INSERT INTO `profile2field` VALUES (1, 23, 343, 0, 1);
INSERT INTO `profile2field` VALUES (1, 23, 344, 0, 1);
INSERT INTO `profile2field` VALUES (1, 23, 345, 0, 1);
INSERT INTO `profile2field` VALUES (1, 23, 346, 0, 1);
INSERT INTO `profile2field` VALUES (1, 23, 347, 0, 1);
INSERT INTO `profile2field` VALUES (1, 23, 348, 0, 1);
INSERT INTO `profile2field` VALUES (1, 23, 349, 0, 1);
INSERT INTO `profile2field` VALUES (1, 23, 350, 0, 1);
INSERT INTO `profile2field` VALUES (1, 23, 351, 0, 1);
INSERT INTO `profile2field` VALUES (1, 23, 352, 0, 1);
INSERT INTO `profile2field` VALUES (1, 23, 353, 0, 1);
INSERT INTO `profile2field` VALUES (2, 6, 1, 0, 1);
INSERT INTO `profile2field` VALUES (2, 6, 2, 0, 1);
INSERT INTO `profile2field` VALUES (2, 6, 3, 0, 1);
INSERT INTO `profile2field` VALUES (2, 6, 4, 0, 1);
INSERT INTO `profile2field` VALUES (2, 6, 5, 0, 1);
INSERT INTO `profile2field` VALUES (2, 6, 6, 0, 1);
INSERT INTO `profile2field` VALUES (2, 6, 7, 0, 1);
INSERT INTO `profile2field` VALUES (2, 6, 8, 0, 1);
INSERT INTO `profile2field` VALUES (2, 6, 9, 0, 1);
INSERT INTO `profile2field` VALUES (2, 6, 10, 0, 1);
INSERT INTO `profile2field` VALUES (2, 6, 11, 0, 1);
INSERT INTO `profile2field` VALUES (2, 6, 12, 0, 1);
INSERT INTO `profile2field` VALUES (2, 6, 13, 0, 1);
INSERT INTO `profile2field` VALUES (2, 6, 14, 0, 1);
INSERT INTO `profile2field` VALUES (2, 6, 15, 0, 1);
INSERT INTO `profile2field` VALUES (2, 6, 16, 0, 1);
INSERT INTO `profile2field` VALUES (2, 6, 17, 0, 1);
INSERT INTO `profile2field` VALUES (2, 6, 18, 0, 1);
INSERT INTO `profile2field` VALUES (2, 6, 19, 0, 1);
INSERT INTO `profile2field` VALUES (2, 6, 20, 0, 1);
INSERT INTO `profile2field` VALUES (2, 6, 21, 0, 1);
INSERT INTO `profile2field` VALUES (2, 6, 22, 0, 1);
INSERT INTO `profile2field` VALUES (2, 6, 23, 0, 1);
INSERT INTO `profile2field` VALUES (2, 6, 24, 0, 1);
INSERT INTO `profile2field` VALUES (2, 6, 25, 0, 1);
INSERT INTO `profile2field` VALUES (2, 6, 26, 0, 1);
INSERT INTO `profile2field` VALUES (2, 6, 27, 0, 1);
INSERT INTO `profile2field` VALUES (2, 6, 28, 0, 1);
INSERT INTO `profile2field` VALUES (2, 6, 29, 0, 1);
INSERT INTO `profile2field` VALUES (2, 6, 30, 0, 1);
INSERT INTO `profile2field` VALUES (2, 7, 32, 0, 1);
INSERT INTO `profile2field` VALUES (2, 7, 33, 0, 1);
INSERT INTO `profile2field` VALUES (2, 7, 34, 0, 1);
INSERT INTO `profile2field` VALUES (2, 7, 35, 0, 1);
INSERT INTO `profile2field` VALUES (2, 7, 36, 0, 1);
INSERT INTO `profile2field` VALUES (2, 7, 37, 0, 1);
INSERT INTO `profile2field` VALUES (2, 7, 38, 0, 1);
INSERT INTO `profile2field` VALUES (2, 7, 39, 0, 1);
INSERT INTO `profile2field` VALUES (2, 7, 40, 0, 1);
INSERT INTO `profile2field` VALUES (2, 7, 41, 0, 1);
INSERT INTO `profile2field` VALUES (2, 7, 42, 0, 1);
INSERT INTO `profile2field` VALUES (2, 7, 43, 0, 1);
INSERT INTO `profile2field` VALUES (2, 7, 44, 0, 1);
INSERT INTO `profile2field` VALUES (2, 7, 45, 0, 1);
INSERT INTO `profile2field` VALUES (2, 7, 46, 0, 1);
INSERT INTO `profile2field` VALUES (2, 7, 47, 0, 1);
INSERT INTO `profile2field` VALUES (2, 7, 48, 0, 1);
INSERT INTO `profile2field` VALUES (2, 7, 49, 0, 1);
INSERT INTO `profile2field` VALUES (2, 7, 50, 0, 1);
INSERT INTO `profile2field` VALUES (2, 7, 51, 0, 1);
INSERT INTO `profile2field` VALUES (2, 7, 52, 0, 1);
INSERT INTO `profile2field` VALUES (2, 7, 53, 0, 1);
INSERT INTO `profile2field` VALUES (2, 7, 54, 0, 1);
INSERT INTO `profile2field` VALUES (2, 7, 55, 0, 1);
INSERT INTO `profile2field` VALUES (2, 7, 56, 0, 1);
INSERT INTO `profile2field` VALUES (2, 4, 58, 0, 1);
INSERT INTO `profile2field` VALUES (2, 4, 59, 0, 1);
INSERT INTO `profile2field` VALUES (2, 4, 60, 0, 1);
INSERT INTO `profile2field` VALUES (2, 4, 61, 0, 1);
INSERT INTO `profile2field` VALUES (2, 4, 62, 0, 1);
INSERT INTO `profile2field` VALUES (2, 4, 63, 0, 1);
INSERT INTO `profile2field` VALUES (2, 4, 64, 0, 1);
INSERT INTO `profile2field` VALUES (2, 4, 65, 0, 1);
INSERT INTO `profile2field` VALUES (2, 4, 66, 0, 1);
INSERT INTO `profile2field` VALUES (2, 4, 67, 0, 1);
INSERT INTO `profile2field` VALUES (2, 4, 68, 0, 1);
INSERT INTO `profile2field` VALUES (2, 4, 69, 0, 1);
INSERT INTO `profile2field` VALUES (2, 4, 70, 0, 1);
INSERT INTO `profile2field` VALUES (2, 4, 71, 0, 1);
INSERT INTO `profile2field` VALUES (2, 4, 72, 0, 1);
INSERT INTO `profile2field` VALUES (2, 4, 73, 0, 1);
INSERT INTO `profile2field` VALUES (2, 4, 74, 0, 1);
INSERT INTO `profile2field` VALUES (2, 4, 75, 0, 1);
INSERT INTO `profile2field` VALUES (2, 4, 76, 0, 1);
INSERT INTO `profile2field` VALUES (2, 4, 77, 0, 1);
INSERT INTO `profile2field` VALUES (2, 4, 78, 0, 1);
INSERT INTO `profile2field` VALUES (2, 4, 79, 0, 1);
INSERT INTO `profile2field` VALUES (2, 4, 80, 0, 1);
INSERT INTO `profile2field` VALUES (2, 4, 81, 0, 1);
INSERT INTO `profile2field` VALUES (2, 4, 82, 0, 1);
INSERT INTO `profile2field` VALUES (2, 4, 83, 0, 1);
INSERT INTO `profile2field` VALUES (2, 4, 84, 0, 1);
INSERT INTO `profile2field` VALUES (2, 4, 85, 0, 1);
INSERT INTO `profile2field` VALUES (2, 4, 86, 0, 1);
INSERT INTO `profile2field` VALUES (2, 4, 87, 0, 1);
INSERT INTO `profile2field` VALUES (2, 4, 88, 0, 1);
INSERT INTO `profile2field` VALUES (2, 4, 89, 0, 1);
INSERT INTO `profile2field` VALUES (2, 4, 90, 0, 1);
INSERT INTO `profile2field` VALUES (2, 4, 91, 0, 1);
INSERT INTO `profile2field` VALUES (2, 4, 92, 0, 1);
INSERT INTO `profile2field` VALUES (2, 4, 93, 0, 1);
INSERT INTO `profile2field` VALUES (2, 2, 94, 0, 1);
INSERT INTO `profile2field` VALUES (2, 2, 95, 0, 1);
INSERT INTO `profile2field` VALUES (2, 2, 96, 0, 1);
INSERT INTO `profile2field` VALUES (2, 2, 97, 0, 1);
INSERT INTO `profile2field` VALUES (2, 2, 98, 0, 1);
INSERT INTO `profile2field` VALUES (2, 2, 99, 0, 1);
INSERT INTO `profile2field` VALUES (2, 2, 100, 0, 1);
INSERT INTO `profile2field` VALUES (2, 2, 101, 0, 1);
INSERT INTO `profile2field` VALUES (2, 2, 102, 0, 1);
INSERT INTO `profile2field` VALUES (2, 2, 103, 0, 1);
INSERT INTO `profile2field` VALUES (2, 2, 104, 0, 1);
INSERT INTO `profile2field` VALUES (2, 2, 105, 0, 1);
INSERT INTO `profile2field` VALUES (2, 2, 106, 0, 1);
INSERT INTO `profile2field` VALUES (2, 13, 107, 0, 1);
INSERT INTO `profile2field` VALUES (2, 13, 108, 0, 1);
INSERT INTO `profile2field` VALUES (2, 13, 109, 0, 1);
INSERT INTO `profile2field` VALUES (2, 13, 110, 0, 1);
INSERT INTO `profile2field` VALUES (2, 13, 111, 0, 1);
INSERT INTO `profile2field` VALUES (2, 13, 112, 0, 1);
INSERT INTO `profile2field` VALUES (2, 13, 113, 0, 1);
INSERT INTO `profile2field` VALUES (2, 13, 115, 0, 1);
INSERT INTO `profile2field` VALUES (2, 13, 116, 0, 1);
INSERT INTO `profile2field` VALUES (2, 13, 117, 0, 1);
INSERT INTO `profile2field` VALUES (2, 13, 118, 0, 1);
INSERT INTO `profile2field` VALUES (2, 13, 119, 0, 1);
INSERT INTO `profile2field` VALUES (2, 13, 120, 0, 1);
INSERT INTO `profile2field` VALUES (2, 14, 121, 0, 1);
INSERT INTO `profile2field` VALUES (2, 14, 122, 0, 1);
INSERT INTO `profile2field` VALUES (2, 14, 123, 0, 1);
INSERT INTO `profile2field` VALUES (2, 14, 124, 0, 1);
INSERT INTO `profile2field` VALUES (2, 14, 125, 0, 1);
INSERT INTO `profile2field` VALUES (2, 14, 126, 0, 1);
INSERT INTO `profile2field` VALUES (2, 14, 127, 0, 1);
INSERT INTO `profile2field` VALUES (2, 14, 128, 0, 1);
INSERT INTO `profile2field` VALUES (2, 14, 129, 0, 1);
INSERT INTO `profile2field` VALUES (2, 14, 130, 0, 1);
INSERT INTO `profile2field` VALUES (2, 14, 131, 0, 1);
INSERT INTO `profile2field` VALUES (2, 14, 132, 0, 1);
INSERT INTO `profile2field` VALUES (2, 14, 133, 1, 1);
INSERT INTO `profile2field` VALUES (2, 14, 134, 0, 1);
INSERT INTO `profile2field` VALUES (2, 14, 135, 0, 1);
INSERT INTO `profile2field` VALUES (2, 14, 136, 0, 1);
INSERT INTO `profile2field` VALUES (2, 14, 137, 0, 1);
INSERT INTO `profile2field` VALUES (2, 14, 138, 0, 1);
INSERT INTO `profile2field` VALUES (2, 14, 139, 0, 1);
INSERT INTO `profile2field` VALUES (2, 14, 140, 0, 1);
INSERT INTO `profile2field` VALUES (2, 14, 141, 0, 1);
INSERT INTO `profile2field` VALUES (2, 14, 142, 0, 1);
INSERT INTO `profile2field` VALUES (2, 14, 143, 0, 1);
INSERT INTO `profile2field` VALUES (2, 14, 144, 0, 1);
INSERT INTO `profile2field` VALUES (2, 14, 145, 0, 1);
INSERT INTO `profile2field` VALUES (2, 14, 146, 0, 1);
INSERT INTO `profile2field` VALUES (2, 14, 147, 0, 1);
INSERT INTO `profile2field` VALUES (2, 14, 148, 0, 1);
INSERT INTO `profile2field` VALUES (2, 14, 149, 0, 1);
INSERT INTO `profile2field` VALUES (2, 14, 150, 0, 1);
INSERT INTO `profile2field` VALUES (2, 14, 151, 0, 1);
INSERT INTO `profile2field` VALUES (2, 8, 152, 0, 1);
INSERT INTO `profile2field` VALUES (2, 8, 153, 0, 1);
INSERT INTO `profile2field` VALUES (2, 8, 154, 0, 1);
INSERT INTO `profile2field` VALUES (2, 8, 155, 0, 1);
INSERT INTO `profile2field` VALUES (2, 8, 156, 0, 1);
INSERT INTO `profile2field` VALUES (2, 8, 157, 0, 1);
INSERT INTO `profile2field` VALUES (2, 8, 158, 0, 1);
INSERT INTO `profile2field` VALUES (2, 10, 159, 0, 1);
INSERT INTO `profile2field` VALUES (2, 10, 162, 0, 1);
INSERT INTO `profile2field` VALUES (2, 10, 163, 0, 1);
INSERT INTO `profile2field` VALUES (2, 10, 164, 0, 1);
INSERT INTO `profile2field` VALUES (2, 10, 165, 0, 1);
INSERT INTO `profile2field` VALUES (2, 10, 166, 0, 1);
INSERT INTO `profile2field` VALUES (2, 10, 168, 0, 1);
INSERT INTO `profile2field` VALUES (2, 10, 169, 0, 1);
INSERT INTO `profile2field` VALUES (2, 9, 170, 0, 1);
INSERT INTO `profile2field` VALUES (2, 9, 171, 0, 1);
INSERT INTO `profile2field` VALUES (2, 9, 172, 0, 1);
INSERT INTO `profile2field` VALUES (2, 9, 174, 0, 1);
INSERT INTO `profile2field` VALUES (2, 9, 175, 0, 1);
INSERT INTO `profile2field` VALUES (2, 9, 176, 0, 1);
INSERT INTO `profile2field` VALUES (2, 9, 177, 0, 1);
INSERT INTO `profile2field` VALUES (2, 9, 179, 0, 1);
INSERT INTO `profile2field` VALUES (2, 9, 180, 0, 1);
INSERT INTO `profile2field` VALUES (2, 9, 181, 0, 1);
INSERT INTO `profile2field` VALUES (2, 9, 182, 0, 1);
INSERT INTO `profile2field` VALUES (2, 9, 184, 0, 1);
INSERT INTO `profile2field` VALUES (2, 16, 190, 0, 1);
INSERT INTO `profile2field` VALUES (2, 16, 191, 0, 1);
INSERT INTO `profile2field` VALUES (2, 16, 192, 0, 1);
INSERT INTO `profile2field` VALUES (2, 16, 194, 0, 1);
INSERT INTO `profile2field` VALUES (2, 16, 195, 0, 1);
INSERT INTO `profile2field` VALUES (2, 16, 196, 0, 1);
INSERT INTO `profile2field` VALUES (2, 16, 198, 0, 1);
INSERT INTO `profile2field` VALUES (2, 16, 199, 0, 1);
INSERT INTO `profile2field` VALUES (2, 16, 200, 0, 1);
INSERT INTO `profile2field` VALUES (2, 16, 201, 0, 1);
INSERT INTO `profile2field` VALUES (2, 16, 202, 0, 1);
INSERT INTO `profile2field` VALUES (2, 16, 203, 0, 1);
INSERT INTO `profile2field` VALUES (2, 16, 204, 0, 1);
INSERT INTO `profile2field` VALUES (2, 16, 205, 0, 1);
INSERT INTO `profile2field` VALUES (2, 16, 206, 0, 1);
INSERT INTO `profile2field` VALUES (2, 16, 207, 0, 1);
INSERT INTO `profile2field` VALUES (2, 15, 208, 0, 1);
INSERT INTO `profile2field` VALUES (2, 15, 209, 0, 1);
INSERT INTO `profile2field` VALUES (2, 15, 210, 0, 1);
INSERT INTO `profile2field` VALUES (2, 15, 211, 0, 1);
INSERT INTO `profile2field` VALUES (2, 15, 212, 0, 1);
INSERT INTO `profile2field` VALUES (2, 15, 213, 0, 1);
INSERT INTO `profile2field` VALUES (2, 15, 214, 0, 1);
INSERT INTO `profile2field` VALUES (2, 15, 215, 0, 1);
INSERT INTO `profile2field` VALUES (2, 18, 216, 0, 1);
INSERT INTO `profile2field` VALUES (2, 18, 217, 0, 1);
INSERT INTO `profile2field` VALUES (2, 18, 218, 0, 1);
INSERT INTO `profile2field` VALUES (2, 18, 219, 0, 1);
INSERT INTO `profile2field` VALUES (2, 18, 220, 0, 1);
INSERT INTO `profile2field` VALUES (2, 18, 221, 0, 1);
INSERT INTO `profile2field` VALUES (2, 18, 222, 0, 1);
INSERT INTO `profile2field` VALUES (2, 18, 223, 0, 1);
INSERT INTO `profile2field` VALUES (2, 18, 224, 0, 1);
INSERT INTO `profile2field` VALUES (2, 18, 225, 0, 1);
INSERT INTO `profile2field` VALUES (2, 18, 226, 0, 1);
INSERT INTO `profile2field` VALUES (2, 18, 227, 0, 1);
INSERT INTO `profile2field` VALUES (2, 18, 228, 0, 1);
INSERT INTO `profile2field` VALUES (2, 18, 229, 0, 1);
INSERT INTO `profile2field` VALUES (2, 19, 230, 0, 1);
INSERT INTO `profile2field` VALUES (2, 19, 231, 0, 1);
INSERT INTO `profile2field` VALUES (2, 19, 232, 0, 1);
INSERT INTO `profile2field` VALUES (2, 19, 233, 0, 1);
INSERT INTO `profile2field` VALUES (2, 19, 234, 0, 1);
INSERT INTO `profile2field` VALUES (2, 20, 235, 0, 1);
INSERT INTO `profile2field` VALUES (2, 20, 236, 0, 1);
INSERT INTO `profile2field` VALUES (2, 20, 237, 0, 1);
INSERT INTO `profile2field` VALUES (2, 20, 238, 0, 1);
INSERT INTO `profile2field` VALUES (2, 20, 239, 0, 1);
INSERT INTO `profile2field` VALUES (2, 20, 240, 0, 1);
INSERT INTO `profile2field` VALUES (2, 20, 241, 0, 1);
INSERT INTO `profile2field` VALUES (2, 20, 243, 0, 1);
INSERT INTO `profile2field` VALUES (2, 20, 244, 0, 1);
INSERT INTO `profile2field` VALUES (2, 20, 248, 0, 1);
INSERT INTO `profile2field` VALUES (2, 20, 249, 0, 1);
INSERT INTO `profile2field` VALUES (2, 20, 250, 0, 1);
INSERT INTO `profile2field` VALUES (2, 20, 251, 0, 1);
INSERT INTO `profile2field` VALUES (2, 20, 252, 0, 1);
INSERT INTO `profile2field` VALUES (2, 20, 253, 0, 1);
INSERT INTO `profile2field` VALUES (2, 20, 254, 0, 1);
INSERT INTO `profile2field` VALUES (2, 20, 255, 0, 1);
INSERT INTO `profile2field` VALUES (2, 20, 256, 0, 1);
INSERT INTO `profile2field` VALUES (2, 20, 257, 0, 1);
INSERT INTO `profile2field` VALUES (2, 20, 258, 0, 1);
INSERT INTO `profile2field` VALUES (2, 20, 259, 0, 1);
INSERT INTO `profile2field` VALUES (2, 20, 260, 0, 1);
INSERT INTO `profile2field` VALUES (2, 20, 261, 0, 1);
INSERT INTO `profile2field` VALUES (2, 20, 262, 0, 1);
INSERT INTO `profile2field` VALUES (2, 20, 263, 0, 1);
INSERT INTO `profile2field` VALUES (2, 21, 264, 0, 1);
INSERT INTO `profile2field` VALUES (2, 21, 265, 0, 1);
INSERT INTO `profile2field` VALUES (2, 21, 266, 0, 1);
INSERT INTO `profile2field` VALUES (2, 21, 267, 0, 1);
INSERT INTO `profile2field` VALUES (2, 21, 268, 0, 1);
INSERT INTO `profile2field` VALUES (2, 21, 269, 0, 1);
INSERT INTO `profile2field` VALUES (2, 21, 270, 0, 1);
INSERT INTO `profile2field` VALUES (2, 21, 273, 0, 1);
INSERT INTO `profile2field` VALUES (2, 21, 274, 0, 1);
INSERT INTO `profile2field` VALUES (2, 21, 277, 0, 1);
INSERT INTO `profile2field` VALUES (2, 21, 278, 0, 1);
INSERT INTO `profile2field` VALUES (2, 21, 279, 0, 1);
INSERT INTO `profile2field` VALUES (2, 21, 280, 0, 1);
INSERT INTO `profile2field` VALUES (2, 21, 281, 0, 1);
INSERT INTO `profile2field` VALUES (2, 21, 282, 0, 1);
INSERT INTO `profile2field` VALUES (2, 21, 283, 0, 1);
INSERT INTO `profile2field` VALUES (2, 21, 284, 0, 1);
INSERT INTO `profile2field` VALUES (2, 21, 285, 0, 1);
INSERT INTO `profile2field` VALUES (2, 21, 286, 0, 1);
INSERT INTO `profile2field` VALUES (2, 21, 287, 0, 1);
INSERT INTO `profile2field` VALUES (2, 21, 288, 0, 1);
INSERT INTO `profile2field` VALUES (2, 21, 289, 0, 1);
INSERT INTO `profile2field` VALUES (2, 21, 290, 0, 1);
INSERT INTO `profile2field` VALUES (2, 21, 291, 0, 1);
INSERT INTO `profile2field` VALUES (2, 21, 292, 0, 1);
INSERT INTO `profile2field` VALUES (2, 22, 293, 0, 1);
INSERT INTO `profile2field` VALUES (2, 22, 294, 0, 1);
INSERT INTO `profile2field` VALUES (2, 22, 295, 0, 1);
INSERT INTO `profile2field` VALUES (2, 22, 296, 0, 1);
INSERT INTO `profile2field` VALUES (2, 22, 297, 0, 1);
INSERT INTO `profile2field` VALUES (2, 22, 298, 0, 1);
INSERT INTO `profile2field` VALUES (2, 22, 299, 0, 1);
INSERT INTO `profile2field` VALUES (2, 22, 300, 0, 1);
INSERT INTO `profile2field` VALUES (2, 22, 301, 0, 1);
INSERT INTO `profile2field` VALUES (2, 22, 302, 0, 1);
INSERT INTO `profile2field` VALUES (2, 22, 305, 0, 1);
INSERT INTO `profile2field` VALUES (2, 22, 306, 0, 1);
INSERT INTO `profile2field` VALUES (2, 22, 309, 0, 1);
INSERT INTO `profile2field` VALUES (2, 22, 310, 0, 1);
INSERT INTO `profile2field` VALUES (2, 22, 311, 0, 1);
INSERT INTO `profile2field` VALUES (2, 22, 312, 0, 1);
INSERT INTO `profile2field` VALUES (2, 22, 313, 0, 1);
INSERT INTO `profile2field` VALUES (2, 22, 314, 0, 1);
INSERT INTO `profile2field` VALUES (2, 22, 315, 0, 1);
INSERT INTO `profile2field` VALUES (2, 22, 316, 0, 1);
INSERT INTO `profile2field` VALUES (2, 22, 317, 0, 1);
INSERT INTO `profile2field` VALUES (2, 22, 318, 0, 1);
INSERT INTO `profile2field` VALUES (2, 22, 319, 0, 1);
INSERT INTO `profile2field` VALUES (2, 22, 320, 0, 1);
INSERT INTO `profile2field` VALUES (2, 22, 321, 0, 1);
INSERT INTO `profile2field` VALUES (2, 22, 322, 0, 1);
INSERT INTO `profile2field` VALUES (2, 22, 323, 0, 1);
INSERT INTO `profile2field` VALUES (2, 22, 324, 0, 1);
INSERT INTO `profile2field` VALUES (2, 23, 325, 0, 1);
INSERT INTO `profile2field` VALUES (2, 23, 326, 0, 1);
INSERT INTO `profile2field` VALUES (2, 23, 327, 0, 1);
INSERT INTO `profile2field` VALUES (2, 23, 328, 0, 1);
INSERT INTO `profile2field` VALUES (2, 23, 329, 0, 1);
INSERT INTO `profile2field` VALUES (2, 23, 330, 0, 1);
INSERT INTO `profile2field` VALUES (2, 23, 333, 0, 1);
INSERT INTO `profile2field` VALUES (2, 23, 334, 0, 1);
INSERT INTO `profile2field` VALUES (2, 23, 337, 0, 1);
INSERT INTO `profile2field` VALUES (2, 23, 338, 0, 1);
INSERT INTO `profile2field` VALUES (2, 23, 339, 0, 1);
INSERT INTO `profile2field` VALUES (2, 23, 340, 0, 1);
INSERT INTO `profile2field` VALUES (2, 23, 341, 0, 1);
INSERT INTO `profile2field` VALUES (2, 23, 342, 0, 1);
INSERT INTO `profile2field` VALUES (2, 23, 343, 0, 1);
INSERT INTO `profile2field` VALUES (2, 23, 344, 0, 1);
INSERT INTO `profile2field` VALUES (2, 23, 345, 0, 1);
INSERT INTO `profile2field` VALUES (2, 23, 346, 0, 1);
INSERT INTO `profile2field` VALUES (2, 23, 347, 0, 1);
INSERT INTO `profile2field` VALUES (2, 23, 348, 0, 1);
INSERT INTO `profile2field` VALUES (2, 23, 349, 0, 1);
INSERT INTO `profile2field` VALUES (2, 23, 350, 0, 1);
INSERT INTO `profile2field` VALUES (2, 23, 351, 0, 1);
INSERT INTO `profile2field` VALUES (2, 23, 352, 0, 1);
INSERT INTO `profile2field` VALUES (2, 23, 353, 0, 1);
INSERT INTO `profile2field` VALUES (3, 6, 1, 0, 1);
INSERT INTO `profile2field` VALUES (3, 6, 2, 0, 1);
INSERT INTO `profile2field` VALUES (3, 6, 3, 0, 1);
INSERT INTO `profile2field` VALUES (3, 6, 4, 0, 1);
INSERT INTO `profile2field` VALUES (3, 6, 5, 0, 1);
INSERT INTO `profile2field` VALUES (3, 6, 6, 0, 1);
INSERT INTO `profile2field` VALUES (3, 6, 7, 0, 1);
INSERT INTO `profile2field` VALUES (3, 6, 8, 0, 1);
INSERT INTO `profile2field` VALUES (3, 6, 9, 0, 1);
INSERT INTO `profile2field` VALUES (3, 6, 10, 0, 1);
INSERT INTO `profile2field` VALUES (3, 6, 11, 0, 1);
INSERT INTO `profile2field` VALUES (3, 6, 12, 0, 1);
INSERT INTO `profile2field` VALUES (3, 6, 13, 0, 1);
INSERT INTO `profile2field` VALUES (3, 6, 14, 0, 1);
INSERT INTO `profile2field` VALUES (3, 6, 15, 0, 1);
INSERT INTO `profile2field` VALUES (3, 6, 16, 0, 1);
INSERT INTO `profile2field` VALUES (3, 6, 17, 0, 1);
INSERT INTO `profile2field` VALUES (3, 6, 18, 0, 1);
INSERT INTO `profile2field` VALUES (3, 6, 19, 0, 1);
INSERT INTO `profile2field` VALUES (3, 6, 20, 0, 1);
INSERT INTO `profile2field` VALUES (3, 6, 21, 0, 1);
INSERT INTO `profile2field` VALUES (3, 6, 22, 0, 1);
INSERT INTO `profile2field` VALUES (3, 6, 23, 0, 1);
INSERT INTO `profile2field` VALUES (3, 6, 24, 0, 1);
INSERT INTO `profile2field` VALUES (3, 6, 25, 0, 1);
INSERT INTO `profile2field` VALUES (3, 6, 26, 0, 1);
INSERT INTO `profile2field` VALUES (3, 6, 27, 0, 1);
INSERT INTO `profile2field` VALUES (3, 6, 28, 0, 1);
INSERT INTO `profile2field` VALUES (3, 6, 29, 0, 1);
INSERT INTO `profile2field` VALUES (3, 6, 30, 0, 1);
INSERT INTO `profile2field` VALUES (3, 7, 32, 0, 1);
INSERT INTO `profile2field` VALUES (3, 7, 33, 0, 1);
INSERT INTO `profile2field` VALUES (3, 7, 34, 0, 1);
INSERT INTO `profile2field` VALUES (3, 7, 35, 0, 1);
INSERT INTO `profile2field` VALUES (3, 7, 36, 0, 1);
INSERT INTO `profile2field` VALUES (3, 7, 37, 0, 1);
INSERT INTO `profile2field` VALUES (3, 7, 38, 0, 1);
INSERT INTO `profile2field` VALUES (3, 7, 39, 0, 1);
INSERT INTO `profile2field` VALUES (3, 7, 40, 0, 1);
INSERT INTO `profile2field` VALUES (3, 7, 41, 0, 1);
INSERT INTO `profile2field` VALUES (3, 7, 42, 0, 1);
INSERT INTO `profile2field` VALUES (3, 7, 43, 0, 1);
INSERT INTO `profile2field` VALUES (3, 7, 44, 0, 1);
INSERT INTO `profile2field` VALUES (3, 7, 45, 0, 1);
INSERT INTO `profile2field` VALUES (3, 7, 46, 0, 1);
INSERT INTO `profile2field` VALUES (3, 7, 47, 0, 1);
INSERT INTO `profile2field` VALUES (3, 7, 48, 0, 1);
INSERT INTO `profile2field` VALUES (3, 7, 49, 0, 1);
INSERT INTO `profile2field` VALUES (3, 7, 50, 0, 1);
INSERT INTO `profile2field` VALUES (3, 7, 51, 0, 1);
INSERT INTO `profile2field` VALUES (3, 7, 52, 0, 1);
INSERT INTO `profile2field` VALUES (3, 7, 53, 0, 1);
INSERT INTO `profile2field` VALUES (3, 7, 54, 0, 1);
INSERT INTO `profile2field` VALUES (3, 7, 55, 0, 1);
INSERT INTO `profile2field` VALUES (3, 7, 56, 0, 1);
INSERT INTO `profile2field` VALUES (3, 4, 58, 0, 1);
INSERT INTO `profile2field` VALUES (3, 4, 59, 0, 1);
INSERT INTO `profile2field` VALUES (3, 4, 60, 0, 1);
INSERT INTO `profile2field` VALUES (3, 4, 61, 0, 1);
INSERT INTO `profile2field` VALUES (3, 4, 62, 0, 1);
INSERT INTO `profile2field` VALUES (3, 4, 63, 0, 1);
INSERT INTO `profile2field` VALUES (3, 4, 64, 0, 1);
INSERT INTO `profile2field` VALUES (3, 4, 65, 0, 1);
INSERT INTO `profile2field` VALUES (3, 4, 66, 0, 1);
INSERT INTO `profile2field` VALUES (3, 4, 67, 0, 1);
INSERT INTO `profile2field` VALUES (3, 4, 68, 0, 1);
INSERT INTO `profile2field` VALUES (3, 4, 69, 0, 1);
INSERT INTO `profile2field` VALUES (3, 4, 70, 0, 1);
INSERT INTO `profile2field` VALUES (3, 4, 71, 0, 1);
INSERT INTO `profile2field` VALUES (3, 4, 72, 0, 1);
INSERT INTO `profile2field` VALUES (3, 4, 73, 0, 1);
INSERT INTO `profile2field` VALUES (3, 4, 74, 0, 1);
INSERT INTO `profile2field` VALUES (3, 4, 75, 0, 1);
INSERT INTO `profile2field` VALUES (3, 4, 76, 0, 1);
INSERT INTO `profile2field` VALUES (3, 4, 77, 0, 1);
INSERT INTO `profile2field` VALUES (3, 4, 78, 0, 1);
INSERT INTO `profile2field` VALUES (3, 4, 79, 0, 1);
INSERT INTO `profile2field` VALUES (3, 4, 80, 0, 1);
INSERT INTO `profile2field` VALUES (3, 4, 81, 0, 1);
INSERT INTO `profile2field` VALUES (3, 4, 82, 0, 1);
INSERT INTO `profile2field` VALUES (3, 4, 83, 0, 1);
INSERT INTO `profile2field` VALUES (3, 4, 84, 0, 1);
INSERT INTO `profile2field` VALUES (3, 4, 85, 0, 1);
INSERT INTO `profile2field` VALUES (3, 4, 86, 0, 1);
INSERT INTO `profile2field` VALUES (3, 4, 87, 0, 1);
INSERT INTO `profile2field` VALUES (3, 4, 88, 0, 1);
INSERT INTO `profile2field` VALUES (3, 4, 89, 0, 1);
INSERT INTO `profile2field` VALUES (3, 4, 90, 0, 1);
INSERT INTO `profile2field` VALUES (3, 4, 91, 0, 1);
INSERT INTO `profile2field` VALUES (3, 4, 92, 0, 1);
INSERT INTO `profile2field` VALUES (3, 4, 93, 0, 1);
INSERT INTO `profile2field` VALUES (3, 2, 94, 0, 1);
INSERT INTO `profile2field` VALUES (3, 2, 95, 0, 1);
INSERT INTO `profile2field` VALUES (3, 2, 96, 0, 1);
INSERT INTO `profile2field` VALUES (3, 2, 97, 0, 1);
INSERT INTO `profile2field` VALUES (3, 2, 98, 0, 1);
INSERT INTO `profile2field` VALUES (3, 2, 99, 0, 1);
INSERT INTO `profile2field` VALUES (3, 2, 100, 0, 1);
INSERT INTO `profile2field` VALUES (3, 2, 101, 0, 1);
INSERT INTO `profile2field` VALUES (3, 2, 102, 0, 1);
INSERT INTO `profile2field` VALUES (3, 2, 103, 0, 1);
INSERT INTO `profile2field` VALUES (3, 2, 104, 0, 1);
INSERT INTO `profile2field` VALUES (3, 2, 105, 0, 1);
INSERT INTO `profile2field` VALUES (3, 2, 106, 0, 1);
INSERT INTO `profile2field` VALUES (3, 13, 107, 0, 1);
INSERT INTO `profile2field` VALUES (3, 13, 108, 0, 1);
INSERT INTO `profile2field` VALUES (3, 13, 109, 0, 1);
INSERT INTO `profile2field` VALUES (3, 13, 110, 0, 1);
INSERT INTO `profile2field` VALUES (3, 13, 111, 0, 1);
INSERT INTO `profile2field` VALUES (3, 13, 112, 0, 1);
INSERT INTO `profile2field` VALUES (3, 13, 113, 0, 1);
INSERT INTO `profile2field` VALUES (3, 13, 115, 0, 1);
INSERT INTO `profile2field` VALUES (3, 13, 116, 0, 1);
INSERT INTO `profile2field` VALUES (3, 13, 117, 0, 1);
INSERT INTO `profile2field` VALUES (3, 13, 118, 0, 1);
INSERT INTO `profile2field` VALUES (3, 13, 119, 0, 1);
INSERT INTO `profile2field` VALUES (3, 13, 120, 0, 1);
INSERT INTO `profile2field` VALUES (3, 14, 121, 0, 1);
INSERT INTO `profile2field` VALUES (3, 14, 122, 0, 1);
INSERT INTO `profile2field` VALUES (3, 14, 123, 0, 1);
INSERT INTO `profile2field` VALUES (3, 14, 124, 0, 1);
INSERT INTO `profile2field` VALUES (3, 14, 125, 0, 1);
INSERT INTO `profile2field` VALUES (3, 14, 126, 0, 1);
INSERT INTO `profile2field` VALUES (3, 14, 127, 0, 1);
INSERT INTO `profile2field` VALUES (3, 14, 128, 0, 1);
INSERT INTO `profile2field` VALUES (3, 14, 129, 0, 1);
INSERT INTO `profile2field` VALUES (3, 14, 130, 0, 1);
INSERT INTO `profile2field` VALUES (3, 14, 131, 0, 1);
INSERT INTO `profile2field` VALUES (3, 14, 132, 0, 1);
INSERT INTO `profile2field` VALUES (3, 14, 133, 0, 1);
INSERT INTO `profile2field` VALUES (3, 14, 134, 0, 1);
INSERT INTO `profile2field` VALUES (3, 14, 135, 0, 1);
INSERT INTO `profile2field` VALUES (3, 14, 136, 0, 1);
INSERT INTO `profile2field` VALUES (3, 14, 137, 0, 1);
INSERT INTO `profile2field` VALUES (3, 14, 138, 0, 1);
INSERT INTO `profile2field` VALUES (3, 14, 139, 0, 1);
INSERT INTO `profile2field` VALUES (3, 14, 140, 0, 1);
INSERT INTO `profile2field` VALUES (3, 14, 141, 0, 1);
INSERT INTO `profile2field` VALUES (3, 14, 142, 0, 1);
INSERT INTO `profile2field` VALUES (3, 14, 143, 0, 1);
INSERT INTO `profile2field` VALUES (3, 14, 144, 0, 1);
INSERT INTO `profile2field` VALUES (3, 14, 145, 0, 1);
INSERT INTO `profile2field` VALUES (3, 14, 146, 0, 1);
INSERT INTO `profile2field` VALUES (3, 14, 147, 0, 1);
INSERT INTO `profile2field` VALUES (3, 14, 148, 0, 1);
INSERT INTO `profile2field` VALUES (3, 14, 149, 0, 1);
INSERT INTO `profile2field` VALUES (3, 14, 150, 0, 1);
INSERT INTO `profile2field` VALUES (3, 14, 151, 0, 1);
INSERT INTO `profile2field` VALUES (3, 8, 152, 0, 1);
INSERT INTO `profile2field` VALUES (3, 8, 153, 0, 1);
INSERT INTO `profile2field` VALUES (3, 8, 154, 0, 1);
INSERT INTO `profile2field` VALUES (3, 8, 155, 0, 1);
INSERT INTO `profile2field` VALUES (3, 8, 156, 0, 1);
INSERT INTO `profile2field` VALUES (3, 8, 157, 0, 1);
INSERT INTO `profile2field` VALUES (3, 8, 158, 0, 1);
INSERT INTO `profile2field` VALUES (3, 10, 159, 0, 1);
INSERT INTO `profile2field` VALUES (3, 10, 162, 0, 1);
INSERT INTO `profile2field` VALUES (3, 10, 163, 0, 1);
INSERT INTO `profile2field` VALUES (3, 10, 164, 0, 1);
INSERT INTO `profile2field` VALUES (3, 10, 165, 0, 1);
INSERT INTO `profile2field` VALUES (3, 10, 166, 0, 1);
INSERT INTO `profile2field` VALUES (3, 10, 168, 0, 1);
INSERT INTO `profile2field` VALUES (3, 10, 169, 0, 1);
INSERT INTO `profile2field` VALUES (3, 9, 170, 0, 1);
INSERT INTO `profile2field` VALUES (3, 9, 171, 0, 1);
INSERT INTO `profile2field` VALUES (3, 9, 172, 0, 1);
INSERT INTO `profile2field` VALUES (3, 9, 174, 0, 1);
INSERT INTO `profile2field` VALUES (3, 9, 175, 0, 1);
INSERT INTO `profile2field` VALUES (3, 9, 176, 0, 1);
INSERT INTO `profile2field` VALUES (3, 9, 177, 0, 1);
INSERT INTO `profile2field` VALUES (3, 9, 179, 0, 1);
INSERT INTO `profile2field` VALUES (3, 9, 180, 0, 1);
INSERT INTO `profile2field` VALUES (3, 9, 181, 0, 1);
INSERT INTO `profile2field` VALUES (3, 9, 182, 0, 1);
INSERT INTO `profile2field` VALUES (3, 9, 184, 0, 1);
INSERT INTO `profile2field` VALUES (3, 16, 190, 0, 1);
INSERT INTO `profile2field` VALUES (3, 16, 191, 0, 1);
INSERT INTO `profile2field` VALUES (3, 16, 192, 0, 1);
INSERT INTO `profile2field` VALUES (3, 16, 194, 0, 1);
INSERT INTO `profile2field` VALUES (3, 16, 195, 0, 1);
INSERT INTO `profile2field` VALUES (3, 16, 196, 0, 1);
INSERT INTO `profile2field` VALUES (3, 16, 198, 0, 1);
INSERT INTO `profile2field` VALUES (3, 16, 199, 0, 1);
INSERT INTO `profile2field` VALUES (3, 16, 200, 0, 1);
INSERT INTO `profile2field` VALUES (3, 16, 201, 0, 1);
INSERT INTO `profile2field` VALUES (3, 16, 202, 0, 1);
INSERT INTO `profile2field` VALUES (3, 16, 203, 0, 1);
INSERT INTO `profile2field` VALUES (3, 16, 204, 0, 1);
INSERT INTO `profile2field` VALUES (3, 16, 205, 0, 1);
INSERT INTO `profile2field` VALUES (3, 16, 206, 0, 1);
INSERT INTO `profile2field` VALUES (3, 16, 207, 0, 1);
INSERT INTO `profile2field` VALUES (3, 15, 208, 0, 1);
INSERT INTO `profile2field` VALUES (3, 15, 209, 0, 1);
INSERT INTO `profile2field` VALUES (3, 15, 210, 0, 1);
INSERT INTO `profile2field` VALUES (3, 15, 211, 0, 1);
INSERT INTO `profile2field` VALUES (3, 15, 212, 0, 1);
INSERT INTO `profile2field` VALUES (3, 15, 213, 0, 1);
INSERT INTO `profile2field` VALUES (3, 15, 214, 0, 1);
INSERT INTO `profile2field` VALUES (3, 15, 215, 0, 1);
INSERT INTO `profile2field` VALUES (3, 18, 216, 0, 1);
INSERT INTO `profile2field` VALUES (3, 18, 217, 0, 1);
INSERT INTO `profile2field` VALUES (3, 18, 218, 0, 1);
INSERT INTO `profile2field` VALUES (3, 18, 219, 0, 1);
INSERT INTO `profile2field` VALUES (3, 18, 220, 0, 1);
INSERT INTO `profile2field` VALUES (3, 18, 221, 0, 1);
INSERT INTO `profile2field` VALUES (3, 18, 222, 0, 1);
INSERT INTO `profile2field` VALUES (3, 18, 223, 0, 1);
INSERT INTO `profile2field` VALUES (3, 18, 224, 0, 1);
INSERT INTO `profile2field` VALUES (3, 18, 225, 0, 1);
INSERT INTO `profile2field` VALUES (3, 18, 226, 0, 1);
INSERT INTO `profile2field` VALUES (3, 18, 227, 0, 1);
INSERT INTO `profile2field` VALUES (3, 18, 228, 0, 1);
INSERT INTO `profile2field` VALUES (3, 18, 229, 0, 1);
INSERT INTO `profile2field` VALUES (3, 19, 230, 0, 1);
INSERT INTO `profile2field` VALUES (3, 19, 231, 0, 1);
INSERT INTO `profile2field` VALUES (3, 19, 232, 0, 1);
INSERT INTO `profile2field` VALUES (3, 19, 233, 0, 1);
INSERT INTO `profile2field` VALUES (3, 19, 234, 0, 1);
INSERT INTO `profile2field` VALUES (3, 20, 235, 0, 1);
INSERT INTO `profile2field` VALUES (3, 20, 236, 0, 1);
INSERT INTO `profile2field` VALUES (3, 20, 237, 0, 1);
INSERT INTO `profile2field` VALUES (3, 20, 238, 0, 1);
INSERT INTO `profile2field` VALUES (3, 20, 239, 0, 1);
INSERT INTO `profile2field` VALUES (3, 20, 240, 0, 1);
INSERT INTO `profile2field` VALUES (3, 20, 241, 0, 1);
INSERT INTO `profile2field` VALUES (3, 20, 243, 0, 1);
INSERT INTO `profile2field` VALUES (3, 20, 244, 0, 1);
INSERT INTO `profile2field` VALUES (3, 20, 248, 0, 1);
INSERT INTO `profile2field` VALUES (3, 20, 249, 0, 1);
INSERT INTO `profile2field` VALUES (3, 20, 250, 0, 1);
INSERT INTO `profile2field` VALUES (3, 20, 251, 0, 1);
INSERT INTO `profile2field` VALUES (3, 20, 252, 0, 1);
INSERT INTO `profile2field` VALUES (3, 20, 253, 0, 1);
INSERT INTO `profile2field` VALUES (3, 20, 254, 0, 1);
INSERT INTO `profile2field` VALUES (3, 20, 255, 0, 1);
INSERT INTO `profile2field` VALUES (3, 20, 256, 0, 1);
INSERT INTO `profile2field` VALUES (3, 20, 257, 0, 1);
INSERT INTO `profile2field` VALUES (3, 20, 258, 0, 1);
INSERT INTO `profile2field` VALUES (3, 20, 259, 0, 1);
INSERT INTO `profile2field` VALUES (3, 20, 260, 0, 1);
INSERT INTO `profile2field` VALUES (3, 20, 261, 0, 1);
INSERT INTO `profile2field` VALUES (3, 20, 262, 0, 1);
INSERT INTO `profile2field` VALUES (3, 20, 263, 0, 1);
INSERT INTO `profile2field` VALUES (3, 21, 264, 0, 1);
INSERT INTO `profile2field` VALUES (3, 21, 265, 0, 1);
INSERT INTO `profile2field` VALUES (3, 21, 266, 0, 1);
INSERT INTO `profile2field` VALUES (3, 21, 267, 0, 1);
INSERT INTO `profile2field` VALUES (3, 21, 268, 0, 1);
INSERT INTO `profile2field` VALUES (3, 21, 269, 0, 1);
INSERT INTO `profile2field` VALUES (3, 21, 270, 0, 1);
INSERT INTO `profile2field` VALUES (3, 21, 273, 0, 1);
INSERT INTO `profile2field` VALUES (3, 21, 274, 0, 1);
INSERT INTO `profile2field` VALUES (3, 21, 277, 0, 1);
INSERT INTO `profile2field` VALUES (3, 21, 278, 0, 1);
INSERT INTO `profile2field` VALUES (3, 21, 279, 0, 1);
INSERT INTO `profile2field` VALUES (3, 21, 280, 0, 1);
INSERT INTO `profile2field` VALUES (3, 21, 281, 0, 1);
INSERT INTO `profile2field` VALUES (3, 21, 282, 0, 1);
INSERT INTO `profile2field` VALUES (3, 21, 283, 0, 1);
INSERT INTO `profile2field` VALUES (3, 21, 284, 0, 1);
INSERT INTO `profile2field` VALUES (3, 21, 285, 0, 1);
INSERT INTO `profile2field` VALUES (3, 21, 286, 0, 1);
INSERT INTO `profile2field` VALUES (3, 21, 287, 0, 1);
INSERT INTO `profile2field` VALUES (3, 21, 288, 0, 1);
INSERT INTO `profile2field` VALUES (3, 21, 289, 0, 1);
INSERT INTO `profile2field` VALUES (3, 21, 290, 0, 1);
INSERT INTO `profile2field` VALUES (3, 21, 291, 0, 1);
INSERT INTO `profile2field` VALUES (3, 21, 292, 0, 1);
INSERT INTO `profile2field` VALUES (3, 22, 293, 0, 1);
INSERT INTO `profile2field` VALUES (3, 22, 294, 0, 1);
INSERT INTO `profile2field` VALUES (3, 22, 295, 0, 1);
INSERT INTO `profile2field` VALUES (3, 22, 296, 0, 1);
INSERT INTO `profile2field` VALUES (3, 22, 297, 0, 1);
INSERT INTO `profile2field` VALUES (3, 22, 298, 0, 1);
INSERT INTO `profile2field` VALUES (3, 22, 299, 0, 1);
INSERT INTO `profile2field` VALUES (3, 22, 300, 0, 1);
INSERT INTO `profile2field` VALUES (3, 22, 301, 0, 1);
INSERT INTO `profile2field` VALUES (3, 22, 302, 0, 1);
INSERT INTO `profile2field` VALUES (3, 22, 305, 0, 1);
INSERT INTO `profile2field` VALUES (3, 22, 306, 0, 1);
INSERT INTO `profile2field` VALUES (3, 22, 309, 0, 1);
INSERT INTO `profile2field` VALUES (3, 22, 310, 0, 1);
INSERT INTO `profile2field` VALUES (3, 22, 311, 0, 1);
INSERT INTO `profile2field` VALUES (3, 22, 312, 0, 1);
INSERT INTO `profile2field` VALUES (3, 22, 313, 0, 1);
INSERT INTO `profile2field` VALUES (3, 22, 314, 0, 1);
INSERT INTO `profile2field` VALUES (3, 22, 315, 0, 1);
INSERT INTO `profile2field` VALUES (3, 22, 316, 0, 1);
INSERT INTO `profile2field` VALUES (3, 22, 317, 0, 1);
INSERT INTO `profile2field` VALUES (3, 22, 318, 0, 1);
INSERT INTO `profile2field` VALUES (3, 22, 319, 0, 1);
INSERT INTO `profile2field` VALUES (3, 22, 320, 0, 1);
INSERT INTO `profile2field` VALUES (3, 22, 321, 0, 1);
INSERT INTO `profile2field` VALUES (3, 22, 322, 0, 1);
INSERT INTO `profile2field` VALUES (3, 22, 323, 0, 1);
INSERT INTO `profile2field` VALUES (3, 22, 324, 0, 1);
INSERT INTO `profile2field` VALUES (3, 23, 325, 0, 1);
INSERT INTO `profile2field` VALUES (3, 23, 326, 0, 1);
INSERT INTO `profile2field` VALUES (3, 23, 327, 0, 1);
INSERT INTO `profile2field` VALUES (3, 23, 328, 0, 1);
INSERT INTO `profile2field` VALUES (3, 23, 329, 0, 1);
INSERT INTO `profile2field` VALUES (3, 23, 330, 0, 1);
INSERT INTO `profile2field` VALUES (3, 23, 333, 0, 1);
INSERT INTO `profile2field` VALUES (3, 23, 334, 0, 1);
INSERT INTO `profile2field` VALUES (3, 23, 337, 0, 1);
INSERT INTO `profile2field` VALUES (3, 23, 338, 0, 1);
INSERT INTO `profile2field` VALUES (3, 23, 339, 0, 1);
INSERT INTO `profile2field` VALUES (3, 23, 340, 0, 1);
INSERT INTO `profile2field` VALUES (3, 23, 341, 0, 1);
INSERT INTO `profile2field` VALUES (3, 23, 342, 0, 1);
INSERT INTO `profile2field` VALUES (3, 23, 343, 0, 1);
INSERT INTO `profile2field` VALUES (3, 23, 344, 0, 1);
INSERT INTO `profile2field` VALUES (3, 23, 345, 0, 1);
INSERT INTO `profile2field` VALUES (3, 23, 346, 0, 1);
INSERT INTO `profile2field` VALUES (3, 23, 347, 0, 1);
INSERT INTO `profile2field` VALUES (3, 23, 348, 0, 1);
INSERT INTO `profile2field` VALUES (3, 23, 349, 0, 1);
INSERT INTO `profile2field` VALUES (3, 23, 350, 0, 1);
INSERT INTO `profile2field` VALUES (3, 23, 351, 0, 1);
INSERT INTO `profile2field` VALUES (3, 23, 352, 0, 1);
INSERT INTO `profile2field` VALUES (3, 23, 353, 0, 1);
INSERT INTO `profile2field` VALUES (4, 6, 1, 0, 1);
INSERT INTO `profile2field` VALUES (4, 6, 2, 0, 1);
INSERT INTO `profile2field` VALUES (4, 6, 3, 0, 1);
INSERT INTO `profile2field` VALUES (4, 6, 4, 0, 1);
INSERT INTO `profile2field` VALUES (4, 6, 5, 0, 1);
INSERT INTO `profile2field` VALUES (4, 6, 6, 0, 1);
INSERT INTO `profile2field` VALUES (4, 6, 7, 0, 1);
INSERT INTO `profile2field` VALUES (4, 6, 8, 0, 1);
INSERT INTO `profile2field` VALUES (4, 6, 9, 0, 1);
INSERT INTO `profile2field` VALUES (4, 6, 10, 0, 1);
INSERT INTO `profile2field` VALUES (4, 6, 11, 0, 1);
INSERT INTO `profile2field` VALUES (4, 6, 12, 0, 1);
INSERT INTO `profile2field` VALUES (4, 6, 13, 0, 1);
INSERT INTO `profile2field` VALUES (4, 6, 14, 0, 1);
INSERT INTO `profile2field` VALUES (4, 6, 15, 0, 1);
INSERT INTO `profile2field` VALUES (4, 6, 16, 0, 1);
INSERT INTO `profile2field` VALUES (4, 6, 17, 0, 1);
INSERT INTO `profile2field` VALUES (4, 6, 18, 0, 1);
INSERT INTO `profile2field` VALUES (4, 6, 19, 0, 1);
INSERT INTO `profile2field` VALUES (4, 6, 20, 0, 1);
INSERT INTO `profile2field` VALUES (4, 6, 21, 0, 1);
INSERT INTO `profile2field` VALUES (4, 6, 22, 0, 1);
INSERT INTO `profile2field` VALUES (4, 6, 23, 0, 1);
INSERT INTO `profile2field` VALUES (4, 6, 24, 0, 1);
INSERT INTO `profile2field` VALUES (4, 6, 25, 0, 1);
INSERT INTO `profile2field` VALUES (4, 6, 26, 0, 1);
INSERT INTO `profile2field` VALUES (4, 6, 27, 0, 1);
INSERT INTO `profile2field` VALUES (4, 6, 28, 0, 1);
INSERT INTO `profile2field` VALUES (4, 6, 29, 0, 1);
INSERT INTO `profile2field` VALUES (4, 6, 30, 0, 1);
INSERT INTO `profile2field` VALUES (4, 7, 32, 0, 1);
INSERT INTO `profile2field` VALUES (4, 7, 33, 0, 1);
INSERT INTO `profile2field` VALUES (4, 7, 34, 0, 1);
INSERT INTO `profile2field` VALUES (4, 7, 35, 0, 1);
INSERT INTO `profile2field` VALUES (4, 7, 36, 0, 1);
INSERT INTO `profile2field` VALUES (4, 7, 37, 0, 1);
INSERT INTO `profile2field` VALUES (4, 7, 38, 0, 1);
INSERT INTO `profile2field` VALUES (4, 7, 39, 0, 1);
INSERT INTO `profile2field` VALUES (4, 7, 40, 0, 1);
INSERT INTO `profile2field` VALUES (4, 7, 41, 0, 1);
INSERT INTO `profile2field` VALUES (4, 7, 42, 0, 1);
INSERT INTO `profile2field` VALUES (4, 7, 43, 0, 1);
INSERT INTO `profile2field` VALUES (4, 7, 44, 0, 1);
INSERT INTO `profile2field` VALUES (4, 7, 45, 0, 1);
INSERT INTO `profile2field` VALUES (4, 7, 46, 0, 1);
INSERT INTO `profile2field` VALUES (4, 7, 47, 0, 1);
INSERT INTO `profile2field` VALUES (4, 7, 48, 0, 1);
INSERT INTO `profile2field` VALUES (4, 7, 49, 0, 1);
INSERT INTO `profile2field` VALUES (4, 7, 50, 0, 1);
INSERT INTO `profile2field` VALUES (4, 7, 51, 0, 1);
INSERT INTO `profile2field` VALUES (4, 7, 52, 0, 1);
INSERT INTO `profile2field` VALUES (4, 7, 53, 0, 1);
INSERT INTO `profile2field` VALUES (4, 7, 54, 0, 1);
INSERT INTO `profile2field` VALUES (4, 7, 55, 0, 1);
INSERT INTO `profile2field` VALUES (4, 7, 56, 0, 1);
INSERT INTO `profile2field` VALUES (4, 4, 58, 0, 1);
INSERT INTO `profile2field` VALUES (4, 4, 59, 0, 1);
INSERT INTO `profile2field` VALUES (4, 4, 60, 0, 1);
INSERT INTO `profile2field` VALUES (4, 4, 61, 0, 1);
INSERT INTO `profile2field` VALUES (4, 4, 62, 0, 1);
INSERT INTO `profile2field` VALUES (4, 4, 63, 0, 1);
INSERT INTO `profile2field` VALUES (4, 4, 64, 0, 1);
INSERT INTO `profile2field` VALUES (4, 4, 65, 0, 1);
INSERT INTO `profile2field` VALUES (4, 4, 66, 0, 1);
INSERT INTO `profile2field` VALUES (4, 4, 67, 0, 1);
INSERT INTO `profile2field` VALUES (4, 4, 68, 0, 1);
INSERT INTO `profile2field` VALUES (4, 4, 69, 0, 1);
INSERT INTO `profile2field` VALUES (4, 4, 70, 0, 1);
INSERT INTO `profile2field` VALUES (4, 4, 71, 0, 1);
INSERT INTO `profile2field` VALUES (4, 4, 72, 0, 1);
INSERT INTO `profile2field` VALUES (4, 4, 73, 0, 1);
INSERT INTO `profile2field` VALUES (4, 4, 74, 0, 1);
INSERT INTO `profile2field` VALUES (4, 4, 75, 0, 1);
INSERT INTO `profile2field` VALUES (4, 4, 76, 0, 1);
INSERT INTO `profile2field` VALUES (4, 4, 77, 0, 1);
INSERT INTO `profile2field` VALUES (4, 4, 78, 0, 1);
INSERT INTO `profile2field` VALUES (4, 4, 79, 0, 1);
INSERT INTO `profile2field` VALUES (4, 4, 80, 0, 1);
INSERT INTO `profile2field` VALUES (4, 4, 81, 0, 1);
INSERT INTO `profile2field` VALUES (4, 4, 82, 0, 1);
INSERT INTO `profile2field` VALUES (4, 4, 83, 0, 1);
INSERT INTO `profile2field` VALUES (4, 4, 84, 0, 1);
INSERT INTO `profile2field` VALUES (4, 4, 85, 0, 1);
INSERT INTO `profile2field` VALUES (4, 4, 86, 0, 1);
INSERT INTO `profile2field` VALUES (4, 4, 87, 0, 1);
INSERT INTO `profile2field` VALUES (4, 4, 88, 0, 1);
INSERT INTO `profile2field` VALUES (4, 4, 89, 0, 1);
INSERT INTO `profile2field` VALUES (4, 4, 90, 0, 1);
INSERT INTO `profile2field` VALUES (4, 4, 91, 0, 1);
INSERT INTO `profile2field` VALUES (4, 4, 92, 0, 1);
INSERT INTO `profile2field` VALUES (4, 4, 93, 0, 1);
INSERT INTO `profile2field` VALUES (4, 2, 94, 0, 1);
INSERT INTO `profile2field` VALUES (4, 2, 95, 0, 1);
INSERT INTO `profile2field` VALUES (4, 2, 96, 0, 1);
INSERT INTO `profile2field` VALUES (4, 2, 97, 0, 1);
INSERT INTO `profile2field` VALUES (4, 2, 98, 0, 1);
INSERT INTO `profile2field` VALUES (4, 2, 99, 0, 1);
INSERT INTO `profile2field` VALUES (4, 2, 100, 0, 1);
INSERT INTO `profile2field` VALUES (4, 2, 101, 0, 1);
INSERT INTO `profile2field` VALUES (4, 2, 102, 0, 1);
INSERT INTO `profile2field` VALUES (4, 2, 103, 0, 1);
INSERT INTO `profile2field` VALUES (4, 2, 104, 0, 1);
INSERT INTO `profile2field` VALUES (4, 2, 105, 0, 1);
INSERT INTO `profile2field` VALUES (4, 2, 106, 0, 1);
INSERT INTO `profile2field` VALUES (4, 13, 107, 0, 1);
INSERT INTO `profile2field` VALUES (4, 13, 108, 0, 1);
INSERT INTO `profile2field` VALUES (4, 13, 109, 0, 1);
INSERT INTO `profile2field` VALUES (4, 13, 110, 0, 1);
INSERT INTO `profile2field` VALUES (4, 13, 111, 0, 1);
INSERT INTO `profile2field` VALUES (4, 13, 112, 0, 1);
INSERT INTO `profile2field` VALUES (4, 13, 113, 0, 1);
INSERT INTO `profile2field` VALUES (4, 13, 115, 0, 1);
INSERT INTO `profile2field` VALUES (4, 13, 116, 0, 1);
INSERT INTO `profile2field` VALUES (4, 13, 117, 0, 1);
INSERT INTO `profile2field` VALUES (4, 13, 118, 0, 1);
INSERT INTO `profile2field` VALUES (4, 13, 119, 0, 1);
INSERT INTO `profile2field` VALUES (4, 13, 120, 0, 1);
INSERT INTO `profile2field` VALUES (4, 14, 121, 0, 1);
INSERT INTO `profile2field` VALUES (4, 14, 122, 0, 1);
INSERT INTO `profile2field` VALUES (4, 14, 123, 0, 1);
INSERT INTO `profile2field` VALUES (4, 14, 124, 0, 1);
INSERT INTO `profile2field` VALUES (4, 14, 125, 0, 1);
INSERT INTO `profile2field` VALUES (4, 14, 126, 0, 1);
INSERT INTO `profile2field` VALUES (4, 14, 127, 0, 1);
INSERT INTO `profile2field` VALUES (4, 14, 128, 0, 1);
INSERT INTO `profile2field` VALUES (4, 14, 129, 0, 1);
INSERT INTO `profile2field` VALUES (4, 14, 130, 0, 1);
INSERT INTO `profile2field` VALUES (4, 14, 131, 0, 1);
INSERT INTO `profile2field` VALUES (4, 14, 132, 0, 1);
INSERT INTO `profile2field` VALUES (4, 14, 133, 0, 1);
INSERT INTO `profile2field` VALUES (4, 14, 134, 0, 1);
INSERT INTO `profile2field` VALUES (4, 14, 135, 0, 1);
INSERT INTO `profile2field` VALUES (4, 14, 136, 0, 1);
INSERT INTO `profile2field` VALUES (4, 14, 137, 0, 1);
INSERT INTO `profile2field` VALUES (4, 14, 138, 0, 1);
INSERT INTO `profile2field` VALUES (4, 14, 139, 0, 1);
INSERT INTO `profile2field` VALUES (4, 14, 140, 0, 1);
INSERT INTO `profile2field` VALUES (4, 14, 141, 0, 1);
INSERT INTO `profile2field` VALUES (4, 14, 142, 0, 1);
INSERT INTO `profile2field` VALUES (4, 14, 143, 0, 1);
INSERT INTO `profile2field` VALUES (4, 14, 144, 0, 1);
INSERT INTO `profile2field` VALUES (4, 14, 145, 0, 1);
INSERT INTO `profile2field` VALUES (4, 14, 146, 0, 1);
INSERT INTO `profile2field` VALUES (4, 14, 147, 0, 1);
INSERT INTO `profile2field` VALUES (4, 14, 148, 0, 1);
INSERT INTO `profile2field` VALUES (4, 14, 149, 0, 1);
INSERT INTO `profile2field` VALUES (4, 14, 150, 0, 1);
INSERT INTO `profile2field` VALUES (4, 14, 151, 0, 1);
INSERT INTO `profile2field` VALUES (4, 8, 152, 0, 1);
INSERT INTO `profile2field` VALUES (4, 8, 153, 0, 1);
INSERT INTO `profile2field` VALUES (4, 8, 154, 0, 1);
INSERT INTO `profile2field` VALUES (4, 8, 155, 0, 1);
INSERT INTO `profile2field` VALUES (4, 8, 156, 0, 1);
INSERT INTO `profile2field` VALUES (4, 8, 157, 0, 1);
INSERT INTO `profile2field` VALUES (4, 8, 158, 0, 1);
INSERT INTO `profile2field` VALUES (4, 10, 159, 0, 1);
INSERT INTO `profile2field` VALUES (4, 10, 162, 0, 1);
INSERT INTO `profile2field` VALUES (4, 10, 163, 0, 1);
INSERT INTO `profile2field` VALUES (4, 10, 164, 0, 1);
INSERT INTO `profile2field` VALUES (4, 10, 165, 0, 1);
INSERT INTO `profile2field` VALUES (4, 10, 166, 0, 1);
INSERT INTO `profile2field` VALUES (4, 10, 168, 0, 1);
INSERT INTO `profile2field` VALUES (4, 10, 169, 0, 1);
INSERT INTO `profile2field` VALUES (4, 9, 170, 0, 1);
INSERT INTO `profile2field` VALUES (4, 9, 171, 0, 1);
INSERT INTO `profile2field` VALUES (4, 9, 172, 0, 1);
INSERT INTO `profile2field` VALUES (4, 9, 174, 0, 1);
INSERT INTO `profile2field` VALUES (4, 9, 175, 0, 1);
INSERT INTO `profile2field` VALUES (4, 9, 176, 0, 1);
INSERT INTO `profile2field` VALUES (4, 9, 177, 0, 1);
INSERT INTO `profile2field` VALUES (4, 9, 179, 0, 1);
INSERT INTO `profile2field` VALUES (4, 9, 180, 0, 1);
INSERT INTO `profile2field` VALUES (4, 9, 181, 0, 1);
INSERT INTO `profile2field` VALUES (4, 9, 182, 0, 1);
INSERT INTO `profile2field` VALUES (4, 9, 184, 0, 1);
INSERT INTO `profile2field` VALUES (4, 16, 190, 0, 1);
INSERT INTO `profile2field` VALUES (4, 16, 191, 0, 1);
INSERT INTO `profile2field` VALUES (4, 16, 192, 0, 1);
INSERT INTO `profile2field` VALUES (4, 16, 194, 0, 1);
INSERT INTO `profile2field` VALUES (4, 16, 195, 0, 1);
INSERT INTO `profile2field` VALUES (4, 16, 196, 0, 1);
INSERT INTO `profile2field` VALUES (4, 16, 198, 0, 1);
INSERT INTO `profile2field` VALUES (4, 16, 199, 0, 1);
INSERT INTO `profile2field` VALUES (4, 16, 200, 0, 1);
INSERT INTO `profile2field` VALUES (4, 16, 201, 0, 1);
INSERT INTO `profile2field` VALUES (4, 16, 202, 0, 1);
INSERT INTO `profile2field` VALUES (4, 16, 203, 0, 1);
INSERT INTO `profile2field` VALUES (4, 16, 204, 0, 1);
INSERT INTO `profile2field` VALUES (4, 16, 205, 0, 1);
INSERT INTO `profile2field` VALUES (4, 16, 206, 0, 1);
INSERT INTO `profile2field` VALUES (4, 16, 207, 0, 1);
INSERT INTO `profile2field` VALUES (4, 15, 208, 0, 1);
INSERT INTO `profile2field` VALUES (4, 15, 209, 0, 1);
INSERT INTO `profile2field` VALUES (4, 15, 210, 0, 1);
INSERT INTO `profile2field` VALUES (4, 15, 211, 0, 1);
INSERT INTO `profile2field` VALUES (4, 15, 212, 0, 1);
INSERT INTO `profile2field` VALUES (4, 15, 213, 0, 1);
INSERT INTO `profile2field` VALUES (4, 15, 214, 0, 1);
INSERT INTO `profile2field` VALUES (4, 15, 215, 0, 1);
INSERT INTO `profile2field` VALUES (4, 18, 216, 0, 1);
INSERT INTO `profile2field` VALUES (4, 18, 217, 0, 1);
INSERT INTO `profile2field` VALUES (4, 18, 218, 0, 1);
INSERT INTO `profile2field` VALUES (4, 18, 219, 0, 1);
INSERT INTO `profile2field` VALUES (4, 18, 220, 0, 1);
INSERT INTO `profile2field` VALUES (4, 18, 221, 0, 1);
INSERT INTO `profile2field` VALUES (4, 18, 222, 0, 1);
INSERT INTO `profile2field` VALUES (4, 18, 223, 0, 1);
INSERT INTO `profile2field` VALUES (4, 18, 224, 0, 1);
INSERT INTO `profile2field` VALUES (4, 18, 225, 0, 1);
INSERT INTO `profile2field` VALUES (4, 18, 226, 0, 1);
INSERT INTO `profile2field` VALUES (4, 18, 227, 0, 1);
INSERT INTO `profile2field` VALUES (4, 18, 228, 0, 1);
INSERT INTO `profile2field` VALUES (4, 18, 229, 0, 1);
INSERT INTO `profile2field` VALUES (4, 19, 230, 0, 1);
INSERT INTO `profile2field` VALUES (4, 19, 231, 0, 1);
INSERT INTO `profile2field` VALUES (4, 19, 232, 0, 1);
INSERT INTO `profile2field` VALUES (4, 19, 233, 0, 1);
INSERT INTO `profile2field` VALUES (4, 19, 234, 0, 1);
INSERT INTO `profile2field` VALUES (4, 20, 235, 0, 1);
INSERT INTO `profile2field` VALUES (4, 20, 236, 0, 1);
INSERT INTO `profile2field` VALUES (4, 20, 237, 0, 1);
INSERT INTO `profile2field` VALUES (4, 20, 238, 0, 1);
INSERT INTO `profile2field` VALUES (4, 20, 239, 0, 1);
INSERT INTO `profile2field` VALUES (4, 20, 240, 0, 1);
INSERT INTO `profile2field` VALUES (4, 20, 241, 0, 1);
INSERT INTO `profile2field` VALUES (4, 20, 243, 0, 1);
INSERT INTO `profile2field` VALUES (4, 20, 244, 0, 1);
INSERT INTO `profile2field` VALUES (4, 20, 248, 0, 1);
INSERT INTO `profile2field` VALUES (4, 20, 249, 0, 1);
INSERT INTO `profile2field` VALUES (4, 20, 250, 0, 1);
INSERT INTO `profile2field` VALUES (4, 20, 251, 0, 1);
INSERT INTO `profile2field` VALUES (4, 20, 252, 0, 1);
INSERT INTO `profile2field` VALUES (4, 20, 253, 0, 1);
INSERT INTO `profile2field` VALUES (4, 20, 254, 0, 1);
INSERT INTO `profile2field` VALUES (4, 20, 255, 0, 1);
INSERT INTO `profile2field` VALUES (4, 20, 256, 0, 1);
INSERT INTO `profile2field` VALUES (4, 20, 257, 0, 1);
INSERT INTO `profile2field` VALUES (4, 20, 258, 0, 1);
INSERT INTO `profile2field` VALUES (4, 20, 259, 0, 1);
INSERT INTO `profile2field` VALUES (4, 20, 260, 0, 1);
INSERT INTO `profile2field` VALUES (4, 20, 261, 0, 1);
INSERT INTO `profile2field` VALUES (4, 20, 262, 0, 1);
INSERT INTO `profile2field` VALUES (4, 20, 263, 0, 1);
INSERT INTO `profile2field` VALUES (4, 21, 264, 0, 1);
INSERT INTO `profile2field` VALUES (4, 21, 265, 0, 1);
INSERT INTO `profile2field` VALUES (4, 21, 266, 0, 1);
INSERT INTO `profile2field` VALUES (4, 21, 267, 0, 1);
INSERT INTO `profile2field` VALUES (4, 21, 268, 0, 1);
INSERT INTO `profile2field` VALUES (4, 21, 269, 0, 1);
INSERT INTO `profile2field` VALUES (4, 21, 270, 0, 1);
INSERT INTO `profile2field` VALUES (4, 21, 273, 0, 1);
INSERT INTO `profile2field` VALUES (4, 21, 274, 0, 1);
INSERT INTO `profile2field` VALUES (4, 21, 277, 0, 1);
INSERT INTO `profile2field` VALUES (4, 21, 278, 0, 1);
INSERT INTO `profile2field` VALUES (4, 21, 279, 0, 1);
INSERT INTO `profile2field` VALUES (4, 21, 280, 0, 1);
INSERT INTO `profile2field` VALUES (4, 21, 281, 0, 1);
INSERT INTO `profile2field` VALUES (4, 21, 282, 0, 1);
INSERT INTO `profile2field` VALUES (4, 21, 283, 0, 1);
INSERT INTO `profile2field` VALUES (4, 21, 284, 0, 1);
INSERT INTO `profile2field` VALUES (4, 21, 285, 0, 1);
INSERT INTO `profile2field` VALUES (4, 21, 286, 0, 1);
INSERT INTO `profile2field` VALUES (4, 21, 287, 0, 1);
INSERT INTO `profile2field` VALUES (4, 21, 288, 0, 1);
INSERT INTO `profile2field` VALUES (4, 21, 289, 0, 1);
INSERT INTO `profile2field` VALUES (4, 21, 290, 0, 1);
INSERT INTO `profile2field` VALUES (4, 21, 291, 0, 1);
INSERT INTO `profile2field` VALUES (4, 21, 292, 0, 1);
INSERT INTO `profile2field` VALUES (4, 22, 293, 0, 1);
INSERT INTO `profile2field` VALUES (4, 22, 294, 0, 1);
INSERT INTO `profile2field` VALUES (4, 22, 295, 0, 1);
INSERT INTO `profile2field` VALUES (4, 22, 296, 0, 1);
INSERT INTO `profile2field` VALUES (4, 22, 297, 0, 1);
INSERT INTO `profile2field` VALUES (4, 22, 298, 0, 1);
INSERT INTO `profile2field` VALUES (4, 22, 299, 0, 1);
INSERT INTO `profile2field` VALUES (4, 22, 300, 0, 1);
INSERT INTO `profile2field` VALUES (4, 22, 301, 0, 1);
INSERT INTO `profile2field` VALUES (4, 22, 302, 0, 1);
INSERT INTO `profile2field` VALUES (4, 22, 305, 0, 1);
INSERT INTO `profile2field` VALUES (4, 22, 306, 0, 1);
INSERT INTO `profile2field` VALUES (4, 22, 309, 0, 1);
INSERT INTO `profile2field` VALUES (4, 22, 310, 0, 1);
INSERT INTO `profile2field` VALUES (4, 22, 311, 0, 1);
INSERT INTO `profile2field` VALUES (4, 22, 312, 0, 1);
INSERT INTO `profile2field` VALUES (4, 22, 313, 0, 1);
INSERT INTO `profile2field` VALUES (4, 22, 314, 0, 1);
INSERT INTO `profile2field` VALUES (4, 22, 315, 0, 1);
INSERT INTO `profile2field` VALUES (4, 22, 316, 0, 1);
INSERT INTO `profile2field` VALUES (4, 22, 317, 0, 1);
INSERT INTO `profile2field` VALUES (4, 22, 318, 0, 1);
INSERT INTO `profile2field` VALUES (4, 22, 319, 0, 1);
INSERT INTO `profile2field` VALUES (4, 22, 320, 0, 1);
INSERT INTO `profile2field` VALUES (4, 22, 321, 0, 1);
INSERT INTO `profile2field` VALUES (4, 22, 322, 0, 1);
INSERT INTO `profile2field` VALUES (4, 22, 323, 0, 1);
INSERT INTO `profile2field` VALUES (4, 22, 324, 0, 1);
INSERT INTO `profile2field` VALUES (4, 23, 325, 0, 1);
INSERT INTO `profile2field` VALUES (4, 23, 326, 0, 1);
INSERT INTO `profile2field` VALUES (4, 23, 327, 0, 1);
INSERT INTO `profile2field` VALUES (4, 23, 328, 0, 1);
INSERT INTO `profile2field` VALUES (4, 23, 329, 0, 1);
INSERT INTO `profile2field` VALUES (4, 23, 330, 0, 1);
INSERT INTO `profile2field` VALUES (4, 23, 333, 0, 1);
INSERT INTO `profile2field` VALUES (4, 23, 334, 0, 1);
INSERT INTO `profile2field` VALUES (4, 23, 337, 0, 1);
INSERT INTO `profile2field` VALUES (4, 23, 338, 0, 1);
INSERT INTO `profile2field` VALUES (4, 23, 339, 0, 1);
INSERT INTO `profile2field` VALUES (4, 23, 340, 0, 1);
INSERT INTO `profile2field` VALUES (4, 23, 341, 0, 1);
INSERT INTO `profile2field` VALUES (4, 23, 342, 0, 1);
INSERT INTO `profile2field` VALUES (4, 23, 343, 0, 1);
INSERT INTO `profile2field` VALUES (4, 23, 344, 0, 1);
INSERT INTO `profile2field` VALUES (4, 23, 345, 0, 1);
INSERT INTO `profile2field` VALUES (4, 23, 346, 0, 1);
INSERT INTO `profile2field` VALUES (4, 23, 347, 0, 1);
INSERT INTO `profile2field` VALUES (4, 23, 348, 0, 1);
INSERT INTO `profile2field` VALUES (4, 23, 349, 0, 1);
INSERT INTO `profile2field` VALUES (4, 23, 350, 0, 1);
INSERT INTO `profile2field` VALUES (4, 23, 351, 0, 1);
INSERT INTO `profile2field` VALUES (4, 23, 352, 0, 1);
INSERT INTO `profile2field` VALUES (4, 23, 353, 0, 1);
INSERT INTO `profile2field` VALUES (1, 6, 354, 0, 1);
INSERT INTO `profile2field` VALUES (1, 6, 355, 0, 1);
INSERT INTO `profile2field` VALUES (1, 6, 356, 0, 1);
INSERT INTO `profile2field` VALUES (1, 6, 357, 0, 1);
INSERT INTO `profile2field` VALUES (1, 6, 358, 0, 1);
INSERT INTO `profile2field` VALUES (1, 6, 359, 0, 1);
INSERT INTO `profile2field` VALUES (2, 6, 354, 0, 1);
INSERT INTO `profile2field` VALUES (2, 6, 355, 0, 1);
INSERT INTO `profile2field` VALUES (2, 6, 356, 0, 1);
INSERT INTO `profile2field` VALUES (2, 6, 357, 0, 1);
INSERT INTO `profile2field` VALUES (2, 6, 358, 0, 1);
INSERT INTO `profile2field` VALUES (2, 6, 359, 0, 1);
INSERT INTO `profile2field` VALUES (3, 6, 354, 0, 1);
INSERT INTO `profile2field` VALUES (3, 6, 355, 0, 1);
INSERT INTO `profile2field` VALUES (3, 6, 356, 0, 1);
INSERT INTO `profile2field` VALUES (3, 6, 357, 0, 1);
INSERT INTO `profile2field` VALUES (3, 6, 358, 0, 1);
INSERT INTO `profile2field` VALUES (3, 6, 359, 0, 1);
INSERT INTO `profile2field` VALUES (4, 6, 354, 0, 1);
INSERT INTO `profile2field` VALUES (4, 6, 355, 0, 1);
INSERT INTO `profile2field` VALUES (4, 6, 356, 0, 1);
INSERT INTO `profile2field` VALUES (4, 6, 357, 0, 1);
INSERT INTO `profile2field` VALUES (4, 6, 358, 0, 1);
INSERT INTO `profile2field` VALUES (4, 6, 359, 0, 1);
INSERT INTO `profile2field` VALUES (1, 22, 360, 0, 1);
INSERT INTO `profile2field` VALUES (1, 22, 361, 0, 1);
INSERT INTO `profile2field` VALUES (1, 22, 362, 0, 1);
INSERT INTO `profile2field` VALUES (1, 22, 364, 0, 1);
INSERT INTO `profile2field` VALUES (2, 22, 360, 0, 1);
INSERT INTO `profile2field` VALUES (2, 22, 361, 0, 1);
INSERT INTO `profile2field` VALUES (2, 22, 362, 0, 1);
INSERT INTO `profile2field` VALUES (2, 22, 364, 0, 1);
INSERT INTO `profile2field` VALUES (3, 22, 360, 0, 1);
INSERT INTO `profile2field` VALUES (3, 22, 361, 0, 1);
INSERT INTO `profile2field` VALUES (3, 22, 362, 0, 1);
INSERT INTO `profile2field` VALUES (3, 22, 364, 0, 1);
INSERT INTO `profile2field` VALUES (4, 22, 360, 0, 1);
INSERT INTO `profile2field` VALUES (4, 22, 361, 0, 1);
INSERT INTO `profile2field` VALUES (4, 22, 362, 0, 1);
INSERT INTO `profile2field` VALUES (4, 22, 364, 0, 1);
INSERT INTO `profile2field` VALUES (1, 22, 366, 0, 1);
INSERT INTO `profile2field` VALUES (1, 22, 367, 0, 1);
INSERT INTO `profile2field` VALUES (1, 22, 368, 0, 1);
INSERT INTO `profile2field` VALUES (1, 22, 369, 0, 1);
INSERT INTO `profile2field` VALUES (2, 22, 366, 0, 1);
INSERT INTO `profile2field` VALUES (2, 22, 367, 0, 1);
INSERT INTO `profile2field` VALUES (2, 22, 368, 0, 1);
INSERT INTO `profile2field` VALUES (2, 22, 369, 0, 1);
INSERT INTO `profile2field` VALUES (3, 22, 366, 0, 1);
INSERT INTO `profile2field` VALUES (3, 22, 367, 0, 1);
INSERT INTO `profile2field` VALUES (3, 22, 368, 0, 1);
INSERT INTO `profile2field` VALUES (3, 22, 369, 0, 1);
INSERT INTO `profile2field` VALUES (4, 22, 366, 0, 1);
INSERT INTO `profile2field` VALUES (4, 22, 367, 0, 1);
INSERT INTO `profile2field` VALUES (4, 22, 368, 0, 1);
INSERT INTO `profile2field` VALUES (4, 22, 369, 0, 1);
INSERT INTO `profile2field` VALUES (1, 6, 363, 0, 1);
INSERT INTO `profile2field` VALUES (2, 6, 363, 0, 1);
INSERT INTO `profile2field` VALUES (3, 6, 363, 0, 1);
INSERT INTO `profile2field` VALUES (4, 6, 363, 0, 1);
INSERT INTO `profile2field` VALUES (1, 22, 303, 0, 1);
INSERT INTO `profile2field` VALUES (2, 22, 303, 0, 1);
INSERT INTO `profile2field` VALUES (1, 22, 303, 0, 1);
INSERT INTO `profile2field` VALUES (2, 22, 303, 0, 1);
INSERT INTO `profile2field` VALUES (3, 22, 303, 0, 1);
INSERT INTO `profile2field` VALUES (4, 22, 303, 0, 1);
INSERT INTO `profile2field` VALUES (4, 6, 375, 0, 1);
INSERT INTO `profile2field` VALUES (3, 6, 375, 0, 1);
INSERT INTO `profile2field` VALUES (2, 6, 375, 0, 1);
INSERT INTO `profile2field` VALUES (1, 6, 375, 0, 1);
INSERT INTO `profile2field` VALUES (4, 6, 385, 0, 1);
INSERT INTO `profile2field` VALUES (3, 6, 385, 0, 1);
INSERT INTO `profile2field` VALUES (2, 6, 385, 0, 1);
INSERT INTO `profile2field` VALUES (1, 6, 385, 0, 1);
INSERT INTO `profile2field` VALUES (1, 6, 383, 0, 1);
INSERT INTO `profile2field` VALUES (2, 6, 383, 0, 1);
INSERT INTO `profile2field` VALUES (3, 6, 383, 0, 1);
INSERT INTO `profile2field` VALUES (4, 6, 383, 0, 1);
INSERT INTO `profile2field` VALUES (1, 6, 387, 0, 1);
INSERT INTO `profile2field` VALUES (2, 6, 387, 0, 1);
INSERT INTO `profile2field` VALUES (3, 6, 387, 0, 1);
INSERT INTO `profile2field` VALUES (4, 6, 387, 0, 1);
INSERT INTO `profile2field` VALUES (1, 20, 388, 0, 1);
INSERT INTO `profile2field` VALUES (1, 20, 389, 0, 1);
INSERT INTO `profile2field` VALUES (1, 20, 390, 0, 1);
INSERT INTO `profile2field` VALUES (1, 20, 391, 0, 1);
INSERT INTO `profile2field` VALUES (1, 22, 392, 0, 1);
INSERT INTO `profile2field` VALUES (1, 22, 393, 0, 1);
INSERT INTO `profile2field` VALUES (1, 22, 394, 0, 1);
INSERT INTO `profile2field` VALUES (1, 22, 395, 0, 1);
INSERT INTO `profile2field` VALUES (1, 6, 396, 0, 1);
INSERT INTO `profile2field` VALUES (1, 6, 397, 0, 1);
INSERT INTO `profile2field` VALUES (1, 4, 398, 0, 1);
INSERT INTO `profile2field` VALUES (1, 4, 399, 0, 1);
INSERT INTO `profile2field` VALUES (1, 7, 400, 0, 1);
INSERT INTO `profile2field` VALUES (2, 20, 388, 0, 1);
INSERT INTO `profile2field` VALUES (2, 20, 389, 0, 1);
INSERT INTO `profile2field` VALUES (2, 20, 390, 0, 1);
INSERT INTO `profile2field` VALUES (2, 20, 391, 0, 1);
INSERT INTO `profile2field` VALUES (2, 22, 392, 0, 1);
INSERT INTO `profile2field` VALUES (2, 22, 393, 0, 1);
INSERT INTO `profile2field` VALUES (2, 22, 394, 0, 1);
INSERT INTO `profile2field` VALUES (2, 22, 395, 0, 1);
INSERT INTO `profile2field` VALUES (2, 6, 396, 0, 1);
INSERT INTO `profile2field` VALUES (2, 6, 397, 0, 1);
INSERT INTO `profile2field` VALUES (2, 4, 398, 0, 1);
INSERT INTO `profile2field` VALUES (2, 4, 399, 0, 1);
INSERT INTO `profile2field` VALUES (2, 7, 400, 0, 1);
INSERT INTO `profile2field` VALUES (3, 20, 388, 0, 1);
INSERT INTO `profile2field` VALUES (3, 20, 389, 0, 1);
INSERT INTO `profile2field` VALUES (3, 20, 390, 0, 1);
INSERT INTO `profile2field` VALUES (3, 20, 391, 0, 1);
INSERT INTO `profile2field` VALUES (3, 22, 392, 0, 1);
INSERT INTO `profile2field` VALUES (3, 22, 393, 0, 1);
INSERT INTO `profile2field` VALUES (3, 22, 394, 0, 1);
INSERT INTO `profile2field` VALUES (3, 22, 395, 0, 1);
INSERT INTO `profile2field` VALUES (3, 6, 396, 0, 1);
INSERT INTO `profile2field` VALUES (3, 6, 397, 0, 1);
INSERT INTO `profile2field` VALUES (3, 4, 398, 0, 1);
INSERT INTO `profile2field` VALUES (3, 4, 399, 0, 1);
INSERT INTO `profile2field` VALUES (3, 7, 400, 0, 1);
INSERT INTO `profile2field` VALUES (4, 20, 388, 0, 1);
INSERT INTO `profile2field` VALUES (4, 20, 389, 0, 1);
INSERT INTO `profile2field` VALUES (4, 20, 390, 0, 1);
INSERT INTO `profile2field` VALUES (4, 20, 391, 0, 1);
INSERT INTO `profile2field` VALUES (4, 22, 392, 0, 1);
INSERT INTO `profile2field` VALUES (4, 22, 393, 0, 1);
INSERT INTO `profile2field` VALUES (4, 22, 394, 0, 1);
INSERT INTO `profile2field` VALUES (4, 22, 395, 0, 1);
INSERT INTO `profile2field` VALUES (4, 6, 396, 0, 1);
INSERT INTO `profile2field` VALUES (4, 6, 397, 0, 1);
INSERT INTO `profile2field` VALUES (4, 4, 398, 0, 1);
INSERT INTO `profile2field` VALUES (4, 4, 399, 0, 1);
INSERT INTO `profile2field` VALUES (4, 7, 400, 0, 1);
INSERT INTO `profile2field` VALUES (1, 19, 401, 0, 1);
INSERT INTO `profile2field` VALUES (2, 19, 401, 0, 1);
INSERT INTO `profile2field` VALUES (3, 19, 401, 0, 1);
INSERT INTO `profile2field` VALUES (4, 19, 401, 0, 1);
INSERT INTO `profile2field` VALUES (1, 19, 402, 0, 1);
INSERT INTO `profile2field` VALUES (2, 19, 402, 0, 1);
INSERT INTO `profile2field` VALUES (3, 19, 402, 0, 1);
INSERT INTO `profile2field` VALUES (4, 19, 402, 0, 1);

-- --------------------------------------------------------

-- 
-- Table structure for table `profile2standardpermissions`
-- 

CREATE TABLE `profile2standardpermissions` (
  `profileid` int(11) default NULL,
  `tabid` int(10) default NULL,
  `Operation` int(10) default NULL,
  `permissions` int(1) default NULL,
  KEY `idx_prof2stad` (`profileid`,`tabid`,`Operation`)
) ENGINE=MyISAM DEFAULT CHARSET=latin1;

-- 
-- Dumping data for table `profile2standardpermissions`
-- 

INSERT INTO `profile2standardpermissions` VALUES (1, 1, 0, 0);
INSERT INTO `profile2standardpermissions` VALUES (1, 1, 1, 0);
INSERT INTO `profile2standardpermissions` VALUES (1, 1, 2, 0);
INSERT INTO `profile2standardpermissions` VALUES (1, 1, 3, 0);
INSERT INTO `profile2standardpermissions` VALUES (1, 1, 4, 0);
INSERT INTO `profile2standardpermissions` VALUES (1, 2, 0, 0);
INSERT INTO `profile2standardpermissions` VALUES (1, 2, 1, 0);
INSERT INTO `profile2standardpermissions` VALUES (1, 2, 2, 0);
INSERT INTO `profile2standardpermissions` VALUES (1, 2, 3, 0);
INSERT INTO `profile2standardpermissions` VALUES (1, 2, 4, 0);
INSERT INTO `profile2standardpermissions` VALUES (1, 3, 0, 0);
INSERT INTO `profile2standardpermissions` VALUES (1, 3, 1, 0);
INSERT INTO `profile2standardpermissions` VALUES (1, 3, 2, 0);
INSERT INTO `profile2standardpermissions` VALUES (1, 3, 3, 0);
INSERT INTO `profile2standardpermissions` VALUES (1, 3, 4, 0);
INSERT INTO `profile2standardpermissions` VALUES (1, 4, 0, 0);
INSERT INTO `profile2standardpermissions` VALUES (1, 4, 1, 0);
INSERT INTO `profile2standardpermissions` VALUES (1, 4, 2, 0);
INSERT INTO `profile2standardpermissions` VALUES (1, 4, 3, 0);
INSERT INTO `profile2standardpermissions` VALUES (1, 4, 4, 0);
INSERT INTO `profile2standardpermissions` VALUES (1, 6, 0, 0);
INSERT INTO `profile2standardpermissions` VALUES (1, 6, 1, 0);
INSERT INTO `profile2standardpermissions` VALUES (1, 6, 2, 0);
INSERT INTO `profile2standardpermissions` VALUES (1, 6, 3, 0);
INSERT INTO `profile2standardpermissions` VALUES (1, 6, 4, 0);
INSERT INTO `profile2standardpermissions` VALUES (1, 7, 0, 0);
INSERT INTO `profile2standardpermissions` VALUES (1, 7, 1, 0);
INSERT INTO `profile2standardpermissions` VALUES (1, 7, 2, 0);
INSERT INTO `profile2standardpermissions` VALUES (1, 7, 3, 0);
INSERT INTO `profile2standardpermissions` VALUES (1, 7, 4, 0);
INSERT INTO `profile2standardpermissions` VALUES (1, 8, 0, 0);
INSERT INTO `profile2standardpermissions` VALUES (1, 8, 1, 0);
INSERT INTO `profile2standardpermissions` VALUES (1, 8, 2, 0);
INSERT INTO `profile2standardpermissions` VALUES (1, 8, 3, 0);
INSERT INTO `profile2standardpermissions` VALUES (1, 8, 4, 0);
INSERT INTO `profile2standardpermissions` VALUES (1, 9, 0, 0);
INSERT INTO `profile2standardpermissions` VALUES (1, 9, 1, 0);
INSERT INTO `profile2standardpermissions` VALUES (1, 9, 2, 0);
INSERT INTO `profile2standardpermissions` VALUES (1, 9, 3, 0);
INSERT INTO `profile2standardpermissions` VALUES (1, 9, 4, 0);
INSERT INTO `profile2standardpermissions` VALUES (1, 10, 0, 0);
INSERT INTO `profile2standardpermissions` VALUES (1, 10, 1, 0);
INSERT INTO `profile2standardpermissions` VALUES (1, 10, 2, 0);
INSERT INTO `profile2standardpermissions` VALUES (1, 10, 3, 0);
INSERT INTO `profile2standardpermissions` VALUES (1, 10, 4, 0);
INSERT INTO `profile2standardpermissions` VALUES (1, 13, 0, 0);
INSERT INTO `profile2standardpermissions` VALUES (1, 13, 1, 0);
INSERT INTO `profile2standardpermissions` VALUES (1, 13, 2, 0);
INSERT INTO `profile2standardpermissions` VALUES (1, 13, 3, 0);
INSERT INTO `profile2standardpermissions` VALUES (1, 13, 4, 0);
INSERT INTO `profile2standardpermissions` VALUES (1, 14, 0, 0);
INSERT INTO `profile2standardpermissions` VALUES (1, 14, 1, 0);
INSERT INTO `profile2standardpermissions` VALUES (1, 14, 2, 0);
INSERT INTO `profile2standardpermissions` VALUES (1, 14, 3, 0);
INSERT INTO `profile2standardpermissions` VALUES (1, 14, 4, 0);
INSERT INTO `profile2standardpermissions` VALUES (1, 15, 0, 0);
INSERT INTO `profile2standardpermissions` VALUES (1, 15, 1, 0);
INSERT INTO `profile2standardpermissions` VALUES (1, 15, 2, 0);
INSERT INTO `profile2standardpermissions` VALUES (1, 15, 3, 0);
INSERT INTO `profile2standardpermissions` VALUES (1, 15, 4, 0);
INSERT INTO `profile2standardpermissions` VALUES (1, 16, 0, 0);
INSERT INTO `profile2standardpermissions` VALUES (1, 16, 1, 0);
INSERT INTO `profile2standardpermissions` VALUES (1, 16, 2, 0);
INSERT INTO `profile2standardpermissions` VALUES (1, 16, 3, 0);
INSERT INTO `profile2standardpermissions` VALUES (1, 16, 4, 0);
INSERT INTO `profile2standardpermissions` VALUES (1, 18, 0, 0);
INSERT INTO `profile2standardpermissions` VALUES (1, 18, 1, 0);
INSERT INTO `profile2standardpermissions` VALUES (1, 18, 2, 0);
INSERT INTO `profile2standardpermissions` VALUES (1, 18, 3, 0);
INSERT INTO `profile2standardpermissions` VALUES (1, 18, 4, 0);
INSERT INTO `profile2standardpermissions` VALUES (1, 19, 0, 0);
INSERT INTO `profile2standardpermissions` VALUES (1, 19, 1, 0);
INSERT INTO `profile2standardpermissions` VALUES (1, 19, 2, 0);
INSERT INTO `profile2standardpermissions` VALUES (1, 19, 3, 0);
INSERT INTO `profile2standardpermissions` VALUES (1, 19, 4, 0);
INSERT INTO `profile2standardpermissions` VALUES (1, 20, 0, 0);
INSERT INTO `profile2standardpermissions` VALUES (1, 20, 1, 0);
INSERT INTO `profile2standardpermissions` VALUES (1, 20, 2, 0);
INSERT INTO `profile2standardpermissions` VALUES (1, 20, 3, 0);
INSERT INTO `profile2standardpermissions` VALUES (1, 20, 4, 0);
INSERT INTO `profile2standardpermissions` VALUES (1, 21, 0, 0);
INSERT INTO `profile2standardpermissions` VALUES (1, 21, 1, 0);
INSERT INTO `profile2standardpermissions` VALUES (1, 21, 2, 0);
INSERT INTO `profile2standardpermissions` VALUES (1, 21, 3, 0);
INSERT INTO `profile2standardpermissions` VALUES (1, 21, 4, 0);
INSERT INTO `profile2standardpermissions` VALUES (1, 22, 0, 0);
INSERT INTO `profile2standardpermissions` VALUES (1, 22, 1, 0);
INSERT INTO `profile2standardpermissions` VALUES (1, 22, 2, 0);
INSERT INTO `profile2standardpermissions` VALUES (1, 22, 3, 0);
INSERT INTO `profile2standardpermissions` VALUES (1, 22, 4, 0);
INSERT INTO `profile2standardpermissions` VALUES (1, 23, 0, 1);
INSERT INTO `profile2standardpermissions` VALUES (1, 23, 1, 1);
INSERT INTO `profile2standardpermissions` VALUES (1, 23, 2, 1);
INSERT INTO `profile2standardpermissions` VALUES (1, 23, 3, 1);
INSERT INTO `profile2standardpermissions` VALUES (1, 23, 4, 1);
INSERT INTO `profile2standardpermissions` VALUES (2, 1, 0, 0);
INSERT INTO `profile2standardpermissions` VALUES (2, 1, 1, 0);
INSERT INTO `profile2standardpermissions` VALUES (2, 1, 2, 0);
INSERT INTO `profile2standardpermissions` VALUES (2, 1, 3, 0);
INSERT INTO `profile2standardpermissions` VALUES (2, 1, 4, 0);
INSERT INTO `profile2standardpermissions` VALUES (2, 2, 0, 0);
INSERT INTO `profile2standardpermissions` VALUES (2, 2, 1, 0);
INSERT INTO `profile2standardpermissions` VALUES (2, 2, 2, 0);
INSERT INTO `profile2standardpermissions` VALUES (2, 2, 3, 0);
INSERT INTO `profile2standardpermissions` VALUES (2, 2, 4, 0);
INSERT INTO `profile2standardpermissions` VALUES (2, 3, 0, 0);
INSERT INTO `profile2standardpermissions` VALUES (2, 3, 1, 0);
INSERT INTO `profile2standardpermissions` VALUES (2, 3, 2, 0);
INSERT INTO `profile2standardpermissions` VALUES (2, 3, 3, 0);
INSERT INTO `profile2standardpermissions` VALUES (2, 3, 4, 0);
INSERT INTO `profile2standardpermissions` VALUES (2, 4, 0, 0);
INSERT INTO `profile2standardpermissions` VALUES (2, 4, 1, 0);
INSERT INTO `profile2standardpermissions` VALUES (2, 4, 2, 0);
INSERT INTO `profile2standardpermissions` VALUES (2, 4, 3, 0);
INSERT INTO `profile2standardpermissions` VALUES (2, 4, 4, 0);
INSERT INTO `profile2standardpermissions` VALUES (2, 6, 0, 0);
INSERT INTO `profile2standardpermissions` VALUES (2, 6, 1, 0);
INSERT INTO `profile2standardpermissions` VALUES (2, 6, 2, 0);
INSERT INTO `profile2standardpermissions` VALUES (2, 6, 3, 0);
INSERT INTO `profile2standardpermissions` VALUES (2, 6, 4, 0);
INSERT INTO `profile2standardpermissions` VALUES (2, 7, 0, 0);
INSERT INTO `profile2standardpermissions` VALUES (2, 7, 1, 0);
INSERT INTO `profile2standardpermissions` VALUES (2, 7, 2, 0);
INSERT INTO `profile2standardpermissions` VALUES (2, 7, 3, 0);
INSERT INTO `profile2standardpermissions` VALUES (2, 7, 4, 0);
INSERT INTO `profile2standardpermissions` VALUES (2, 8, 0, 0);
INSERT INTO `profile2standardpermissions` VALUES (2, 8, 1, 0);
INSERT INTO `profile2standardpermissions` VALUES (2, 8, 2, 0);
INSERT INTO `profile2standardpermissions` VALUES (2, 8, 3, 0);
INSERT INTO `profile2standardpermissions` VALUES (2, 8, 4, 0);
INSERT INTO `profile2standardpermissions` VALUES (2, 9, 0, 0);
INSERT INTO `profile2standardpermissions` VALUES (2, 9, 1, 0);
INSERT INTO `profile2standardpermissions` VALUES (2, 9, 2, 0);
INSERT INTO `profile2standardpermissions` VALUES (2, 9, 3, 0);
INSERT INTO `profile2standardpermissions` VALUES (2, 9, 4, 0);
INSERT INTO `profile2standardpermissions` VALUES (2, 10, 0, 0);
INSERT INTO `profile2standardpermissions` VALUES (2, 10, 1, 0);
INSERT INTO `profile2standardpermissions` VALUES (2, 10, 2, 0);
INSERT INTO `profile2standardpermissions` VALUES (2, 10, 3, 0);
INSERT INTO `profile2standardpermissions` VALUES (2, 10, 4, 0);
INSERT INTO `profile2standardpermissions` VALUES (2, 13, 0, 1);
INSERT INTO `profile2standardpermissions` VALUES (2, 13, 1, 1);
INSERT INTO `profile2standardpermissions` VALUES (2, 13, 2, 1);
INSERT INTO `profile2standardpermissions` VALUES (2, 13, 3, 0);
INSERT INTO `profile2standardpermissions` VALUES (2, 13, 4, 0);
INSERT INTO `profile2standardpermissions` VALUES (2, 14, 0, 1);
INSERT INTO `profile2standardpermissions` VALUES (2, 14, 1, 1);
INSERT INTO `profile2standardpermissions` VALUES (2, 14, 2, 1);
INSERT INTO `profile2standardpermissions` VALUES (2, 14, 3, 0);
INSERT INTO `profile2standardpermissions` VALUES (2, 14, 4, 0);
INSERT INTO `profile2standardpermissions` VALUES (2, 15, 0, 0);
INSERT INTO `profile2standardpermissions` VALUES (2, 15, 1, 0);
INSERT INTO `profile2standardpermissions` VALUES (2, 15, 2, 0);
INSERT INTO `profile2standardpermissions` VALUES (2, 15, 3, 0);
INSERT INTO `profile2standardpermissions` VALUES (2, 15, 4, 0);
INSERT INTO `profile2standardpermissions` VALUES (2, 16, 0, 0);
INSERT INTO `profile2standardpermissions` VALUES (2, 16, 1, 0);
INSERT INTO `profile2standardpermissions` VALUES (2, 16, 2, 0);
INSERT INTO `profile2standardpermissions` VALUES (2, 16, 3, 0);
INSERT INTO `profile2standardpermissions` VALUES (2, 16, 4, 0);
INSERT INTO `profile2standardpermissions` VALUES (2, 18, 0, 1);
INSERT INTO `profile2standardpermissions` VALUES (2, 18, 1, 1);
INSERT INTO `profile2standardpermissions` VALUES (2, 18, 2, 1);
INSERT INTO `profile2standardpermissions` VALUES (2, 18, 3, 0);
INSERT INTO `profile2standardpermissions` VALUES (2, 18, 4, 0);
INSERT INTO `profile2standardpermissions` VALUES (2, 19, 0, 1);
INSERT INTO `profile2standardpermissions` VALUES (2, 19, 1, 1);
INSERT INTO `profile2standardpermissions` VALUES (2, 19, 2, 1);
INSERT INTO `profile2standardpermissions` VALUES (2, 19, 3, 0);
INSERT INTO `profile2standardpermissions` VALUES (2, 19, 4, 0);
INSERT INTO `profile2standardpermissions` VALUES (2, 20, 0, 0);
INSERT INTO `profile2standardpermissions` VALUES (2, 20, 1, 0);
INSERT INTO `profile2standardpermissions` VALUES (2, 20, 2, 0);
INSERT INTO `profile2standardpermissions` VALUES (2, 20, 3, 0);
INSERT INTO `profile2standardpermissions` VALUES (2, 20, 4, 0);
INSERT INTO `profile2standardpermissions` VALUES (2, 21, 0, 0);
INSERT INTO `profile2standardpermissions` VALUES (2, 21, 1, 0);
INSERT INTO `profile2standardpermissions` VALUES (2, 21, 2, 0);
INSERT INTO `profile2standardpermissions` VALUES (2, 21, 3, 0);
INSERT INTO `profile2standardpermissions` VALUES (2, 21, 4, 0);
INSERT INTO `profile2standardpermissions` VALUES (2, 22, 0, 0);
INSERT INTO `profile2standardpermissions` VALUES (2, 22, 1, 0);
INSERT INTO `profile2standardpermissions` VALUES (2, 22, 2, 0);
INSERT INTO `profile2standardpermissions` VALUES (2, 22, 3, 0);
INSERT INTO `profile2standardpermissions` VALUES (2, 22, 4, 0);
INSERT INTO `profile2standardpermissions` VALUES (2, 23, 0, 1);
INSERT INTO `profile2standardpermissions` VALUES (2, 23, 1, 1);
INSERT INTO `profile2standardpermissions` VALUES (2, 23, 2, 1);
INSERT INTO `profile2standardpermissions` VALUES (2, 23, 3, 1);
INSERT INTO `profile2standardpermissions` VALUES (2, 23, 4, 1);
INSERT INTO `profile2standardpermissions` VALUES (3, 1, 0, 0);
INSERT INTO `profile2standardpermissions` VALUES (3, 1, 1, 0);
INSERT INTO `profile2standardpermissions` VALUES (3, 1, 2, 0);
INSERT INTO `profile2standardpermissions` VALUES (3, 1, 3, 0);
INSERT INTO `profile2standardpermissions` VALUES (3, 1, 4, 0);
INSERT INTO `profile2standardpermissions` VALUES (3, 2, 0, 1);
INSERT INTO `profile2standardpermissions` VALUES (3, 2, 1, 1);
INSERT INTO `profile2standardpermissions` VALUES (3, 2, 2, 1);
INSERT INTO `profile2standardpermissions` VALUES (3, 2, 3, 0);
INSERT INTO `profile2standardpermissions` VALUES (3, 2, 4, 0);
INSERT INTO `profile2standardpermissions` VALUES (3, 3, 0, 0);
INSERT INTO `profile2standardpermissions` VALUES (3, 3, 1, 0);
INSERT INTO `profile2standardpermissions` VALUES (3, 3, 2, 0);
INSERT INTO `profile2standardpermissions` VALUES (3, 3, 3, 0);
INSERT INTO `profile2standardpermissions` VALUES (3, 3, 4, 0);
INSERT INTO `profile2standardpermissions` VALUES (3, 4, 0, 0);
INSERT INTO `profile2standardpermissions` VALUES (3, 4, 1, 0);
INSERT INTO `profile2standardpermissions` VALUES (3, 4, 2, 0);
INSERT INTO `profile2standardpermissions` VALUES (3, 4, 3, 0);
INSERT INTO `profile2standardpermissions` VALUES (3, 4, 4, 0);
INSERT INTO `profile2standardpermissions` VALUES (3, 6, 0, 0);
INSERT INTO `profile2standardpermissions` VALUES (3, 6, 1, 0);
INSERT INTO `profile2standardpermissions` VALUES (3, 6, 2, 0);
INSERT INTO `profile2standardpermissions` VALUES (3, 6, 3, 0);
INSERT INTO `profile2standardpermissions` VALUES (3, 6, 4, 0);
INSERT INTO `profile2standardpermissions` VALUES (3, 7, 0, 0);
INSERT INTO `profile2standardpermissions` VALUES (3, 7, 1, 0);
INSERT INTO `profile2standardpermissions` VALUES (3, 7, 2, 0);
INSERT INTO `profile2standardpermissions` VALUES (3, 7, 3, 0);
INSERT INTO `profile2standardpermissions` VALUES (3, 7, 4, 0);
INSERT INTO `profile2standardpermissions` VALUES (3, 8, 0, 0);
INSERT INTO `profile2standardpermissions` VALUES (3, 8, 1, 0);
INSERT INTO `profile2standardpermissions` VALUES (3, 8, 2, 0);
INSERT INTO `profile2standardpermissions` VALUES (3, 8, 3, 0);
INSERT INTO `profile2standardpermissions` VALUES (3, 8, 4, 0);
INSERT INTO `profile2standardpermissions` VALUES (3, 9, 0, 0);
INSERT INTO `profile2standardpermissions` VALUES (3, 9, 1, 0);
INSERT INTO `profile2standardpermissions` VALUES (3, 9, 2, 0);
INSERT INTO `profile2standardpermissions` VALUES (3, 9, 3, 0);
INSERT INTO `profile2standardpermissions` VALUES (3, 9, 4, 0);
INSERT INTO `profile2standardpermissions` VALUES (3, 10, 0, 0);
INSERT INTO `profile2standardpermissions` VALUES (3, 10, 1, 0);
INSERT INTO `profile2standardpermissions` VALUES (3, 10, 2, 0);
INSERT INTO `profile2standardpermissions` VALUES (3, 10, 3, 0);
INSERT INTO `profile2standardpermissions` VALUES (3, 10, 4, 0);
INSERT INTO `profile2standardpermissions` VALUES (3, 13, 0, 0);
INSERT INTO `profile2standardpermissions` VALUES (3, 13, 1, 0);
INSERT INTO `profile2standardpermissions` VALUES (3, 13, 2, 0);
INSERT INTO `profile2standardpermissions` VALUES (3, 13, 3, 0);
INSERT INTO `profile2standardpermissions` VALUES (3, 13, 4, 0);
INSERT INTO `profile2standardpermissions` VALUES (3, 14, 0, 0);
INSERT INTO `profile2standardpermissions` VALUES (3, 14, 1, 0);
INSERT INTO `profile2standardpermissions` VALUES (3, 14, 2, 0);
INSERT INTO `profile2standardpermissions` VALUES (3, 14, 3, 0);
INSERT INTO `profile2standardpermissions` VALUES (3, 14, 4, 0);
INSERT INTO `profile2standardpermissions` VALUES (3, 15, 0, 0);
INSERT INTO `profile2standardpermissions` VALUES (3, 15, 1, 0);
INSERT INTO `profile2standardpermissions` VALUES (3, 15, 2, 0);
INSERT INTO `profile2standardpermissions` VALUES (3, 15, 3, 0);
INSERT INTO `profile2standardpermissions` VALUES (3, 15, 4, 0);
INSERT INTO `profile2standardpermissions` VALUES (3, 16, 0, 0);
INSERT INTO `profile2standardpermissions` VALUES (3, 16, 1, 0);
INSERT INTO `profile2standardpermissions` VALUES (3, 16, 2, 0);
INSERT INTO `profile2standardpermissions` VALUES (3, 16, 3, 0);
INSERT INTO `profile2standardpermissions` VALUES (3, 16, 4, 0);
INSERT INTO `profile2standardpermissions` VALUES (3, 18, 0, 0);
INSERT INTO `profile2standardpermissions` VALUES (3, 18, 1, 0);
INSERT INTO `profile2standardpermissions` VALUES (3, 18, 2, 0);
INSERT INTO `profile2standardpermissions` VALUES (3, 18, 3, 0);
INSERT INTO `profile2standardpermissions` VALUES (3, 18, 4, 0);
INSERT INTO `profile2standardpermissions` VALUES (3, 19, 0, 0);
INSERT INTO `profile2standardpermissions` VALUES (3, 19, 1, 0);
INSERT INTO `profile2standardpermissions` VALUES (3, 19, 2, 0);
INSERT INTO `profile2standardpermissions` VALUES (3, 19, 3, 0);
INSERT INTO `profile2standardpermissions` VALUES (3, 19, 4, 0);
INSERT INTO `profile2standardpermissions` VALUES (3, 20, 0, 0);
INSERT INTO `profile2standardpermissions` VALUES (3, 20, 1, 0);
INSERT INTO `profile2standardpermissions` VALUES (3, 20, 2, 0);
INSERT INTO `profile2standardpermissions` VALUES (3, 20, 3, 0);
INSERT INTO `profile2standardpermissions` VALUES (3, 20, 4, 0);
INSERT INTO `profile2standardpermissions` VALUES (3, 21, 0, 0);
INSERT INTO `profile2standardpermissions` VALUES (3, 21, 1, 0);
INSERT INTO `profile2standardpermissions` VALUES (3, 21, 2, 0);
INSERT INTO `profile2standardpermissions` VALUES (3, 21, 3, 0);
INSERT INTO `profile2standardpermissions` VALUES (3, 21, 4, 0);
INSERT INTO `profile2standardpermissions` VALUES (3, 22, 0, 0);
INSERT INTO `profile2standardpermissions` VALUES (3, 22, 1, 0);
INSERT INTO `profile2standardpermissions` VALUES (3, 22, 2, 0);
INSERT INTO `profile2standardpermissions` VALUES (3, 22, 3, 0);
INSERT INTO `profile2standardpermissions` VALUES (3, 22, 4, 0);
INSERT INTO `profile2standardpermissions` VALUES (3, 23, 0, 1);
INSERT INTO `profile2standardpermissions` VALUES (3, 23, 1, 1);
INSERT INTO `profile2standardpermissions` VALUES (3, 23, 2, 1);
INSERT INTO `profile2standardpermissions` VALUES (3, 23, 3, 1);
INSERT INTO `profile2standardpermissions` VALUES (3, 23, 4, 1);
INSERT INTO `profile2standardpermissions` VALUES (4, 1, 0, 1);
INSERT INTO `profile2standardpermissions` VALUES (4, 1, 1, 1);
INSERT INTO `profile2standardpermissions` VALUES (4, 1, 2, 1);
INSERT INTO `profile2standardpermissions` VALUES (4, 1, 3, 0);
INSERT INTO `profile2standardpermissions` VALUES (4, 1, 4, 0);
INSERT INTO `profile2standardpermissions` VALUES (4, 2, 0, 1);
INSERT INTO `profile2standardpermissions` VALUES (4, 2, 1, 1);
INSERT INTO `profile2standardpermissions` VALUES (4, 2, 2, 1);
INSERT INTO `profile2standardpermissions` VALUES (4, 2, 3, 0);
INSERT INTO `profile2standardpermissions` VALUES (4, 2, 4, 0);
INSERT INTO `profile2standardpermissions` VALUES (4, 3, 0, 1);
INSERT INTO `profile2standardpermissions` VALUES (4, 3, 1, 1);
INSERT INTO `profile2standardpermissions` VALUES (4, 3, 2, 1);
INSERT INTO `profile2standardpermissions` VALUES (4, 3, 3, 0);
INSERT INTO `profile2standardpermissions` VALUES (4, 3, 4, 0);
INSERT INTO `profile2standardpermissions` VALUES (4, 4, 0, 1);
INSERT INTO `profile2standardpermissions` VALUES (4, 4, 1, 1);
INSERT INTO `profile2standardpermissions` VALUES (4, 4, 2, 1);
INSERT INTO `profile2standardpermissions` VALUES (4, 4, 3, 0);
INSERT INTO `profile2standardpermissions` VALUES (4, 4, 4, 0);
INSERT INTO `profile2standardpermissions` VALUES (4, 6, 0, 1);
INSERT INTO `profile2standardpermissions` VALUES (4, 6, 1, 1);
INSERT INTO `profile2standardpermissions` VALUES (4, 6, 2, 1);
INSERT INTO `profile2standardpermissions` VALUES (4, 6, 3, 0);
INSERT INTO `profile2standardpermissions` VALUES (4, 6, 4, 0);
INSERT INTO `profile2standardpermissions` VALUES (4, 7, 0, 1);
INSERT INTO `profile2standardpermissions` VALUES (4, 7, 1, 1);
INSERT INTO `profile2standardpermissions` VALUES (4, 7, 2, 1);
INSERT INTO `profile2standardpermissions` VALUES (4, 7, 3, 0);
INSERT INTO `profile2standardpermissions` VALUES (4, 7, 4, 0);
INSERT INTO `profile2standardpermissions` VALUES (4, 8, 0, 1);
INSERT INTO `profile2standardpermissions` VALUES (4, 8, 1, 1);
INSERT INTO `profile2standardpermissions` VALUES (4, 8, 2, 1);
INSERT INTO `profile2standardpermissions` VALUES (4, 8, 3, 0);
INSERT INTO `profile2standardpermissions` VALUES (4, 8, 4, 0);
INSERT INTO `profile2standardpermissions` VALUES (4, 9, 0, 1);
INSERT INTO `profile2standardpermissions` VALUES (4, 9, 1, 1);
INSERT INTO `profile2standardpermissions` VALUES (4, 9, 2, 1);
INSERT INTO `profile2standardpermissions` VALUES (4, 9, 3, 0);
INSERT INTO `profile2standardpermissions` VALUES (4, 9, 4, 0);
INSERT INTO `profile2standardpermissions` VALUES (4, 10, 0, 1);
INSERT INTO `profile2standardpermissions` VALUES (4, 10, 1, 1);
INSERT INTO `profile2standardpermissions` VALUES (4, 10, 2, 1);
INSERT INTO `profile2standardpermissions` VALUES (4, 10, 3, 0);
INSERT INTO `profile2standardpermissions` VALUES (4, 10, 4, 0);
INSERT INTO `profile2standardpermissions` VALUES (4, 13, 0, 1);
INSERT INTO `profile2standardpermissions` VALUES (4, 13, 1, 1);
INSERT INTO `profile2standardpermissions` VALUES (4, 13, 2, 1);
INSERT INTO `profile2standardpermissions` VALUES (4, 13, 3, 0);
INSERT INTO `profile2standardpermissions` VALUES (4, 13, 4, 0);
INSERT INTO `profile2standardpermissions` VALUES (4, 14, 0, 1);
INSERT INTO `profile2standardpermissions` VALUES (4, 14, 1, 1);
INSERT INTO `profile2standardpermissions` VALUES (4, 14, 2, 1);
INSERT INTO `profile2standardpermissions` VALUES (4, 14, 3, 0);
INSERT INTO `profile2standardpermissions` VALUES (4, 14, 4, 0);
INSERT INTO `profile2standardpermissions` VALUES (4, 15, 0, 1);
INSERT INTO `profile2standardpermissions` VALUES (4, 15, 1, 1);
INSERT INTO `profile2standardpermissions` VALUES (4, 15, 2, 1);
INSERT INTO `profile2standardpermissions` VALUES (4, 15, 3, 0);
INSERT INTO `profile2standardpermissions` VALUES (4, 15, 4, 0);
INSERT INTO `profile2standardpermissions` VALUES (4, 16, 0, 1);
INSERT INTO `profile2standardpermissions` VALUES (4, 16, 1, 1);
INSERT INTO `profile2standardpermissions` VALUES (4, 16, 2, 1);
INSERT INTO `profile2standardpermissions` VALUES (4, 16, 3, 0);
INSERT INTO `profile2standardpermissions` VALUES (4, 16, 4, 0);
INSERT INTO `profile2standardpermissions` VALUES (4, 18, 0, 1);
INSERT INTO `profile2standardpermissions` VALUES (4, 18, 1, 1);
INSERT INTO `profile2standardpermissions` VALUES (4, 18, 2, 1);
INSERT INTO `profile2standardpermissions` VALUES (4, 18, 3, 0);
INSERT INTO `profile2standardpermissions` VALUES (4, 18, 4, 0);
INSERT INTO `profile2standardpermissions` VALUES (4, 19, 0, 1);
INSERT INTO `profile2standardpermissions` VALUES (4, 19, 1, 1);
INSERT INTO `profile2standardpermissions` VALUES (4, 19, 2, 1);
INSERT INTO `profile2standardpermissions` VALUES (4, 19, 3, 0);
INSERT INTO `profile2standardpermissions` VALUES (4, 19, 4, 0);
INSERT INTO `profile2standardpermissions` VALUES (4, 20, 0, 1);
INSERT INTO `profile2standardpermissions` VALUES (4, 20, 1, 1);
INSERT INTO `profile2standardpermissions` VALUES (4, 20, 2, 1);
INSERT INTO `profile2standardpermissions` VALUES (4, 20, 3, 0);
INSERT INTO `profile2standardpermissions` VALUES (4, 20, 4, 0);
INSERT INTO `profile2standardpermissions` VALUES (4, 21, 0, 1);
INSERT INTO `profile2standardpermissions` VALUES (4, 21, 1, 1);
INSERT INTO `profile2standardpermissions` VALUES (4, 21, 2, 1);
INSERT INTO `profile2standardpermissions` VALUES (4, 21, 3, 0);
INSERT INTO `profile2standardpermissions` VALUES (4, 21, 4, 0);
INSERT INTO `profile2standardpermissions` VALUES (4, 22, 0, 1);
INSERT INTO `profile2standardpermissions` VALUES (4, 22, 1, 1);
INSERT INTO `profile2standardpermissions` VALUES (4, 22, 2, 1);
INSERT INTO `profile2standardpermissions` VALUES (4, 22, 3, 0);
INSERT INTO `profile2standardpermissions` VALUES (4, 22, 4, 0);
INSERT INTO `profile2standardpermissions` VALUES (4, 23, 0, 1);
INSERT INTO `profile2standardpermissions` VALUES (4, 23, 1, 1);
INSERT INTO `profile2standardpermissions` VALUES (4, 23, 2, 1);
INSERT INTO `profile2standardpermissions` VALUES (4, 23, 3, 1);
INSERT INTO `profile2standardpermissions` VALUES (4, 23, 4, 1);

-- --------------------------------------------------------

-- 
-- Table structure for table `profile2tab`
-- 

CREATE TABLE `profile2tab` (
  `profileid` int(11) default NULL,
  `tabid` int(10) default NULL,
  `permissions` int(10) NOT NULL default '0',
  KEY `idx_profile2tab` (`profileid`,`tabid`)
) ENGINE=MyISAM DEFAULT CHARSET=latin1;

-- 
-- Dumping data for table `profile2tab`
-- 

INSERT INTO `profile2tab` VALUES (1, 1, 0);
INSERT INTO `profile2tab` VALUES (1, 2, 0);
INSERT INTO `profile2tab` VALUES (1, 3, 0);
INSERT INTO `profile2tab` VALUES (1, 4, 0);
INSERT INTO `profile2tab` VALUES (1, 6, 0);
INSERT INTO `profile2tab` VALUES (1, 7, 0);
INSERT INTO `profile2tab` VALUES (1, 8, 0);
INSERT INTO `profile2tab` VALUES (1, 9, 0);
INSERT INTO `profile2tab` VALUES (1, 10, 0);
INSERT INTO `profile2tab` VALUES (1, 13, 0);
INSERT INTO `profile2tab` VALUES (1, 14, 0);
INSERT INTO `profile2tab` VALUES (1, 15, 0);
INSERT INTO `profile2tab` VALUES (1, 16, 0);
INSERT INTO `profile2tab` VALUES (1, 17, 0);
INSERT INTO `profile2tab` VALUES (1, 18, 0);
INSERT INTO `profile2tab` VALUES (1, 19, 0);
INSERT INTO `profile2tab` VALUES (1, 20, 0);
INSERT INTO `profile2tab` VALUES (1, 21, 0);
INSERT INTO `profile2tab` VALUES (1, 22, 0);
INSERT INTO `profile2tab` VALUES (1, 23, 1);
INSERT INTO `profile2tab` VALUES (1, 24, 0);
INSERT INTO `profile2tab` VALUES (1, 25, 0);
INSERT INTO `profile2tab` VALUES (2, 1, 0);
INSERT INTO `profile2tab` VALUES (2, 2, 0);
INSERT INTO `profile2tab` VALUES (2, 3, 0);
INSERT INTO `profile2tab` VALUES (2, 4, 0);
INSERT INTO `profile2tab` VALUES (2, 6, 0);
INSERT INTO `profile2tab` VALUES (2, 7, 0);
INSERT INTO `profile2tab` VALUES (2, 8, 0);
INSERT INTO `profile2tab` VALUES (2, 9, 0);
INSERT INTO `profile2tab` VALUES (2, 10, 0);
INSERT INTO `profile2tab` VALUES (2, 13, 0);
INSERT INTO `profile2tab` VALUES (2, 14, 0);
INSERT INTO `profile2tab` VALUES (2, 15, 0);
INSERT INTO `profile2tab` VALUES (2, 16, 0);
INSERT INTO `profile2tab` VALUES (2, 17, 0);
INSERT INTO `profile2tab` VALUES (2, 18, 0);
INSERT INTO `profile2tab` VALUES (2, 19, 0);
INSERT INTO `profile2tab` VALUES (2, 20, 0);
INSERT INTO `profile2tab` VALUES (2, 21, 0);
INSERT INTO `profile2tab` VALUES (2, 22, 0);
INSERT INTO `profile2tab` VALUES (2, 23, 1);
INSERT INTO `profile2tab` VALUES (2, 24, 0);
INSERT INTO `profile2tab` VALUES (2, 25, 0);
INSERT INTO `profile2tab` VALUES (3, 1, 0);
INSERT INTO `profile2tab` VALUES (3, 2, 0);
INSERT INTO `profile2tab` VALUES (3, 3, 0);
INSERT INTO `profile2tab` VALUES (3, 4, 0);
INSERT INTO `profile2tab` VALUES (3, 6, 0);
INSERT INTO `profile2tab` VALUES (3, 7, 0);
INSERT INTO `profile2tab` VALUES (3, 8, 0);
INSERT INTO `profile2tab` VALUES (3, 9, 0);
INSERT INTO `profile2tab` VALUES (3, 10, 0);
INSERT INTO `profile2tab` VALUES (3, 13, 0);
INSERT INTO `profile2tab` VALUES (3, 14, 0);
INSERT INTO `profile2tab` VALUES (3, 15, 0);
INSERT INTO `profile2tab` VALUES (3, 16, 0);
INSERT INTO `profile2tab` VALUES (3, 17, 0);
INSERT INTO `profile2tab` VALUES (3, 18, 0);
INSERT INTO `profile2tab` VALUES (3, 19, 0);
INSERT INTO `profile2tab` VALUES (3, 20, 0);
INSERT INTO `profile2tab` VALUES (3, 21, 0);
INSERT INTO `profile2tab` VALUES (3, 22, 0);
INSERT INTO `profile2tab` VALUES (3, 23, 1);
INSERT INTO `profile2tab` VALUES (3, 24, 0);
INSERT INTO `profile2tab` VALUES (3, 25, 0);
INSERT INTO `profile2tab` VALUES (4, 1, 0);
INSERT INTO `profile2tab` VALUES (4, 2, 0);
INSERT INTO `profile2tab` VALUES (4, 3, 0);
INSERT INTO `profile2tab` VALUES (4, 4, 0);
INSERT INTO `profile2tab` VALUES (4, 6, 0);
INSERT INTO `profile2tab` VALUES (4, 7, 0);
INSERT INTO `profile2tab` VALUES (4, 8, 0);
INSERT INTO `profile2tab` VALUES (4, 9, 0);
INSERT INTO `profile2tab` VALUES (4, 10, 0);
INSERT INTO `profile2tab` VALUES (4, 13, 0);
INSERT INTO `profile2tab` VALUES (4, 14, 0);
INSERT INTO `profile2tab` VALUES (4, 15, 0);
INSERT INTO `profile2tab` VALUES (4, 16, 0);
INSERT INTO `profile2tab` VALUES (4, 17, 0);
INSERT INTO `profile2tab` VALUES (4, 18, 0);
INSERT INTO `profile2tab` VALUES (4, 19, 0);
INSERT INTO `profile2tab` VALUES (4, 20, 0);
INSERT INTO `profile2tab` VALUES (4, 21, 0);
INSERT INTO `profile2tab` VALUES (4, 22, 0);
INSERT INTO `profile2tab` VALUES (4, 23, 1);
INSERT INTO `profile2tab` VALUES (4, 24, 0);
INSERT INTO `profile2tab` VALUES (4, 25, 0);

-- --------------------------------------------------------

-- 
-- Table structure for table `profile2utility`
-- 

CREATE TABLE `profile2utility` (
  `profileid` int(11) default NULL,
  `tabid` int(11) default NULL,
  `activityid` int(11) default NULL,
  `permission` int(1) default NULL,
  KEY `idx_prof2utility` (`profileid`,`tabid`,`activityid`)
) ENGINE=MyISAM DEFAULT CHARSET=latin1;

-- 
-- Dumping data for table `profile2utility`
-- 

INSERT INTO `profile2utility` VALUES (1, 2, 5, 0);
INSERT INTO `profile2utility` VALUES (1, 2, 6, 0);
INSERT INTO `profile2utility` VALUES (1, 4, 5, 0);
INSERT INTO `profile2utility` VALUES (1, 4, 6, 0);
INSERT INTO `profile2utility` VALUES (1, 6, 5, 0);
INSERT INTO `profile2utility` VALUES (1, 6, 6, 0);
INSERT INTO `profile2utility` VALUES (1, 7, 5, 0);
INSERT INTO `profile2utility` VALUES (1, 7, 6, 0);
INSERT INTO `profile2utility` VALUES (1, 8, 6, 0);
INSERT INTO `profile2utility` VALUES (1, 10, 6, 0);
INSERT INTO `profile2utility` VALUES (1, 7, 8, 1);
INSERT INTO `profile2utility` VALUES (1, 6, 8, 1);
INSERT INTO `profile2utility` VALUES (1, 4, 8, 1);
INSERT INTO `profile2utility` VALUES (1, 14, 5, 0);
INSERT INTO `profile2utility` VALUES (1, 14, 6, 0);
INSERT INTO `profile2utility` VALUES (2, 2, 5, 1);
INSERT INTO `profile2utility` VALUES (2, 2, 6, 1);
INSERT INTO `profile2utility` VALUES (2, 4, 5, 1);
INSERT INTO `profile2utility` VALUES (2, 4, 6, 0);
INSERT INTO `profile2utility` VALUES (2, 6, 5, 1);
INSERT INTO `profile2utility` VALUES (2, 6, 6, 0);
INSERT INTO `profile2utility` VALUES (2, 7, 5, 0);
INSERT INTO `profile2utility` VALUES (2, 7, 6, 0);
INSERT INTO `profile2utility` VALUES (2, 8, 6, 1);
INSERT INTO `profile2utility` VALUES (2, 10, 6, 1);
INSERT INTO `profile2utility` VALUES (2, 7, 8, 1);
INSERT INTO `profile2utility` VALUES (2, 6, 8, 1);
INSERT INTO `profile2utility` VALUES (2, 4, 8, 1);
INSERT INTO `profile2utility` VALUES (2, 14, 5, 1);
INSERT INTO `profile2utility` VALUES (2, 14, 6, 1);
INSERT INTO `profile2utility` VALUES (3, 2, 5, 1);
INSERT INTO `profile2utility` VALUES (3, 2, 6, 1);
INSERT INTO `profile2utility` VALUES (3, 4, 5, 1);
INSERT INTO `profile2utility` VALUES (3, 4, 6, 1);
INSERT INTO `profile2utility` VALUES (3, 6, 5, 1);
INSERT INTO `profile2utility` VALUES (3, 6, 6, 1);
INSERT INTO `profile2utility` VALUES (3, 7, 5, 1);
INSERT INTO `profile2utility` VALUES (3, 7, 6, 1);
INSERT INTO `profile2utility` VALUES (3, 8, 6, 1);
INSERT INTO `profile2utility` VALUES (3, 10, 6, 1);
INSERT INTO `profile2utility` VALUES (3, 7, 8, 1);
INSERT INTO `profile2utility` VALUES (3, 6, 8, 1);
INSERT INTO `profile2utility` VALUES (3, 4, 8, 1);
INSERT INTO `profile2utility` VALUES (3, 14, 5, 1);
INSERT INTO `profile2utility` VALUES (3, 14, 6, 1);
INSERT INTO `profile2utility` VALUES (4, 2, 5, 1);
INSERT INTO `profile2utility` VALUES (4, 2, 6, 1);
INSERT INTO `profile2utility` VALUES (4, 4, 5, 1);
INSERT INTO `profile2utility` VALUES (4, 4, 6, 1);
INSERT INTO `profile2utility` VALUES (4, 6, 5, 1);
INSERT INTO `profile2utility` VALUES (4, 6, 6, 1);
INSERT INTO `profile2utility` VALUES (4, 7, 5, 1);
INSERT INTO `profile2utility` VALUES (4, 7, 6, 1);
INSERT INTO `profile2utility` VALUES (4, 8, 6, 1);
INSERT INTO `profile2utility` VALUES (4, 10, 6, 1);
INSERT INTO `profile2utility` VALUES (4, 7, 8, 1);
INSERT INTO `profile2utility` VALUES (4, 6, 8, 1);
INSERT INTO `profile2utility` VALUES (4, 4, 8, 1);
INSERT INTO `profile2utility` VALUES (4, 14, 5, 1);
INSERT INTO `profile2utility` VALUES (4, 14, 6, 1);

-- --------------------------------------------------------

-- 
-- Table structure for table `profile_seq`
-- 

CREATE TABLE `profile_seq` (
  `id` int(11) NOT NULL default '0'
) ENGINE=MyISAM DEFAULT CHARSET=latin1;

-- 
-- Dumping data for table `profile_seq`
-- 

INSERT INTO `profile_seq` VALUES (4);

-- --------------------------------------------------------

-- 
-- Table structure for table `purchaseorder`
-- 

CREATE TABLE `purchaseorder` (
  `purchaseorderid` int(19) NOT NULL default '0',
  `subject` varchar(100) default NULL,
  `quoteid` int(19) default NULL,
  `vendorid` int(19) default NULL,
  `requisition_no` varchar(100) default NULL,
  `tracking_no` varchar(100) default NULL,
  `contactid` int(19) default NULL,
  `duedate` date default NULL,
  `carrier` varchar(100) default NULL,
  `type` varchar(100) default NULL,
  `salestax` decimal(11,3) default NULL,
  `adjustment` decimal(11,3) default NULL,
  `salescommission` decimal(11,3) default NULL,
  `exciseduty` decimal(11,3) default NULL,
  `total` decimal(11,3) default NULL,
  `subtotal` decimal(11,3) default NULL,
  `terms_conditions` longtext,
  `postatus` varchar(200) default NULL,
  PRIMARY KEY  (`purchaseorderid`),
  KEY `fk_PO2` (`vendorid`),
  KEY `fk_PO3` (`contactid`)
) ENGINE=InnoDB DEFAULT CHARSET=latin1;

-- 
-- Dumping data for table `purchaseorder`
-- 


-- --------------------------------------------------------

-- 
-- Table structure for table `purchaseordercf`
-- 

CREATE TABLE `purchaseordercf` (
  `purchaseorderid` int(19) NOT NULL default '0',
  PRIMARY KEY  (`purchaseorderid`)
) ENGINE=InnoDB DEFAULT CHARSET=latin1;

-- 
-- Dumping data for table `purchaseordercf`
-- 


-- --------------------------------------------------------

-- 
-- Table structure for table `purchdata`
-- 

CREATE TABLE `purchdata` (
  `supplierno` char(10) NOT NULL default '',
  `stockid` char(20) NOT NULL default '',
  `price` decimal(20,4) NOT NULL default '0.0000',
  `suppliersuom` char(50) NOT NULL default '',
  `conversionfactor` double NOT NULL default '1',
  `supplierdescription` char(50) NOT NULL default '',
  `leadtime` smallint(6) NOT NULL default '1',
  `preferred` tinyint(4) NOT NULL default '0',
  PRIMARY KEY  (`supplierno`,`stockid`),
  KEY `StockID` (`stockid`),
  KEY `SupplierNo` (`supplierno`),
  KEY `Preferred` (`preferred`)
) ENGINE=InnoDB DEFAULT CHARSET=latin1;

-- 
-- Dumping data for table `purchdata`
-- 

INSERT INTO `purchdata` VALUES ('0002', 'R04-H02', 0.3500, '', 1, '', 28, 1);

-- --------------------------------------------------------

-- 
-- Table structure for table `purchorderdetails`
-- 

CREATE TABLE `purchorderdetails` (
  `podetailitem` int(11) NOT NULL auto_increment,
  `orderno` int(11) NOT NULL default '0',
  `itemcode` varchar(20) NOT NULL default '',
  `deliverydate` date NOT NULL default '0000-00-00',
  `itemdescription` varchar(100) NOT NULL default '',
  `glcode` int(11) NOT NULL default '0',
  `qtyinvoiced` double NOT NULL default '0',
  `unitprice` double NOT NULL default '0',
  `actprice` double NOT NULL default '0',
  `stdcostunit` double NOT NULL default '0',
  `quantityord` double NOT NULL default '0',
  `quantityrecd` double NOT NULL default '0',
  `shiptref` int(11) NOT NULL default '0',
  `jobref` varchar(20) NOT NULL default '',
  `completed` tinyint(4) NOT NULL default '0',
  `prno` int(11) NOT NULL default '0',
  `prref` int(11) NOT NULL default '0',
  PRIMARY KEY  (`podetailitem`),
  KEY `DeliveryDate` (`deliverydate`),
  KEY `GLCode` (`glcode`),
  KEY `ItemCode` (`itemcode`),
  KEY `JobRef` (`jobref`),
  KEY `OrderNo` (`orderno`),
  KEY `ShiptRef` (`shiptref`),
  KEY `Completed` (`completed`)
) ENGINE=InnoDB DEFAULT CHARSET=latin1 AUTO_INCREMENT=1 ;

-- 
-- Dumping data for table `purchorderdetails`
-- 


-- --------------------------------------------------------

-- 
-- Table structure for table `purchorders`
-- 

CREATE TABLE `purchorders` (
  `orderno` int(11) NOT NULL auto_increment,
  `supplierno` varchar(10) NOT NULL default '',
  `comments` longblob,
  `orddate` datetime NOT NULL default '0000-00-00 00:00:00',
  `rate` double NOT NULL default '1',
  `dateprinted` datetime default NULL,
  `allowprint` tinyint(4) NOT NULL default '1',
  `initiator` varchar(10) default NULL,
  `requisitionno` varchar(15) default NULL,
  `intostocklocation` varchar(5) NOT NULL default '',
  `deladd1` varchar(40) NOT NULL default '',
  `deladd2` varchar(40) NOT NULL default '',
  `deladd3` varchar(40) NOT NULL default '',
  `deladd4` varchar(40) NOT NULL default '',
  `deladd5` varchar(20) NOT NULL default '',
  `deladd6` varchar(15) NOT NULL default '',
  `contact` varchar(30) NOT NULL default '',
  `reqdeldate` datetime default NULL,
  `shipvia` varchar(50) default NULL,
  `prref` int(10) NOT NULL default '0',
  `prno` int(10) NOT NULL default '0',
  PRIMARY KEY  (`orderno`),
  KEY `OrdDate` (`orddate`),
  KEY `SupplierNo` (`supplierno`),
  KEY `IntoStockLocation` (`intostocklocation`),
  KEY `AllowPrintPO` (`allowprint`)
) ENGINE=InnoDB DEFAULT CHARSET=latin1 AUTO_INCREMENT=1 ;

-- 
-- Dumping data for table `purchorders`
-- 


-- --------------------------------------------------------

-- 
-- Table structure for table `quotes`
-- 

CREATE TABLE `quotes` (
  `quoteid` int(19) NOT NULL default '0',
  `subject` varchar(100) default NULL,
  `potentialid` int(19) default NULL,
  `quotestage` varchar(200) default NULL,
  `validtill` date default NULL,
  `team` varchar(200) default NULL,
  `contactid` int(19) default NULL,
  `currency` varchar(100) default NULL,
  `subtotal` decimal(11,3) default NULL,
  `shipvia` int(11) NOT NULL default '0',
  `deliverto` varchar(40) NOT NULL default '',
  `fromstkloc` varchar(5) NOT NULL default '',
  `type` varchar(100) default NULL,
  `salestax` decimal(11,3) default NULL,
  `freightcost` double NOT NULL default '0',
  `total` decimal(11,3) default NULL,
  `accountid` int(19) default NULL,
  `terms_conditions` longtext,
  `discounttotal` decimal(10,2) NOT NULL default '0.00',
  `freighttax` decimal(10,2) NOT NULL default '0.00',
  PRIMARY KEY  (`quoteid`),
  KEY `quotestage` (`quotestage`),
  KEY `fk_Quotes2` (`accountid`)
) ENGINE=InnoDB DEFAULT CHARSET=latin1;

-- 
-- Dumping data for table `quotes`
-- 


-- --------------------------------------------------------

-- 
-- Table structure for table `quotesbillads`
-- 

CREATE TABLE `quotesbillads` (
  `quotebilladdressid` int(19) NOT NULL default '0',
  `bill_city` varchar(30) default NULL,
  `bill_code` varchar(30) default NULL,
  `bill_country` varchar(30) default NULL,
  `bill_state` varchar(30) default NULL,
  `bill_street` varchar(250) default NULL,
  `bill_street2` varchar(250) default NULL,
  PRIMARY KEY  (`quotebilladdressid`)
) ENGINE=InnoDB DEFAULT CHARSET=latin1;

-- 
-- Dumping data for table `quotesbillads`
-- 


-- --------------------------------------------------------

-- 
-- Table structure for table `quotescf`
-- 

CREATE TABLE `quotescf` (
  `quoteid` int(19) NOT NULL default '0',
  PRIMARY KEY  (`quoteid`)
) ENGINE=InnoDB DEFAULT CHARSET=latin1;

-- 
-- Dumping data for table `quotescf`
-- 


-- --------------------------------------------------------

-- 
-- Table structure for table `quotesproductrel`
-- 

CREATE TABLE `quotesproductrel` (
  `quoteid` int(19) NOT NULL default '0',
  `productid` int(19) NOT NULL default '0',
  `quantity` int(19) default NULL,
  `listprice` decimal(11,3) default NULL,
  `discount` decimal(11,3) NOT NULL default '0.000',
  PRIMARY KEY  (`quoteid`,`productid`),
  KEY `QuotesProductRel_IDX0` (`quoteid`),
  KEY `QuotesProductRel_IDX1` (`productid`)
) ENGINE=InnoDB DEFAULT CHARSET=latin1;

-- 
-- Dumping data for table `quotesproductrel`
-- 


-- --------------------------------------------------------

-- 
-- Table structure for table `quotesshipads`
-- 

CREATE TABLE `quotesshipads` (
  `quoteshipaddressid` int(19) NOT NULL default '0',
  `ship_city` varchar(30) default NULL,
  `ship_code` varchar(30) default NULL,
  `ship_country` varchar(30) default NULL,
  `ship_state` varchar(30) default NULL,
  `ship_street` varchar(250) default NULL,
  `ship_street2` varchar(250) default NULL,
  PRIMARY KEY  (`quoteshipaddressid`)
) ENGINE=InnoDB DEFAULT CHARSET=latin1;

-- 
-- Dumping data for table `quotesshipads`
-- 


-- --------------------------------------------------------

-- 
-- Table structure for table `quotestage`
-- 

CREATE TABLE `quotestage` (
  `quotestageid` int(19) NOT NULL auto_increment,
  `quotestage` varchar(200) NOT NULL default '',
  `sortorderid` int(19) NOT NULL default '0',
  `presence` int(1) NOT NULL default '1',
  PRIMARY KEY  (`quotestageid`),
  UNIQUE KEY `quotestage_UK0` (`quotestage`)
) ENGINE=InnoDB DEFAULT CHARSET=latin1 AUTO_INCREMENT=6 ;

-- 
-- Dumping data for table `quotestage`
-- 

INSERT INTO `quotestage` VALUES (1, 'Created', 0, 1);
INSERT INTO `quotestage` VALUES (2, 'Delivered', 1, 1);
INSERT INTO `quotestage` VALUES (3, 'Reviewed', 2, 1);
INSERT INTO `quotestage` VALUES (4, 'Accepted', 3, 1);
INSERT INTO `quotestage` VALUES (5, 'Rejected', 4, 1);

-- --------------------------------------------------------

-- 
-- Table structure for table `rating`
-- 

CREATE TABLE `rating` (
  `rating_id` int(19) NOT NULL auto_increment,
  `rating` varchar(200) default NULL,
  `SORTORDERID` int(19) NOT NULL default '0',
  `PRESENCE` int(1) NOT NULL default '1',
  PRIMARY KEY  (`rating_id`)
) ENGINE=MyISAM DEFAULT CHARSET=latin1 AUTO_INCREMENT=7 ;

-- 
-- Dumping data for table `rating`
-- 

INSERT INTO `rating` VALUES (1, '--None--', 0, 1);
INSERT INTO `rating` VALUES (2, 'Acquired', 1, 1);
INSERT INTO `rating` VALUES (3, 'Active', 2, 1);
INSERT INTO `rating` VALUES (4, 'Market Failed', 3, 1);
INSERT INTO `rating` VALUES (5, 'Project Cancelled', 4, 1);
INSERT INTO `rating` VALUES (6, 'Shutdown', 5, 1);

-- --------------------------------------------------------

-- 
-- Table structure for table `recurringevents`
-- 

CREATE TABLE `recurringevents` (
  `recurringid` int(19) NOT NULL auto_increment,
  `activityid` int(19) NOT NULL default '0',
  `recurringdate` date default NULL,
  `recurringtype` varchar(30) default NULL,
  PRIMARY KEY  (`recurringid`)
) ENGINE=InnoDB DEFAULT CHARSET=latin1 AUTO_INCREMENT=1 ;

-- 
-- Dumping data for table `recurringevents`
-- 


-- --------------------------------------------------------

-- 
-- Table structure for table `recurringsalesorders`
-- 

CREATE TABLE `recurringsalesorders` (
  `recurrorderno` int(11) NOT NULL auto_increment,
  `debtorno` varchar(10) NOT NULL default '',
  `branchcode` varchar(10) NOT NULL default '',
  `customerref` varchar(50) NOT NULL default '',
  `buyername` varchar(50) default NULL,
  `comments` longblob,
  `orddate` date NOT NULL default '0000-00-00',
  `ordertype` char(2) NOT NULL default '',
  `shipvia` int(11) NOT NULL default '0',
  `deladd1` varchar(40) NOT NULL default '',
  `deladd2` varchar(40) NOT NULL default '',
  `deladd3` varchar(40) NOT NULL default '',
  `deladd4` varchar(40) default NULL,
  `deladd5` varchar(20) NOT NULL default '',
  `deladd6` varchar(15) NOT NULL default '',
  `contactphone` varchar(25) default NULL,
  `contactemail` varchar(25) default NULL,
  `deliverto` varchar(40) NOT NULL default '',
  `freightcost` double NOT NULL default '0',
  `fromstkloc` varchar(5) NOT NULL default '',
  `lastrecurrence` date NOT NULL default '0000-00-00',
  `stopdate` date NOT NULL default '0000-00-00',
  `frequency` tinyint(4) NOT NULL default '1',
  `autoinvoice` tinyint(4) NOT NULL default '0',
  PRIMARY KEY  (`recurrorderno`),
  KEY `debtorno` (`debtorno`),
  KEY `orddate` (`orddate`),
  KEY `ordertype` (`ordertype`),
  KEY `locationindex` (`fromstkloc`),
  KEY `branchcode` (`branchcode`,`debtorno`)
) ENGINE=InnoDB DEFAULT CHARSET=latin1 AUTO_INCREMENT=1 ;

-- 
-- Dumping data for table `recurringsalesorders`
-- 


-- --------------------------------------------------------

-- 
-- Table structure for table `recurringtype`
-- 

CREATE TABLE `recurringtype` (
  `recurringeventid` int(19) NOT NULL auto_increment,
  `recurringtype` varchar(200) NOT NULL default '',
  `sortorderid` int(19) NOT NULL default '0',
  `presence` int(1) NOT NULL default '1',
  PRIMARY KEY  (`recurringeventid`)
) ENGINE=InnoDB DEFAULT CHARSET=latin1 AUTO_INCREMENT=6 ;

-- 
-- Dumping data for table `recurringtype`
-- 

INSERT INTO `recurringtype` VALUES (1, '--None--', 0, 1);
INSERT INTO `recurringtype` VALUES (2, 'Daily', 1, 1);
INSERT INTO `recurringtype` VALUES (3, 'Weekly', 2, 1);
INSERT INTO `recurringtype` VALUES (4, 'Monthly', 3, 1);
INSERT INTO `recurringtype` VALUES (5, 'Yearly', 4, 1);

-- --------------------------------------------------------

-- 
-- Table structure for table `recurrsalesorderdetails`
-- 

CREATE TABLE `recurrsalesorderdetails` (
  `recurrorderno` int(11) NOT NULL default '0',
  `stkcode` varchar(20) NOT NULL default '',
  `unitprice` double NOT NULL default '0',
  `quantity` double NOT NULL default '0',
  `discountpercent` double NOT NULL default '0',
  `narrative` text NOT NULL,
  PRIMARY KEY  (`recurrorderno`,`stkcode`),
  KEY `orderno` (`recurrorderno`),
  KEY `stkcode` (`stkcode`)
) ENGINE=InnoDB DEFAULT CHARSET=latin1;

-- 
-- Dumping data for table `recurrsalesorderdetails`
-- 


-- --------------------------------------------------------

-- 
-- Table structure for table `relatedlists`
-- 

CREATE TABLE `relatedlists` (
  `relation_id` int(19) NOT NULL default '0',
  `tabid` int(10) default NULL,
  `related_tabid` int(10) default NULL,
  `name` varchar(100) default NULL,
  `sequence` int(10) default NULL,
  `label` varchar(100) default NULL,
  `presence` int(10) NOT NULL default '0',
  PRIMARY KEY  (`relation_id`),
  KEY `idx_profile2tab` (`relation_id`)
) ENGINE=MyISAM DEFAULT CHARSET=latin1;

-- 
-- Dumping data for table `relatedlists`
-- 

INSERT INTO `relatedlists` VALUES (1, 6, 2, 'get_opportunities', 1, 'Potentials', 0);
INSERT INTO `relatedlists` VALUES (2, 6, 4, 'get_contacts', 2, 'Contacts', 0);
INSERT INTO `relatedlists` VALUES (3, 6, 9, 'get_activities', 3, 'Acivities', 0);
INSERT INTO `relatedlists` VALUES (4, 6, 13, 'get_tickets', 4, 'HelpDesk', 0);
INSERT INTO `relatedlists` VALUES (5, 6, 9, 'get_history', 5, 'History', 0);
INSERT INTO `relatedlists` VALUES (6, 6, 0, 'get_attachments', 6, 'Attachments', 0);
INSERT INTO `relatedlists` VALUES (7, 6, 20, 'get_quotes', 7, 'Quotes', 0);
INSERT INTO `relatedlists` VALUES (8, 6, 23, 'get_invoices', 8, 'Invoice', 0);
INSERT INTO `relatedlists` VALUES (9, 6, 22, 'get_salesorder', 9, 'Sales Order', 0);
INSERT INTO `relatedlists` VALUES (10, 6, 14, 'get_products', 10, 'Products', 0);
INSERT INTO `relatedlists` VALUES (11, 7, 9, 'get_activities', 1, 'Activities', 0);
INSERT INTO `relatedlists` VALUES (12, 7, 10, 'get_emails', 2, 'Emails', 0);
INSERT INTO `relatedlists` VALUES (13, 7, 9, 'get_history', 3, 'History', 0);
INSERT INTO `relatedlists` VALUES (14, 7, 0, 'get_attachments', 4, 'Attachments', 0);
INSERT INTO `relatedlists` VALUES (15, 7, 14, 'get_products', 5, 'Products', 0);
INSERT INTO `relatedlists` VALUES (16, 4, 2, 'get_opportunities', 1, 'Potentials', 0);
INSERT INTO `relatedlists` VALUES (17, 4, 9, 'get_activities', 2, 'Activities', 0);
INSERT INTO `relatedlists` VALUES (18, 4, 10, 'get_emails', 3, 'Emails', 0);
INSERT INTO `relatedlists` VALUES (19, 4, 13, 'get_tickets', 4, 'HelpDesk', 0);
INSERT INTO `relatedlists` VALUES (20, 4, 20, 'get_quotes', 5, 'Quotes', 0);
INSERT INTO `relatedlists` VALUES (21, 4, 21, 'get_purchase_orders', 6, 'Purchase Order', 0);
INSERT INTO `relatedlists` VALUES (22, 4, 22, 'get_salesorder', 7, 'Sales Order', 0);
INSERT INTO `relatedlists` VALUES (23, 4, 14, 'get_products', 8, 'Products', 0);
INSERT INTO `relatedlists` VALUES (24, 4, 9, 'get_history', 9, 'History', 0);
INSERT INTO `relatedlists` VALUES (25, 4, 0, 'get_attachments', 10, 'Attachments', 0);
INSERT INTO `relatedlists` VALUES (26, 2, 9, 'get_activities', 1, 'Activities', 0);
INSERT INTO `relatedlists` VALUES (27, 2, 4, 'get_contacts', 2, 'Contacts', 0);
INSERT INTO `relatedlists` VALUES (28, 2, 14, 'get_products', 3, 'History', 0);
INSERT INTO `relatedlists` VALUES (29, 2, 0, 'get_stage_history', 4, 'Sales Stage History', 0);
INSERT INTO `relatedlists` VALUES (30, 2, 0, 'get_attachments', 5, 'Attachments', 0);
INSERT INTO `relatedlists` VALUES (31, 2, 20, 'get_Quotes', 6, 'Quotes', 0);
INSERT INTO `relatedlists` VALUES (32, 2, 22, 'get_salesorder', 7, 'Sales Order', 0);
INSERT INTO `relatedlists` VALUES (33, 14, 13, 'get_tickets', 1, 'HelpDesk', 0);
INSERT INTO `relatedlists` VALUES (34, 14, 9, 'get_activities', 2, 'Activities', 0);
INSERT INTO `relatedlists` VALUES (35, 14, 0, 'get_attachments', 3, 'Attachments', 0);
INSERT INTO `relatedlists` VALUES (36, 14, 20, 'get_quotes', 4, 'Quotes', 0);
INSERT INTO `relatedlists` VALUES (37, 14, 21, 'get_purchase_orders', 5, 'Purchase Order', 0);
INSERT INTO `relatedlists` VALUES (38, 14, 22, 'get_salesorder', 6, 'Sales Order', 0);
INSERT INTO `relatedlists` VALUES (39, 14, 23, 'get_invoices', 7, 'Invoice', 0);
INSERT INTO `relatedlists` VALUES (40, 14, 19, 'get_product_pricebooks', 8, 'PriceBook', 0);
INSERT INTO `relatedlists` VALUES (41, 10, 4, 'get_contacts', 1, 'Contacts', 0);
INSERT INTO `relatedlists` VALUES (42, 10, 0, 'get_users', 2, 'Users', 0);
INSERT INTO `relatedlists` VALUES (43, 10, 0, 'get_attachments', 3, 'Attachments', 0);
INSERT INTO `relatedlists` VALUES (44, 13, 9, 'get_activities', 1, 'Activities', 0);
INSERT INTO `relatedlists` VALUES (45, 13, 0, 'get_attachments', 2, 'Attachments', 0);
INSERT INTO `relatedlists` VALUES (46, 19, 14, 'get_pricebook_products', 2, 'Products', 0);
INSERT INTO `relatedlists` VALUES (47, 18, 14, 'get_products', 1, 'Products', 0);
INSERT INTO `relatedlists` VALUES (48, 18, 21, 'get_purchase_orders', 2, 'Products', 0);
INSERT INTO `relatedlists` VALUES (49, 18, 4, 'get_contacts', 3, 'Contacts', 0);
INSERT INTO `relatedlists` VALUES (50, 20, 23, 'get_salesorder', 1, 'Sales Order', 0);
INSERT INTO `relatedlists` VALUES (51, 20, 9, 'get_activities', 2, 'Activities', 0);
INSERT INTO `relatedlists` VALUES (52, 20, 9, 'get_history', 3, 'History', 0);
INSERT INTO `relatedlists` VALUES (53, 21, 9, 'get_activities', 1, 'Activities', 0);
INSERT INTO `relatedlists` VALUES (54, 21, 0, 'get_attachments', 2, 'Attachments', 0);
INSERT INTO `relatedlists` VALUES (55, 22, 9, 'get_activities', 1, 'Activities', 0);
INSERT INTO `relatedlists` VALUES (56, 22, 0, 'get_attachments', 2, 'Attachments', 0);
INSERT INTO `relatedlists` VALUES (57, 22, 23, 'get_invoices', 3, 'Invoice', 0);
INSERT INTO `relatedlists` VALUES (58, 23, 9, 'get_activities', 1, 'Activities', 0);
INSERT INTO `relatedlists` VALUES (59, 23, 0, 'get_attachments', 2, 'Attachments', 0);
INSERT INTO `relatedlists` VALUES (60, 27, 9, 'get_history', 4, 'History', 0);
INSERT INTO `relatedlists` VALUES (61, 23, 9, 'get_activities', 1, 'Activities', 0);
INSERT INTO `relatedlists` VALUES (62, 23, 0, 'get_attachments', 2, 'Attachments', 0);
INSERT INTO `relatedlists` VALUES (63, 23, 9, 'get_history', 3, 'History', 0);
INSERT INTO `relatedlists` VALUES (64, 9, 0, 'get_users', 1, 'Users', 0);
INSERT INTO `relatedlists` VALUES (65, 9, 4, 'get_contacts', 2, 'Contacts', 0);

-- --------------------------------------------------------

-- 
-- Table structure for table `relatedlists_seq`
-- 

CREATE TABLE `relatedlists_seq` (
  `id` int(11) NOT NULL default '0'
) ENGINE=MyISAM DEFAULT CHARSET=latin1;

-- 
-- Dumping data for table `relatedlists_seq`
-- 

INSERT INTO `relatedlists_seq` VALUES (65);

-- --------------------------------------------------------

-- 
-- Table structure for table `relcriteria`
-- 

CREATE TABLE `relcriteria` (
  `queryid` int(19) default NULL,
  `columnindex` int(11) NOT NULL default '0',
  `columnname` varchar(250) default '',
  `comparator` varchar(10) default '',
  `value` varchar(200) default '',
  KEY `relcriteria_IDX0` (`queryid`)
) ENGINE=InnoDB DEFAULT CHARSET=latin1;

-- 
-- Dumping data for table `relcriteria`
-- 

INSERT INTO `relcriteria` VALUES (2, 0, 'accountContacts:brname:Contacts_Account_Name:account_id:I', 'e', '');
INSERT INTO `relcriteria` VALUES (3, 0, 'potential:potentialname:Potentials_Potential_Name:potentialname:V', 'n', '');
INSERT INTO `relcriteria` VALUES (7, 0, 'potential:sales_stage:Potentials_Sales_Stage:sales_stage:V', 'e', 'Closed Won');
INSERT INTO `relcriteria` VALUES (12, 0, 'troubletickets:status:HelpDesk_Status:ticketstatus:V', 'n', 'Closed');
INSERT INTO `relcriteria` VALUES (15, 0, 'quotes:quotestage:Quotes_Quote_Stage:quotestage:V', 'n', 'Accepted');
INSERT INTO `relcriteria` VALUES (15, 1, 'quotes:quotestage:Quotes_Quote_Stage:quotestage:V', 'n', 'Rejected');
INSERT INTO `relcriteria` VALUES (1, 0, '', 'n', '');
INSERT INTO `relcriteria` VALUES (1, 1, '', '', '');
INSERT INTO `relcriteria` VALUES (1, 2, '', '', '');
INSERT INTO `relcriteria` VALUES (1, 3, '', '', '');
INSERT INTO `relcriteria` VALUES (1, 4, '', '', '');
INSERT INTO `relcriteria` VALUES (20, 0, '', '', '');
INSERT INTO `relcriteria` VALUES (20, 1, '', '', '');
INSERT INTO `relcriteria` VALUES (20, 2, '', '', '');
INSERT INTO `relcriteria` VALUES (20, 3, '', '', '');
INSERT INTO `relcriteria` VALUES (20, 4, '', '', '');
INSERT INTO `relcriteria` VALUES (21, 0, '', '', '');
INSERT INTO `relcriteria` VALUES (21, 1, '', '', '');
INSERT INTO `relcriteria` VALUES (21, 2, '', '', '');
INSERT INTO `relcriteria` VALUES (21, 3, '', '', '');
INSERT INTO `relcriteria` VALUES (21, 4, '', '', '');
INSERT INTO `relcriteria` VALUES (22, 0, '', '', '');
INSERT INTO `relcriteria` VALUES (22, 1, '', '', '');
INSERT INTO `relcriteria` VALUES (22, 2, '', '', '');
INSERT INTO `relcriteria` VALUES (22, 3, '', '', '');
INSERT INTO `relcriteria` VALUES (22, 4, '', '', '');
INSERT INTO `relcriteria` VALUES (23, 0, 'usersAccounts:user_name:Accounts_Assigned_To:assigned_user_id:V', 'e', 'caitlin');
INSERT INTO `relcriteria` VALUES (23, 1, '', '', '');
INSERT INTO `relcriteria` VALUES (23, 2, '', '', '');
INSERT INTO `relcriteria` VALUES (23, 3, '', '', '');
INSERT INTO `relcriteria` VALUES (23, 4, '', '', '');
INSERT INTO `relcriteria` VALUES (24, 0, 'usersAccounts:user_name:Accounts_Assigned_To:assigned_user_id:V', 'e', 'tia');
INSERT INTO `relcriteria` VALUES (24, 1, '', '', '');
INSERT INTO `relcriteria` VALUES (24, 2, '', '', '');
INSERT INTO `relcriteria` VALUES (24, 3, '', '', '');
INSERT INTO `relcriteria` VALUES (24, 4, '', '', '');
INSERT INTO `relcriteria` VALUES (25, 0, 'usersAccounts:user_name:Accounts_Assigned_To:assigned_user_id:V', 'e', 'nicole');
INSERT INTO `relcriteria` VALUES (25, 1, '', '', '');
INSERT INTO `relcriteria` VALUES (25, 2, '', '', '');
INSERT INTO `relcriteria` VALUES (25, 3, '', '', '');
INSERT INTO `relcriteria` VALUES (25, 4, '', '', '');
INSERT INTO `relcriteria` VALUES (26, 0, 'usersAccounts:user_name:Accounts_Assigned_To:assigned_user_id:V', 'e', 'admin');
INSERT INTO `relcriteria` VALUES (26, 1, '', '', '');
INSERT INTO `relcriteria` VALUES (26, 2, '', '', '');
INSERT INTO `relcriteria` VALUES (26, 3, '', '', '');
INSERT INTO `relcriteria` VALUES (26, 4, '', '', '');
INSERT INTO `relcriteria` VALUES (27, 0, 'usersAccounts:user_name:Accounts_Assigned_To:assigned_user_id:V', 'e', 'jeff');
INSERT INTO `relcriteria` VALUES (27, 1, '', '', '');
INSERT INTO `relcriteria` VALUES (27, 2, '', '', '');
INSERT INTO `relcriteria` VALUES (27, 3, '', '', '');
INSERT INTO `relcriteria` VALUES (27, 4, '', '', '');
INSERT INTO `relcriteria` VALUES (28, 0, 'usersAccounts:user_name:Accounts_Assigned_To:assigned_user_id:V', 'e', 'jeff');
INSERT INTO `relcriteria` VALUES (28, 1, '', '', '');
INSERT INTO `relcriteria` VALUES (28, 2, '', '', '');
INSERT INTO `relcriteria` VALUES (28, 3, '', '', '');
INSERT INTO `relcriteria` VALUES (28, 4, '', '', '');
INSERT INTO `relcriteria` VALUES (29, 0, 'usersAccounts:user_name:Accounts_Assigned_To:assigned_user_id:V', 'e', 'onfc');
INSERT INTO `relcriteria` VALUES (29, 1, '', '', '');
INSERT INTO `relcriteria` VALUES (29, 2, '', '', '');
INSERT INTO `relcriteria` VALUES (29, 3, '', '', '');
INSERT INTO `relcriteria` VALUES (29, 4, '', '', '');
INSERT INTO `relcriteria` VALUES (30, 0, '', '', '');
INSERT INTO `relcriteria` VALUES (30, 1, '', '', '');
INSERT INTO `relcriteria` VALUES (30, 2, '', '', '');
INSERT INTO `relcriteria` VALUES (30, 3, '', '', '');
INSERT INTO `relcriteria` VALUES (30, 4, '', '', '');
INSERT INTO `relcriteria` VALUES (8, 0, '', '', '');
INSERT INTO `relcriteria` VALUES (8, 1, '', '', '');
INSERT INTO `relcriteria` VALUES (8, 2, '', '', '');
INSERT INTO `relcriteria` VALUES (8, 3, '', '', '');
INSERT INTO `relcriteria` VALUES (8, 4, '', '', '');

-- --------------------------------------------------------

-- 
-- Table structure for table `report`
-- 

CREATE TABLE `report` (
  `reportid` int(19) NOT NULL default '0',
  `folderid` int(19) NOT NULL default '0',
  `reportname` varchar(100) default '',
  `description` varchar(250) default '',
  `reporttype` varchar(50) default '',
  `queryid` int(19) NOT NULL default '0',
  `state` varchar(50) default 'SAVED',
  `customizable` int(1) default '1',
  `category` int(11) default '1',
  PRIMARY KEY  (`reportid`),
  KEY `report_IDX0` (`queryid`),
  KEY `report_IDX1` (`folderid`)
) ENGINE=InnoDB DEFAULT CHARSET=latin1;

-- 
-- Dumping data for table `report`
-- 

INSERT INTO `report` VALUES (1, 1, 'Contacts by Accounts', 'Contacts related to Accounts', 'tabular', 1, 'SAVED', 1, 1);
INSERT INTO `report` VALUES (2, 1, 'Contacts without Accounts', 'Contacts not related to Accounts', 'tabular', 2, 'SAVED', 1, 1);
INSERT INTO `report` VALUES (3, 1, 'Contacts by Potentials', 'Contacts related to Potentials', 'tabular', 3, 'SAVED', 1, 1);
INSERT INTO `report` VALUES (4, 2, 'Lead by Source', 'Lead by Source', 'summary', 4, 'SAVED', 1, 1);
INSERT INTO `report` VALUES (5, 2, 'Lead Status Report', 'Lead Status Report', 'summary', 5, 'SAVED', 1, 1);
INSERT INTO `report` VALUES (6, 3, 'Potential Pipeline', 'Potential Pipline', 'summary', 6, 'SAVED', 1, 1);
INSERT INTO `report` VALUES (7, 3, 'Closed Potentials', 'Potential that have Won', 'tabular', 7, 'SAVED', 1, 1);
INSERT INTO `report` VALUES (8, 4, 'Last Month Activities', 'Last Month Activites', 'tabular', 8, 'SAVED', 1, 1);
INSERT INTO `report` VALUES (9, 4, 'This Month Activities', 'This Month Activites', 'tabular', 9, 'SAVED', 1, 1);
INSERT INTO `report` VALUES (10, 5, 'Tickets by Products', 'Tickets related to Products', 'tabular', 10, 'SAVED', 1, 1);
INSERT INTO `report` VALUES (11, 5, 'Tickets by Priotiry', 'Tickets by Priority', 'summary', 11, 'SAVED', 1, 1);
INSERT INTO `report` VALUES (12, 5, 'Open Tickets', 'Tickets that are Open', 'tabular', 12, 'SAVED', 1, 1);
INSERT INTO `report` VALUES (13, 6, 'Product Details', 'Product Detailed Report', 'tabular', 13, 'SAVED', 1, 1);
INSERT INTO `report` VALUES (14, 6, 'Products by Contacts', 'Products related to Contacts', 'tabular', 14, 'SAVED', 1, 1);
INSERT INTO `report` VALUES (15, 7, 'Open Quotes', 'Quotes that are Open', 'tabular', 15, 'SAVED', 1, 1);
INSERT INTO `report` VALUES (16, 7, 'Quotes Detailed Report', 'Quotes detailed report', 'tabular', 16, 'SAVED', 1, 1);
INSERT INTO `report` VALUES (17, 8, 'Orders by Contacts', 'Orders related to Contacts', 'tabular', 17, 'SAVED', 1, 1);
INSERT INTO `report` VALUES (18, 8, 'Orders Detailed Report', 'Orders detailed report', 'tabular', 18, 'SAVED', 1, 1);
INSERT INTO `report` VALUES (19, 9, 'Invoice Detailed Report', 'Invoice detailed report', 'tabular', 19, 'SAVED', 1, 1);
INSERT INTO `report` VALUES (22, 1, 'Custom Accounts Report', 'Custom Accounts Report', 'tabular', 22, 'CUSTOM', 1, 1);
INSERT INTO `report` VALUES (23, 1, 'Accounts - Caitlin', 'Accounts - Caitlin', 'tabular', 23, 'CUSTOM', 1, 1);
INSERT INTO `report` VALUES (24, 1, 'Accounts - Tia', 'Accounts - Tia', 'tabular', 24, 'CUSTOM', 1, 1);
INSERT INTO `report` VALUES (25, 1, 'Accounts - Nicole', 'Accounts - Nicole', 'tabular', 25, 'CUSTOM', 1, 1);
INSERT INTO `report` VALUES (26, 1, 'Accounts - currently unassigned', 'Accounts - currently unassigned (set to admin)', 'tabular', 26, 'CUSTOM', 1, 1);
INSERT INTO `report` VALUES (27, 1, 'Accounts - Jeff', 'Accounts - Jeff', 'tabular', 27, 'CUSTOM', 1, 1);
INSERT INTO `report` VALUES (28, 1, 'Accounts - Jeff', 'Accounts - Jeff', 'tabular', 28, 'CUSTOM', 1, 1);
INSERT INTO `report` VALUES (29, 1, 'Accounts - ONFC', 'Accounts - ONFC', 'tabular', 29, 'CUSTOM', 1, 1);
INSERT INTO `report` VALUES (30, 1, 'ss', '', 'tabular', 30, 'CUSTOM', 1, 1);

-- --------------------------------------------------------

-- 
-- Table structure for table `reportcolumns`
-- 

CREATE TABLE `reportcolumns` (
  `reportid` smallint(6) NOT NULL default '0',
  `colno` smallint(6) NOT NULL default '0',
  `heading1` varchar(15) NOT NULL default '',
  `heading2` varchar(15) default NULL,
  `calculation` tinyint(1) NOT NULL default '0',
  `periodfrom` smallint(6) default NULL,
  `periodto` smallint(6) default NULL,
  `datatype` varchar(15) default NULL,
  `colnumerator` tinyint(4) default NULL,
  `coldenominator` tinyint(4) default NULL,
  `calcoperator` char(1) default NULL,
  `budgetoractual` tinyint(1) NOT NULL default '0',
  `valformat` char(1) NOT NULL default 'N',
  `constant` double NOT NULL default '0',
  PRIMARY KEY  (`reportid`,`colno`)
) ENGINE=InnoDB DEFAULT CHARSET=latin1;

-- 
-- Dumping data for table `reportcolumns`
-- 

INSERT INTO `reportcolumns` VALUES (1, 1, 'Value', '', 0, 1, 1, 'Net Value', 0, 0, '', 1, 'N', 0);
INSERT INTO `reportcolumns` VALUES (2, 1, 'product', '', 0, 0, 12, 'Quantity', 0, 0, '', 1, 'N', 0);

-- --------------------------------------------------------

-- 
-- Table structure for table `reportdatefilter`
-- 

CREATE TABLE `reportdatefilter` (
  `datefilterid` int(19) NOT NULL default '0',
  `datecolumnname` varchar(250) default '',
  `datefilter` varchar(250) default '',
  `startdate` date default '0000-00-00',
  `enddate` date default '0000-00-00',
  KEY `reportdatefilter_IDX0` (`datefilterid`),
  KEY `reportdatefilter_FK1` (`datefilterid`)
) ENGINE=InnoDB DEFAULT CHARSET=latin1;

-- 
-- Dumping data for table `reportdatefilter`
-- 

INSERT INTO `reportdatefilter` VALUES (9, 'crmentityActivities:modifiedtime:Activities_Modified_Time', 'thismonth', '2005-06-01', '2005-06-30');
INSERT INTO `reportdatefilter` VALUES (1, 'contactsubdetails:birthday:Contacts_Birthdate', 'custom', '0000-00-00', '0000-00-00');
INSERT INTO `reportdatefilter` VALUES (22, 'crmentityAccounts:createdtime:Accounts_Created_Time', 'custom', '0000-00-00', '0000-00-00');
INSERT INTO `reportdatefilter` VALUES (23, 'crmentityAccounts:createdtime:Accounts_Created_Time', 'custom', '0000-00-00', '0000-00-00');
INSERT INTO `reportdatefilter` VALUES (24, 'crmentityAccounts:createdtime:Accounts_Created_Time', 'custom', '0000-00-00', '0000-00-00');
INSERT INTO `reportdatefilter` VALUES (25, 'crmentityAccounts:createdtime:Accounts_Created_Time', 'custom', '0000-00-00', '0000-00-00');
INSERT INTO `reportdatefilter` VALUES (26, 'crmentityAccounts:createdtime:Accounts_Created_Time', 'custom', '0000-00-00', '0000-00-00');
INSERT INTO `reportdatefilter` VALUES (27, 'crmentityAccounts:createdtime:Accounts_Created_Time', 'custom', '0000-00-00', '0000-00-00');
INSERT INTO `reportdatefilter` VALUES (28, 'crmentityAccounts:createdtime:Accounts_Created_Time', 'custom', '0000-00-00', '0000-00-00');
INSERT INTO `reportdatefilter` VALUES (29, 'crmentityAccounts:createdtime:Accounts_Created_Time', 'custom', '0000-00-00', '0000-00-00');
INSERT INTO `reportdatefilter` VALUES (30, 'crmentityAccounts:createdtime:Accounts_Created_Time', 'custom', '0000-00-00', '0000-00-00');
INSERT INTO `reportdatefilter` VALUES (8, 'crmentityActivities:modifiedtime:Activities_Modified_Time', 'lastmonth', '2007-01-01', '2007-01-31');

-- --------------------------------------------------------

-- 
-- Table structure for table `reportfields`
-- 

CREATE TABLE `reportfields` (
  `id` int(8) NOT NULL auto_increment,
  `reportid` int(5) NOT NULL default '0',
  `entrytype` varchar(15) NOT NULL default '',
  `seqnum` int(3) NOT NULL default '0',
  `fieldname` varchar(250) NOT NULL default '',
  `displaydesc` varchar(25) NOT NULL default '',
  `visible` enum('1','0') NOT NULL default '1',
  `columnbreak` enum('1','0') NOT NULL default '1',
  `params` text,
  PRIMARY KEY  (`id`),
  KEY `reportid` (`reportid`)
) ENGINE=MyISAM DEFAULT CHARSET=latin1 AUTO_INCREMENT=2130 ;

-- 
-- Dumping data for table `reportfields`
-- 

INSERT INTO `reportfields` VALUES (1803, 135, 'critlist', 1, 'prices.currabrev', 'Currency', '0', '0', '0');
INSERT INTO `reportfields` VALUES (1802, 135, 'fieldlist', 5, 'prices.currabrev', 'Currency', '1', '1', '0');
INSERT INTO `reportfields` VALUES (1801, 135, 'fieldlist', 4, 'prices.typeabbrev', 'Price List', '0', '0', '0');
INSERT INTO `reportfields` VALUES (1800, 135, 'fieldlist', 3, 'prices.price', 'Price', '1', '1', '0');
INSERT INTO `reportfields` VALUES (1799, 135, 'fieldlist', 1, 'stockmaster.stockid', 'Item', '1', '1', '0');
INSERT INTO `reportfields` VALUES (1797, 135, 'trunclong', 0, '', '', '1', '1', '0');
INSERT INTO `reportfields` VALUES (1798, 135, 'dateselect', 0, '', '', '1', '1', 'a');
INSERT INTO `reportfields` VALUES (1804, 135, 'sortlist', 1, 'stockmaster.stockid', 'Item', '0', '0', '1');
INSERT INTO `reportfields` VALUES (1805, 136, 'critlist', 1, 'custbranch.salesman', 'Sales Person', '0', '0', '0');
INSERT INTO `reportfields` VALUES (1806, 136, 'critlist', 2, 'custbranch.area', 'Sales Area', '0', '0', '0');
INSERT INTO `reportfields` VALUES (1807, 136, 'dateselect', 0, '', 'a', '1', '1', 'a');
INSERT INTO `reportfields` VALUES (1808, 136, 'fieldlist', 1, 'debtorsmaster.name', 'Customer Name', '1', '0', '0');
INSERT INTO `reportfields` VALUES (1809, 136, 'fieldlist', 2, 'debtorsmaster.address1', 'Address 1', '1', '0', '0');
INSERT INTO `reportfields` VALUES (1810, 136, 'fieldlist', 3, 'debtorsmaster.address2', 'Address 2', '1', '1', '0');
INSERT INTO `reportfields` VALUES (1811, 136, 'fieldlist', 4, 'debtorsmaster.address3', 'Address 3', '1', '0', '0');
INSERT INTO `reportfields` VALUES (1812, 136, 'fieldlist', 5, 'debtorsmaster.address4', 'Address 4', '1', '0', '0');
INSERT INTO `reportfields` VALUES (1813, 136, 'fieldlist', 6, 'debtorsmaster.address5', 'Address 5', '1', '1', '0');
INSERT INTO `reportfields` VALUES (1814, 136, 'fieldlist', 7, 'debtorsmaster.address6', 'Address 6', '1', '0', '0');
INSERT INTO `reportfields` VALUES (1815, 136, 'fieldlist', 8, 'debtorsmaster.salestype', 'Sales Type', '1', '0', '0');
INSERT INTO `reportfields` VALUES (1816, 136, 'fieldlist', 9, 'custbranch.branchcode', 'Branch Code', '1', '1', '0');
INSERT INTO `reportfields` VALUES (1817, 136, 'fieldlist', 10, 'custbranch.brname', 'Branch Name', '1', '0', '0');
INSERT INTO `reportfields` VALUES (1818, 136, 'fieldlist', 11, 'custbranch.braddress1', 'Branch Address 1', '1', '0', '0');
INSERT INTO `reportfields` VALUES (1819, 136, 'fieldlist', 12, 'custbranch.braddress2', 'Branch Address 2', '1', '1', '0');
INSERT INTO `reportfields` VALUES (1820, 136, 'fieldlist', 13, 'custbranch.braddress3', 'Branch Address 3', '1', '0', '0');
INSERT INTO `reportfields` VALUES (1821, 136, 'fieldlist', 14, 'custbranch.braddress4', 'Branch Address 4', '1', '0', '0');
INSERT INTO `reportfields` VALUES (1822, 136, 'fieldlist', 15, 'custbranch.braddress5', 'Branch Address 6', '1', '1', '0');
INSERT INTO `reportfields` VALUES (1823, 136, 'fieldlist', 16, 'custbranch.braddress6', 'Branch Address 6', '1', '0', '0');
INSERT INTO `reportfields` VALUES (1824, 136, 'fieldlist', 17, 'custbranch.contactname', 'Contact Name', '1', '0', '0');
INSERT INTO `reportfields` VALUES (1825, 136, 'fieldlist', 18, 'custbranch.phoneno', 'Telephone Number', '1', '1', '0');
INSERT INTO `reportfields` VALUES (1826, 136, 'fieldlist', 19, 'custbranch.faxno', 'Fax Number', '1', '0', '0');
INSERT INTO `reportfields` VALUES (1827, 136, 'fieldlist', 20, 'custbranch.email', 'e-mail Address', '1', '0', '0');
INSERT INTO `reportfields` VALUES (1828, 136, 'fieldlist', 21, 'custbranch.area', 'Branch Area', '1', '1', '0');
INSERT INTO `reportfields` VALUES (1829, 136, 'fieldlist', 22, 'custbranch.salesman', 'Branch Salesman', '1', '0', '0');
INSERT INTO `reportfields` VALUES (1830, 136, 'fieldlist', 23, 'areas.areadescription', 'Area Description', '1', '0', '0');
INSERT INTO `reportfields` VALUES (1831, 136, 'fieldlist', 24, 'salesman.salesmanname', 'Salesman Name', '1', '0', '0');
INSERT INTO `reportfields` VALUES (1832, 136, 'grouplist', 1, 'custbranch.salesman', 'Salesman', '0', '0', '0');
INSERT INTO `reportfields` VALUES (1833, 136, 'sortlist', 1, 'custbranch.area', 'Customer Area', '0', '0', '0');
INSERT INTO `reportfields` VALUES (1834, 136, 'sortlist', 2, 'custbranch.salesman', 'Sales Person', '0', '0', '0');
INSERT INTO `reportfields` VALUES (1835, 136, 'sortlist', 3, 'debtorsmaster.debtorno', 'Customer ID', '0', '0', '0');
INSERT INTO `reportfields` VALUES (1836, 136, 'sortlist', 4, 'custbranch.branchcode', 'Branch Code', '0', '0', '0');
INSERT INTO `reportfields` VALUES (1837, 136, 'trunclong', 0, '', '', '1', '1', '0');
INSERT INTO `reportfields` VALUES (1838, 137, 'trunclong', 0, '', '', '1', '1', '0');
INSERT INTO `reportfields` VALUES (1839, 137, 'dateselect', 0, '', 'a', '1', '1', NULL);
INSERT INTO `reportfields` VALUES (1910, 141, 'fieldlist', 4, 'debtorsmaster.address3', 'Address 3', '1', '0', '0');
INSERT INTO `reportfields` VALUES (1909, 141, 'fieldlist', 3, 'debtorsmaster.address2', 'Address 2', '1', '1', '0');
INSERT INTO `reportfields` VALUES (1908, 141, 'fieldlist', 2, 'debtorsmaster.address1', 'Address 1', '1', '0', '0');
INSERT INTO `reportfields` VALUES (1907, 141, 'fieldlist', 1, 'debtorsmaster.name', 'Customer Name', '1', '0', '0');
INSERT INTO `reportfields` VALUES (1906, 141, 'dateselect', 0, '', 'a', '1', '1', 'a');
INSERT INTO `reportfields` VALUES (1905, 141, 'critlist', 2, 'custbranch.area', 'Sales Area', '0', '0', '0');
INSERT INTO `reportfields` VALUES (1904, 141, 'critlist', 1, 'custbranch.salesman', 'Sales Person', '0', '0', '0');
INSERT INTO `reportfields` VALUES (1903, 138, 'fieldlist', 9, 'quantity*unitprice AS total', 'TOTAL', '1', '1', '1');
INSERT INTO `reportfields` VALUES (1853, 139, 'critlist', 1, 'custbranch.salesman', 'Sales Person', '0', '0', '0:All::');
INSERT INTO `reportfields` VALUES (1854, 139, 'critlist', 2, 'custbranch.area', 'Sales Area', '0', '0', '0:All::');
INSERT INTO `reportfields` VALUES (1855, 139, 'dateselect', 0, '', 'a', '1', '1', 'a');
INSERT INTO `reportfields` VALUES (1856, 139, 'fieldlist', 1, 'debtorsmaster.name', 'Customer Name', '1', '0', '0');
INSERT INTO `reportfields` VALUES (1857, 139, 'fieldlist', 2, 'debtorsmaster.address1', 'Address 1', '1', '0', '0');
INSERT INTO `reportfields` VALUES (1858, 139, 'fieldlist', 3, 'debtorsmaster.address2', 'Address 2', '1', '1', '0');
INSERT INTO `reportfields` VALUES (1859, 139, 'fieldlist', 4, 'debtorsmaster.address3', 'Address 3', '1', '0', '0');
INSERT INTO `reportfields` VALUES (1860, 139, 'fieldlist', 5, 'debtorsmaster.address4', 'Address 4', '1', '0', '0');
INSERT INTO `reportfields` VALUES (1861, 139, 'fieldlist', 6, 'debtorsmaster.address5', 'Address 5', '1', '1', '0');
INSERT INTO `reportfields` VALUES (1862, 139, 'fieldlist', 7, 'debtorsmaster.address6', 'Address 6', '1', '0', '0');
INSERT INTO `reportfields` VALUES (1863, 139, 'fieldlist', 8, 'debtorsmaster.salestype', 'Sales Type', '1', '0', '0');
INSERT INTO `reportfields` VALUES (1864, 139, 'fieldlist', 9, 'custbranch.branchcode', 'Branch Code', '1', '1', '0');
INSERT INTO `reportfields` VALUES (1865, 139, 'fieldlist', 10, 'custbranch.brname', 'Branch Name', '1', '0', '0');
INSERT INTO `reportfields` VALUES (1866, 139, 'fieldlist', 11, 'custbranch.braddress1', 'Branch Address 1', '1', '0', '0');
INSERT INTO `reportfields` VALUES (1867, 139, 'fieldlist', 12, 'custbranch.braddress2', 'Branch Address 2', '1', '1', '0');
INSERT INTO `reportfields` VALUES (1868, 139, 'fieldlist', 13, 'custbranch.braddress3', 'Branch Address 3', '1', '0', '0');
INSERT INTO `reportfields` VALUES (1869, 139, 'fieldlist', 14, 'custbranch.braddress4', 'Branch Address 4', '1', '0', '0');
INSERT INTO `reportfields` VALUES (1870, 139, 'fieldlist', 15, 'custbranch.braddress5', 'Branch Address 6', '1', '1', '0');
INSERT INTO `reportfields` VALUES (1871, 139, 'fieldlist', 16, 'custbranch.braddress6', 'Branch Address 6', '1', '0', '0');
INSERT INTO `reportfields` VALUES (1872, 139, 'fieldlist', 17, 'custbranch.contactname', 'Contact Name', '1', '0', '0');
INSERT INTO `reportfields` VALUES (1873, 139, 'fieldlist', 18, 'custbranch.phoneno', 'Telephone Number', '1', '1', '0');
INSERT INTO `reportfields` VALUES (1874, 139, 'fieldlist', 19, 'custbranch.faxno', 'Fax Number', '1', '0', '0');
INSERT INTO `reportfields` VALUES (1875, 139, 'fieldlist', 20, 'custbranch.email', 'e-mail Address', '1', '0', '0');
INSERT INTO `reportfields` VALUES (1876, 139, 'fieldlist', 21, 'custbranch.area', 'Branch Area', '1', '1', '0');
INSERT INTO `reportfields` VALUES (1877, 139, 'fieldlist', 22, 'custbranch.salesman', 'Branch Salesman', '1', '0', '0');
INSERT INTO `reportfields` VALUES (1878, 139, 'fieldlist', 23, 'areas.areadescription', 'Area Description', '1', '0', '0');
INSERT INTO `reportfields` VALUES (1879, 139, 'fieldlist', 24, 'salesman.salesmanname', 'Salesman Name', '1', '0', '0');
INSERT INTO `reportfields` VALUES (1880, 139, 'grouplist', 1, 'custbranch.salesman', 'Salesman', '0', '0', '1');
INSERT INTO `reportfields` VALUES (1881, 139, 'sortlist', 1, 'custbranch.area', 'Customer Area', '0', '0', '0');
INSERT INTO `reportfields` VALUES (1882, 139, 'sortlist', 2, 'custbranch.salesman', 'Sales Person', '0', '0', '0');
INSERT INTO `reportfields` VALUES (1883, 139, 'sortlist', 3, 'debtorsmaster.debtorno', 'Customer ID', '0', '0', '0');
INSERT INTO `reportfields` VALUES (1884, 139, 'sortlist', 4, 'custbranch.branchcode', 'Branch Code', '0', '0', '0');
INSERT INTO `reportfields` VALUES (1885, 139, 'trunclong', 0, '', '', '1', '1', '0');
INSERT INTO `reportfields` VALUES (1888, 138, 'fieldlist', 1, 'salesorders.orderno', 'Order No', '1', '0', '0');
INSERT INTO `reportfields` VALUES (1889, 138, 'fieldlist', 2, 'salesorders.branchcode', 'branchcode', '1', '0', '0');
INSERT INTO `reportfields` VALUES (1891, 138, 'fieldlist', 7, 'salesorderdetails.stkcode', 'stkcode', '1', '0', '0');
INSERT INTO `reportfields` VALUES (1892, 138, 'fieldlist', 8, 'salesorderdetails.unitprice', 'price', '1', '0', '0');
INSERT INTO `reportfields` VALUES (1893, 138, 'fieldlist', 3, 'custbranch.brname', 'name', '1', '0', '0');
INSERT INTO `reportfields` VALUES (1894, 138, 'fieldlist', 5, 'custbranch.debtorno', 'debtorno', '1', '1', '0');
INSERT INTO `reportfields` VALUES (1895, 138, 'fieldlist', 4, 'custbranch.branchcode', 'branch ID', '0', '0', '0');
INSERT INTO `reportfields` VALUES (1896, 138, 'grouplist', 1, 'salesorders.orderno', 'Order No', '0', '0', '0');
INSERT INTO `reportfields` VALUES (1898, 138, 'sortlist', 1, 'custbranch.brname', 'name', '0', '0', '0');
INSERT INTO `reportfields` VALUES (1899, 138, 'sortlist', 2, 'salesorders.orderno', 'Order No', '0', '0', '0');
INSERT INTO `reportfields` VALUES (1900, 138, 'critlist', 1, 'salesorders.branchcode', 'branchcode', '0', '0', '0');
INSERT INTO `reportfields` VALUES (1901, 138, 'critlist', 2, 'salesorders.orderno', 'Order No', '0', '0', '0');
INSERT INTO `reportfields` VALUES (1902, 138, 'fieldlist', 6, 'salesorderdetails.quantity', 'qty1', '1', '0', '1');
INSERT INTO `reportfields` VALUES (1911, 141, 'fieldlist', 5, 'debtorsmaster.address4', 'Address 4', '1', '0', '0');
INSERT INTO `reportfields` VALUES (1912, 141, 'fieldlist', 6, 'debtorsmaster.address5', 'Address 5', '1', '1', '0');
INSERT INTO `reportfields` VALUES (1913, 141, 'fieldlist', 7, 'debtorsmaster.address6', 'Address 6', '1', '0', '0');
INSERT INTO `reportfields` VALUES (1914, 141, 'fieldlist', 8, 'debtorsmaster.salestype', 'Sales Type', '1', '0', '0');
INSERT INTO `reportfields` VALUES (1915, 141, 'fieldlist', 9, 'custbranch.branchcode', 'Branch Code', '1', '1', '0');
INSERT INTO `reportfields` VALUES (1916, 141, 'fieldlist', 10, 'custbranch.brname', 'Branch Name', '1', '0', '0');
INSERT INTO `reportfields` VALUES (1917, 141, 'fieldlist', 11, 'custbranch.braddress1', 'Branch Address 1', '1', '0', '0');
INSERT INTO `reportfields` VALUES (1918, 141, 'fieldlist', 12, 'custbranch.braddress2', 'Branch Address 2', '1', '1', '0');
INSERT INTO `reportfields` VALUES (1919, 141, 'fieldlist', 13, 'custbranch.braddress3', 'Branch Address 3', '1', '0', '0');
INSERT INTO `reportfields` VALUES (1920, 141, 'fieldlist', 14, 'custbranch.braddress4', 'Branch Address 4', '1', '0', '0');
INSERT INTO `reportfields` VALUES (1921, 141, 'fieldlist', 15, 'custbranch.braddress5', 'Branch Address 6', '1', '1', '0');
INSERT INTO `reportfields` VALUES (1922, 141, 'fieldlist', 16, 'custbranch.braddress6', 'Branch Address 6', '1', '0', '0');
INSERT INTO `reportfields` VALUES (1923, 141, 'fieldlist', 17, 'custbranch.contactname', 'Contact Name', '1', '0', '0');
INSERT INTO `reportfields` VALUES (1924, 141, 'fieldlist', 18, 'custbranch.phoneno', 'Telephone Number', '1', '1', '0');
INSERT INTO `reportfields` VALUES (1925, 141, 'fieldlist', 19, 'custbranch.faxno', 'Fax Number', '1', '0', '0');
INSERT INTO `reportfields` VALUES (1926, 141, 'fieldlist', 20, 'custbranch.email', 'e-mail Address', '1', '0', '0');
INSERT INTO `reportfields` VALUES (1927, 141, 'fieldlist', 21, 'custbranch.area', 'Branch Area', '1', '1', '0');
INSERT INTO `reportfields` VALUES (1928, 141, 'fieldlist', 22, 'custbranch.salesman', 'Branch Salesman', '1', '0', '0');
INSERT INTO `reportfields` VALUES (1929, 141, 'fieldlist', 23, 'areas.areadescription', 'Area Description', '1', '0', '0');
INSERT INTO `reportfields` VALUES (1930, 141, 'fieldlist', 24, 'salesman.salesmanname', 'Salesman Name', '1', '0', '0');
INSERT INTO `reportfields` VALUES (1931, 141, 'grouplist', 1, 'custbranch.salesman', 'Salesman', '0', '0', '0');
INSERT INTO `reportfields` VALUES (1932, 141, 'sortlist', 1, 'custbranch.area', 'Customer Area', '0', '0', '0');
INSERT INTO `reportfields` VALUES (1933, 141, 'sortlist', 2, 'custbranch.salesman', 'Sales Person', '0', '0', '0');
INSERT INTO `reportfields` VALUES (1934, 141, 'sortlist', 3, 'debtorsmaster.debtorno', 'Customer ID', '0', '0', '0');
INSERT INTO `reportfields` VALUES (1935, 141, 'sortlist', 4, 'custbranch.branchcode', 'Branch Code', '0', '0', '0');
INSERT INTO `reportfields` VALUES (1936, 141, 'trunclong', 0, '', '', '1', '1', '0');
INSERT INTO `reportfields` VALUES (1937, 142, 'critlist', 1, 'salesorders.branchcode', 'Branch ID', '0', '0', '0');
INSERT INTO `reportfields` VALUES (1938, 142, 'critlist', 2, 'salesorders.orderno', 'Order Number', '0', '0', '0');
INSERT INTO `reportfields` VALUES (1939, 142, 'critlist', 3, 'salesorders.quotation', 'Quotation', '0', '0', '2');
INSERT INTO `reportfields` VALUES (1940, 142, 'dateselect', 0, 'salesorders.orddate', 'abcdfhj', '1', '1', 'a');
INSERT INTO `reportfields` VALUES (1941, 142, 'fieldlist', 1, 'salesorders.orderno', 'Order Number', '1', '0', '0');
INSERT INTO `reportfields` VALUES (1942, 142, 'fieldlist', 2, 'salesorders.orddate', 'Order Date', '1', '0', '0');
INSERT INTO `reportfields` VALUES (1943, 142, 'fieldlist', 3, 'salesorders.branchcode', 'Branch ID', '1', '1', '0');
INSERT INTO `reportfields` VALUES (1944, 142, 'fieldlist', 4, 'salesorders.customerref', 'Customer Reference', '1', '0', '0');
INSERT INTO `reportfields` VALUES (1945, 142, 'fieldlist', 5, 'salesorders.deliverto', 'Deliver To Name', '1', '1', '0');
INSERT INTO `reportfields` VALUES (1946, 142, 'fieldlist', 6, 'salesorderdetails.quantity', 'Quantity', '1', '0', '1');
INSERT INTO `reportfields` VALUES (1947, 142, 'fieldlist', 7, 'salesorderdetails.stkcode', 'Part Number', '1', '0', '0');
INSERT INTO `reportfields` VALUES (1948, 142, 'fieldlist', 8, 'salesorderdetails.unitprice', 'Unit Price', '1', '1', '1');
INSERT INTO `reportfields` VALUES (1949, 142, 'fieldlist', 9, 'debtorsmaster.name', 'Customer Name', '1', '0', '0');
INSERT INTO `reportfields` VALUES (1950, 142, 'fieldlist', 10, 'debtorsmaster.address1', 'Address 1', '0', '0', '0');
INSERT INTO `reportfields` VALUES (1951, 142, 'fieldlist', 11, 'debtorsmaster.address2', 'Address 2', '0', '1', '0');
INSERT INTO `reportfields` VALUES (1952, 142, 'fieldlist', 12, 'debtorsmaster.address3', 'City', '0', '0', '0');
INSERT INTO `reportfields` VALUES (1953, 142, 'fieldlist', 13, 'debtorsmaster.address4', 'State', '0', '0', '0');
INSERT INTO `reportfields` VALUES (1954, 142, 'fieldlist', 14, 'debtorsmaster.address5', 'Postal Code', '0', '0', '0');
INSERT INTO `reportfields` VALUES (1955, 142, 'fieldlist', 15, 'debtorsmaster.address6', 'Country', '0', '1', '0');
INSERT INTO `reportfields` VALUES (1956, 142, 'fieldlist', 16, 'salesorders.deliverydate', 'Delivery Date', '1', '0', '0');
INSERT INTO `reportfields` VALUES (1957, 142, 'fieldlist', 17, 'custbranch.custbranchcode', 'Customer Branch ID', '0', '0', '0');
INSERT INTO `reportfields` VALUES (1958, 142, 'grouplist', 1, 'salesorders.orddate', 'Order Date', '0', '0', '0');
INSERT INTO `reportfields` VALUES (1959, 142, 'grouplist', 2, 'salesorders.orderno', 'Order Number', '0', '0', '0');
INSERT INTO `reportfields` VALUES (1960, 142, 'sortlist', 1, 'debtorsmaster.name', 'Customer Name', '0', '0', '1');
INSERT INTO `reportfields` VALUES (1961, 142, 'sortlist', 2, 'salesorders.orderno', 'Order Number', '0', '0', '0');
INSERT INTO `reportfields` VALUES (1962, 142, 'trunclong', 0, '', '', '1', '1', '1');
INSERT INTO `reportfields` VALUES (1994, 145, 'critlist', 1, 'salesorders.orderno', 'Order No', '0', '0', '0');
INSERT INTO `reportfields` VALUES (1993, 145, 'fieldlist', 1, '', 'Order No', '1', '0', 'a:33:{s:5:"index";s:4:"Data";s:11:"DisplayName";s:8:"Order No";s:2:"ID";s:4:"1993";s:6:"SeqNum";s:1:"1";s:8:"ReportID";s:3:"145";s:10:"ReportName";s:6:"Orders";s:4:"todo";s:6:"Finish";s:9:"DataField";s:19:"salesorders.orderno";s:9:"LineXStrt";s:2:"10";s:9:"LineYStrt";s:2:"10";s:8:"BoxWidth";s:2:"60";s:9:"BoxHeight";s:1:"5";s:10:"Processing";s:0:"";s:4:"Font";s:9:"helvetica";s:8:"FontSize";s:1:"8";s:9:"FontAlign";s:1:"L";s:5:"Trunc";s:1:"0";s:5:"Color";s:1:"1";s:9:"FontColor";s:5:"0:0:0";s:7:"FontRed";s:0:"";s:9:"FontGreen";s:0:"";s:8:"FontBlue";s:0:"";s:4:"Line";s:1:"0";s:9:"BrdrColor";s:5:"0:0:0";s:7:"BrdrRed";s:0:"";s:9:"BrdrGreen";s:0:"";s:8:"BrdrBlue";s:0:"";s:8:"LineSize";s:1:"1";s:4:"Fill";s:1:"0";s:9:"FillColor";s:5:"0:0:0";s:7:"FillRed";s:0:"";s:9:"FillGreen";s:0:"";s:8:"FillBlue";s:0:"";}');
INSERT INTO `reportfields` VALUES (1992, 145, 'dateselect', 0, '', 'a', '1', '1', 'a');
INSERT INTO `reportfields` VALUES (1991, 145, 'grouplist', 1, 'salesorders.orderno', '', '1', '1', '');
INSERT INTO `reportfields` VALUES (1995, 135, 'fieldlist', 2, 'stockmaster.description', 'Description', '1', '1', '0');
INSERT INTO `reportfields` VALUES (1996, 135, 'grouplist', 1, 'prices.currabrev', 'Currency', '0', '0', '0');
INSERT INTO `reportfields` VALUES (2010, 0, 'fieldlist', 4, 'stockmaster.lastcost', 'Last Cost Listed', '1', '1', '0');
INSERT INTO `reportfields` VALUES (2009, 0, 'fieldlist', 3, 'stockmaster.materialcost', 'Current Costed Value', '1', '1', '0');
INSERT INTO `reportfields` VALUES (2008, 0, 'fieldlist', 2, 'stockmaster.description', 'Item', '1', '1', '0');
INSERT INTO `reportfields` VALUES (2007, 0, 'fieldlist', 1, 'stockmaster.stockid', 'Inv. Code', '1', '1', '0');
INSERT INTO `reportfields` VALUES (2006, 0, 'dateselect', 0, '', 'a', '1', '1', 'a');
INSERT INTO `reportfields` VALUES (2005, 0, 'trunclong', 0, '', '', '1', '1', '0');
INSERT INTO `reportfields` VALUES (2011, 0, 'fieldlist', 5, 'stockmaster.controlled', 'Controlled', '1', '1', '0');
INSERT INTO `reportfields` VALUES (2012, 0, 'fieldlist', 6, 'stockmaster.kgs', 'Weight (in KG)', '1', '1', '0');
INSERT INTO `reportfields` VALUES (2017, 1, 'fieldlist', 1, 'stockmaster.stockid', 'ID', '1', '1', '0');
INSERT INTO `reportfields` VALUES (2018, 1, 'fieldlist', 2, 'stockmaster.description', 'Product', '1', '1', '0');
INSERT INTO `reportfields` VALUES (2019, 1, 'fieldlist', 3, 'stockmaster.materialcost', 'Cost', '1', '1', '0');
INSERT INTO `reportfields` VALUES (2020, 1, 'fieldlist', 4, 'stockmaster.kgs', 'Weight (KG)', '1', '1', '0');
INSERT INTO `reportfields` VALUES (2021, 1, 'fieldlist', 5, 'stockmaster.controlled', 'Controlled', '1', '1', '0');
INSERT INTO `reportfields` VALUES (2022, 1, 'fieldlist', 6, 'stockmaster.special', 'VTiger', '1', '1', '0');
INSERT INTO `reportfields` VALUES (2031, 4, 'fieldlist', 1, 'stockmaster.stockid', 'ID', '1', '1', '0');
INSERT INTO `reportfields` VALUES (2025, 3, 'fieldlist', 1, 'stockmaster.stockid', 'ID', '1', '1', '0');
INSERT INTO `reportfields` VALUES (2026, 3, 'fieldlist', 2, 'stockmaster.description', 'Product', '1', '1', '0');
INSERT INTO `reportfields` VALUES (2027, 3, 'fieldlist', 3, 'stockmaster.materialcost', 'Cost', '1', '1', '0');
INSERT INTO `reportfields` VALUES (2028, 3, 'fieldlist', 4, 'pricebookproductrel.listprice', 'Price', '1', '1', '0');
INSERT INTO `reportfields` VALUES (2029, 3, 'fieldlist', 6, '((pricebookproductrel.listprice-stockmaster.materialcost)/pricebookproductrel.listprice) as gpp', 'Profit Margin', '1', '1', '0');
INSERT INTO `reportfields` VALUES (2030, 3, 'fieldlist', 5, 'pricebook.bookname', 'Price List', '1', '1', '0');
INSERT INTO `reportfields` VALUES (2032, 4, 'fieldlist', 2, 'stockmaster.description', 'Product', '1', '1', '0');
INSERT INTO `reportfields` VALUES (2033, 4, 'fieldlist', 3, 'stockmaster.materialcost', 'Cost', '1', '1', '0');
INSERT INTO `reportfields` VALUES (2034, 4, 'fieldlist', 4, 'stockmaster.unit_price', 'Wholesale Price', '1', '1', '0');
INSERT INTO `reportfields` VALUES (2035, 4, 'fieldlist', 5, '((stockmaster.unit_price-stockmaster.materialcost)/stockmaster.unit_price) as gpp', 'Profit Margin', '1', '1', '0');
INSERT INTO `reportfields` VALUES (2036, 5, 'trunclong', 0, '', '', '1', '1', '0');
INSERT INTO `reportfields` VALUES (2037, 5, 'dateselect', 0, 'salesorders.orddate', 'abcdefghijk', '1', '1', 'a');
INSERT INTO `reportfields` VALUES (2038, 5, 'fieldlist', 1, 'salesorders.orderno', 'No.', '1', '1', '0');
INSERT INTO `reportfields` VALUES (2039, 5, 'fieldlist', 4, 'salesorders.duedate', 'Req Del Date', '1', '1', '0');
INSERT INTO `reportfields` VALUES (2040, 5, 'fieldlist', 5, 'salesorders.customerref', 'Ref.', '1', '1', '0');
INSERT INTO `reportfields` VALUES (2041, 5, 'fieldlist', 6, 'salesorders.total', 'invoice', '1', '1', '1');
INSERT INTO `reportfields` VALUES (2042, 5, 'fieldlist', 2, 'custbranch.brname', 'name', '1', '1', '0');
INSERT INTO `reportfields` VALUES (2043, 5, 'critlist', 1, 'salesorders.duedate', 'Req Del Date', '0', '0', '0');
INSERT INTO `reportfields` VALUES (2044, 5, 'fieldlist', 7, 'debtorsmaster.currcode', 'Currency', '1', '1', '0');
INSERT INTO `reportfields` VALUES (2045, 5, 'fieldlist', 8, 'areas.areadescription', 'Type', '1', '1', '0');
INSERT INTO `reportfields` VALUES (2046, 5, 'fieldlist', 3, 'salesorders.orddate', 'Order  Date', '1', '1', '0');
INSERT INTO `reportfields` VALUES (2047, 5, 'sortlist', 1, 'salesorders.orderno', 'No.', '0', '0', '1');
INSERT INTO `reportfields` VALUES (2048, 5, 'sortlist', 2, 'salesorders.orddate', 'Order Date', '0', '0', '0');
INSERT INTO `reportfields` VALUES (2049, 5, 'sortlist', 3, 'salesorders.duedate', 'Req Del Date', '0', '0', '0');
INSERT INTO `reportfields` VALUES (2066, 7, 'trunclong', 0, '', '', '1', '1', '0');
INSERT INTO `reportfields` VALUES (2088, 7, 'sortlist', 5, 'debtorsmaster.currcode', 'Currency', '0', '0', '0');
INSERT INTO `reportfields` VALUES (2087, 7, 'sortlist', 4, 'custbranch.brname', 'Purchaser', '0', '0', '0');
INSERT INTO `reportfields` VALUES (2067, 7, 'dateselect', 0, 'salesorders.duedate', 'abcdefghijk', '1', '1', 'a');
INSERT INTO `reportfields` VALUES (2068, 7, 'fieldlist', 2, 'salesorders.orderno', 'SO No.', '1', '1', '0');
INSERT INTO `reportfields` VALUES (2069, 7, 'fieldlist', 9, 'salesorders.salestax+salesorders.freighttax', 'GST', '1', '1', '1');
INSERT INTO `reportfields` VALUES (2070, 7, 'fieldlist', 7, 'salesorders.discounttotal', 'Discount', '1', '1', '1');
INSERT INTO `reportfields` VALUES (2071, 7, 'fieldlist', 10, 'salesorders.total', 'Total Invoice', '1', '1', '1');
INSERT INTO `reportfields` VALUES (2072, 7, 'fieldlist', 6, 'salesorders.subtotal+salesorders.discounttotal', 'Sales', '1', '1', '1');
INSERT INTO `reportfields` VALUES (2076, 7, 'fieldlist', 8, 'salesorders.freightcost', 'Freight', '1', '1', '1');
INSERT INTO `reportfields` VALUES (2077, 7, 'sortlist', 1, 'salesorders.orderno', 'SO No.', '0', '0', '0');
INSERT INTO `reportfields` VALUES (2078, 7, 'sortlist', 2, 'salesorders.duedate', 'Date', '0', '0', '0');
INSERT INTO `reportfields` VALUES (2086, 7, 'sortlist', 3, 'areas.areadescription', 'Sales Type', '0', '0', '0');
INSERT INTO `reportfields` VALUES (2093, 7, 'critlist', 1, 'custbranch.brname', 'Purchaser', '0', '0', '2');
INSERT INTO `reportfields` VALUES (2081, 7, 'fieldlist', 1, 'salesorders.duedate', 'Date', '1', '1', '0');
INSERT INTO `reportfields` VALUES (2082, 7, 'fieldlist', 3, 'custbranch.account_type', 'Sales Type', '1', '1', '0');
INSERT INTO `reportfields` VALUES (2083, 7, 'fieldlist', 4, 'custbranch.brname', 'Purchaser', '1', '1', '0');
INSERT INTO `reportfields` VALUES (2084, 7, 'fieldlist', 5, 'debtorsmaster.currcode', 'Currency', '1', '1', '0');
INSERT INTO `reportfields` VALUES (2094, 7, 'critlist', 2, 'salesorders.orderno', 'SO No.', '0', '0', '0');
INSERT INTO `reportfields` VALUES (2095, 7, 'critlist', 3, 'custbranch.account_type', 'Account Type', '0', '0', '2');
INSERT INTO `reportfields` VALUES (2096, 8, 'trunclong', 0, '', '', '1', '1', '0');
INSERT INTO `reportfields` VALUES (2097, 8, 'sortlist', 5, 'debtorsmaster.currcode', 'Currency', '0', '0', '0');
INSERT INTO `reportfields` VALUES (2098, 8, 'sortlist', 4, 'custbranch.brname', 'Purchaser', '0', '0', '0');
INSERT INTO `reportfields` VALUES (2099, 8, 'dateselect', 0, 'salesorders.orddate', 'abcdefghijk', '1', '1', 'a');
INSERT INTO `reportfields` VALUES (2100, 8, 'fieldlist', 2, 'salesorders.orderno', 'SO No.', '1', '1', '0');
INSERT INTO `reportfields` VALUES (2101, 8, 'fieldlist', 9, 'salesorders.salestax+salesorders.freighttax', 'GST', '1', '1', '1');
INSERT INTO `reportfields` VALUES (2102, 8, 'fieldlist', 7, 'salesorders.discounttotal', 'Discount', '1', '1', '1');
INSERT INTO `reportfields` VALUES (2103, 8, 'fieldlist', 10, 'salesorders.total', 'Total Invoice', '1', '1', '1');
INSERT INTO `reportfields` VALUES (2104, 8, 'fieldlist', 6, 'salesorders.subtotal+salesorders.discounttotal', 'Sales', '1', '1', '1');
INSERT INTO `reportfields` VALUES (2105, 8, 'fieldlist', 8, 'salesorders.freightcost', 'Freight', '1', '1', '1');
INSERT INTO `reportfields` VALUES (2106, 8, 'sortlist', 1, 'salesorders.orderno', 'SO No.', '0', '0', '0');
INSERT INTO `reportfields` VALUES (2107, 8, 'sortlist', 2, 'salesorders.orddate', 'Date', '0', '0', '0');
INSERT INTO `reportfields` VALUES (2108, 8, 'sortlist', 3, 'areas.areadescription', 'Sales Type', '0', '0', '0');
INSERT INTO `reportfields` VALUES (2109, 8, 'critlist', 1, 'custbranch.brname', 'Purchaser', '0', '0', '2');
INSERT INTO `reportfields` VALUES (2110, 8, 'fieldlist', 1, 'salesorders.orddate', 'Order Date', '1', '1', '0');
INSERT INTO `reportfields` VALUES (2111, 8, 'fieldlist', 3, 'custbranch.account_type', 'Sales Type', '1', '1', '0');
INSERT INTO `reportfields` VALUES (2112, 8, 'fieldlist', 4, 'custbranch.brname', 'Purchaser', '1', '1', '0');
INSERT INTO `reportfields` VALUES (2113, 8, 'fieldlist', 5, 'debtorsmaster.currcode', 'Currency', '1', '1', '0');
INSERT INTO `reportfields` VALUES (2114, 8, 'critlist', 2, 'salesorders.orderno', 'SO No.', '0', '0', '0');
INSERT INTO `reportfields` VALUES (2115, 8, 'critlist', 3, 'custbranch.account_type', 'Account Type', '0', '0', '2');
INSERT INTO `reportfields` VALUES (2119, 10, 'dateselect', 0, '', 'a', '1', '1', 'a');
INSERT INTO `reportfields` VALUES (2118, 10, 'trunclong', 0, '', '', '1', '1', '0');
INSERT INTO `reportfields` VALUES (2120, 10, 'fieldlist', 1, 'purchorders.orderno', 'Order No.', '1', '0', '0');
INSERT INTO `reportfields` VALUES (2121, 10, 'fieldlist', 3, 'purchorders.supplierno', 'Supplier No.', '1', '0', '0');
INSERT INTO `reportfields` VALUES (2122, 10, 'fieldlist', 5, 'purchorders.orddate', 'Order Date', '1', '0', '0');
INSERT INTO `reportfields` VALUES (2123, 10, 'fieldlist', 2, 'purchorderdetails.podetailitem', 'Order Item', '1', '1', '0');
INSERT INTO `reportfields` VALUES (2124, 10, 'fieldlist', 4, 'purchorderdetails.itemcode', 'Code', '1', '1', '0');
INSERT INTO `reportfields` VALUES (2125, 10, 'fieldlist', 6, 'purchorderdetails.itemdescription', 'Description', '1', '1', '0');
INSERT INTO `reportfields` VALUES (2126, 10, 'fieldlist', 8, 'purchorderdetails.qtyinvoiced', 'Qty Recd', '1', '0', '0');
INSERT INTO `reportfields` VALUES (2127, 10, 'fieldlist', 7, 'purchorderdetails.completed', 'Completed', '1', '0', '0');
INSERT INTO `reportfields` VALUES (2128, 10, 'grouplist', 1, 'purchorders.orderno', 'Order No.', '0', '0', '0');
INSERT INTO `reportfields` VALUES (2129, 10, 'sortlist', 1, 'purchorders.orderno', 'Order No.', '0', '0', '1');

-- --------------------------------------------------------

-- 
-- Table structure for table `reportfolder`
-- 

CREATE TABLE `reportfolder` (
  `folderid` int(19) NOT NULL auto_increment,
  `foldername` varchar(100) NOT NULL default '',
  `description` varchar(250) default '',
  `state` varchar(50) default 'SAVED',
  PRIMARY KEY  (`folderid`)
) ENGINE=MyISAM DEFAULT CHARSET=latin1 AUTO_INCREMENT=11 ;

-- 
-- Dumping data for table `reportfolder`
-- 

INSERT INTO `reportfolder` VALUES (1, 'Account and Contact Reports', 'Account and Contact Reports', 'SAVED');
INSERT INTO `reportfolder` VALUES (2, 'Lead Reports', 'Lead Reports', 'SAVED');
INSERT INTO `reportfolder` VALUES (3, 'Potential Reports', 'Potential Reports', 'SAVED');
INSERT INTO `reportfolder` VALUES (4, 'Activity Reports', 'Activity Reports', 'SAVED');
INSERT INTO `reportfolder` VALUES (5, 'HelpDesk Reports', 'HelpDesk Reports', 'SAVED');
INSERT INTO `reportfolder` VALUES (6, 'Product Reports', 'Product Reports', 'SAVED');
INSERT INTO `reportfolder` VALUES (7, 'Quote Reports', 'Quote Reports', 'SAVED');
INSERT INTO `reportfolder` VALUES (8, 'Order Reports', 'Order Reports', 'SAVED');
INSERT INTO `reportfolder` VALUES (9, 'Invoice Reports', 'Invoice Reports', 'SAVED');

-- --------------------------------------------------------

-- 
-- Table structure for table `reportheaders`
-- 

CREATE TABLE `reportheaders` (
  `reportid` smallint(6) NOT NULL auto_increment,
  `reportheading` varchar(80) NOT NULL default '',
  `groupbydata1` varchar(15) NOT NULL default '',
  `newpageafter1` tinyint(1) NOT NULL default '0',
  `lower1` varchar(10) NOT NULL default '',
  `upper1` varchar(10) NOT NULL default '',
  `groupbydata2` varchar(15) default NULL,
  `newpageafter2` tinyint(1) NOT NULL default '0',
  `lower2` varchar(10) default NULL,
  `upper2` varchar(10) default NULL,
  `groupbydata3` varchar(15) default NULL,
  `newpageafter3` tinyint(1) NOT NULL default '0',
  `lower3` varchar(10) default NULL,
  `upper3` varchar(10) default NULL,
  `groupbydata4` varchar(15) NOT NULL default '',
  `newpageafter4` tinyint(1) NOT NULL default '0',
  `upper4` varchar(10) NOT NULL default '',
  `lower4` varchar(10) NOT NULL default '',
  PRIMARY KEY  (`reportid`),
  KEY `ReportHeading` (`reportheading`)
) ENGINE=InnoDB DEFAULT CHARSET=latin1 AUTO_INCREMENT=3 ;

-- 
-- Dumping data for table `reportheaders`
-- 

INSERT INTO `reportheaders` VALUES (1, 'Test report', 'Sales Area', 0, '0', 'zzzzz', 'Customer Code', 0, '1', 'zzzzzzzzzz', 'Product Code', 0, '1', 'zzzzzzzzz', 'Not Used', 0, '', '');
INSERT INTO `reportheaders` VALUES (2, 'Sales Analysis', 'Product Code', 0, '1', 'zzzzzzzzzz', 'Not Used', 0, '', '', 'Not Used', 0, '', '', 'Not Used', 0, '', '');

-- --------------------------------------------------------

-- 
-- Table structure for table `reportlinks`
-- 

CREATE TABLE `reportlinks` (
  `table1` varchar(25) NOT NULL default '',
  `table2` varchar(25) NOT NULL default '',
  `equation` varchar(75) NOT NULL default ''
) ENGINE=InnoDB DEFAULT CHARSET=latin1;

-- 
-- Dumping data for table `reportlinks`
-- 


-- --------------------------------------------------------

-- 
-- Table structure for table `reportmodules`
-- 

CREATE TABLE `reportmodules` (
  `reportmodulesid` int(19) NOT NULL default '0',
  `primarymodule` varchar(50) NOT NULL default '',
  `secondarymodules` varchar(250) default '',
  PRIMARY KEY  (`reportmodulesid`),
  KEY `reportmodules_IDX0` (`reportmodulesid`),
  KEY `reportmodules_FK1` (`reportmodulesid`)
) ENGINE=InnoDB DEFAULT CHARSET=latin1;

-- 
-- Dumping data for table `reportmodules`
-- 

INSERT INTO `reportmodules` VALUES (1, 'Contacts', 'Accounts');
INSERT INTO `reportmodules` VALUES (2, 'Contacts', 'Accounts');
INSERT INTO `reportmodules` VALUES (3, 'Contacts', 'Potentials');
INSERT INTO `reportmodules` VALUES (4, 'Leads', '');
INSERT INTO `reportmodules` VALUES (5, 'Leads', '');
INSERT INTO `reportmodules` VALUES (6, 'Potentials', '');
INSERT INTO `reportmodules` VALUES (7, 'Potentials', '');
INSERT INTO `reportmodules` VALUES (8, 'Activities', '');
INSERT INTO `reportmodules` VALUES (9, 'Activities', '');
INSERT INTO `reportmodules` VALUES (10, 'HelpDesk', 'Products');
INSERT INTO `reportmodules` VALUES (11, 'HelpDesk', '');
INSERT INTO `reportmodules` VALUES (12, 'HelpDesk', '');
INSERT INTO `reportmodules` VALUES (13, 'Products', '');
INSERT INTO `reportmodules` VALUES (14, 'Products', 'Contacts');
INSERT INTO `reportmodules` VALUES (15, 'Quotes', '');
INSERT INTO `reportmodules` VALUES (16, 'Quotes', '');
INSERT INTO `reportmodules` VALUES (17, 'Orders', 'Contacts');
INSERT INTO `reportmodules` VALUES (18, 'Orders', '');
INSERT INTO `reportmodules` VALUES (19, 'Invoice', '');
INSERT INTO `reportmodules` VALUES (22, 'Accounts', '');
INSERT INTO `reportmodules` VALUES (23, 'Accounts', '');
INSERT INTO `reportmodules` VALUES (24, 'Accounts', '');
INSERT INTO `reportmodules` VALUES (25, 'Accounts', '');
INSERT INTO `reportmodules` VALUES (26, 'Accounts', '');
INSERT INTO `reportmodules` VALUES (27, 'Accounts', '');
INSERT INTO `reportmodules` VALUES (28, 'Accounts', '');
INSERT INTO `reportmodules` VALUES (29, 'Accounts', '');
INSERT INTO `reportmodules` VALUES (30, 'Accounts', 'Invoice');

-- --------------------------------------------------------

-- 
-- Table structure for table `reports`
-- 

CREATE TABLE `reports` (
  `id` int(5) NOT NULL auto_increment,
  `reportname` varchar(30) NOT NULL default '',
  `reporttype` char(3) NOT NULL default 'rpt',
  `groupname` varchar(9) NOT NULL default 'misc',
  `defaultreport` enum('1','0') NOT NULL default '0',
  `papersize` varchar(15) NOT NULL default 'A4,210,297',
  `paperorientation` enum('P','L') NOT NULL default 'P',
  `margintop` int(3) NOT NULL default '10',
  `marginbottom` int(3) NOT NULL default '10',
  `marginleft` int(3) NOT NULL default '10',
  `marginright` int(3) NOT NULL default '10',
  `coynamefont` varchar(20) NOT NULL default 'Helvetica',
  `coynamefontsize` int(3) NOT NULL default '12',
  `coynamefontcolor` varchar(11) NOT NULL default '0,0,0',
  `coynamealign` enum('L','C','R') NOT NULL default 'C',
  `coynameshow` enum('1','0') NOT NULL default '1',
  `title1desc` varchar(50) NOT NULL default '%reportname%',
  `title1font` varchar(20) NOT NULL default 'Helvetica',
  `title1fontsize` int(3) NOT NULL default '10',
  `title1fontcolor` varchar(11) NOT NULL default '0,0,0',
  `title1fontalign` enum('L','C','R') NOT NULL default 'C',
  `title1show` enum('1','0') NOT NULL default '1',
  `title2desc` varchar(50) NOT NULL default 'Report Generated %date%',
  `title2font` varchar(20) NOT NULL default 'Helvetica',
  `title2fontsize` int(3) NOT NULL default '10',
  `title2fontcolor` varchar(11) NOT NULL default '0,0,0',
  `title2fontalign` enum('L','C','R') NOT NULL default 'C',
  `title2show` enum('1','0') NOT NULL default '1',
  `filterfont` varchar(10) NOT NULL default 'Helvetica',
  `filterfontsize` int(3) NOT NULL default '8',
  `filterfontcolor` varchar(11) NOT NULL default '0,0,0',
  `filterfontalign` enum('L','C','R') NOT NULL default 'L',
  `datafont` varchar(10) NOT NULL default 'Helvetica',
  `datafontsize` int(3) NOT NULL default '10',
  `datafontcolor` varchar(10) NOT NULL default 'black',
  `datafontalign` enum('L','C','R') NOT NULL default 'L',
  `totalsfont` varchar(10) NOT NULL default 'Helvetica',
  `totalsfontsize` int(3) NOT NULL default '10',
  `totalsfontcolor` varchar(11) NOT NULL default '0,0,0',
  `totalsfontalign` enum('L','C','R') NOT NULL default 'L',
  `col1width` int(3) NOT NULL default '25',
  `col2width` int(3) NOT NULL default '25',
  `col3width` int(3) NOT NULL default '25',
  `col4width` int(3) NOT NULL default '25',
  `col5width` int(3) NOT NULL default '25',
  `col6width` int(3) NOT NULL default '25',
  `col7width` int(3) NOT NULL default '25',
  `col8width` int(3) NOT NULL default '25',
  `col9width` int(3) NOT NULL default '25',
  `col10width` int(3) NOT NULL default '25',
  `table1` varchar(25) NOT NULL default '',
  `table2` varchar(25) default NULL,
  `table2criteria` varchar(75) default NULL,
  `table3` varchar(25) default NULL,
  `table3criteria` varchar(75) default NULL,
  `table4` varchar(25) default NULL,
  `table4criteria` varchar(75) default NULL,
  `table5` varchar(25) default NULL,
  `table5criteria` varchar(75) default NULL,
  `table6` varchar(25) default NULL,
  `table6criteria` varchar(75) default NULL,
  PRIMARY KEY  (`id`),
  KEY `name` (`reportname`,`groupname`)
) ENGINE=MyISAM DEFAULT CHARSET=latin1 AUTO_INCREMENT=11 ;

-- 
-- Dumping data for table `reports`
-- 

INSERT INTO `reports` VALUES (1, 'Cost and Price Analysis', 'rpt', 'inv', '1', 'Letter:216:282', 'P', 10, 10, 10, 10, 'helvetica', 12, '0:0:0', 'C', '1', '%reportname%', 'helvetica', 10, '0:0:0', 'C', '1', 'Report Generated %date%', 'helvetica', 10, '0:0:0', 'C', '1', 'helvetica', 8, '0:0:0', 'L', 'helvetica', 8, '0:0:0', 'L', 'helvetica', 10, '0:0:0', 'L', 20, 75, 25, 20, 20, 20, 20, 20, 25, 25, 'stockmaster', '', '', '', '', '', '', '', '', '', '');
INSERT INTO `reports` VALUES (4, 'Cost and Wholesale Price Anal.', 'rpt', 'inv', '0', 'Letter:216:282', 'P', 10, 10, 10, 10, 'helvetica', 12, '0:0:0', 'C', '1', '%reportname%', 'helvetica', 10, '0:0:0', 'C', '1', 'Report Generated %date%', 'helvetica', 10, '0:0:0', 'C', '1', 'helvetica', 8, '0:0:0', 'L', 'helvetica', 8, '0:0:0', 'L', 'helvetica', 10, '0:0:0', 'L', 20, 75, 25, 20, 40, 20, 10, 10, 25, 25, 'stockmaster', '', '', '', '', '', '', '', '', '', '');
INSERT INTO `reports` VALUES (3, 'Cost and Price List Analysis', 'rpt', 'inv', '0', 'Letter:216:282', 'P', 10, 10, 10, 10, 'helvetica', 12, '0:0:0', 'C', '1', '%reportname%', 'helvetica', 10, '0:0:0', 'C', '1', 'Report Generated %date%', 'helvetica', 10, '0:0:0', 'C', '1', 'helvetica', 8, '0:0:0', 'L', 'helvetica', 8, '0:0:0', 'L', 'helvetica', 10, '0:0:0', 'L', 20, 75, 25, 20, 40, 20, 10, 10, 25, 25, 'stockmaster', 'pricebookproductrel', 'stockmaster.productid=pricebookproductrel.productid', 'pricebook', 'pricebook.pricebookid=pricebookproductrel.pricebookid', '', '', '', '', '', '');
INSERT INTO `reports` VALUES (5, 'Sales Orders Report', 'rpt', 'ord', '1', 'Letter:216:282', 'P', 10, 10, 10, 10, 'helvetica', 12, '0:0:0', 'C', '1', '%reportname%', 'helvetica', 10, '0:0:0', 'C', '1', 'Report Generated %date%', 'helvetica', 10, '0:0:0', 'C', '1', 'helvetica', 8, '0:0:0', 'L', 'helvetica', 10, '0:0:0', 'L', 'helvetica', 10, '0:0:0', 'L', 10, 50, 25, 25, 25, 25, 10, 25, 25, 25, 'salesorders', 'custbranch', 'salesorders.branchcode=custbranch.branchcode', 'debtorsmaster', 'custbranch.debtorno=debtorsmaster.debtorno', 'areas', 'custbranch.area=areas.areacode', '', '', '', '');
INSERT INTO `reports` VALUES (7, 'SO Finance Report - Req. Del.', 'rpt', 'ord', '1', 'Letter:216:282', 'L', 10, 10, 10, 10, 'helvetica', 12, '0:0:0', 'C', '1', '%reportname%', 'helvetica', 10, '0:0:0', 'C', '1', 'Report Generated %date%', 'helvetica', 10, '0:0:0', 'C', '1', 'helvetica', 8, '0:0:0', 'R', 'helvetica', 10, '0:0:0', 'R', 'helvetica', 10, '0:0:0', 'R', 25, 10, 25, 50, 25, 25, 25, 25, 25, 25, 'salesorders', 'custbranch', 'salesorders.branchcode=custbranch.branchcode', 'debtorsmaster', 'custbranch.debtorno=debtorsmaster.debtorno', 'salestypes', 'debtorsmaster.salestype=salestypes.typeabbrev', '', '', '', '');
INSERT INTO `reports` VALUES (8, 'SO Finance Report - Order Date', 'rpt', 'ord', '1', 'Letter:216:282', 'L', 10, 10, 10, 10, 'helvetica', 12, '0:0:0', 'C', '1', '%reportname%', 'helvetica', 10, '0:0:0', 'C', '1', 'Report Generated %date%', 'helvetica', 10, '0:0:0', 'C', '1', 'helvetica', 8, '0:0:0', 'R', 'helvetica', 10, '0:0:0', 'R', 'helvetica', 10, '0:0:0', 'R', 25, 10, 25, 50, 25, 25, 25, 25, 25, 25, 'salesorders', 'custbranch', 'salesorders.branchcode=custbranch.branchcode', 'debtorsmaster', 'custbranch.debtorno=debtorsmaster.debtorno', 'salestypes', 'debtorsmaster.salestype=salestypes.typeabbrev', '', '', '', '');
INSERT INTO `reports` VALUES (10, 'Purchase Order Report', 'rpt', 'prch', '1', 'Letter:216:282', 'P', 10, 10, 10, 10, 'helvetica', 12, '0:0:0', 'C', '1', '%reportname%', 'helvetica', 10, '0:0:0', 'C', '1', 'Report Generated %date%', 'helvetica', 10, '0:0:0', 'C', '1', 'helvetica', 8, '0:0:0', 'L', 'helvetica', 10, '0:0:0', 'L', 'helvetica', 10, '0:0:0', 'L', 25, 25, 60, 25, 10, 1, 1, 1, 1, 1, 'purchorders', 'purchorderdetails', 'purchorders.orderno=purchorderdetails.orderno', '', '', '', '', '', '', '', '');

-- --------------------------------------------------------

-- 
-- Table structure for table `reportsortcol`
-- 

CREATE TABLE `reportsortcol` (
  `sortcolid` int(19) NOT NULL default '0',
  `reportid` int(19) NOT NULL default '0',
  `columnname` varchar(250) default '',
  `sortorder` varchar(250) default 'Asc',
  KEY `reportsortcol_IDX0` (`reportid`),
  KEY `reportsortcol_FK1` (`reportid`)
) ENGINE=InnoDB DEFAULT CHARSET=latin1;

-- 
-- Dumping data for table `reportsortcol`
-- 

INSERT INTO `reportsortcol` VALUES (1, 4, 'leaddetails:leadsource:Leads_Lead_Source:leadsource:V', 'Ascending');
INSERT INTO `reportsortcol` VALUES (1, 5, 'leaddetails:leadstatus:Leads_Lead_Status:leadstatus:V', 'Ascending');
INSERT INTO `reportsortcol` VALUES (1, 6, 'potential:sales_stage:Potentials_Sales_Stage:sales_stage:V', 'Ascending');
INSERT INTO `reportsortcol` VALUES (1, 11, 'troubletickets:priority:HelpDesk_Priority:ticketpriorities:V', 'Ascending');
INSERT INTO `reportsortcol` VALUES (1, 1, 'none', 'Ascending');
INSERT INTO `reportsortcol` VALUES (2, 1, 'none', 'Ascending');
INSERT INTO `reportsortcol` VALUES (3, 1, 'none', 'Ascending');
INSERT INTO `reportsortcol` VALUES (1, 22, 'none', 'Ascending');
INSERT INTO `reportsortcol` VALUES (2, 22, 'none', 'Ascending');
INSERT INTO `reportsortcol` VALUES (3, 22, 'none', 'Ascending');
INSERT INTO `reportsortcol` VALUES (1, 23, 'none', 'Ascending');
INSERT INTO `reportsortcol` VALUES (2, 23, 'none', 'Ascending');
INSERT INTO `reportsortcol` VALUES (3, 23, 'none', 'Ascending');
INSERT INTO `reportsortcol` VALUES (1, 24, 'none', 'Ascending');
INSERT INTO `reportsortcol` VALUES (2, 24, 'none', 'Ascending');
INSERT INTO `reportsortcol` VALUES (3, 24, 'none', 'Ascending');
INSERT INTO `reportsortcol` VALUES (1, 25, 'none', 'Ascending');
INSERT INTO `reportsortcol` VALUES (2, 25, 'none', 'Ascending');
INSERT INTO `reportsortcol` VALUES (3, 25, 'none', 'Ascending');
INSERT INTO `reportsortcol` VALUES (1, 26, 'none', 'Ascending');
INSERT INTO `reportsortcol` VALUES (2, 26, 'none', 'Ascending');
INSERT INTO `reportsortcol` VALUES (3, 26, 'none', 'Ascending');
INSERT INTO `reportsortcol` VALUES (1, 27, 'none', 'Ascending');
INSERT INTO `reportsortcol` VALUES (2, 27, 'none', 'Ascending');
INSERT INTO `reportsortcol` VALUES (3, 27, 'none', 'Ascending');
INSERT INTO `reportsortcol` VALUES (1, 28, 'none', 'Ascending');
INSERT INTO `reportsortcol` VALUES (2, 28, 'none', 'Ascending');
INSERT INTO `reportsortcol` VALUES (3, 28, 'none', 'Ascending');
INSERT INTO `reportsortcol` VALUES (1, 29, 'none', 'Ascending');
INSERT INTO `reportsortcol` VALUES (2, 29, 'none', 'Ascending');
INSERT INTO `reportsortcol` VALUES (3, 29, 'none', 'Ascending');
INSERT INTO `reportsortcol` VALUES (1, 30, 'none', 'Ascending');
INSERT INTO `reportsortcol` VALUES (2, 30, 'none', 'Ascending');
INSERT INTO `reportsortcol` VALUES (3, 30, 'none', 'Ascending');
INSERT INTO `reportsortcol` VALUES (1, 8, 'none', 'Ascending');
INSERT INTO `reportsortcol` VALUES (2, 8, 'none', 'Ascending');
INSERT INTO `reportsortcol` VALUES (3, 8, 'none', 'Ascending');

-- --------------------------------------------------------

-- 
-- Table structure for table `reportsummary`
-- 

CREATE TABLE `reportsummary` (
  `reportsummaryid` int(19) NOT NULL default '0',
  `summarytype` int(19) NOT NULL default '0',
  `columnname` varchar(250) default '',
  KEY `reportsummary_IDX0` (`reportsummaryid`),
  KEY `reportsummary_FK1` (`reportsummaryid`)
) ENGINE=InnoDB DEFAULT CHARSET=latin1;

-- 
-- Dumping data for table `reportsummary`
-- 

INSERT INTO `reportsummary` VALUES (30, 0, 'cb:invoice:salesorderid:Sales_Order:2');

-- --------------------------------------------------------

-- 
-- Table structure for table `revenuetype`
-- 

CREATE TABLE `revenuetype` (
  `revenuetypeid` int(19) NOT NULL auto_increment,
  `revenuetype` varchar(200) NOT NULL default '',
  `sortorderid` int(19) NOT NULL default '0',
  `presence` int(1) NOT NULL default '1',
  PRIMARY KEY  (`revenuetypeid`),
  UNIQUE KEY `RevenueType_UK0` (`revenuetype`)
) ENGINE=InnoDB DEFAULT CHARSET=latin1 AUTO_INCREMENT=1 ;

-- 
-- Dumping data for table `revenuetype`
-- 


-- --------------------------------------------------------

-- 
-- Table structure for table `role`
-- 

CREATE TABLE `role` (
  `roleid` int(11) NOT NULL auto_increment,
  `name` varchar(60) default NULL,
  `description` varchar(100) default NULL,
  PRIMARY KEY  (`roleid`)
) ENGINE=InnoDB DEFAULT CHARSET=latin1 AUTO_INCREMENT=3 ;

-- 
-- Dumping data for table `role`
-- 

INSERT INTO `role` VALUES (1, 'administrator', '');
INSERT INTO `role` VALUES (2, 'standard_user', '');

-- --------------------------------------------------------

-- 
-- Table structure for table `role2action`
-- 

CREATE TABLE `role2action` (
  `rolename` varchar(50) default NULL,
  `tabid` int(11) default '0',
  `actionname` varchar(100) default NULL,
  `action_permission` int(4) NOT NULL default '0',
  `description` varchar(100) default NULL,
  KEY `idx_role2action_name` (`rolename`,`tabid`,`actionname`)
) ENGINE=MyISAM DEFAULT CHARSET=latin1;

-- 
-- Dumping data for table `role2action`
-- 


-- --------------------------------------------------------

-- 
-- Table structure for table `role2profile`
-- 

CREATE TABLE `role2profile` (
  `roleid` int(11) NOT NULL default '0',
  `profileid` int(11) default NULL,
  PRIMARY KEY  (`roleid`)
) ENGINE=MyISAM DEFAULT CHARSET=latin1;

-- 
-- Dumping data for table `role2profile`
-- 

INSERT INTO `role2profile` VALUES (1, 1);
INSERT INTO `role2profile` VALUES (2, 2);

-- --------------------------------------------------------

-- 
-- Table structure for table `role2tab`
-- 

CREATE TABLE `role2tab` (
  `rolename` varchar(100) default NULL,
  `tabid` int(11) default '0',
  `module_permission` int(4) NOT NULL default '0',
  `description` varchar(100) default NULL,
  KEY `idx_role2tab_name` (`rolename`,`tabid`)
) ENGINE=MyISAM DEFAULT CHARSET=latin1;

-- 
-- Dumping data for table `role2tab`
-- 


-- --------------------------------------------------------

-- 
-- Table structure for table `role_seq`
-- 

CREATE TABLE `role_seq` (
  `id` int(11) NOT NULL default '0'
) ENGINE=MyISAM DEFAULT CHARSET=latin1;

-- 
-- Dumping data for table `role_seq`
-- 

INSERT INTO `role_seq` VALUES (2);

-- --------------------------------------------------------

-- 
-- Table structure for table `rss`
-- 

CREATE TABLE `rss` (
  `rssid` int(19) NOT NULL default '0',
  `rssurl` varchar(200) NOT NULL default '',
  `rsstitle` varchar(200) default NULL,
  `rsstype` int(10) default '0',
  `starred` int(1) default '0',
  `rsscategory` varchar(100) default '',
  PRIMARY KEY  (`rssid`)
) ENGINE=MyISAM DEFAULT CHARSET=latin1;

-- 
-- Dumping data for table `rss`
-- 


-- --------------------------------------------------------

-- 
-- Table structure for table `rss_seq`
-- 

CREATE TABLE `rss_seq` (
  `id` int(11) NOT NULL default '0'
) ENGINE=MyISAM DEFAULT CHARSET=latin1;

-- 
-- Dumping data for table `rss_seq`
-- 

INSERT INTO `rss_seq` VALUES (3);

-- --------------------------------------------------------

-- 
-- Table structure for table `rsscategory`
-- 

CREATE TABLE `rsscategory` (
  `rsscategoryid` int(19) NOT NULL auto_increment,
  `rsscategory` varchar(200) NOT NULL default '',
  `sortorderid` int(19) NOT NULL default '0',
  `presence` int(1) NOT NULL default '1',
  PRIMARY KEY  (`rsscategoryid`),
  UNIQUE KEY `RssCategory_UK0` (`rsscategory`)
) ENGINE=InnoDB DEFAULT CHARSET=latin1 AUTO_INCREMENT=1 ;

-- 
-- Dumping data for table `rsscategory`
-- 


-- --------------------------------------------------------

-- 
-- Table structure for table `sales_stage`
-- 

CREATE TABLE `sales_stage` (
  `sales_stage_id` int(19) NOT NULL auto_increment,
  `sales_stage` varchar(200) default NULL,
  `SORTORDERID` int(19) NOT NULL default '0',
  `PRESENCE` int(1) NOT NULL default '1',
  PRIMARY KEY  (`sales_stage_id`)
) ENGINE=MyISAM DEFAULT CHARSET=latin1 AUTO_INCREMENT=19 ;

-- 
-- Dumping data for table `sales_stage`
-- 

INSERT INTO `sales_stage` VALUES (15, 'Info Sharing', 0, 1);
INSERT INTO `sales_stage` VALUES (16, 'In Dialogue', 1, 1);
INSERT INTO `sales_stage` VALUES (17, 'Closed Won', 2, 1);
INSERT INTO `sales_stage` VALUES (18, 'Closed Lost', 3, 1);

-- --------------------------------------------------------

-- 
-- Table structure for table `salesanalysis`
-- 

CREATE TABLE `salesanalysis` (
  `typeabbrev` char(2) NOT NULL default '',
  `periodno` smallint(6) NOT NULL default '0',
  `amt` double NOT NULL default '0',
  `cost` double NOT NULL default '0',
  `cust` varchar(10) NOT NULL default '',
  `custbranch` varchar(10) NOT NULL default '',
  `qty` double NOT NULL default '0',
  `disc` double NOT NULL default '0',
  `stockid` varchar(20) NOT NULL default '',
  `area` char(2) NOT NULL default '',
  `budgetoractual` tinyint(1) NOT NULL default '0',
  `salesperson` char(3) NOT NULL default '',
  `stkcategory` varchar(6) NOT NULL default '',
  `id` int(11) NOT NULL auto_increment,
  PRIMARY KEY  (`id`),
  KEY `CustBranch` (`custbranch`),
  KEY `Cust` (`cust`),
  KEY `PeriodNo` (`periodno`),
  KEY `StkCategory` (`stkcategory`),
  KEY `StockID` (`stockid`),
  KEY `TypeAbbrev` (`typeabbrev`),
  KEY `Area` (`area`),
  KEY `BudgetOrActual` (`budgetoractual`),
  KEY `Salesperson` (`salesperson`)
) ENGINE=InnoDB DEFAULT CHARSET=latin1 AUTO_INCREMENT=14 ;

-- 
-- Dumping data for table `salesanalysis`
-- 

INSERT INTO `salesanalysis` VALUES ('DE', 2, 2, 0, 'WWW1070', 'WWW1070', 2, 0, 'H02', 'DE', 1, 'SO1', 'HT', 1);
INSERT INTO `salesanalysis` VALUES ('DE', 2, 69.427274826789, 0, 'WWW1070', 'WWW1070', 3, 0, 'H01', 'DE', 1, 'SO1', 'HT', 2);
INSERT INTO `salesanalysis` VALUES ('DE', 2, 1247.5, 0, 'WWW1087', 'WWW1087', 250, 0, 'G01-02', 'DE', 1, 'SO1', 'HT', 3);
INSERT INTO `salesanalysis` VALUES ('DE', 2, 1, 0, 'WWW1087', 'WWW1087', 1, 0, 'H02', 'DE', 1, 'SO1', 'HT', 4);
INSERT INTO `salesanalysis` VALUES ('DE', 2, 73.142424942263, 0, 'WWW1087', 'WWW1087', 1, 0, 'P04', 'DE', 1, 'SO1', 'PT', 5);
INSERT INTO `salesanalysis` VALUES ('DE', 2, 247, 0, 'WWW1064', 'WWW1064', 247, 0, 'H02', 'DE', 1, 'SO1', 'HT', 6);
INSERT INTO `salesanalysis` VALUES ('DE', 2, 5, 0, 'WWW1080', 'WWW1080', 5, 0, 'H02', 'DE', 1, 'SO1', 'HT', 7);
INSERT INTO `salesanalysis` VALUES ('DE', 2, 114.77, 0, 'WWW1084', 'WWW1084', 23, 0, 'G01-01', 'DE', 1, 'SO1', 'HT', 8);
INSERT INTO `salesanalysis` VALUES ('DE', 2, 48.12, 0, 'WWW1087', 'WWW1087', 1, 0, 'P03', 'DE', 1, 'SO1', 'IT', 9);
INSERT INTO `salesanalysis` VALUES ('DE', 3, 0.25, 0, 'WWW1103', 'WWW1103', 1, 0, 'H02', 'DE', 1, 'SO1', 'HT', 10);
INSERT INTO `salesanalysis` VALUES ('DE', 3, 0.5, 0, 'WWW1109', 'WWW1109', 2, 0, 'H01', 'DE', 1, 'SO1', 'HT', 11);
INSERT INTO `salesanalysis` VALUES ('DE', 6, 3490, 0, 'WWW1070', 'WWW1070', 1, 0, 'VW2', 'DE', 1, 'SO1', 'TE', 12);
INSERT INTO `salesanalysis` VALUES ('DE', 6, 56, 0, 'WWW1131', 'WWW1131', 1, 0, 'VW004', 'DE', 1, 'SO1', 'CAR', 13);

-- --------------------------------------------------------

-- 
-- Table structure for table `salescat`
-- 

CREATE TABLE `salescat` (
  `salescatid` tinyint(4) NOT NULL auto_increment,
  `parentcatid` tinyint(4) default NULL,
  `salescatname` varchar(30) default NULL,
  PRIMARY KEY  (`salescatid`)
) ENGINE=InnoDB DEFAULT CHARSET=latin1 AUTO_INCREMENT=1 ;

-- 
-- Dumping data for table `salescat`
-- 


-- --------------------------------------------------------

-- 
-- Table structure for table `salescatprod`
-- 

CREATE TABLE `salescatprod` (
  `salescatid` tinyint(4) NOT NULL default '0',
  `stockid` varchar(20) NOT NULL default '',
  PRIMARY KEY  (`salescatid`,`stockid`),
  KEY `salescatid` (`salescatid`),
  KEY `stockid` (`stockid`)
) ENGINE=InnoDB DEFAULT CHARSET=latin1;

-- 
-- Dumping data for table `salescatprod`
-- 


-- --------------------------------------------------------

-- 
-- Table structure for table `salesglpostings`
-- 

CREATE TABLE `salesglpostings` (
  `id` int(11) NOT NULL auto_increment,
  `area` char(2) NOT NULL default '',
  `stkcat` varchar(6) NOT NULL default '',
  `discountglcode` int(11) NOT NULL default '0',
  `salesglcode` int(11) NOT NULL default '0',
  `salestype` char(2) NOT NULL default 'AN',
  PRIMARY KEY  (`id`),
  UNIQUE KEY `Area_StkCat` (`area`,`stkcat`,`salestype`),
  KEY `Area` (`area`),
  KEY `StkCat` (`stkcat`),
  KEY `SalesType` (`salestype`)
) ENGINE=InnoDB DEFAULT CHARSET=latin1 AUTO_INCREMENT=12 ;

-- 
-- Dumping data for table `salesglpostings`
-- 

INSERT INTO `salesglpostings` VALUES (1, 'AN', 'ANY', 4635, 4550, 'AN');
INSERT INTO `salesglpostings` VALUES (2, 'DB', 'ANY', 4605, 4200, 'AN');
INSERT INTO `salesglpostings` VALUES (3, 'DI', 'ANY', 4625, 4400, 'AN');
INSERT INTO `salesglpostings` VALUES (4, 'FS', 'ANY', 4615, 4300, 'AN');
INSERT INTO `salesglpostings` VALUES (5, 'FU', 'ANY', 4635, 4500, 'AN');
INSERT INTO `salesglpostings` VALUES (6, 'GI', 'ANY', 4635, 4450, 'AN');
INSERT INTO `salesglpostings` VALUES (7, 'IN', 'ANY', 4620, 4350, 'AN');
INSERT INTO `salesglpostings` VALUES (8, 'MS', 'ANY', 4635, 4250, 'AN');
INSERT INTO `salesglpostings` VALUES (9, 'PL', 'ANY', 4635, 4100, 'AN');
INSERT INTO `salesglpostings` VALUES (10, 'RE', 'ANY', 4635, 4550, 'AN');
INSERT INTO `salesglpostings` VALUES (11, 'IN', 'ANY', 4620, 4350, 'I2');

-- --------------------------------------------------------

-- 
-- Table structure for table `salesman`
-- 

CREATE TABLE `salesman` (
  `salesmancode` char(3) NOT NULL default '',
  `salesmanname` varchar(30) NOT NULL default '',
  `smantel` varchar(20) NOT NULL default '',
  `smanfax` varchar(20) NOT NULL default '',
  `commissionrate1` double NOT NULL default '0',
  `breakpoint` decimal(10,0) NOT NULL default '0',
  `commissionrate2` double NOT NULL default '0',
  `userid` int(11) NOT NULL default '0',
  PRIMARY KEY  (`salesmancode`)
) ENGINE=InnoDB DEFAULT CHARSET=latin1;

-- 
-- Dumping data for table `salesman`
-- 

INSERT INTO `salesman` VALUES ('S01', 'general sales', '', '', 0, 0, 0, 16);
INSERT INTO `salesman` VALUES ('S99', 'Admin', '', '', 0, 0, 0, 1);

-- --------------------------------------------------------

-- 
-- Table structure for table `salesmanactivityrel`
-- 

CREATE TABLE `salesmanactivityrel` (
  `smid` int(19) NOT NULL default '0',
  `activityid` int(19) NOT NULL default '0',
  PRIMARY KEY  (`smid`,`activityid`),
  KEY `SalesmanActivityRel_IDX0` (`activityid`),
  KEY `SalesmanActivityRel_IDX1` (`smid`)
) ENGINE=InnoDB DEFAULT CHARSET=latin1;

-- 
-- Dumping data for table `salesmanactivityrel`
-- 


-- --------------------------------------------------------

-- 
-- Table structure for table `salesmanticketrel`
-- 

CREATE TABLE `salesmanticketrel` (
  `smid` int(19) NOT NULL default '0',
  `id` int(19) NOT NULL default '0',
  PRIMARY KEY  (`smid`,`id`),
  KEY `SalesmanTicketRel_IDX1` (`smid`),
  KEY `SalesmanTicketRel_IDX0` (`id`)
) ENGINE=InnoDB DEFAULT CHARSET=latin1;

-- 
-- Dumping data for table `salesmanticketrel`
-- 


-- --------------------------------------------------------

-- 
-- Table structure for table `salesorder`
-- 

CREATE TABLE `salesorder` (
  `salesorderid` int(19) NOT NULL default '0',
  `subject` varchar(100) default NULL,
  `potentialid` int(19) default NULL,
  `customerno` varchar(100) default NULL,
  `quoteid` int(19) default NULL,
  `vendorterms` varchar(100) default NULL,
  `contactid` int(19) default NULL,
  `vendorid` int(19) default NULL,
  `duedate` date default NULL,
  `carrier` varchar(100) default NULL,
  `pending` varchar(200) default NULL,
  `type` varchar(100) default NULL,
  `salestax` decimal(11,3) default NULL,
  `adjustment` decimal(11,3) default NULL,
  `salescommission` decimal(11,3) default NULL,
  `exciseduty` decimal(11,3) default NULL,
  `total` decimal(11,3) default NULL,
  `subtotal` decimal(11,3) default NULL,
  `accountid` int(19) default NULL,
  `terms_conditions` longtext,
  `purchaseorder` varchar(200) default NULL,
  `sostatus` varchar(200) default NULL,
  PRIMARY KEY  (`salesorderid`),
  KEY `fk_SO2` (`vendorid`),
  KEY `fk_SO3` (`contactid`)
) ENGINE=InnoDB DEFAULT CHARSET=latin1;

-- 
-- Dumping data for table `salesorder`
-- 


-- --------------------------------------------------------

-- 
-- Table structure for table `salesordercf`
-- 

CREATE TABLE `salesordercf` (
  `salesorderid` int(19) NOT NULL default '0',
  `cf_403` char(3) default NULL,
  PRIMARY KEY  (`salesorderid`)
) ENGINE=InnoDB DEFAULT CHARSET=latin1;

-- 
-- Dumping data for table `salesordercf`
-- 

INSERT INTO `salesordercf` VALUES (1066, NULL);
INSERT INTO `salesordercf` VALUES (1067, NULL);
INSERT INTO `salesordercf` VALUES (1072, NULL);
INSERT INTO `salesordercf` VALUES (1078, NULL);
INSERT INTO `salesordercf` VALUES (1079, NULL);
INSERT INTO `salesordercf` VALUES (1082, NULL);
INSERT INTO `salesordercf` VALUES (1083, NULL);
INSERT INTO `salesordercf` VALUES (1086, NULL);
INSERT INTO `salesordercf` VALUES (1089, NULL);
INSERT INTO `salesordercf` VALUES (1090, NULL);
INSERT INTO `salesordercf` VALUES (1091, NULL);
INSERT INTO `salesordercf` VALUES (1092, NULL);
INSERT INTO `salesordercf` VALUES (1093, NULL);
INSERT INTO `salesordercf` VALUES (1096, NULL);
INSERT INTO `salesordercf` VALUES (1097, NULL);
INSERT INTO `salesordercf` VALUES (1098, NULL);
INSERT INTO `salesordercf` VALUES (1099, NULL);
INSERT INTO `salesordercf` VALUES (1100, NULL);
INSERT INTO `salesordercf` VALUES (1101, NULL);
INSERT INTO `salesordercf` VALUES (1102, NULL);
INSERT INTO `salesordercf` VALUES (1105, NULL);
INSERT INTO `salesordercf` VALUES (1107, NULL);
INSERT INTO `salesordercf` VALUES (1108, NULL);
INSERT INTO `salesordercf` VALUES (1111, NULL);
INSERT INTO `salesordercf` VALUES (1116, NULL);
INSERT INTO `salesordercf` VALUES (1120, NULL);
INSERT INTO `salesordercf` VALUES (1123, NULL);
INSERT INTO `salesordercf` VALUES (1124, NULL);
INSERT INTO `salesordercf` VALUES (1130, NULL);
INSERT INTO `salesordercf` VALUES (1133, NULL);
INSERT INTO `salesordercf` VALUES (1157, NULL);
INSERT INTO `salesordercf` VALUES (1158, NULL);

-- --------------------------------------------------------

-- 
-- Table structure for table `salesorderdetails`
-- 

CREATE TABLE `salesorderdetails` (
  `orderlineno` int(11) NOT NULL default '0',
  `orderno` int(11) NOT NULL default '0',
  `stkcode` varchar(20) NOT NULL default '',
  `qtyinvoiced` double NOT NULL default '0',
  `unitprice` double NOT NULL default '0',
  `quantity` double NOT NULL default '0',
  `estimate` tinyint(4) NOT NULL default '0',
  `discountpercent` double NOT NULL default '0',
  `actualdispatchdate` datetime NOT NULL default '0000-00-00 00:00:00',
  `completed` tinyint(1) NOT NULL default '0',
  `narrative` text NOT NULL,
  `salesorderid` int(19) NOT NULL default '0',
  `productid` int(19) NOT NULL default '0',
  PRIMARY KEY  (`orderlineno`,`orderno`),
  KEY `OrderNo` (`orderno`),
  KEY `StkCode` (`stkcode`),
  KEY `Completed` (`completed`)
) ENGINE=InnoDB DEFAULT CHARSET=latin1;

-- 
-- Dumping data for table `salesorderdetails`
-- 

INSERT INTO `salesorderdetails` VALUES (0, 3, 'H02', 0, 1, 5, 0, 0, '0000-00-00 00:00:00', 0, '', 1066, 1032);
INSERT INTO `salesorderdetails` VALUES (0, 4, 'P01', 0, 149.99, 1, 0, 0, '0000-00-00 00:00:00', 0, 'Chain Saw', 1067, 1029);
INSERT INTO `salesorderdetails` VALUES (0, 5, 'H02', 2, 1, 1, 0, 0, '2007-04-17 00:00:00', 1, 'Hammer', 1072, 1032);
INSERT INTO `salesorderdetails` VALUES (0, 6, 'H02', 0, 1, 1, 0, 0, '0000-00-00 00:00:00', 0, 'Hammer', 1078, 1032);
INSERT INTO `salesorderdetails` VALUES (0, 7, 'G01-01', 0, 4.99, 1, 0, 0, '0000-00-00 00:00:00', 0, '', 1079, 1037);
INSERT INTO `salesorderdetails` VALUES (0, 8, 'P02', 0, 220.9, 1, 0, 0, '0000-00-00 00:00:00', 0, '', 1082, 1030);
INSERT INTO `salesorderdetails` VALUES (0, 9, 'H02', 247, 1, 1, 0, 0, '2007-04-17 00:00:00', 1, 'Hammer', 1083, 1032);
INSERT INTO `salesorderdetails` VALUES (0, 10, 'G01-01', 23, 4.99, 1, 0, 0, '2007-04-17 00:00:00', 1, '', 1086, 1037);
INSERT INTO `salesorderdetails` VALUES (0, 11, 'G01-02', 250, 4.99, 1, 0, 0, '2007-04-17 00:00:00', 1, 'Hand Shovel', 1089, 1038);
INSERT INTO `salesorderdetails` VALUES (0, 12, 'H01', 0, 23.142424942263, 1, 0, 0, '0000-00-00 00:00:00', 0, '', 1090, 1040);
INSERT INTO `salesorderdetails` VALUES (0, 13, 'P04', 1, 73.142424942263, 1, 0, 0, '2007-04-17 00:00:00', 1, 'Power Sander', 1091, 1041);
INSERT INTO `salesorderdetails` VALUES (0, 14, 'P03', 1, 48.12, 1, 0, 0, '2007-04-17 00:00:00', 1, 'Drill', 1092, 1031);
INSERT INTO `salesorderdetails` VALUES (0, 15, 'P01', 0, 0.25, 1, 0, 0, '0000-00-00 00:00:00', 0, 'Chain Saw', 1096, 1029);
INSERT INTO `salesorderdetails` VALUES (0, 16, 'P01', 0, 0.25, 1, 0, 0, '0000-00-00 00:00:00', 0, 'Chain Saw', 1097, 1029);
INSERT INTO `salesorderdetails` VALUES (0, 17, 'P01', 0, 0.25, 1, 0, 0, '0000-00-00 00:00:00', 0, 'Chain Saw', 1098, 1029);
INSERT INTO `salesorderdetails` VALUES (0, 18, 'P01', 0, 0.25, 1, 0, 0, '0000-00-00 00:00:00', 0, 'Chain Saw', 1099, 1029);
INSERT INTO `salesorderdetails` VALUES (0, 19, 'P01', 0, 0.25, 1, 0, 0, '0000-00-00 00:00:00', 0, 'Chain Saw', 1100, 1029);
INSERT INTO `salesorderdetails` VALUES (0, 20, 'P01', 0, 0.25, 1, 0, 0, '0000-00-00 00:00:00', 0, 'Chain Saw', 1101, 1029);
INSERT INTO `salesorderdetails` VALUES (0, 21, 'P01', 0, 0.25, 1, 0, 0, '0000-00-00 00:00:00', 0, 'Chain Saw', 1102, 1029);
INSERT INTO `salesorderdetails` VALUES (0, 22, 'H02', 0, 1, 1, 0, 0, '0000-00-00 00:00:00', 0, 'Hammer', 1105, 1032);
INSERT INTO `salesorderdetails` VALUES (0, 23, 'H01', 0, 0.25, 1, 0, 0, '0000-00-00 00:00:00', 0, 'Lapel Pin', 1107, 1040);
INSERT INTO `salesorderdetails` VALUES (0, 24, 'H02', 1, 0.25, 1, 0, 0, '2007-05-08 00:00:00', 1, 'Mug', 1108, 1032);
INSERT INTO `salesorderdetails` VALUES (0, 25, 'H01', 2, 0.25, 2, 0, 0, '2007-05-15 00:00:00', 1, 'Lapel Pin', 1111, 1040);
INSERT INTO `salesorderdetails` VALUES (0, 26, 'H01', 0, 0.25, 1, 0, 0, '0000-00-00 00:00:00', 0, 'Lapel Pin', 1120, 1040);
INSERT INTO `salesorderdetails` VALUES (0, 27, 'H01', 0, 0.25, 1, 0, 0, '0000-00-00 00:00:00', 0, 'Lapel Pin', 1123, 1040);
INSERT INTO `salesorderdetails` VALUES (0, 28, 'H02', 0, 0.25, 1, 0, 0, '0000-00-00 00:00:00', 0, 'Mug', 1124, 1032);
INSERT INTO `salesorderdetails` VALUES (0, 29, 'H01', 0, 0.25, 1, 0, 0, '0000-00-00 00:00:00', 0, 'Lapel Pin', 1130, 1040);
INSERT INTO `salesorderdetails` VALUES (0, 30, 'H02', 0, 0.25, 1, 0, 0, '0000-00-00 00:00:00', 0, '', 1133, 1032);
INSERT INTO `salesorderdetails` VALUES (0, 31, 'VW004', 1, 56, 1, 0, 0, '2007-08-20 00:00:00', 1, 'RAbIT', 1158, 1156);
INSERT INTO `salesorderdetails` VALUES (0, 1001, 'L02', 0, 49.99, 1, 0, 0, '0000-00-00 00:00:00', 0, '', 1093, 1034);
INSERT INTO `salesorderdetails` VALUES (0, 1002, 'H02', 0, 1, 1, 0, 0, '0000-00-00 00:00:00', 0, '', 1116, 1032);
INSERT INTO `salesorderdetails` VALUES (0, 1003, 'VW2', 1, 3490, 1, 0, 0, '2007-08-20 00:00:00', 1, '', 1157, 1155);
INSERT INTO `salesorderdetails` VALUES (1, 3, 'P01', 0, 149.99, 2, 0, 0, '0000-00-00 00:00:00', 0, '', 1066, 1029);
INSERT INTO `salesorderdetails` VALUES (1, 4, 'P02', 0, 177.52, 1, 0, 0, '0000-00-00 00:00:00', 0, 'Circular Saw', 1067, 1030);
INSERT INTO `salesorderdetails` VALUES (1, 5, 'H01', 3, 23.142424942263, 1, 0, 0, '2007-04-17 00:00:00', 1, 'Nice Saw', 1072, 1040);
INSERT INTO `salesorderdetails` VALUES (1, 11, 'H02', 1, 1, 1, 0, 0, '2007-04-17 00:00:00', 1, 'Hammer', 1089, 1032);
INSERT INTO `salesorderdetails` VALUES (2, 11, 'P02', 0, 177.52, 1, 0, 0, '0000-00-00 00:00:00', 0, 'Circular Saw', 1089, 1030);

-- --------------------------------------------------------

-- 
-- Table structure for table `salesorders`
-- 

CREATE TABLE `salesorders` (
  `orderno` int(11) NOT NULL default '0',
  `debtorno` varchar(10) NOT NULL default '',
  `branchcode` varchar(10) NOT NULL default '',
  `customerref` varchar(50) NOT NULL default '',
  `buyername` varchar(50) default NULL,
  `comments` longtext,
  `orddate` date NOT NULL default '0000-00-00',
  `ordertype` char(2) NOT NULL default '',
  `shipvia` int(11) NOT NULL default '0',
  `deladd1` varchar(40) NOT NULL default '',
  `deladd2` varchar(40) NOT NULL default '',
  `deladd3` varchar(40) NOT NULL default '',
  `deladd4` varchar(40) default NULL,
  `deladd5` varchar(20) NOT NULL default '',
  `deladd6` varchar(15) NOT NULL default '',
  `contactphone` varchar(25) default NULL,
  `contactemail` varchar(25) default NULL,
  `deliverto` varchar(40) NOT NULL default '',
  `deliverblind` tinyint(1) default '1',
  `freightcost` decimal(11,2) NOT NULL default '0.00',
  `fromstkloc` varchar(5) NOT NULL default '',
  `deliverydate` date NOT NULL default '0000-00-00',
  `printedpackingslip` tinyint(4) NOT NULL default '0',
  `datepackingslipprinted` date NOT NULL default '0000-00-00',
  `quotation` tinyint(4) NOT NULL default '0',
  `salesorderid` int(19) NOT NULL default '0',
  `potentialid` int(11) NOT NULL default '0',
  `quoteid` int(11) NOT NULL default '0',
  `contactid` int(11) NOT NULL default '0',
  `salescommission` decimal(11,3) default NULL,
  `accountid` int(11) NOT NULL default '0',
  `sostatus` varchar(200) default NULL,
  `subject` varchar(100) default NULL,
  `pending` varchar(200) default NULL,
  `duedate` date default NULL,
  `total` decimal(11,2) default NULL,
  `subtotal` decimal(11,2) default NULL,
  `salestax` decimal(11,2) default NULL,
  `discounttotal` decimal(10,2) NOT NULL default '0.00',
  `freighttax` decimal(10,2) NOT NULL default '0.00',
  PRIMARY KEY  (`orderno`),
  KEY `DebtorNo` (`debtorno`),
  KEY `OrdDate` (`orddate`),
  KEY `OrderType` (`ordertype`),
  KEY `LocationIndex` (`fromstkloc`),
  KEY `BranchCode` (`branchcode`,`debtorno`),
  KEY `ShipVia` (`shipvia`),
  KEY `quotation` (`quotation`),
  KEY `salesorderid` (`salesorderid`),
  KEY `fk_SO3` (`accountid`)
) ENGINE=InnoDB DEFAULT CHARSET=latin1;

-- 
-- Dumping data for table `salesorders`
-- 

INSERT INTO `salesorders` VALUES (3, 'WWW1064', 'WWW1064', 'WWW1066', NULL, 'Deliver to back door.', '2007-03-27', 'DE', 1, '285 Churchill Ave. N.', '', 'Ottawa', 'ON', 'K1Z 5B7', 'CAN', '613-761-1489', 'gareth@agora-group.com', 'Gareth Spanglett', 1, 26.40, 'TOR', '2007-03-27', 1, '0000-00-00', 0, 1066, 0, 0, 0, NULL, 1064, 'Created', 'WWW1066', NULL, '2007-03-27', 330.29, 304.98, 25.31, 0.00, 2.18);
INSERT INTO `salesorders` VALUES (4, 'WWW1064', 'WWW1064', 'WEB', NULL, '', '2007-03-27', 'DE', 1, '285 Churchill Ave. N.', '', 'Ottawa', 'ON', 'K1Z 5B7', 'CAN', '613-761-1489', 'gareth@agora-group.com', 'Gareth Spanglett', 1, 45.00, 'TOR', '2007-03-27', 0, '0000-00-00', 0, 1067, 0, 0, 0, NULL, 1064, 'Created', 'WWW1067', NULL, '2007-03-27', 401.53, 327.51, 27.17, -2.00, 0.00);
INSERT INTO `salesorders` VALUES (5, 'WWW1070', 'WWW1070', 'WEB', NULL, ' Inv 1001', '2007-03-28', 'DE', 1, '3  Ridgeburngate', '', 'Ottawa', 'AB', 'Ontaio', 'CAN', '613-830-0220', 'jmoncrieff@mahsie.org', 'Jeffrey Moncrieff', 1, 45.00, 'TOR', '2007-03-28', 0, '0000-00-00', 0, 1072, 0, 0, 0, NULL, 1070, 'Partial Delivery', 'WWW1072', NULL, '2007-03-28', 73.13, 24.14, 2.14, -2.00, 0.00);
INSERT INTO `salesorders` VALUES (6, 'WWW1068', 'WWW1068', 'WEB', NULL, '', '2007-04-02', 'DE', 1, '3 Ridgeburn Gate', '', 'Ottawa', 'AB', 'k1b4c1', 'CAN', '613-830-0220', 'jeff@mahsie.com', 'Jeffrey Moncrieff', 1, 37.00, 'TOR', '2007-04-02', 1, '2007-04-16', 0, 1078, 0, 0, 0, NULL, 1068, 'Created', 'WWW1078', NULL, '2007-04-02', 38.08, 1.00, 0.08, 0.00, 0.00);
INSERT INTO `salesorders` VALUES (7, 'WWW1068', 'WWW1068', 'WWW1079', NULL, '', '2007-04-02', 'DE', 1, '3 Ridgeburn Gate', '', 'Ottawa', 'AB', 'k1b4c1', 'CAN', '613-830-0220', 'jeff@mahsie.com', 'Jeffrey Moncrieff', 1, 12.00, 'TOR', '2007-04-02', 0, '0000-00-00', 0, 1079, 0, 0, 0, NULL, 1068, 'Created', 'WWW1079', NULL, '2007-04-02', 4.99, 4.99, 0.00, 0.00, 0.99);
INSERT INTO `salesorders` VALUES (8, 'WWW1080', 'WWW1080', 'WWW1082', NULL, ' Inv 1005', '2007-04-16', 'DE', 1, '285 Churchill AVe.', '', 'Ottawa', 'ON', 'K1Z 5B7', 'CAN', '613-761-1489', 'gspanglett@rogers.com', 'Agora Communications Group', 1, 12.00, 'TOR', '2007-04-16', 0, '0000-00-00', 0, 1082, 0, 0, 0, 0.000, 1080, 'Partial Delivery', 'WWW1082', '', '2007-04-02', 247.14, 220.90, 13.25, 0.00, 0.99);
INSERT INTO `salesorders` VALUES (9, 'WWW1064', 'WWW1064', 'WEB', NULL, ' Inv 1004', '2007-04-16', 'DE', 1, '285 Churchill Ave. N.', '', 'Ottawa', 'ON', 'K1Z 5B7', 'CAN', '613-761-1489', 'gareth@agora-group.com', 'Gareth Spanglett', 1, 37.00, 'TOR', '2007-04-16', 0, '0000-00-00', 0, 1083, 0, 0, 0, NULL, 1064, 'Partial Delivery', 'WWW1083', NULL, '2007-04-16', 40.08, 1.00, 0.23, -2.00, 0.00);
INSERT INTO `salesorders` VALUES (10, 'WWW1084', 'WWW1084', 'WEB', NULL, ' Inv 1006', '2007-04-16', 'DE', 1, '1234 Main Street', '', 'Ottawa', 'ON', 'K1Z 1Z1', 'CAN', '613-555-5555', 'quixote1024@yahoo.ca', 'John Doe', 1, 12.00, 'TOR', '2007-04-16', 0, '0000-00-00', 0, 1086, 0, 0, 0, NULL, 1084, 'Partial Delivery', 'WWW1086', NULL, '2007-04-16', 19.98, 4.99, 0.00, -2.00, 0.99);
INSERT INTO `salesorders` VALUES (11, 'WWW1087', 'WWW1087', 'WEB', NULL, ' Inv 1002', '2007-04-16', 'DE', 1, '3 ridgeburn Gate', '', 'Ottawa', 'AB', 'k1b4c1', 'CAN', '830-0220', 'jmoncrieff@mahsie.com', 'Jeffrey Moncrieff', 1, 45.00, 'TOR', '2007-04-16', 0, '0000-00-00', 0, 1089, 0, 0, 0, NULL, 1087, 'Partial Delivery', 'WWW1089', NULL, '2007-04-16', 245.24, 183.51, 14.88, -2.00, 0.00);
INSERT INTO `salesorders` VALUES (12, 'WWW1087', 'WWW1087', 'WWW1090', NULL, '', '2007-04-16', 'DE', 1, '3 ridgeburn Gate', '', 'Ottawa', 'AB', 'k1b4c1', 'CAN', '830-0220', 'jmoncrieff@mahsie.com', 'Jeffrey Moncrieff', 1, 37.00, 'TOR', '2007-04-16', 1, '2007-04-16', 0, 1090, 0, 0, 0, NULL, 1087, 'Created', 'WWW1090', NULL, '2007-04-16', 25.20, 23.14, 2.06, 0.00, 0.00);
INSERT INTO `salesorders` VALUES (13, 'WWW1087', 'WWW1087', 'WEB', NULL, ' Inv 1003', '2007-04-16', 'DE', 1, '3 ridgeburn Gate', '', 'Ottawa', 'AB', 'k1b4c1', 'CAN', '830-0220', 'jmoncrieff@mahsie.com', 'Jeffrey Moncrieff', 1, 37.00, 'TOR', '2007-04-16', 0, '0000-00-00', 0, 1091, 0, 0, 0, NULL, 1087, 'Partial Delivery', 'WWW1091', NULL, '2007-04-16', 118.18, 73.15, 6.18, -2.00, 0.00);
INSERT INTO `salesorders` VALUES (14, 'WWW1087', 'WWW1087', 'WEB', NULL, ' Inv 1007', '2007-04-16', 'DE', 1, '3 ridgeburn Gate', '', 'Ottawa', 'AB', 'k1b4c1', 'CAN', '830-0220', 'jmoncrieff@mahsie.com', 'Jeffrey Moncrieff', 1, 37.00, 'TOR', '2007-04-16', 0, '0000-00-00', 0, 1092, 0, 0, 0, NULL, 1087, 'Partial Delivery', 'WWW1092', NULL, '2007-04-16', 91.09, 48.12, 4.12, -2.00, 0.00);
INSERT INTO `salesorders` VALUES (15, 'WWW1094', 'WWW1094', 'WEB', NULL, '', '2007-04-23', 'DE', 1, '285 Churchill Ave. N.', '', 'Ottawa', 'ON', 'K1Z 5B7', 'CAN', '613-761-1489', 'gareth@agora-group.com', 'Gareth Spanglett', 1, 0.15, 'TOR', '2007-04-23', 0, '0000-00-00', 0, 1096, 0, 0, 0, NULL, 1094, 'Created', 'WWW1096', NULL, '2007-04-23', 0.42, 0.25, 0.02, 0.00, 0.00);
INSERT INTO `salesorders` VALUES (16, 'WWW1094', 'WWW1094', 'WEB', NULL, '', '2007-04-23', 'DE', 1, '285 Churchill Ave. N.', '', 'Ottawa', 'ON', 'K1Z 5B7', 'CAN', '613-761-1489', 'gareth@agora-group.com', 'Gareth Spanglett', 1, 0.15, 'TOR', '2007-04-23', 0, '0000-00-00', 0, 1097, 0, 0, 0, NULL, 1094, 'Created', 'WWW1097', NULL, '2007-04-23', 0.42, 0.25, 0.02, 0.00, 0.00);
INSERT INTO `salesorders` VALUES (17, 'WWW1094', 'WWW1094', 'WEB', NULL, '', '2007-04-23', 'DE', 1, '285 Churchill Ave. N.', '', 'Ottawa', 'ON', 'K1Z 5B7', 'CAN', '613-761-1489', 'gareth@agora-group.com', 'Gareth Spanglett', 1, 0.15, 'TOR', '2007-04-23', 0, '0000-00-00', 0, 1098, 0, 0, 0, NULL, 1094, 'Created', 'WWW1098', NULL, '2007-04-23', 0.42, 0.25, 0.02, 0.00, 0.00);
INSERT INTO `salesorders` VALUES (18, 'WWW1094', 'WWW1094', 'WEB', NULL, '', '2007-04-23', 'DE', 1, '285 Churchill Ave. N.', '', 'Ottawa', 'ON', 'K1Z 5B7', 'CAN', '613-761-1489', 'gareth@agora-group.com', 'Gareth Spanglett', 1, 0.15, 'TOR', '2007-04-23', 0, '0000-00-00', 0, 1099, 0, 0, 0, NULL, 1094, 'Created', 'WWW1099', NULL, '2007-04-23', 0.42, 0.25, 0.02, 0.00, 0.00);
INSERT INTO `salesorders` VALUES (19, 'WWW1094', 'WWW1094', 'WEB', NULL, '', '2007-04-23', 'DE', 1, '285 Churchill Ave. N.', '', 'Ottawa', 'ON', 'K1Z 5B7', 'CAN', '613-761-1489', 'gareth@agora-group.com', 'Gareth Spanglett', 1, 0.15, 'TOR', '2007-04-23', 0, '0000-00-00', 0, 1100, 0, 0, 0, NULL, 1094, 'Created', 'WWW1100', NULL, '2007-04-23', 0.42, 0.25, 0.02, 0.00, 0.00);
INSERT INTO `salesorders` VALUES (20, 'WWW1094', 'WWW1094', 'WEB', NULL, '', '2007-04-23', 'DE', 1, '285 Churchill Ave. N.', '', 'Ottawa', 'ON', 'K1Z 5B7', 'CAN', '613-761-1489', 'gareth@agora-group.com', 'Gareth Spanglett', 1, 0.15, 'TOR', '2007-04-23', 0, '0000-00-00', 0, 1101, 0, 0, 0, NULL, 1094, 'Created', 'WWW1101', NULL, '2007-04-23', 0.42, 0.25, 0.02, 0.00, 0.00);
INSERT INTO `salesorders` VALUES (21, 'WWW1094', 'WWW1094', 'WEB', NULL, '', '2007-04-23', 'DE', 1, '285 Churchill Ave. N.', '', 'Ottawa', 'ON', 'K1Z 5B7', 'CAN', '613-761-1489', 'gareth@agora-group.com', 'Gareth Spanglett', 1, 0.15, 'TOR', '2007-04-23', 0, '0000-00-00', 0, 1102, 0, 0, 0, NULL, 1094, 'Created', 'WWW1102', NULL, '2007-04-23', 0.42, 0.25, 0.02, 0.00, 0.00);
INSERT INTO `salesorders` VALUES (22, 'WWW1103', 'WWW1103', 'WEB', NULL, '', '2007-05-08', 'DE', 1, '1234 Main', '', 'Ottawa', 'ON', 'K1Z 5B7', 'CAN', '613-555-1212', 'gareth@mahsie.com', 'Gareth Spanglett', 1, 12.00, 'TOR', '2007-05-08', 0, '0000-00-00', 0, 1105, 0, 0, 0, NULL, 1103, 'Created', 'WWW1105', NULL, '2007-05-08', 14.07, 1.00, 0.08, 0.00, 0.99);
INSERT INTO `salesorders` VALUES (23, 'WWW1103', 'WWW1103', 'WEB', NULL, '', '2007-05-08', 'DE', 1, '1234 Main', '', 'Ottawa', 'ON', 'K1Z 5B7', 'CAN', '613-555-1212', 'gareth@mahsie.com', 'Gareth Spanglett', 1, 0.25, 'TOR', '2007-05-08', 0, '0000-00-00', 0, 1107, 0, 0, 0, NULL, 1103, 'Created', 'WWW1107', NULL, '2007-05-08', 2.54, 0.25, 0.17, -2.00, 0.02);
INSERT INTO `salesorders` VALUES (24, 'WWW1103', 'WWW1103', 'WEB', NULL, ' Inv 1008', '2007-05-08', 'DE', 1, '1234 Main', '', 'Ottawa', 'ON', 'K1Z 5B7', 'CAN', '613-555-1212', 'gareth@mahsie.com', 'Gareth Spanglett', 1, 0.25, 'TOR', '2007-05-08', 0, '0000-00-00', 0, 1108, 0, 0, 0, NULL, 1103, 'Partial Delivery', 'WWW1108', NULL, '2007-05-08', 0.54, 0.25, 0.02, 0.00, 0.02);
INSERT INTO `salesorders` VALUES (25, 'WWW1109', 'WWW1109', 'WEB', NULL, 'Thanks for the great pins. Inv 1009', '2007-05-15', 'DE', 1, '1234 Main Street', '', 'Ottawa', 'ON', 'K1A 1A1', 'CAN', '613-555-1212', 'mikepowers40@yahoo.ca', 'Klaus Vachon', 1, 0.25, 'TOR', '2007-05-15', 1, '2007-05-15', 0, 1111, 0, 0, 0, NULL, 1109, 'Partial Delivery', 'WWW1111', NULL, '2007-05-15', 0.81, 0.50, 0.04, 0.00, 0.02);
INSERT INTO `salesorders` VALUES (26, 'WWW1118', 'WWW1118', 'WEB', NULL, '', '2007-06-18', 'DE', 1, '3 ridgeBurn gate', '', 'Ottawa', 'AB', 'ontario', 'CAN', '613-830-0220', 'jeffrey.moncrieff@mahsie.', 'Jeffrey Moncrieff', 1, 28.00, 'TOR', '2007-06-18', 0, '0000-00-00', 0, 1120, 0, 0, 0, NULL, 1118, 'Created', 'WWW1120', NULL, '2007-06-18', 28.27, 0.25, 0.02, 0.00, 0.00);
INSERT INTO `salesorders` VALUES (27, 'WWW1121', 'WWW1121', 'WEB', NULL, '', '2007-06-19', 'DE', 1, '1234 Main', '', 'Ottawa', 'ON', 'K1A1A1', 'CAN', '613-761-1489', 'prsidoro@mavericsolutions', 'Gareth Spanglett', 1, 28.00, 'TOR', '2007-06-19', 0, '0000-00-00', 0, 1123, 0, 0, 0, NULL, 1121, 'Created', 'WWW1123', NULL, '2007-06-19', 28.27, 0.25, 0.02, 0.00, 0.00);
INSERT INTO `salesorders` VALUES (28, 'WWW1121', 'WWW1121', 'WEB', NULL, '', '2007-06-25', 'DE', 1, '1234 Main', '', 'Ottawa', 'ON', 'K1A1A1', 'CAN', '613-761-1489', 'prsidoro@mavericsolutions', 'Gareth Spanglett', 1, 0.25, 'TOR', '2007-06-25', 0, '0000-00-00', 0, 1124, 0, 0, 0, NULL, 1121, 'Created', 'WWW1124', NULL, '2007-06-25', 0.54, 0.25, 0.02, 0.00, 0.02);
INSERT INTO `salesorders` VALUES (29, 'WWW1128', 'WWW1128', 'WEB', NULL, '', '2007-06-25', 'DE', 1, '1234 Main St.', '', 'Ottawa', 'ON', 'K1Z5B7', 'CAN', '613-555-5555', 'vic@vaid.com', 'Vic Vaid', 1, 0.25, 'TOR', '2007-06-25', 0, '0000-00-00', 0, 1130, 0, 0, 0, NULL, 1128, 'Created', 'WWW1130', NULL, '2007-06-25', 0.54, 0.25, 0.02, 0.00, 0.02);
INSERT INTO `salesorders` VALUES (30, 'WWW1131', 'WWW1131', 'WWW1133', NULL, '', '2007-08-13', 'DE', 1, '3 ridgebun Gate', '', 'Gloucester', 'AB', 'k1b4c1', 'CAN', '613-830-0220', 'jmoncrieff@mahsie.com', 'mahsie OSS', 1, 28.00, 'TOR', '2007-08-13', 0, '0000-00-00', 0, 1133, 0, 0, 0, 0.000, 1131, 'Approved', 'WWW1133', '', '2007-08-13', 28.42, 0.25, 0.17, 0.00, 0.00);
INSERT INTO `salesorders` VALUES (31, 'WWW1131', 'WWW1131', 'WEB', NULL, ' Inv 1011', '2007-08-18', 'DE', 1, '3 ridgebun Gate', '', 'Gloucester', 'AB', 'k1b4c1', 'CAN', '613-830-0220', 'jmoncrieff@mahsie.com', 'Jeffrey Moncrieff', 1, 28.00, 'TOR', '2007-08-18', 0, '0000-00-00', 0, 1158, 0, 0, 0, NULL, 1131, 'Partial Delivery', 'WWW1158', NULL, '2007-08-18', 84.00, 56.00, 0.00, 0.00, 0.00);
INSERT INTO `salesorders` VALUES (1001, 'WWW1070', 'WWW1070', '1093', NULL, '', '2007-04-17', 'DE', 1, '', '', '', '', '', '', '', '', 'Mahsie Open Soure', 1, 0.00, 'HQ', '2007-04-17', 0, '0000-00-00', 0, 1093, 0, 0, 0, 0.000, 1070, 'Created', '1093', '', '2007-04-17', 49.99, 49.99, 0.00, 0.00, 0.00);
INSERT INTO `salesorders` VALUES (1002, 'WWW1109', 'WWW1109', 'test', NULL, '', '2007-06-15', 'DE', 1, '', '', '', '', '', '', '', '', 'Vachon, Klaus', 1, 0.00, 'HQ', '2007-06-15', 1, '2007-08-18', 0, 1116, 0, 0, 0, 0.000, 1109, 'Created', 'test', '', '2007-06-15', 1.06, 1.00, 0.06, 0.00, 0.00);
INSERT INTO `salesorders` VALUES (1003, 'WWW1070', 'WWW1070', '05054', NULL, ' Inv 1010', '2007-08-18', 'DE', 1, '', '', '', '', '', '', NULL, NULL, 'Mahsie Open Soure', 1, 0.00, 'HQ', '2007-08-18', 0, '0000-00-00', 0, 1157, 0, 0, 0, 0.000, 1070, 'Partial Delivery', '05054', '', '2007-08-18', 3699.40, 3490.00, 209.40, 0.00, 0.00);

-- --------------------------------------------------------

-- 
-- Table structure for table `salestypes`
-- 

CREATE TABLE `salestypes` (
  `typeabbrev` char(2) NOT NULL default '',
  `sales_type` char(20) NOT NULL default '',
  PRIMARY KEY  (`typeabbrev`),
  KEY `Sales_Type` (`sales_type`)
) ENGINE=InnoDB DEFAULT CHARSET=latin1;

-- 
-- Dumping data for table `salestypes`
-- 

INSERT INTO `salestypes` VALUES ('DE', 'Default Price List');
INSERT INTO `salestypes` VALUES ('DI', 'Direct');
INSERT INTO `salestypes` VALUES ('DB', 'Distributor');

-- --------------------------------------------------------

-- 
-- Table structure for table `salutationtype`
-- 

CREATE TABLE `salutationtype` (
  `salutationid` int(19) NOT NULL auto_increment,
  `salutationtype` varchar(200) NOT NULL default '',
  `sortorderid` int(19) NOT NULL default '0',
  `presence` int(1) NOT NULL default '1',
  PRIMARY KEY  (`salutationid`)
) ENGINE=MyISAM DEFAULT CHARSET=latin1 AUTO_INCREMENT=7 ;

-- 
-- Dumping data for table `salutationtype`
-- 

INSERT INTO `salutationtype` VALUES (1, '--None--', 0, 1);
INSERT INTO `salutationtype` VALUES (2, 'Mr.', 1, 1);
INSERT INTO `salutationtype` VALUES (3, 'Ms.', 2, 1);
INSERT INTO `salutationtype` VALUES (4, 'Mrs.', 3, 1);
INSERT INTO `salutationtype` VALUES (5, 'Dr.', 4, 1);
INSERT INTO `salutationtype` VALUES (6, 'Prof.', 5, 1);

-- --------------------------------------------------------

-- 
-- Table structure for table `scripts`
-- 

CREATE TABLE `scripts` (
  `pageid` smallint(4) NOT NULL auto_increment,
  `filename` varchar(50) NOT NULL default '',
  `pagedescription` text NOT NULL,
  PRIMARY KEY  (`pageid`),
  KEY `FileName` (`filename`)
) ENGINE=InnoDB DEFAULT CHARSET=latin1 COMMENT='Index of all scripts' AUTO_INCREMENT=167 ;

-- 
-- Dumping data for table `scripts`
-- 

INSERT INTO `scripts` VALUES (1, 'AccountGroups.php', 'Defines the groupings of general ledger accounts');
INSERT INTO `scripts` VALUES (2, 'AgedDebtors.php', 'Lists customer account balances in detail or summary in selected currency');
INSERT INTO `scripts` VALUES (3, 'AgedSuppliers.php', 'Lists supplier account balances in detail or summary in selected currency');
INSERT INTO `scripts` VALUES (4, 'Areas.php', 'Defines the sales areas - all customers must belong to a sales area for the purposes of sales analysis');
INSERT INTO `scripts` VALUES (5, 'BOMInquiry.php', 'Displays the bill of material with cost information');
INSERT INTO `scripts` VALUES (6, 'BOMListing.php', 'Lists the bills of material for a selected range of items');
INSERT INTO `scripts` VALUES (7, 'BOMs.php', 'Administers the bills of material for a selected item');
INSERT INTO `scripts` VALUES (8, 'BankAccounts.php', 'Defines the general ledger code for bank accounts and specifies that bank transactions be created for these accounts for the purposes of reconciliation');
INSERT INTO `scripts` VALUES (9, 'BankMatching.php', 'Allows payments and receipts to be matched off against bank statements');
INSERT INTO `scripts` VALUES (10, 'BankReconciliation.php', 'Displays the bank reconciliation for a selected bank account');
INSERT INTO `scripts` VALUES (11, 'COGSGLPostings.php', 'Defines the general ledger account to be used for cost of sales entries');
INSERT INTO `scripts` VALUES (12, 'CompanyPreferences.php', 'Defines the settings applicable for the company, including name, address, tax authority reference, whether GL integration used etc.');
INSERT INTO `scripts` VALUES (13, 'ConfirmDispatchControlled_Invoice.php', 'Specifies the batch references/serial numbers of items dispatched that are being invoiced');
INSERT INTO `scripts` VALUES (14, 'ConfirmDispatch_Invoice.php', 'Creates sales invoices from entered sales orders based on the quantities dispatched that can be modified');
INSERT INTO `scripts` VALUES (15, 'CreditItemsControlled.php', 'Specifies the batch references/serial numbers of items being credited back into stock');
INSERT INTO `scripts` VALUES (16, 'CreditStatus.php', 'Defines the credit status records. Each customer account is given a credit status from this table. Some credit status records can prohibit invoicing and new orders being entered.');
INSERT INTO `scripts` VALUES (17, 'Credit_Invoice.php', 'Creates a credit note based on the details of an existing invoice');
INSERT INTO `scripts` VALUES (18, 'Currencies.php', 'Defines the currencies available. Each customer and supplier must be defined as transacting in one of the currencies defined here.');
INSERT INTO `scripts` VALUES (19, 'CustEDISetup.php', 'Allows the set up the customer specified EDI parameters for server, email or ftp.');
INSERT INTO `scripts` VALUES (20, 'CustWhereAlloc.php', 'Shows to which invoices a receipt was allocated to');
INSERT INTO `scripts` VALUES (21, 'CustomerAllocations.php', 'Allows customer receipts and credit notes to be allocated to sales invoices');
INSERT INTO `scripts` VALUES (22, 'CustomerBranches.php', 'Defines the details of customer branches such as delivery address and contact details - also sales area, representative etc');
INSERT INTO `scripts` VALUES (23, 'CustomerInquiry.php', 'Shows the customers account transactions with balances outstanding, links available to drill down to invoice/credit note or email invoices/credit notes');
INSERT INTO `scripts` VALUES (24, 'CustomerReceipt.php', 'Entry of both customer receipts against accounts receivable and also general ledger or nominal receipts');
INSERT INTO `scripts` VALUES (25, 'CustomerTransInquiry.php', 'Lists in html the sequence of customer transactions, invoices, credit notes or receipts by a user entered date range');
INSERT INTO `scripts` VALUES (26, 'Customers.php', 'Defines the setup of a customer account, including payment terms, billing address, credit status, currency etc');
INSERT INTO `scripts` VALUES (27, 'DeliveryDetails.php', 'Used during order entry to allow the entry of delivery addresses other than the defaulted branch delivery address and information about carrier/shipping method etc');
INSERT INTO `scripts` VALUES (28, 'DiscountCategories.php', 'Defines the items belonging to a discount category. Discount Categories are used to allow discounts based on quantities across a range of producs');
INSERT INTO `scripts` VALUES (29, 'DiscountMatrix.php', 'Defines the rates of discount applicable to discount categories and the customer groupings to which the rates are to apply');
INSERT INTO `scripts` VALUES (30, 'EDIMessageFormat.php', 'Specifies the EDI message format used by a customer - administrator use only.');
INSERT INTO `scripts` VALUES (31, 'EDIProcessOrders.php', 'Processes incoming EDI orders into sales orders');
INSERT INTO `scripts` VALUES (32, 'EDISendInvoices.php', 'Processes invoiced EDI customer invoices into EDI messages and sends using the customers preferred method either ftp or email attachments.');
INSERT INTO `scripts` VALUES (33, 'EmailCustTrans.php', 'Emails selected invoice or credit to the customer');
INSERT INTO `scripts` VALUES (34, 'FTP_RadioBeacon.php', 'FTPs sales orders for dispatch to a radio beacon software enabled warehouse dispatching facility');
INSERT INTO `scripts` VALUES (35, 'FreightCosts.php', 'Defines the setup of the freight cost using different shipping methods to different destinations. The system can use this information to calculate applicable freight if the items are defined with the correct kgs and cubic volume');
INSERT INTO `scripts` VALUES (36, 'GLAccountInquiry.php', 'Shows the general ledger transactions for a specified account over a specified range of periods');
INSERT INTO `scripts` VALUES (37, 'GLAccounts.php', 'Defines the general ledger accounts');
INSERT INTO `scripts` VALUES (38, 'GLBalanceSheet.php', 'Shows the balance sheet for the company as at a specified date');
INSERT INTO `scripts` VALUES (39, 'GLCodesInquiry.php', 'Shows the list of general ledger codes defined with account names and groupings');
INSERT INTO `scripts` VALUES (40, 'GLJournal.php', 'Entry of general ledger journals, periods are calculated based on the date entered here');
INSERT INTO `scripts` VALUES (41, 'GLProfit_Loss.php', 'Shows the profit and loss of the company for the range of periods entered');
INSERT INTO `scripts` VALUES (42, 'GLTransInquiry.php', 'Shows the general ledger journal created for the sub ledger transaction specified');
INSERT INTO `scripts` VALUES (43, 'GLTrialBalance.php', 'Shows the trial balance for the month and the for the period selected together with the budgeted trial balances');
INSERT INTO `scripts` VALUES (44, 'GoodsReceived.php', 'Entry of items received against purchase orders');
INSERT INTO `scripts` VALUES (45, 'GoodsReceivedControlled.php', 'Entry of the serial numbers or batch references for controlled items received against purchase orders');
INSERT INTO `scripts` VALUES (46, 'InventoryPlanning.php', 'Creates a pdf report showing the last 4 months use of items including as a component of assemblies together with stock quantity on hand, current demand for the item and current quantity on sales order.');
INSERT INTO `scripts` VALUES (47, 'InventoryValuation.php', 'Creates a pdf report showing the value of stock at standard cost for a range of product categories selected');
INSERT INTO `scripts` VALUES (48, 'Locations.php', 'Defines the inventory stocking locations or warehouses');
INSERT INTO `scripts` VALUES (49, 'Logout.php', 'Shows when the user logs out of webERP');
INSERT INTO `scripts` VALUES (50, 'MailInventoryValuation.php', 'Meant to be run as a scheduled process to email the stock valuation off to a specified person. Creates the same stock valuation report as InventoryValuation.php');
INSERT INTO `scripts` VALUES (51, 'MailSalesReport.php', 'Creates a sales analysis pdf report and emails it to the defined receipients. This script is meant to be run as a scheduled process for daily or weekly sales reporting');
INSERT INTO `scripts` VALUES (52, 'MailSalesReport_csv.php', 'Creates a sales analysis report as a comma separated values (csv) file and emails it to the defined receipients. This script is meant to be run as a scheduled process for daily or weekly sales reporting');
INSERT INTO `scripts` VALUES (53, 'OrderDetails.php', 'Shows the detail of a sales order');
INSERT INTO `scripts` VALUES (54, 'OutstandingGRNs.php', 'Creates a pdf showing all GRNs for which there has been no purchase invoice matched off against.');
INSERT INTO `scripts` VALUES (55, 'PDFBankingSummary.php', 'Creates a pdf showing the amounts entered as receipts on a specified date together with references for the purposes of banking');
INSERT INTO `scripts` VALUES (56, 'PDFChequeListing.php', 'Creates a pdf showing all payments that have been made from a specified bank account over a specified period. This can be emailed to an email account defined in config.php - ie a financial controller');
INSERT INTO `scripts` VALUES (57, 'PDFDeliveryDifferences.php', 'Creates a pdf report listing the delivery differences from what the customer requested as recorded in the order entry. The report calculates a percentage of order fill based on the number of orders filled in full on time');
INSERT INTO `scripts` VALUES (58, 'PDFLowGP.php', 'Creates a pdf report showing the low gross profit sales made in the selected date range. The percentage of gp deemed acceptable can also be entered');
INSERT INTO `scripts` VALUES (59, 'PDFPriceList.php', 'Creates a pdf of the price list applicable to a given sales type and customer. Also allows the listing of prices specific to a customer');
INSERT INTO `scripts` VALUES (60, 'PDFStockCheckComparison.php', 'Creates a pdf comparing the quantites entered as counted at a given range of locations against the quantity stored as on hand as at the time a stock check was initiated.');
INSERT INTO `scripts` VALUES (61, 'PDFStockLocTransfer.php', 'Creates a stock location transfer docket for the selected location transfer reference number');
INSERT INTO `scripts` VALUES (62, 'PO_Chk_ShiptRef_JobRef.php', 'Checks the Shipment of JobReference number is correct during AP invoice entry');
INSERT INTO `scripts` VALUES (63, 'PO_Header.php', 'Entry of a purchase order header record - date, references buyer etc');
INSERT INTO `scripts` VALUES (64, 'PO_Items.php', 'Entry of a purchase order items - allows entry of items with lookup of currency cost from Purchasing Data previously entered also allows entry of nominal items against a general ledger code if the AP is integrated to the GL');
INSERT INTO `scripts` VALUES (65, 'PO_OrderDetails.php', 'Purchase order inquiry shows the quantity received and invoiced of purchase order items as well as the header information');
INSERT INTO `scripts` VALUES (66, 'PO_PDFPurchOrder.php', 'Creates a pdf of the selected purchase order for printing or email to one of the supplier contacts entered');
INSERT INTO `scripts` VALUES (67, 'PO_SelectOSPurchOrder.php', 'Shows the outstanding purchase orders for selecting with links to receive or modify the purchase order header and items');
INSERT INTO `scripts` VALUES (68, 'PO_SelectPurchOrder.php', 'Allows selection of any purchase order with links to the inquiry');
INSERT INTO `scripts` VALUES (69, 'PaymentTerms.php', 'Defines the payment terms records, these can be expressed as either a number of days credit or a day in the following month. All customers and suppliers must have a corresponding payment term recorded against their account');
INSERT INTO `scripts` VALUES (70, 'Payments.php', 'Entry of bank account payments either against an AP account or a general ledger payment - if the AP-GL link in company preferences is set');
INSERT INTO `scripts` VALUES (71, 'PeriodsInquiry.php', 'Shows a list of all the system defined periods');
INSERT INTO `scripts` VALUES (72, 'Prices.php', 'Entry of prices for a selected item also allows selection of sales type and currency for the price');
INSERT INTO `scripts` VALUES (73, 'Prices_Customer.php', 'Entry of prices for a selected item and selected customer/branch. The currency and sales type is defaulted from the customer''s record');
INSERT INTO `scripts` VALUES (74, 'PrintCustOrder.php', 'Creates a pdf of the dispatch note - by default this is expected to be on two part pre-printed stationery to allow pickers to note discrepancies for the confirmer to update the dispatch at the time of invoicing');
INSERT INTO `scripts` VALUES (75, 'PrintCustOrder_generic.php', 'Creates two copies of a laser printed dispatch note - both copies need to be written on by the pickers with any discrepancies to advise customer of any shortfall and on the office copy to ensure the correct quantites are invoiced');
INSERT INTO `scripts` VALUES (76, 'PrintCustStatements.php', 'Creates a pdf for the customer statements in the selected range');
INSERT INTO `scripts` VALUES (77, 'PrintCustTrans.php', 'Creates either a html invoice or credit note or a pdf. A range of invoices or credit notes can be selected also.');
INSERT INTO `scripts` VALUES (78, 'PurchData.php', 'Entry of supplier purchasing data, the suppliers part reference and the suppliers currency cost of the item');
INSERT INTO `scripts` VALUES (79, 'ReverseGRN.php', 'Reverses the entry of goods received - creating stock movements back out and necessary general ledger journals to effect the reversal');
INSERT INTO `scripts` VALUES (80, 'SalesAnalReptCols.php', 'Entry of the definition of a sales analysis report''s columns.');
INSERT INTO `scripts` VALUES (81, 'SalesAnalRepts.php', 'Entry of the definition of a sales analysis report headers');
INSERT INTO `scripts` VALUES (82, 'SalesAnalysis_UserDefined.php', 'Creates a pdf of a selected user defined sales analysis report');
INSERT INTO `scripts` VALUES (83, 'SalesGLPostings.php', 'Defines the general ledger accounts used to post sales to based on product categories and sales areas');
INSERT INTO `scripts` VALUES (84, 'SalesPeople.php', 'Defines the sales people of the business');
INSERT INTO `scripts` VALUES (85, 'SalesTypes.php', 'Defines the sales types - prices are held against sales types they can be considered price lists. Sales analysis records are held by sales type too.');
INSERT INTO `scripts` VALUES (86, 'SelectCompletedOrder.php', 'Allows the selection of completed sales orders for inquiries - choices to select by item code or customer');
INSERT INTO `scripts` VALUES (87, 'SelectCreditItems.php', 'Entry of credit notes from scratch, selecting the items in either quick entry mode or searching for them manually');
INSERT INTO `scripts` VALUES (88, 'SelectCustomer.php', 'Selection of customer - from where all customer related maintenance, transactions and inquiries start');
INSERT INTO `scripts` VALUES (89, 'SelectGLAccount.php', 'Selection of general ledger account from where all general ledger account maintenance, or inquiries are initiated');
INSERT INTO `scripts` VALUES (90, 'SelectOrderItems.php', 'Entry of sales order items with both quick entry and part search functions');
INSERT INTO `scripts` VALUES (91, 'SelectProduct.php', 'Selection of items. All item maintenance, transactions and inquiries start with this script');
INSERT INTO `scripts` VALUES (92, 'SelectSalesOrder.php', 'Selects a sales order irrespective of completed or not for inquiries');
INSERT INTO `scripts` VALUES (93, 'SelectSupplier.php', 'Selects a supplier. A supplier is required to be selected before any AP transactions and before any maintenance or inquiry of the supplier');
INSERT INTO `scripts` VALUES (94, 'ShipmentCosting.php', 'Shows the costing of a shipment with all the items invoice values and any shipment costs apportioned. Updating the shipment has an option to update standard costs of all items on the shipment and create any general ledger variance journals');
INSERT INTO `scripts` VALUES (95, 'Shipments.php', 'Entry of shipments from outstanding purchase orders for a selected supplier - changes in the delivery date will cascade into the different purchase orders on the shipment');
INSERT INTO `scripts` VALUES (96, 'Shippers.php', 'Defines the shipping methods available. Each customer branch has a default shipping method associated with it which must match a record from this table');
INSERT INTO `scripts` VALUES (97, 'Shipt_Select.php', 'Selection of a shipment for displaying and modification or updating');
INSERT INTO `scripts` VALUES (98, 'ShiptsList.php', 'Shows a list of all the open shipments for a selected supplier. Linked from POItems.php');
INSERT INTO `scripts` VALUES (99, 'SpecialOrder.php', 'Allows for a sales order to be created and an indent order to be created on a supplier for a one off item that may never be purchased again. A dummy part is created based on the description and cost details given.');
INSERT INTO `scripts` VALUES (100, 'StockAdjustments.php', 'Entry of quantity corrections to stocks in a selected location.');
INSERT INTO `scripts` VALUES (101, 'StockAdjustmentsControlled.php', 'Entry of batch references or serial numbers on controlled stock items being adjusted');
INSERT INTO `scripts` VALUES (102, 'StockCategories.php', 'Defines the stock categories. All items must refer to one of these categories. The category record also allows the specification of the general ledger codes where stock items are to be posted - the balance sheet account and the profit and loss effect of any adjustments and the profit and loss effect of any price variances');
INSERT INTO `scripts` VALUES (103, 'StockCheck.php', 'Allows creation of a stock check file - copying the current quantites in stock for later comparison to the entered counts. Also produces a pdf for the count sheets.');
INSERT INTO `scripts` VALUES (104, 'StockCostUpdate.php', 'Allows update of the standard cost of items producing general ledger journals if the company preferences stock GL interface is active');
INSERT INTO `scripts` VALUES (105, 'StockCounts.php', 'Allows entry of stock counts');
INSERT INTO `scripts` VALUES (106, 'StockLocMovements.php', 'Inquiry shows the Movements of all stock items for a specified location');
INSERT INTO `scripts` VALUES (107, 'StockLocQties_csv.php', 'Makes a comma separated values (CSV)file of the stock item codes and quantities');
INSERT INTO `scripts` VALUES (108, 'StockLocStatus.php', 'Shows the stock on hand together with outstanding sales orders and outstanding purchase orders by stock location for all items in the selected stock category');
INSERT INTO `scripts` VALUES (109, 'StockLocTransfer.php', 'Entry of a bulk stock location transfer for many parts from one location to another.');
INSERT INTO `scripts` VALUES (110, 'StockLocTransferReceive.php', 'Effects the transfer and creates the stock movements for a bulk stock location transfer initiated from StockLocTransfer.php');
INSERT INTO `scripts` VALUES (111, 'StockMovements.php', 'Shows a list of all the stock movements for a selected item and stock location including the price at which they were sold in local currency and the price at which they were purchased for in local currency');
INSERT INTO `scripts` VALUES (112, 'StockQties_csv.php', 'Makes a comma separated values (CSV)file of the stock item codes and quantities');
INSERT INTO `scripts` VALUES (113, 'StockReorderLevel.php', 'Entry and review of the re-order level of items by stocking location');
INSERT INTO `scripts` VALUES (114, 'StockSerialItems.php', 'Shows a list of the serial numbers or the batch references and quantities of controlled items. This inquiry is linked from the stock status inquiry');
INSERT INTO `scripts` VALUES (115, 'StockStatus.php', 'Shows the stock on hand together with outstanding sales orders and outstanding purchase orders by stock location for a selected part. Has a link to show the serial numbers in stock at the location selected if the item is controlled');
INSERT INTO `scripts` VALUES (116, 'StockTransferControlled.php', 'Entry of serial numbers/batch references for controlled items being received on a stock transfer. The script is used by both bulk transfers and point to point transfers');
INSERT INTO `scripts` VALUES (117, 'StockTransfers.php', 'Entry of point to point stock location transfers of a single part');
INSERT INTO `scripts` VALUES (118, 'StockUsage.php', 'Inquiry showing the quantity of stock used by period calculated from the sum of the stock movements over that period - by item and stock location. Also available over all locations');
INSERT INTO `scripts` VALUES (119, 'Stocks.php', 'Defines an item - maintenance and addition of new parts');
INSERT INTO `scripts` VALUES (120, 'SuppCreditGRNs.php', 'Entry of a supplier credit notes (debit notes) against existing GRN which have already been matched in full or in part');
INSERT INTO `scripts` VALUES (121, 'SuppInvGRNs.php', 'Entry of supplier invoices against goods received');
INSERT INTO `scripts` VALUES (122, 'SuppPaymentRun.php', 'Automatic creation of payment records based on calculated amounts due from AP invoices entered');
INSERT INTO `scripts` VALUES (123, 'SuppShiptChgs.php', 'Entry of supplier invoices against shipments as charges against a shipment');
INSERT INTO `scripts` VALUES (124, 'SuppTransGLAnalysis.php', 'Entry of supplier invoices against general ledger codes');
INSERT INTO `scripts` VALUES (125, 'SupplierAllocations.php', 'Entry of allocations of supplier payments and credit notes to invoices');
INSERT INTO `scripts` VALUES (126, 'SupplierContacts.php', 'Entry of supplier contacts and contact details including email addresses');
INSERT INTO `scripts` VALUES (127, 'SupplierCredit.php', 'Entry of supplier credit notes (debit notes)');
INSERT INTO `scripts` VALUES (128, 'SupplierInquiry.php', 'Inquiry showing invoices, credit notes and payments made to suppliers together with the amounts outstanding');
INSERT INTO `scripts` VALUES (129, 'SupplierInvoice.php', 'Entry of supplier invoices');
INSERT INTO `scripts` VALUES (130, 'Suppliers.php', 'Entry of new suppliers and maintenance of existing suppliers');
INSERT INTO `scripts` VALUES (131, 'TaxAuthorities.php', 'Entry of tax authorities - the state intitutions that charge tax');
INSERT INTO `scripts` VALUES (132, 'TaxAuthorityRates.php', 'Entry of the rates of tax applicable to the tax authority depending on the item tax level');
INSERT INTO `scripts` VALUES (133, 'WWW_Users.php', 'Entry of users and security settings of users');
INSERT INTO `scripts` VALUES (134, 'WhereUsedInquiry.php', 'Inquiry showing where an item is used ie all the parents where the item is a component of');
INSERT INTO `scripts` VALUES (135, 'WorkCentres.php', 'Defines the various centres of work within a manufacturing company. Also the overhead and labour rates applicable to the work centre and its standard capacity');
INSERT INTO `scripts` VALUES (136, 'WorkOrderEntry.php', 'Entry of new work orders');
INSERT INTO `scripts` VALUES (137, 'WorkOrderIssue.php', 'Issue of materials to a work order');
INSERT INTO `scripts` VALUES (138, 'Z_ChangeBranchCode.php', 'Utility to change the branch code of a customer that cascades the change through all the necessary tables');
INSERT INTO `scripts` VALUES (139, 'Z_ChangeCustomerCode.php', 'Utility to change a customer code that cascades the change through all the necessary tables');
INSERT INTO `scripts` VALUES (140, 'Z_ChangeStockCode.php', 'Utility to change an item code that cascades the change through all the necessary tables');
INSERT INTO `scripts` VALUES (141, 'Z_CheckAllocationsFrom.php', '');
INSERT INTO `scripts` VALUES (142, 'Z_CheckAllocs.php', '');
INSERT INTO `scripts` VALUES (143, 'Z_CheckDebtorsControl.php', 'Inquiry that shows the total local currency (functional currency) balance of all customer accounts to reconcile with the general ledger debtors account');
INSERT INTO `scripts` VALUES (144, 'Z_CreateChartDetails.php', 'Utility page to create chart detail records for all general ledger accounts and periods created - needs expert assistance in use');
INSERT INTO `scripts` VALUES (145, 'Z_CreateCompany.php', 'Utility to insert company number 1 if not already there - actually only company 1 is used - the system is not multi-company');
INSERT INTO `scripts` VALUES (146, 'Z_CurrencyDebtorsBalances.php', 'Inquiry that shows the total foreign currency together with the total local currency (functional currency) balances of all customer accounts to reconcile with the general ledger debtors account');
INSERT INTO `scripts` VALUES (147, 'Z_CurrencySuppliersBalances.php', 'Inquiry that shows the total foreign currency amounts and also the local currency (functional currency) balances of all supplier accounts to reconcile with the general ledger creditors account');
INSERT INTO `scripts` VALUES (148, 'Z_DeleteCreditNote.php', 'Utility to reverse a customer credit note - a desperate measure that should not be used except in extreme circumstances');
INSERT INTO `scripts` VALUES (149, 'Z_DeleteInvoice.php', 'Utility to reverse a customer invoice - a desperate measure that should not be used except in extreme circumstances');
INSERT INTO `scripts` VALUES (150, 'Z_DeleteSalesTransActions.php', 'Utility to delete all sales transactions, sales analysis the lot! Extreme care required!!!');
INSERT INTO `scripts` VALUES (151, 'Z_MakeStockLocns.php', 'Utility to make LocStock records for all items and locations if not already set up.');
INSERT INTO `scripts` VALUES (152, 'Z_PriceChanges.php', 'Utility to make bulk pricing alterations to selected sales type price lists or selected customer prices only');
INSERT INTO `scripts` VALUES (153, 'Z_ReApplyCostToSA.php', 'Utility to allow the sales analysis table to be updated with the latest cost information - the sales analysis takes the cost at the time the sale was made to reconcile with the enteries made in the gl.');
INSERT INTO `scripts` VALUES (154, 'Z_RePostGLFromPeriod.php', 'Utility to repost all general ledger transaction commencing from a specified period. This can take some time in busy environments. Normally GL transactions are posted automatically each time a trial balance or profit and loss account is run');
INSERT INTO `scripts` VALUES (155, 'Z_ReverseSuppPaymentRun.php', 'Utility to reverse an entire Supplier payment run');
INSERT INTO `scripts` VALUES (156, 'Z_UpdateChartDetailsBFwd.php', 'Utility to recalculate the ChartDetails table B/Fwd balances - extreme care!!');
INSERT INTO `scripts` VALUES (157, 'Z_UploadForm.php', 'Utility to upload a file to a remote server');
INSERT INTO `scripts` VALUES (158, 'Z_UploadResult.php', 'Utility to upload a file to a remote server');
INSERT INTO `scripts` VALUES (159, 'Z_index.php', 'Utility menu page');
INSERT INTO `scripts` VALUES (160, 'index.php', 'The main menu from where all functions available to the user are accessed by clicking on the links');
INSERT INTO `scripts` VALUES (161, 'phpinfo.php', 'Details about PHP installation on the server');
INSERT INTO `scripts` VALUES (162, 'UserSettings.php', 'Allows the user to change system wide defaults for the theme - appearance, the number of records to show in searches and the language to display messages in');
INSERT INTO `scripts` VALUES (163, 'StockQuantityByDate.php', 'Shows the stock on hand for each item at a selected location and stock category as at a specified date');
INSERT INTO `scripts` VALUES (164, 'PDFOrderStatus.php', 'Reports on sales order status by date range, by stock location and stock category - producing a pdf showing each line items and any quantites delivered');
INSERT INTO `scripts` VALUES (165, 'Tax.php', 'Creates a report of the ad-valoerm tax - GST/VAT - for the period selected from accounts payable and accounts receivable data');
INSERT INTO `scripts` VALUES (166, 'PDFCustomerList.php', 'Creates a report of the customer and branch information held. This report has options to print only customer branches in a specified sales area and sales person. Additional option allows to list only those customers with activity either under or over a specified amount, since a specified date.');

-- --------------------------------------------------------

-- 
-- Table structure for table `seactivityrel`
-- 

CREATE TABLE `seactivityrel` (
  `crmid` int(19) NOT NULL default '0',
  `activityid` int(19) NOT NULL default '0',
  PRIMARY KEY  (`crmid`,`activityid`),
  KEY `SeActivityRel_IDX0` (`activityid`),
  KEY `SeActivityRel_IDX1` (`crmid`)
) ENGINE=InnoDB DEFAULT CHARSET=latin1;

-- 
-- Dumping data for table `seactivityrel`
-- 


-- --------------------------------------------------------

-- 
-- Table structure for table `seattachmentsrel`
-- 

CREATE TABLE `seattachmentsrel` (
  `crmid` int(19) NOT NULL default '0',
  `attachmentsid` int(19) NOT NULL default '0',
  PRIMARY KEY  (`crmid`,`attachmentsid`),
  KEY `SeAttachmentsRel_IDX0` (`attachmentsid`),
  KEY `SeAttachmentsRel_IDX1` (`crmid`),
  KEY `attachmentsid` (`attachmentsid`,`crmid`)
) ENGINE=InnoDB DEFAULT CHARSET=latin1;

-- 
-- Dumping data for table `seattachmentsrel`
-- 


-- --------------------------------------------------------

-- 
-- Table structure for table `securitygroups`
-- 

CREATE TABLE `securitygroups` (
  `secroleid` int(11) NOT NULL default '0',
  `tokenid` int(11) NOT NULL default '0',
  PRIMARY KEY  (`secroleid`,`tokenid`),
  KEY `secroleid` (`secroleid`),
  KEY `tokenid` (`tokenid`)
) ENGINE=InnoDB DEFAULT CHARSET=latin1;

-- 
-- Dumping data for table `securitygroups`
-- 

INSERT INTO `securitygroups` VALUES (1, 1);
INSERT INTO `securitygroups` VALUES (1, 2);
INSERT INTO `securitygroups` VALUES (2, 1);
INSERT INTO `securitygroups` VALUES (2, 2);
INSERT INTO `securitygroups` VALUES (2, 11);
INSERT INTO `securitygroups` VALUES (3, 1);
INSERT INTO `securitygroups` VALUES (3, 2);
INSERT INTO `securitygroups` VALUES (3, 3);
INSERT INTO `securitygroups` VALUES (3, 4);
INSERT INTO `securitygroups` VALUES (3, 5);
INSERT INTO `securitygroups` VALUES (3, 11);
INSERT INTO `securitygroups` VALUES (4, 1);
INSERT INTO `securitygroups` VALUES (4, 2);
INSERT INTO `securitygroups` VALUES (4, 5);
INSERT INTO `securitygroups` VALUES (5, 1);
INSERT INTO `securitygroups` VALUES (5, 2);
INSERT INTO `securitygroups` VALUES (5, 3);
INSERT INTO `securitygroups` VALUES (5, 11);
INSERT INTO `securitygroups` VALUES (6, 1);
INSERT INTO `securitygroups` VALUES (6, 2);
INSERT INTO `securitygroups` VALUES (6, 3);
INSERT INTO `securitygroups` VALUES (6, 4);
INSERT INTO `securitygroups` VALUES (6, 5);
INSERT INTO `securitygroups` VALUES (6, 7);
INSERT INTO `securitygroups` VALUES (6, 8);
INSERT INTO `securitygroups` VALUES (7, 1);
INSERT INTO `securitygroups` VALUES (8, 1);
INSERT INTO `securitygroups` VALUES (8, 2);
INSERT INTO `securitygroups` VALUES (8, 3);
INSERT INTO `securitygroups` VALUES (8, 4);
INSERT INTO `securitygroups` VALUES (8, 5);
INSERT INTO `securitygroups` VALUES (8, 6);
INSERT INTO `securitygroups` VALUES (8, 7);
INSERT INTO `securitygroups` VALUES (8, 8);
INSERT INTO `securitygroups` VALUES (8, 9);
INSERT INTO `securitygroups` VALUES (8, 10);
INSERT INTO `securitygroups` VALUES (8, 11);
INSERT INTO `securitygroups` VALUES (8, 12);
INSERT INTO `securitygroups` VALUES (8, 13);
INSERT INTO `securitygroups` VALUES (8, 14);
INSERT INTO `securitygroups` VALUES (8, 15);

-- --------------------------------------------------------

-- 
-- Table structure for table `securityroles`
-- 

CREATE TABLE `securityroles` (
  `secroleid` int(11) NOT NULL auto_increment,
  `secrolename` text NOT NULL,
  PRIMARY KEY  (`secroleid`)
) ENGINE=InnoDB DEFAULT CHARSET=latin1 AUTO_INCREMENT=9 ;

-- 
-- Dumping data for table `securityroles`
-- 

INSERT INTO `securityroles` VALUES (1, 'Inquiries/Order Entry');
INSERT INTO `securityroles` VALUES (2, 'Manufac/Stock Admin');
INSERT INTO `securityroles` VALUES (3, 'Purchasing Officer');
INSERT INTO `securityroles` VALUES (4, 'AP Clerk');
INSERT INTO `securityroles` VALUES (5, 'AR Clerk');
INSERT INTO `securityroles` VALUES (6, 'Accountant');
INSERT INTO `securityroles` VALUES (7, 'Customer Log On Only');
INSERT INTO `securityroles` VALUES (8, 'System Administrator');

-- --------------------------------------------------------

-- 
-- Table structure for table `securitytokens`
-- 

CREATE TABLE `securitytokens` (
  `tokenid` int(11) NOT NULL default '0',
  `tokenname` text NOT NULL,
  PRIMARY KEY  (`tokenid`)
) ENGINE=InnoDB DEFAULT CHARSET=latin1;

-- 
-- Dumping data for table `securitytokens`
-- 

INSERT INTO `securitytokens` VALUES (1, 'Order Entry/Inquiries customer access only');
INSERT INTO `securitytokens` VALUES (2, 'Basic Reports and Inquiries with selection options');
INSERT INTO `securitytokens` VALUES (3, 'Credit notes and AR management');
INSERT INTO `securitytokens` VALUES (4, 'Purchasing data/PO Entry/Reorder Levels');
INSERT INTO `securitytokens` VALUES (5, 'Accounts Payable');
INSERT INTO `securitytokens` VALUES (6, 'Not Used');
INSERT INTO `securitytokens` VALUES (7, 'Bank Reconciliations');
INSERT INTO `securitytokens` VALUES (8, 'General ledger reports/inquiries');
INSERT INTO `securitytokens` VALUES (9, 'Not Used');
INSERT INTO `securitytokens` VALUES (10, 'General Ledger Maintenance, stock valuation & Configuration');
INSERT INTO `securitytokens` VALUES (11, 'Inventory Management and Pricing');
INSERT INTO `securitytokens` VALUES (12, 'Unknown');
INSERT INTO `securitytokens` VALUES (13, 'Unknown');
INSERT INTO `securitytokens` VALUES (14, 'Unknown');
INSERT INTO `securitytokens` VALUES (15, 'User Management and System Administration');

-- --------------------------------------------------------

-- 
-- Table structure for table `selectcolumn`
-- 

CREATE TABLE `selectcolumn` (
  `queryid` int(19) default NULL,
  `columnindex` int(11) NOT NULL default '0',
  `columnname` varchar(250) default '',
  KEY `selectcolumn_IDX0` (`queryid`)
) ENGINE=InnoDB DEFAULT CHARSET=latin1;

-- 
-- Dumping data for table `selectcolumn`
-- 

INSERT INTO `selectcolumn` VALUES (2, 0, 'contactdetails:firstname:Contacts_First_Name:firstname:V');
INSERT INTO `selectcolumn` VALUES (2, 1, 'contactdetails:lastname:Contacts_Last_Name:lastname:V');
INSERT INTO `selectcolumn` VALUES (2, 2, 'contactsubdetails:leadsource:Contacts_Lead_Source:leadsource:V');
INSERT INTO `selectcolumn` VALUES (2, 3, 'accountContacts:brname:Contacts_Account_Name:account_id:I');
INSERT INTO `selectcolumn` VALUES (2, 4, 'custbranch:industry:Accounts_industry:industry:V');
INSERT INTO `selectcolumn` VALUES (2, 5, 'contactdetails:email:Contacts_Email:email:V');
INSERT INTO `selectcolumn` VALUES (3, 0, 'contactdetails:firstname:Contacts_First_Name:firstname:V');
INSERT INTO `selectcolumn` VALUES (3, 1, 'contactdetails:lastname:Contacts_Last_Name:lastname:V');
INSERT INTO `selectcolumn` VALUES (3, 2, 'accountContacts:brname:Contacts_Account_Name:account_id:I');
INSERT INTO `selectcolumn` VALUES (3, 3, 'contactdetails:email:Contacts_Email:email:V');
INSERT INTO `selectcolumn` VALUES (3, 4, 'potential:potentialname:Potentials_Potential_Name:potentialname:V');
INSERT INTO `selectcolumn` VALUES (3, 5, 'potential:sales_stage:Potentials_Sales_Stage:sales_stage:V');
INSERT INTO `selectcolumn` VALUES (4, 0, 'leaddetails:firstname:Leads_First_Name:firstname:V');
INSERT INTO `selectcolumn` VALUES (4, 1, 'leaddetails:lastname:Leads_Last_Name:lastname:V');
INSERT INTO `selectcolumn` VALUES (4, 2, 'leaddetails:company:Leads_Company:company:V');
INSERT INTO `selectcolumn` VALUES (4, 3, 'leaddetails:email:Leads_Email:email:V');
INSERT INTO `selectcolumn` VALUES (5, 0, 'leaddetails:firstname:Leads_First_Name:firstname:V');
INSERT INTO `selectcolumn` VALUES (5, 1, 'leaddetails:lastname:Leads_Last_Name:lastname:V');
INSERT INTO `selectcolumn` VALUES (5, 2, 'leaddetails:company:Leads_Company:company:V');
INSERT INTO `selectcolumn` VALUES (5, 3, 'leaddetails:email:Leads_Email:email:V');
INSERT INTO `selectcolumn` VALUES (5, 4, 'leaddetails:leadsource:Leads_Lead_Source:leadsource:V');
INSERT INTO `selectcolumn` VALUES (6, 0, 'potential:potentialname:Potentials_Potential_Name:potentialname:V');
INSERT INTO `selectcolumn` VALUES (6, 1, 'potential:amount:Potentials_Amount:amount:N');
INSERT INTO `selectcolumn` VALUES (6, 2, 'potential:potentialtype:Potentials_Type:opportunity_type:V');
INSERT INTO `selectcolumn` VALUES (6, 3, 'potential:leadsource:Potentials_Lead_Source:leadsource:V');
INSERT INTO `selectcolumn` VALUES (6, 4, 'potential:sales_stage:Potentials_Sales_Stage:sales_stage:V');
INSERT INTO `selectcolumn` VALUES (7, 0, 'potential:potentialname:Potentials_Potential_Name:potentialname:V');
INSERT INTO `selectcolumn` VALUES (7, 1, 'potential:amount:Potentials_Amount:amount:N');
INSERT INTO `selectcolumn` VALUES (7, 2, 'potential:potentialtype:Potentials_Type:opportunity_type:V');
INSERT INTO `selectcolumn` VALUES (7, 3, 'potential:leadsource:Potentials_Lead_Source:leadsource:V');
INSERT INTO `selectcolumn` VALUES (7, 4, 'potential:sales_stage:Potentials_Sales_Stage:sales_stage:V');
INSERT INTO `selectcolumn` VALUES (9, 0, 'activity:subject:Activities_Subject:subject:V');
INSERT INTO `selectcolumn` VALUES (9, 1, 'contactdetailsActivities:lastname:Activities_Contact_Name:contact_id:I');
INSERT INTO `selectcolumn` VALUES (9, 2, 'activity:status:Activities_Status:taskstatus:V');
INSERT INTO `selectcolumn` VALUES (9, 3, 'activity:priority:Activities_Priority:taskpriority:V');
INSERT INTO `selectcolumn` VALUES (9, 4, 'usersActivities:user_name:Activities_Assigned_To:assigned_user_id:V');
INSERT INTO `selectcolumn` VALUES (10, 0, 'troubletickets:title:HelpDesk_Title:ticket_title:V');
INSERT INTO `selectcolumn` VALUES (10, 1, 'troubletickets:status:HelpDesk_Status:ticketstatus:V');
INSERT INTO `selectcolumn` VALUES (10, 2, 'stockmaster:descriptionProducts_Product_Name:productname:V');
INSERT INTO `selectcolumn` VALUES (10, 3, 'stockmaster:discontinued:Products_Product_Active:discontinued:V');
INSERT INTO `selectcolumn` VALUES (10, 4, 'stockmaster:categoryid:Products_Product_Category:productcategory:V');
INSERT INTO `selectcolumn` VALUES (10, 5, 'stockmaster:manufacturer:Products_Manufacturer:manufacturer:V');
INSERT INTO `selectcolumn` VALUES (10, 6, 'contactdetailsProducts:lastname:Products_Contact_Name:contact_id:I');
INSERT INTO `selectcolumn` VALUES (11, 0, 'troubletickets:title:HelpDesk_Title:ticket_title:V');
INSERT INTO `selectcolumn` VALUES (11, 1, 'troubletickets:priority:HelpDesk_Priority:ticketpriorities:V');
INSERT INTO `selectcolumn` VALUES (11, 2, 'troubletickets:severity:HelpDesk_Severity:ticketseverities:V');
INSERT INTO `selectcolumn` VALUES (11, 3, 'troubletickets:status:HelpDesk_Status:ticketstatus:V');
INSERT INTO `selectcolumn` VALUES (11, 4, 'troubletickets:category:HelpDesk_Category:ticketcategories:V');
INSERT INTO `selectcolumn` VALUES (11, 5, 'usersHelpDesk:user_name:HelpDesk_Assigned_To:assigned_user_id:V');
INSERT INTO `selectcolumn` VALUES (12, 0, 'troubletickets:title:HelpDesk_Title:ticket_title:V');
INSERT INTO `selectcolumn` VALUES (12, 1, 'troubletickets:priority:HelpDesk_Priority:ticketpriorities:V');
INSERT INTO `selectcolumn` VALUES (12, 2, 'troubletickets:severity:HelpDesk_Severity:ticketseverities:V');
INSERT INTO `selectcolumn` VALUES (12, 3, 'troubletickets:status:HelpDesk_Status:ticketstatus:V');
INSERT INTO `selectcolumn` VALUES (12, 4, 'troubletickets:category:HelpDesk_Category:ticketcategories:V');
INSERT INTO `selectcolumn` VALUES (12, 5, 'usersHelpDesk:user_name:HelpDesk_Assigned_To:assigned_user_id:V');
INSERT INTO `selectcolumn` VALUES (13, 0, 'stockmaster:description:Products_Product_Name:productname:V');
INSERT INTO `selectcolumn` VALUES (13, 1, 'stockmaster:stockid:Products_Product_Code:productcode:V');
INSERT INTO `selectcolumn` VALUES (13, 2, 'stockmaster:discontinued:Products_Product_Active:discontinued:V');
INSERT INTO `selectcolumn` VALUES (13, 3, 'stockmaster:categoryid:Products_Product_Category:productcategory:V');
INSERT INTO `selectcolumn` VALUES (13, 4, 'contactdetailsProducts:lastname:Products_Contact_Name:contact_id:I');
INSERT INTO `selectcolumn` VALUES (13, 5, 'stockmaster:website:Products_Website:website:V');
INSERT INTO `selectcolumn` VALUES (99, 99, 'vendorRel:vendorname:Products_Vendor_Name:vendor_id:I');
INSERT INTO `selectcolumn` VALUES (99, 99, 'stockmaster:mfr_part_no:Products_Mfr_PartNo:mfr_part_no:V');
INSERT INTO `selectcolumn` VALUES (14, 0, 'stockmaster:description:Products_Product_Name:productname:V');
INSERT INTO `selectcolumn` VALUES (14, 1, 'stockmaster:manufacturer:Products_Manufacturer:manufacturer:V');
INSERT INTO `selectcolumn` VALUES (14, 2, 'stockmaster:categoryid:Products_Product_Category:productcategory:V');
INSERT INTO `selectcolumn` VALUES (14, 3, 'contactdetails:firstname:Contacts_First_Name:firstname:V');
INSERT INTO `selectcolumn` VALUES (14, 4, 'contactdetails:lastname:Contacts_Last_Name:lastname:V');
INSERT INTO `selectcolumn` VALUES (14, 5, 'contactsubdetails:leadsource:Contacts_Lead_Source:leadsource:V');
INSERT INTO `selectcolumn` VALUES (15, 0, 'quotes:subject:Quotes_Subject:subject:V');
INSERT INTO `selectcolumn` VALUES (15, 1, 'potentialRel:potentialname:Quotes_Potential_Name:potential_id:I');
INSERT INTO `selectcolumn` VALUES (15, 2, 'quotes:quotestage:Quotes_Quote_Stage:quotestage:V');
INSERT INTO `selectcolumn` VALUES (15, 3, 'contactdetailsQuotes:lastname:Quotes_Contact_Name:contact_id:V');
INSERT INTO `selectcolumn` VALUES (15, 4, 'usersQuotes:user_name:Quotes_Inventory_Manager:assigned_user_id1:I');
INSERT INTO `selectcolumn` VALUES (15, 5, 'accountQuotes:brname:Quotes_Account_Name:account_id:I');
INSERT INTO `selectcolumn` VALUES (16, 0, 'quotes:subject:Quotes_Subject:subject:V');
INSERT INTO `selectcolumn` VALUES (16, 1, 'potentialRel:potentialname:Quotes_Potential_Name:potential_id:I');
INSERT INTO `selectcolumn` VALUES (16, 2, 'quotes:quotestage:Quotes_Quote_Stage:quotestage:V');
INSERT INTO `selectcolumn` VALUES (16, 3, 'contactdetailsQuotes:lastname:Quotes_Contact_Name:contact_id:V');
INSERT INTO `selectcolumn` VALUES (16, 4, 'usersQuotes:user_name:Quotes_Inventory_Manager:assigned_user_id1:I');
INSERT INTO `selectcolumn` VALUES (16, 5, 'accountQuotes:brname:Quotes_Account_Name:account_id:I');
INSERT INTO `selectcolumn` VALUES (16, 6, 'quotes:shipvia:Quotes_Carrier:carrier:V');
INSERT INTO `selectcolumn` VALUES (9999, 7, 'quotes:shipping:Quotes_Shipping:shipping:V');
INSERT INTO `selectcolumn` VALUES (17, 0, 'purchaseorder:subject:Orders_Subject:subject:V');
INSERT INTO `selectcolumn` VALUES (99, 99, 'vendorRel:vendorname:Orders_Vendor_Name:vendor_id:I');
INSERT INTO `selectcolumn` VALUES (17, 2, 'purchaseorder:tracking_no:Orders_Tracking_Number:tracking_no:V');
INSERT INTO `selectcolumn` VALUES (17, 3, 'contactdetails:firstname:Contacts_First_Name:firstname:V');
INSERT INTO `selectcolumn` VALUES (17, 4, 'contactdetails:lastname:Contacts_Last_Name:lastname:V');
INSERT INTO `selectcolumn` VALUES (17, 5, 'contactsubdetails:leadsource:Contacts_Lead_Source:leadsource:V');
INSERT INTO `selectcolumn` VALUES (17, 6, 'contactdetails:email:Contacts_Email:email:V');
INSERT INTO `selectcolumn` VALUES (18, 0, 'purchaseorder:subject:Orders_Subject:subject:V');
INSERT INTO `selectcolumn` VALUES (99, 99, 'vendorRel:vendorname:Orders_Vendor_Name:vendor_id:I');
INSERT INTO `selectcolumn` VALUES (18, 2, 'purchaseorder:requisition_no:Orders_Requisition_No:requisition_no:V');
INSERT INTO `selectcolumn` VALUES (18, 3, 'purchaseorder:tracking_no:Orders_Tracking_Number:tracking_no:V');
INSERT INTO `selectcolumn` VALUES (18, 4, 'contactdetailsOrders:lastname:Orders_Contact_Name:contact_id:I');
INSERT INTO `selectcolumn` VALUES (18, 5, 'purchaseorder:carrier:Orders_Carrier:carrier:V');
INSERT INTO `selectcolumn` VALUES (18, 6, 'purchaseorder:salescommission:Orders_Sales_Commission:salescommission:N');
INSERT INTO `selectcolumn` VALUES (18, 7, 'purchaseorder:exciseduty:Orders_Excise_Duty:exciseduty:N');
INSERT INTO `selectcolumn` VALUES (18, 8, 'usersOrders:user_name:Orders_Assigned_To:assigned_user_id:V');
INSERT INTO `selectcolumn` VALUES (19, 0, 'invoice:subject:Invoice_Subject:subject:V');
INSERT INTO `selectcolumn` VALUES (19, 1, 'invoice:salesorderid:Invoice_Sales_Order:salesorder_id:I');
INSERT INTO `selectcolumn` VALUES (19, 2, 'invoice:customerno:Invoice_Customer_No:customerno:V');
INSERT INTO `selectcolumn` VALUES (19, 3, 'invoice:notes:Invoice_Notes:notes:V');
INSERT INTO `selectcolumn` VALUES (19, 4, 'invoice:invoiceterms:Invoice_Invoice_Terms:invoiceterms:V');
INSERT INTO `selectcolumn` VALUES (19, 5, 'invoice:exciseduty:Invoice_Excise_Duty:exciseduty:N');
INSERT INTO `selectcolumn` VALUES (19, 6, 'invoice:salescommission:Invoice_Sales_Commission:salescommission:N');
INSERT INTO `selectcolumn` VALUES (19, 7, 'custbranchInvoice:brname:Invoice_Account_Name:account_id:I');
INSERT INTO `selectcolumn` VALUES (1, 0, 'contactdetails:lastname:Contacts_Last_Name:lastname:V');
INSERT INTO `selectcolumn` VALUES (1, 1, 'contactdetails:firstname:Contacts_First_Name:firstname:V');
INSERT INTO `selectcolumn` VALUES (1, 2, 'contactsubdetails:leadsource:Contacts_Lead_Source:leadsource:V');
INSERT INTO `selectcolumn` VALUES (1, 3, 'accountContacts:brname:Contacts_Account_Name:account_id:I');
INSERT INTO `selectcolumn` VALUES (1, 4, 'custbranch:industry:Accounts_industry:industry:V');
INSERT INTO `selectcolumn` VALUES (1, 5, 'contactdetails:email:Contacts_Email:email:V');
INSERT INTO `selectcolumn` VALUES (22, 0, 'custbranch:brname:Accounts_Account_Name:brname:V');
INSERT INTO `selectcolumn` VALUES (22, 1, 'custbranch:industry:Accounts_Industry:industry:V');
INSERT INTO `selectcolumn` VALUES (22, 2, 'custbranch:account_type:Accounts_Type:accounttype:V');
INSERT INTO `selectcolumn` VALUES (22, 3, 'usersAccounts:user_name:Accounts_Assigned_To:assigned_user_id:V');
INSERT INTO `selectcolumn` VALUES (22, 4, 'custbranch:area:Accounts_Sales_Area:area:V');
INSERT INTO `selectcolumn` VALUES (22, 5, 'custbranch:salesman:Accounts_Sales_person:salesman:V');
INSERT INTO `selectcolumn` VALUES (22, 6, 'custbranch:defaultlocation:Accounts_Stock_location:defaultlocation:V');
INSERT INTO `selectcolumn` VALUES (22, 7, 'custbranch:taxgroupid:Accounts_Tax_group:taxgroupid:I');
INSERT INTO `selectcolumn` VALUES (22, 8, 'custbranch:currcode:Accounts_Currency:currcode:V');
INSERT INTO `selectcolumn` VALUES (23, 0, 'custbranch:brname:Accounts_Account_Name:brname:V');
INSERT INTO `selectcolumn` VALUES (23, 1, 'custbranch:industry:Accounts_Industry:industry:V');
INSERT INTO `selectcolumn` VALUES (23, 2, 'custbranch:account_type:Accounts_Type:accounttype:V');
INSERT INTO `selectcolumn` VALUES (23, 3, 'usersAccounts:user_name:Accounts_Assigned_To:assigned_user_id:V');
INSERT INTO `selectcolumn` VALUES (23, 4, 'custbranch:area:Accounts_Sales_Area:area:V');
INSERT INTO `selectcolumn` VALUES (23, 5, 'custbranch:salesman:Accounts_Sales_person:salesman:V');
INSERT INTO `selectcolumn` VALUES (23, 6, 'custbranch:defaultlocation:Accounts_Stock_location:defaultlocation:V');
INSERT INTO `selectcolumn` VALUES (23, 7, 'custbranch:defaultshipvia:Accounts_Default_Freight_Company:defaultshipvia:I');
INSERT INTO `selectcolumn` VALUES (23, 8, 'custbranch:currcode:Accounts_Currency:currcode:V');
INSERT INTO `selectcolumn` VALUES (23, 9, 'custbranch:braddress3:Accounts_City:bill_city:V');
INSERT INTO `selectcolumn` VALUES (23, 10, 'custbranch:braddress4:Accounts_State:bill_state:V');
INSERT INTO `selectcolumn` VALUES (23, 11, 'accountscf:cf_374:Accounts_Preferred_Language:cf_374:V');
INSERT INTO `selectcolumn` VALUES (24, 0, 'custbranch:brname:Accounts_Account_Name:brname:V');
INSERT INTO `selectcolumn` VALUES (24, 1, 'custbranch:industry:Accounts_Industry:industry:V');
INSERT INTO `selectcolumn` VALUES (24, 2, 'custbranch:account_type:Accounts_Type:accounttype:V');
INSERT INTO `selectcolumn` VALUES (24, 3, 'usersAccounts:user_name:Accounts_Assigned_To:assigned_user_id:V');
INSERT INTO `selectcolumn` VALUES (24, 4, 'custbranch:area:Accounts_Sales_Area:area:V');
INSERT INTO `selectcolumn` VALUES (24, 5, 'custbranch:salesman:Accounts_Sales_person:salesman:V');
INSERT INTO `selectcolumn` VALUES (24, 6, 'custbranch:defaultlocation:Accounts_Stock_location:defaultlocation:V');
INSERT INTO `selectcolumn` VALUES (24, 7, 'custbranch:defaultshipvia:Accounts_Default_Freight_Company:defaultshipvia:I');
INSERT INTO `selectcolumn` VALUES (24, 8, 'custbranch:currcode:Accounts_Currency:currcode:V');
INSERT INTO `selectcolumn` VALUES (25, 0, 'custbranch:brname:Accounts_Account_Name:brname:V');
INSERT INTO `selectcolumn` VALUES (25, 1, 'custbranch:industry:Accounts_Industry:industry:V');
INSERT INTO `selectcolumn` VALUES (25, 2, 'custbranch:account_type:Accounts_Type:accounttype:V');
INSERT INTO `selectcolumn` VALUES (25, 3, 'usersAccounts:user_name:Accounts_Assigned_To:assigned_user_id:V');
INSERT INTO `selectcolumn` VALUES (25, 4, 'custbranch:area:Accounts_Sales_Area:area:V');
INSERT INTO `selectcolumn` VALUES (25, 5, 'custbranch:salesman:Accounts_Sales_person:salesman:V');
INSERT INTO `selectcolumn` VALUES (25, 6, 'custbranch:defaultlocation:Accounts_Stock_location:defaultlocation:V');
INSERT INTO `selectcolumn` VALUES (25, 7, 'custbranch:defaultshipvia:Accounts_Default_Freight_Company:defaultshipvia:I');
INSERT INTO `selectcolumn` VALUES (25, 8, 'custbranch:currcode:Accounts_Currency:currcode:V');
INSERT INTO `selectcolumn` VALUES (26, 0, 'custbranch:brname:Accounts_Account_Name:brname:V');
INSERT INTO `selectcolumn` VALUES (26, 1, 'custbranch:industry:Accounts_Industry:industry:V');
INSERT INTO `selectcolumn` VALUES (26, 2, 'custbranch:account_type:Accounts_Type:accounttype:V');
INSERT INTO `selectcolumn` VALUES (26, 3, 'usersAccounts:user_name:Accounts_Assigned_To:assigned_user_id:V');
INSERT INTO `selectcolumn` VALUES (26, 4, 'custbranch:area:Accounts_Sales_Area:area:V');
INSERT INTO `selectcolumn` VALUES (26, 5, 'custbranch:salesman:Accounts_Sales_person:salesman:V');
INSERT INTO `selectcolumn` VALUES (26, 6, 'custbranch:defaultlocation:Accounts_Stock_location:defaultlocation:V');
INSERT INTO `selectcolumn` VALUES (26, 7, 'custbranch:defaultshipvia:Accounts_Default_Freight_Company:defaultshipvia:I');
INSERT INTO `selectcolumn` VALUES (26, 8, 'custbranch:currcode:Accounts_Currency:currcode:V');
INSERT INTO `selectcolumn` VALUES (27, 0, 'custbranch:brname:Accounts_Account_Name:brname:V');
INSERT INTO `selectcolumn` VALUES (27, 1, 'custbranch:rating:Accounts_Rating:rating:V');
INSERT INTO `selectcolumn` VALUES (27, 2, 'custbranch:account_type:Accounts_Type:accounttype:V');
INSERT INTO `selectcolumn` VALUES (27, 3, 'usersAccounts:user_name:Accounts_Assigned_To:assigned_user_id:V');
INSERT INTO `selectcolumn` VALUES (27, 4, 'custbranch:area:Accounts_Sales_Area:area:V');
INSERT INTO `selectcolumn` VALUES (27, 5, 'custbranch:salesman:Accounts_Sales_person:salesman:V');
INSERT INTO `selectcolumn` VALUES (27, 6, 'custbranch:defaultlocation:Accounts_Stock_location:defaultlocation:V');
INSERT INTO `selectcolumn` VALUES (27, 7, 'custbranch:defaultshipvia:Accounts_Default_Freight_Company:defaultshipvia:I');
INSERT INTO `selectcolumn` VALUES (27, 8, 'custbranch:currcode:Accounts_Currency:currcode:V');
INSERT INTO `selectcolumn` VALUES (28, 0, 'custbranch:brname:Accounts_Account_Name:brname:V');
INSERT INTO `selectcolumn` VALUES (28, 1, 'custbranch:rating:Accounts_Rating:rating:V');
INSERT INTO `selectcolumn` VALUES (28, 2, 'custbranch:account_type:Accounts_Type:accounttype:V');
INSERT INTO `selectcolumn` VALUES (28, 3, 'usersAccounts:user_name:Accounts_Assigned_To:assigned_user_id:V');
INSERT INTO `selectcolumn` VALUES (28, 4, 'custbranch:area:Accounts_Sales_Area:area:V');
INSERT INTO `selectcolumn` VALUES (28, 5, 'custbranch:salesman:Accounts_Sales_person:salesman:V');
INSERT INTO `selectcolumn` VALUES (28, 6, 'custbranch:defaultlocation:Accounts_Stock_location:defaultlocation:V');
INSERT INTO `selectcolumn` VALUES (28, 7, 'custbranch:defaultshipvia:Accounts_Default_Freight_Company:defaultshipvia:I');
INSERT INTO `selectcolumn` VALUES (28, 8, 'custbranch:currcode:Accounts_Currency:currcode:V');
INSERT INTO `selectcolumn` VALUES (29, 0, 'custbranch:brname:Accounts_Account_Name:brname:V');
INSERT INTO `selectcolumn` VALUES (29, 1, 'custbranch:industry:Accounts_Industry:industry:V');
INSERT INTO `selectcolumn` VALUES (29, 2, 'custbranch:account_type:Accounts_Type:accounttype:V');
INSERT INTO `selectcolumn` VALUES (29, 3, 'usersAccounts:user_name:Accounts_Assigned_To:assigned_user_id:V');
INSERT INTO `selectcolumn` VALUES (29, 4, 'custbranch:area:Accounts_Sales_Area:area:V');
INSERT INTO `selectcolumn` VALUES (29, 5, 'custbranch:salesman:Accounts_Sales_person:salesman:V');
INSERT INTO `selectcolumn` VALUES (29, 6, 'custbranch:defaultlocation:Accounts_Stock_location:defaultlocation:V');
INSERT INTO `selectcolumn` VALUES (29, 7, 'custbranch:defaultshipvia:Accounts_Default_Freight_Company:defaultshipvia:I');
INSERT INTO `selectcolumn` VALUES (29, 8, 'custbranch:currcode:Accounts_Currency:currcode:V');
INSERT INTO `selectcolumn` VALUES (30, 0, 'custbranch:brname:Accounts_Account_Name:brname:V');
INSERT INTO `selectcolumn` VALUES (30, 1, 'invoice:salesorderid:Invoice_Sales_Order:salesorder_id:I');
INSERT INTO `selectcolumn` VALUES (30, 2, 'invoice:duedate:Invoice_Due_Date:duedate:D');
INSERT INTO `selectcolumn` VALUES (8, 0, 'activity:subject:Activities_Subject:subject:V');
INSERT INTO `selectcolumn` VALUES (8, 1, 'contactdetailsActivities:lastname:Activities_Contact_Name:contact_id:I');
INSERT INTO `selectcolumn` VALUES (8, 2, 'activity:status:Activities_Status:taskstatus:V');
INSERT INTO `selectcolumn` VALUES (8, 3, 'activity:priority:Activities_Priority:taskpriority:V');
INSERT INTO `selectcolumn` VALUES (8, 4, 'usersActivities:user_name:Activities_Assigned_To:assigned_user_id:V');

-- --------------------------------------------------------

-- 
-- Table structure for table `selectquery`
-- 

CREATE TABLE `selectquery` (
  `queryid` int(19) NOT NULL default '0',
  `startindex` int(19) default '0',
  `numofobjects` int(19) default '0',
  PRIMARY KEY  (`queryid`)
) ENGINE=MyISAM DEFAULT CHARSET=latin1;

-- 
-- Dumping data for table `selectquery`
-- 

INSERT INTO `selectquery` VALUES (1, 0, 0);
INSERT INTO `selectquery` VALUES (2, 0, 0);
INSERT INTO `selectquery` VALUES (3, 0, 0);
INSERT INTO `selectquery` VALUES (4, 0, 0);
INSERT INTO `selectquery` VALUES (5, 0, 0);
INSERT INTO `selectquery` VALUES (6, 0, 0);
INSERT INTO `selectquery` VALUES (7, 0, 0);
INSERT INTO `selectquery` VALUES (8, 0, 0);
INSERT INTO `selectquery` VALUES (9, 0, 0);
INSERT INTO `selectquery` VALUES (10, 0, 0);
INSERT INTO `selectquery` VALUES (11, 0, 0);
INSERT INTO `selectquery` VALUES (12, 0, 0);
INSERT INTO `selectquery` VALUES (13, 0, 0);
INSERT INTO `selectquery` VALUES (14, 0, 0);
INSERT INTO `selectquery` VALUES (15, 0, 0);
INSERT INTO `selectquery` VALUES (16, 0, 0);
INSERT INTO `selectquery` VALUES (17, 0, 0);
INSERT INTO `selectquery` VALUES (18, 0, 0);
INSERT INTO `selectquery` VALUES (19, 0, 0);
INSERT INTO `selectquery` VALUES (22, 0, 0);
INSERT INTO `selectquery` VALUES (23, 0, 0);
INSERT INTO `selectquery` VALUES (24, 0, 0);
INSERT INTO `selectquery` VALUES (25, 0, 0);
INSERT INTO `selectquery` VALUES (26, 0, 0);
INSERT INTO `selectquery` VALUES (27, 0, 0);
INSERT INTO `selectquery` VALUES (28, 0, 0);
INSERT INTO `selectquery` VALUES (29, 0, 0);
INSERT INTO `selectquery` VALUES (30, 0, 0);

-- --------------------------------------------------------

-- 
-- Table structure for table `selectquery_seq`
-- 

CREATE TABLE `selectquery_seq` (
  `id` int(11) NOT NULL default '0'
) ENGINE=MyISAM DEFAULT CHARSET=latin1;

-- 
-- Dumping data for table `selectquery_seq`
-- 

INSERT INTO `selectquery_seq` VALUES (30);

-- --------------------------------------------------------

-- 
-- Table structure for table `senotesrel`
-- 

CREATE TABLE `senotesrel` (
  `crmid` int(19) NOT NULL default '0',
  `notesid` int(19) NOT NULL default '0',
  PRIMARY KEY  (`crmid`,`notesid`),
  KEY `SeNotesRel_IDX0` (`notesid`),
  KEY `SeNotesRel_IDX1` (`crmid`)
) ENGINE=InnoDB DEFAULT CHARSET=latin1;

-- 
-- Dumping data for table `senotesrel`
-- 


-- --------------------------------------------------------

-- 
-- Table structure for table `seproductsrel`
-- 

CREATE TABLE `seproductsrel` (
  `crmid` int(19) NOT NULL default '0',
  `productid` int(19) NOT NULL default '0',
  PRIMARY KEY  (`crmid`,`productid`),
  KEY `SeProductsRel_IDX0` (`productid`),
  KEY `SeProductRel_IDX1` (`crmid`)
) ENGINE=InnoDB DEFAULT CHARSET=latin1;

-- 
-- Dumping data for table `seproductsrel`
-- 


-- --------------------------------------------------------

-- 
-- Table structure for table `seticketsrel`
-- 

CREATE TABLE `seticketsrel` (
  `crmid` int(19) NOT NULL default '0',
  `ticketid` int(19) NOT NULL default '0',
  PRIMARY KEY  (`crmid`,`ticketid`),
  KEY `SeTicketsRel_IDX1` (`crmid`),
  KEY `SeTicketsRel_IDX0` (`ticketid`)
) ENGINE=InnoDB DEFAULT CHARSET=latin1;

-- 
-- Dumping data for table `seticketsrel`
-- 


-- --------------------------------------------------------

-- 
-- Table structure for table `shipmentcharges`
-- 

CREATE TABLE `shipmentcharges` (
  `shiptchgid` int(11) NOT NULL auto_increment,
  `shiptref` int(11) NOT NULL default '0',
  `transtype` smallint(6) NOT NULL default '0',
  `transno` int(11) NOT NULL default '0',
  `stockid` varchar(20) NOT NULL default '',
  `value` double NOT NULL default '0',
  `invoicetype` varchar(200) default NULL,
  PRIMARY KEY  (`shiptchgid`),
  KEY `TransType` (`transtype`,`transno`),
  KEY `ShiptRef` (`shiptref`),
  KEY `StockID` (`stockid`),
  KEY `TransType_2` (`transtype`)
) ENGINE=InnoDB DEFAULT CHARSET=latin1 AUTO_INCREMENT=1 ;

-- 
-- Dumping data for table `shipmentcharges`
-- 


-- --------------------------------------------------------

-- 
-- Table structure for table `shipments`
-- 

CREATE TABLE `shipments` (
  `shiptref` int(11) NOT NULL default '0',
  `voyageref` varchar(20) NOT NULL default '0',
  `vessel` varchar(50) NOT NULL default '',
  `eta` datetime NOT NULL default '0000-00-00 00:00:00',
  `accumvalue` double NOT NULL default '0',
  `supplierid` varchar(10) NOT NULL default '',
  `closed` tinyint(4) NOT NULL default '0',
  `allowprint` tinyint(4) NOT NULL default '1',
  `dateprinted` datetime default NULL,
  `initdate` datetime default NULL,
  `reqdate` datetime default NULL,
  `initiator` varchar(30) default NULL,
  `comments` longblob,
  `invoicetype` varchar(200) NOT NULL default '',
  `requisitionno` varchar(30) default NULL,
  PRIMARY KEY  (`shiptref`),
  KEY `ETA` (`eta`),
  KEY `SupplierID` (`supplierid`),
  KEY `ShipperRef` (`voyageref`),
  KEY `Vessel` (`vessel`)
) ENGINE=InnoDB DEFAULT CHARSET=latin1;

-- 
-- Dumping data for table `shipments`
-- 


-- --------------------------------------------------------

-- 
-- Table structure for table `shippers`
-- 

CREATE TABLE `shippers` (
  `shipper_id` int(11) NOT NULL auto_increment,
  `shippername` char(40) NOT NULL default '',
  `mincharge` double NOT NULL default '0',
  PRIMARY KEY  (`shipper_id`)
) ENGINE=InnoDB DEFAULT CHARSET=latin1 AUTO_INCREMENT=6 ;

-- 
-- Dumping data for table `shippers`
-- 

INSERT INTO `shippers` VALUES (1, 'Fedex', 0);
INSERT INTO `shippers` VALUES (2, 'UPS', 0);
INSERT INTO `shippers` VALUES (3, 'DHL', 0);
INSERT INTO `shippers` VALUES (4, 'Canada Post', 0);
INSERT INTO `shippers` VALUES (5, 'Pick Up', 0);

-- --------------------------------------------------------

-- 
-- Table structure for table `so_seq`
-- 

CREATE TABLE `so_seq` (
  `soid` int(6) NOT NULL default '0',
  PRIMARY KEY  (`soid`)
) ENGINE=MyISAM DEFAULT CHARSET=latin1;

-- 
-- Dumping data for table `so_seq`
-- 

INSERT INTO `so_seq` VALUES (1003);

-- --------------------------------------------------------

-- 
-- Table structure for table `sobillads`
-- 

CREATE TABLE `sobillads` (
  `sobilladdressid` int(19) NOT NULL default '0',
  `bill_city` varchar(30) default NULL,
  `bill_code` varchar(30) default NULL,
  `bill_country` varchar(30) default NULL,
  `bill_state` varchar(30) default NULL,
  `bill_street` varchar(250) default NULL,
  `bill_street2` varchar(250) default NULL,
  PRIMARY KEY  (`sobilladdressid`)
) ENGINE=InnoDB DEFAULT CHARSET=latin1;

-- 
-- Dumping data for table `sobillads`
-- 

INSERT INTO `sobillads` VALUES (1066, 'Ottawa', 'K1Z 5B7', 'CAN', 'ON', '285 Churchill Ave. N.', '');
INSERT INTO `sobillads` VALUES (1067, 'Ottawa', 'K1Z 5B7', 'CAN', 'ON', '285 Churchill Ave. N.', '');
INSERT INTO `sobillads` VALUES (1072, 'Ottawa', 'Ontaio', 'CAN', 'AB', '3  Ridgeburngate', '');
INSERT INTO `sobillads` VALUES (1078, 'Ottawa', 'k1b4c1', 'CAN', 'AB', '3 Ridgeburn Gate', '');
INSERT INTO `sobillads` VALUES (1079, 'Ottawa', 'k1b4c1', 'CAN', 'AB', '3 Ridgeburn Gate', '');
INSERT INTO `sobillads` VALUES (1082, 'Ottawa', 'K1Z 5B7', 'CAN', 'ON', '285 Churchill AVe.', '');
INSERT INTO `sobillads` VALUES (1083, 'Ottawa', 'K1Z 5B7', 'CAN', 'ON', '285 Churchill Ave. N.', '');
INSERT INTO `sobillads` VALUES (1086, 'Ottawa', 'K1Z 1Z1', 'CAN', 'ON', '1234 Main Street', '');
INSERT INTO `sobillads` VALUES (1089, 'Ottawa', 'k1b4c1', 'CAN', 'AB', '3 ridgeburn Gate', '');
INSERT INTO `sobillads` VALUES (1090, 'Ottawa', 'k1b4c1', 'CAN', 'AB', '3 ridgeburn Gate', '');
INSERT INTO `sobillads` VALUES (1091, 'Ottawa', 'k1b4c1', 'CAN', 'AB', '3 ridgeburn Gate', '');
INSERT INTO `sobillads` VALUES (1092, 'Ottawa', 'k1b4c1', 'CAN', 'AB', '3 ridgeburn Gate', '');
INSERT INTO `sobillads` VALUES (1093, 'Ottawa', 'Ontaio', 'CAN', 'AB', '3  Ridgeburngate', '');
INSERT INTO `sobillads` VALUES (1096, 'Ottawa', 'K1Z 5B7', 'CAN', 'ON', '285 Churchill Ave. N.', '');
INSERT INTO `sobillads` VALUES (1097, 'Ottawa', 'K1Z 5B7', 'CAN', 'ON', '285 Churchill Ave. N.', '');
INSERT INTO `sobillads` VALUES (1098, 'Ottawa', 'K1Z 5B7', 'CAN', 'ON', '285 Churchill Ave. N.', '');
INSERT INTO `sobillads` VALUES (1099, 'Ottawa', 'K1Z 5B7', 'CAN', 'ON', '285 Churchill Ave. N.', '');
INSERT INTO `sobillads` VALUES (1100, 'Ottawa', 'K1Z 5B7', 'CAN', 'ON', '285 Churchill Ave. N.', '');
INSERT INTO `sobillads` VALUES (1101, 'Ottawa', 'K1Z 5B7', 'CAN', 'ON', '285 Churchill Ave. N.', '');
INSERT INTO `sobillads` VALUES (1102, 'Ottawa', 'K1Z 5B7', 'CAN', 'ON', '285 Churchill Ave. N.', '');
INSERT INTO `sobillads` VALUES (1105, 'Ottawa', 'K1Z 5B7', 'CAN', 'ON', '1234 Main', '');
INSERT INTO `sobillads` VALUES (1107, 'Ottawa', 'K1Z 5B7', 'CAN', 'ON', '1234 Main', '');
INSERT INTO `sobillads` VALUES (1108, 'Ottawa', 'K1Z 5B7', 'CAN', 'ON', '1234 Main', '');
INSERT INTO `sobillads` VALUES (1111, 'Ottawa', 'K1A 1A1', 'CAN', 'ON', '1234 Main Street', '');
INSERT INTO `sobillads` VALUES (1116, 'Ottawa', 'K1A 1A1', 'CAN', 'ON', '1234 Main Street', '');
INSERT INTO `sobillads` VALUES (1120, 'Ottawa', 'ontario', 'CAN', 'AB', '3 ridgeBurn gate', '');
INSERT INTO `sobillads` VALUES (1123, 'Ottawa', 'K1A1A1', 'CAN', 'ON', '1234 Main', '');
INSERT INTO `sobillads` VALUES (1124, 'Ottawa', 'K1A1A1', 'CAN', 'ON', '1234 Main', '');
INSERT INTO `sobillads` VALUES (1130, 'Ottawa', 'K1Z5B7', 'CAN', 'ON', '1234 Main St.', '');
INSERT INTO `sobillads` VALUES (1133, 'Gloucester', 'k1b4c1', 'CAN', 'AB', '3 ridgebun Gate', '');
INSERT INTO `sobillads` VALUES (1157, 'Ottawa', 'Ontaio', 'CAN', 'AB', '3  Ridgeburngate', '');
INSERT INTO `sobillads` VALUES (1158, 'Gloucester', 'k1b4c1', 'CAN', 'AB', '3 ridgebun Gate', '');

-- --------------------------------------------------------

-- 
-- Table structure for table `soproductrel`
-- 

CREATE TABLE `soproductrel` (
  `salesorderid` int(19) NOT NULL default '0',
  `productid` int(19) NOT NULL default '0',
  `quantity` int(19) default NULL,
  `listprice` decimal(11,3) default NULL,
  PRIMARY KEY  (`salesorderid`,`productid`),
  KEY `SoProductRel_IDX0` (`salesorderid`),
  KEY `SoProductRel_IDX1` (`productid`)
) ENGINE=InnoDB DEFAULT CHARSET=latin1;

-- 
-- Dumping data for table `soproductrel`
-- 


-- --------------------------------------------------------

-- 
-- Table structure for table `soshipads`
-- 

CREATE TABLE `soshipads` (
  `soshipaddressid` int(19) NOT NULL default '0',
  `ship_city` varchar(30) default NULL,
  `ship_code` varchar(30) default NULL,
  `ship_country` varchar(30) default NULL,
  `ship_state` varchar(30) default NULL,
  `ship_street` varchar(250) default NULL,
  `ship_street2` varchar(250) default NULL,
  PRIMARY KEY  (`soshipaddressid`)
) ENGINE=InnoDB DEFAULT CHARSET=latin1;

-- 
-- Dumping data for table `soshipads`
-- 


-- --------------------------------------------------------

-- 
-- Table structure for table `sostatus`
-- 

CREATE TABLE `sostatus` (
  `sostatusid` int(19) NOT NULL auto_increment,
  `sostatus` varchar(200) NOT NULL default '',
  `sortorderid` int(19) NOT NULL default '0',
  `presence` int(1) NOT NULL default '1',
  PRIMARY KEY  (`sostatusid`),
  UNIQUE KEY `sostatus_UK0` (`sostatus`)
) ENGINE=InnoDB DEFAULT CHARSET=latin1 AUTO_INCREMENT=6 ;

-- 
-- Dumping data for table `sostatus`
-- 

INSERT INTO `sostatus` VALUES (1, 'Created', 0, 1);
INSERT INTO `sostatus` VALUES (2, 'Approved', 1, 1);
INSERT INTO `sostatus` VALUES (3, 'Delivered', 2, 1);
INSERT INTO `sostatus` VALUES (4, 'Partial Delivery', 3, 1);
INSERT INTO `sostatus` VALUES (5, 'Canceled', 4, 1);

-- --------------------------------------------------------

-- 
-- Table structure for table `stockcategory`
-- 

CREATE TABLE `stockcategory` (
  `categoryid` char(6) NOT NULL default '',
  `categorydescription` char(20) NOT NULL default '',
  `stocktype` char(1) NOT NULL default 'F',
  `stockact` int(11) NOT NULL default '0',
  `adjglact` int(11) NOT NULL default '0',
  `purchpricevaract` int(11) NOT NULL default '80000',
  `materialuseagevarac` int(11) NOT NULL default '80000',
  `wipact` int(11) NOT NULL default '0',
  PRIMARY KEY  (`categoryid`),
  KEY `CategoryDescription` (`categorydescription`),
  KEY `StockType` (`stocktype`)
) ENGINE=InnoDB DEFAULT CHARSET=latin1;

-- 
-- Dumping data for table `stockcategory`
-- 

INSERT INTO `stockcategory` VALUES ('CAR', 'Cars', 'F', 1010, 4100, 1010, 4100, 1010);
INSERT INTO `stockcategory` VALUES ('CARPA', 'Car Parts', 'F', 1010, 4100, 1010, 4100, 1010);
INSERT INTO `stockcategory` VALUES ('CARPRT', 'Car Parts', 'F', 1010, 4100, 1010, 4100, 1010);
INSERT INTO `stockcategory` VALUES ('GT', 'Our Services', 'F', 1510, 5100, 1510, 5100, 1510);
INSERT INTO `stockcategory` VALUES ('HT', 'Our Products', 'F', 1510, 5100, 1510, 5100, 1510);
INSERT INTO `stockcategory` VALUES ('IT', 'Indoor Tools', 'F', 1510, 5100, 1510, 5100, 1510);
INSERT INTO `stockcategory` VALUES ('OT', 'Outdoor Tools', 'F', 1510, 5100, 1510, 5100, 1510);
INSERT INTO `stockcategory` VALUES ('PBX1', 'rffjk', 'F', 1010, 4100, 1010, 4100, 1010);
INSERT INTO `stockcategory` VALUES ('PET', 'mdkm,', 'F', 1010, 4100, 1010, 4100, 1010);
INSERT INTO `stockcategory` VALUES ('PET1', 'dn', 'F', 1010, 4100, 1010, 4100, 1010);
INSERT INTO `stockcategory` VALUES ('PET2', 'tyest', 'F', 1010, 4100, 1010, 4100, 1010);
INSERT INTO `stockcategory` VALUES ('PHO_PB', 'VOIP', 'F', 1010, 4100, 1010, 4100, 1010);
INSERT INTO `stockcategory` VALUES ('PT', 'Power Tools', 'F', 1510, 5100, 1510, 5100, 1510);
INSERT INTO `stockcategory` VALUES ('PT103', 'TEST', 'F', 1010, 4100, 1010, 4100, 1010);
INSERT INTO `stockcategory` VALUES ('RM', 'Raw Materials', 'M', 1510, 5100, 1510, 5100, 1510);
INSERT INTO `stockcategory` VALUES ('TE', '', 'F', 1010, 4100, 1010, 4100, 1010);
INSERT INTO `stockcategory` VALUES ('TES', 'ke', 'F', 1010, 4100, 1010, 4100, 1010);
INSERT INTO `stockcategory` VALUES ('TES8', 'ey', 'F', 1010, 4100, 1010, 4100, 1010);
INSERT INTO `stockcategory` VALUES ('TEST', 'test', 'F', 1010, 4100, 1010, 4100, 1010);
INSERT INTO `stockcategory` VALUES ('TEST7', 'TEST', 'F', 1010, 4100, 1010, 4100, 1010);
INSERT INTO `stockcategory` VALUES ('TRE', 'TEE', 'F', 1010, 4100, 1010, 4100, 1010);
INSERT INTO `stockcategory` VALUES ('VJ102', 'FBN', 'F', 1010, 4615, 1010, 4100, 1010);
INSERT INTO `stockcategory` VALUES ('VOIP', 'Voip', 'F', 1010, 4100, 1010, 4100, 1010);

-- --------------------------------------------------------

-- 
-- Table structure for table `stockcheckfreeze`
-- 

CREATE TABLE `stockcheckfreeze` (
  `stockid` varchar(20) NOT NULL default '',
  `loccode` varchar(5) NOT NULL default '',
  `qoh` double NOT NULL default '0',
  PRIMARY KEY  (`stockid`),
  KEY `LocCode` (`loccode`)
) ENGINE=InnoDB DEFAULT CHARSET=latin1;

-- 
-- Dumping data for table `stockcheckfreeze`
-- 


-- --------------------------------------------------------

-- 
-- Table structure for table `stockcounts`
-- 

CREATE TABLE `stockcounts` (
  `id` int(11) NOT NULL auto_increment,
  `stockid` varchar(20) NOT NULL default '',
  `loccode` varchar(5) NOT NULL default '',
  `qtycounted` double NOT NULL default '0',
  `reference` varchar(20) NOT NULL default '',
  PRIMARY KEY  (`id`),
  KEY `StockID` (`stockid`),
  KEY `LocCode` (`loccode`)
) ENGINE=InnoDB DEFAULT CHARSET=latin1 AUTO_INCREMENT=1 ;

-- 
-- Dumping data for table `stockcounts`
-- 


-- --------------------------------------------------------

-- 
-- Table structure for table `stockmaster`
-- 

CREATE TABLE `stockmaster` (
  `stockid` varchar(20) NOT NULL default '',
  `categoryid` varchar(6) NOT NULL default '',
  `description` varchar(50) NOT NULL default '',
  `longdescription` text NOT NULL,
  `units` varchar(20) NOT NULL default 'each',
  `mbflag` char(1) NOT NULL default 'B',
  `lastcurcostdate` date NOT NULL default '1800-01-01',
  `actualcost` decimal(20,4) NOT NULL default '0.0000',
  `lastcost` decimal(20,4) NOT NULL default '0.0000',
  `materialcost` decimal(20,4) NOT NULL default '0.0000',
  `labourcost` decimal(20,4) NOT NULL default '0.0000',
  `overheadcost` decimal(20,4) NOT NULL default '0.0000',
  `lowestlevel` smallint(6) NOT NULL default '0',
  `discontinued` tinyint(4) NOT NULL default '0',
  `controlled` tinyint(4) NOT NULL default '0',
  `eoq` double NOT NULL default '0',
  `volume` decimal(20,4) NOT NULL default '0.0000',
  `kgs` decimal(20,4) NOT NULL default '0.0000',
  `barcode` varchar(50) NOT NULL default '',
  `discountcategory` char(2) NOT NULL default '',
  `taxcatid` tinyint(4) NOT NULL default '1',
  `serialised` tinyint(4) NOT NULL default '0',
  `decimalplaces` tinyint(4) NOT NULL default '0',
  `productid` int(11) NOT NULL default '0',
  `qty_per_unit` decimal(11,2) default '0.00',
  `sales_start_date` date default NULL,
  `sales_end_date` date default NULL,
  `start_date` date default NULL,
  `expiry_date` date default NULL,
  `commissionrate` decimal(4,3) default NULL,
  `commissionmethod` varchar(50) default NULL,
  `contactid` int(11) default NULL,
  `currency` varchar(200) default NULL,
  `website` varchar(100) default NULL,
  `qtyinstock` int(11) default NULL,
  `qtyindemand` int(11) default NULL,
  `imagename` varchar(150) default NULL,
  `unit_price` decimal(11,2) default NULL,
  `special` tinyint(1) NOT NULL default '0',
  `special2` int(10) NOT NULL default '0',
  PRIMARY KEY  (`stockid`),
  KEY `CategoryID` (`categoryid`),
  KEY `Description` (`description`),
  KEY `LastCurCostDate` (`lastcurcostdate`),
  KEY `MBflag` (`mbflag`),
  KEY `StockID` (`stockid`,`categoryid`),
  KEY `Controlled` (`controlled`),
  KEY `DiscountCategory` (`discountcategory`),
  KEY `taxcatid` (`taxcatid`),
  KEY `productid` (`productid`)
) ENGINE=InnoDB DEFAULT CHARSET=latin1;

-- 
-- Dumping data for table `stockmaster`
-- 

INSERT INTO `stockmaster` VALUES ('0001', 'HT', 'test', 'test 1233', '10kg', 'B', '1800-01-01', 0.0000, 0.0000, 0.0000, 0.0000, 0.0000, 0, 0, 0, 3, 1.0000, 0.0000, 'wwwtest1', '', 1, 0, 0, 1125, 0.00, NULL, NULL, NULL, NULL, NULL, NULL, NULL, NULL, NULL, NULL, NULL, '', NULL, 0, 0);
INSERT INTO `stockmaster` VALUES ('00013', 'HT', 'test', 'test 1233', '10kg', 'B', '1800-01-01', 0.0000, 0.0000, 0.0000, 0.0000, 0.0000, 0, 0, 0, 3, 1.0000, 0.0000, 'wwwtest1', '', 1, 0, 0, 1126, 0.00, NULL, NULL, NULL, NULL, NULL, NULL, NULL, NULL, NULL, NULL, NULL, '', NULL, 0, 0);
INSERT INTO `stockmaster` VALUES ('000133', 'HT', 'test', 'test 1233', '10kg', 'B', '1800-01-01', 0.0000, 0.0000, 0.0000, 0.0000, 0.0000, 0, 0, 0, 3, 1.0000, 0.0000, 'wwwtest1', '', 1, 0, 0, 1127, 0.00, NULL, NULL, NULL, NULL, NULL, NULL, NULL, NULL, NULL, NULL, NULL, '', NULL, 0, 0);
INSERT INTO `stockmaster` VALUES ('123', 'IT', 'test', 'tesst', '', 'B', '1800-01-01', 0.0000, 0.0000, 0.0000, 0.0000, 0.0000, 0, 0, 0, 0, 0.0000, 0.0000, '', '', 1, 0, 0, 1138, 0.00, NULL, NULL, NULL, NULL, NULL, NULL, NULL, NULL, NULL, NULL, NULL, '', NULL, 0, 0);
INSERT INTO `stockmaster` VALUES ('1235', 'IT', 'test', 'tesst', '', 'B', '1800-01-01', 0.0000, 0.0000, 0.0000, 0.0000, 0.0000, 0, 0, 0, 0, 0.0000, 0.0000, '', '', 1, 0, 0, 1139, 0.00, NULL, NULL, NULL, NULL, NULL, NULL, NULL, NULL, NULL, NULL, NULL, '', NULL, 0, 0);
INSERT INTO `stockmaster` VALUES ('485489', 'IT', '348745', 'tgbikw', '', 'B', '1800-01-01', 0.0000, 0.0000, 0.0000, 0.0000, 0.0000, 0, 0, 0, 39834, 38.0000, 38.0000, '', '', 1, 0, 0, 1144, 0.00, NULL, NULL, NULL, NULL, NULL, NULL, NULL, NULL, NULL, NULL, NULL, '', NULL, 0, 0);
INSERT INTO `stockmaster` VALUES ('55148', 'IT', '3849', 'test', '', 'B', '1800-01-01', 0.0000, 0.0000, 0.0000, 0.0000, 0.0000, 0, 0, 0, 0, 0.0000, 38754.0000, '348', '48', 1, 0, 2, 1142, 0.00, NULL, NULL, NULL, NULL, NULL, NULL, NULL, NULL, NULL, NULL, NULL, '', NULL, 1, 0);
INSERT INTO `stockmaster` VALUES ('555TEWST', 'IT', '4u5', 'test', '', 'D', '1800-01-01', 0.0000, 0.0000, 0.0000, 0.0000, 0.0000, 0, 0, 0, 1, 13.0000, 33.0000, '', '', 1, 0, 0, 1141, 0.00, NULL, NULL, NULL, NULL, NULL, NULL, NULL, NULL, NULL, NULL, NULL, '', NULL, 0, 0);
INSERT INTO `stockmaster` VALUES ('573898', 'IT', '489', 'test i149i', '', 'B', '1800-01-01', 0.0000, 0.0000, 0.0000, 0.0000, 0.0000, 0, 0, 0, 0, 0.0000, 0.0000, '', '', 1, 0, 0, 1143, 0.00, NULL, NULL, NULL, NULL, NULL, NULL, NULL, NULL, NULL, NULL, NULL, '', NULL, 0, 0);
INSERT INTO `stockmaster` VALUES ('58738', 'IT', 'test', 'tesst', '', 'B', '1800-01-01', 0.0000, 0.0000, 0.0000, 0.0000, 0.0000, 0, 0, 0, 0, 5.0000, 5.0000, '', '', 1, 0, 0, 1134, 0.00, NULL, NULL, NULL, NULL, NULL, NULL, NULL, NULL, NULL, NULL, NULL, '', NULL, 0, 0);
INSERT INTO `stockmaster` VALUES ('58738-A', 'IT', 'test', 'tesst', '', 'B', '1800-01-01', 0.0000, 0.0000, 0.0000, 0.0000, 0.0000, 0, 0, 0, 0, 0.0000, 0.0000, '', '', 1, 0, 0, 1137, 0.00, NULL, NULL, NULL, NULL, NULL, NULL, NULL, NULL, NULL, NULL, NULL, '', NULL, 0, 0);
INSERT INTO `stockmaster` VALUES ('587387', 'IT', 'test', 'tesst', '', 'B', '1800-01-01', 0.0000, 0.0000, 0.0000, 0.0000, 0.0000, 0, 0, 0, 0, 0.0000, 0.0000, '', '', 1, 0, 0, 1136, 0.00, NULL, NULL, NULL, NULL, NULL, NULL, NULL, NULL, NULL, NULL, NULL, '', NULL, 0, 0);
INSERT INTO `stockmaster` VALUES ('ABCABD', 'IT', 'test', 'tesst', '', 'B', '1800-01-01', 0.0000, 0.0000, 0.0000, 0.0000, 0.0000, 0, 0, 0, 0, 0.0000, 0.0000, '', '', 1, 0, 0, 1140, 0.00, NULL, NULL, NULL, NULL, NULL, NULL, NULL, NULL, NULL, NULL, NULL, '', NULL, 0, 0);
INSERT INTO `stockmaster` VALUES ('EMI', 'CAR', 'emi u', 'wemrn', '', 'B', '1800-01-01', 0.0000, 0.0000, 0.0000, 0.0000, 0.0000, 0, 0, 0, 0, 0.0000, 0.0000, '', '', 1, 0, 0, 1151, 0.00, NULL, NULL, NULL, NULL, NULL, NULL, NULL, NULL, NULL, NULL, NULL, '', NULL, 1, 0);
INSERT INTO `stockmaster` VALUES ('ETY', 'CAR', 'ETU', 'etu vw 78-90', '', 'B', '1800-01-01', 0.0000, 0.0000, 0.0000, 0.0000, 0.0000, 0, 0, 0, 0, 0.0000, 0.0000, '', '', 1, 0, 0, 1150, 0.00, NULL, NULL, NULL, NULL, NULL, NULL, NULL, NULL, NULL, NULL, NULL, '', NULL, 1, 0);
INSERT INTO `stockmaster` VALUES ('G01', 'HT', 'Tie', 'Tie', 'each', 'B', '1800-01-01', 0.0000, 0.0000, 0.0000, 0.0000, 0.0000, 0, 0, 0, 0, 0.0000, 0.0000, '', '', 1, 0, 0, 1106, 0.00, NULL, NULL, NULL, NULL, NULL, NULL, NULL, NULL, NULL, NULL, NULL, '', NULL, 1, 0);
INSERT INTO `stockmaster` VALUES ('G01-01', 'HT', 'Hand Shovel - Red, Small', 'Hand Shovel - Red, Small\r\n    *  Hand crafted handle with maximum grip torque\r\n    * Titanium tipped shovel platter\r\n    * Half degree offset for less accidents\r\n    * Includes HowTo Video narrated by Bob Costas \r\n\r\nSpecifications\r\n5\\" Diameter\r\nTungsten handle tip with 5 point loft\r\n', 'each', 'B', '1800-01-01', 0.0000, 0.0000, 0.0000, 0.0000, 0.0000, 0, 0, 1, 25, 0.0000, 1.0000, 'G01-01', '', 1, 0, 0, 1037, 1.00, NULL, NULL, NULL, NULL, NULL, NULL, NULL, NULL, NULL, NULL, NULL, 'test/product/G01-01.jpg', 5.40, 1, 11);
INSERT INTO `stockmaster` VALUES ('G01-02', 'HT', 'Hand Shovel - Green, Medium', 'Hand Shovel - Green, Medium\r\n    *  Hand crafted handle with maximum grip torque\r\n    * Titanium tipped shovel platter\r\n    * Half degree offset for less accidents\r\n    * Includes HowTo Video narrated by Bob Costas \r\n\r\nSpecifications\r\n5\\" Diameter\r\nTungsten handle tip with 5 point loft\r\n', 'each', 'B', '1800-01-01', 0.0000, 0.0000, 0.0000, 0.0000, 0.0000, 0, 0, 1, 25, 0.0000, 1.0000, 'G01-02', '', 1, 0, 0, 1038, 1.00, NULL, NULL, NULL, NULL, NULL, NULL, NULL, NULL, NULL, NULL, NULL, 'test/product/G01-02.jpg', 5.40, 1, 12);
INSERT INTO `stockmaster` VALUES ('G01-03', 'HT', 'Hand Shovel - Blue, Large', 'Hand Shovel - Blue, Large\r\n    *  Hand crafted handle with maximum grip torque\r\n    * Titanium tipped shovel platter\r\n    * Half degree offset for less accidents\r\n    * Includes HowTo Video narrated by Bob Costas \r\n\r\nSpecifications\r\n5\\" Diameter\r\nTungsten handle tip with 5 point loft\r\n', 'each', 'B', '1800-01-01', 0.0000, 0.0000, 0.0000, 0.0000, 0.0000, 0, 0, 1, 25, 0.0000, 1.0000, 'G01-03', '', 1, 0, 0, 1039, 1.00, NULL, NULL, NULL, NULL, NULL, NULL, NULL, NULL, NULL, NULL, NULL, 'test/product/G01-03.jpg', 16.23, 1, 13);
INSERT INTO `stockmaster` VALUES ('G03', 'GT', 'Membership', 'Membership', 'each', 'M', '1800-01-01', 0.0000, 0.0000, 0.0000, 0.0000, 0.0000, 0, 0, 0, 20, 0.0000, 3.0000, 'G03', '', 1, 0, 0, 1042, 1.00, NULL, NULL, NULL, NULL, NULL, NULL, NULL, NULL, NULL, NULL, NULL, '', 24.99, 1, 3);
INSERT INTO `stockmaster` VALUES ('G04', 'GT', 'Event Tickets', 'Event Tickets', 'each', 'M', '1800-01-01', 0.0000, 0.0000, 0.0000, 0.0000, 0.0000, 0, 0, 1, 20, 0.0000, 2.0000, 'G04', '', 1, 0, 0, 1043, 1.00, NULL, NULL, NULL, NULL, NULL, NULL, NULL, NULL, NULL, NULL, NULL, '', 19.99, 0, 4);
INSERT INTO `stockmaster` VALUES ('GOLFTDI', 'CAR', 'Golf TDI', 'golf\r\n', '', 'B', '1800-01-01', 0.0000, 0.0000, 0.0000, 0.0000, 0.0000, 0, 0, 0, 0, 0.0000, 0.0000, '', '', 1, 0, 0, 1168, 0.00, NULL, NULL, NULL, NULL, NULL, NULL, NULL, NULL, NULL, NULL, NULL, 'test/product/GOLFTDI.jpg', NULL, 0, 0);
INSERT INTO `stockmaster` VALUES ('H01', 'HT', 'Lapel Pin', 'Lapel Pin', 'each', 'M', '1800-01-01', 0.0000, 0.0000, 0.0000, 0.0000, 0.0000, 0, 0, 1, 25, 0.0000, 1.0000, 'H01', '', 1, 0, 0, 1040, 1.00, NULL, NULL, NULL, NULL, NULL, NULL, NULL, NULL, NULL, NULL, NULL, '', 29.99, 1, 5);
INSERT INTO `stockmaster` VALUES ('H02', 'HT', 'Mug', 'Coffee Mug', 'each', 'M', '1800-01-01', 0.0000, 0.0000, 0.0000, 0.0000, 0.0000, 0, 0, 1, 100, 0.0000, 1.0000, 'H02', '', 1, 0, 0, 1032, 1.00, NULL, NULL, NULL, NULL, NULL, NULL, NULL, NULL, NULL, NULL, NULL, '', 1.00, 1, 6);
INSERT INTO `stockmaster` VALUES ('JRTUY9', 'CAR', 'hjrj0', 'jodrfhjo', '', 'B', '1800-01-01', 0.0000, 0.0000, 0.0000, 0.0000, 0.0000, 0, 0, 0, 0, 0.0000, 53.0000, '', '', 1, 0, 0, 1152, 0.00, NULL, NULL, NULL, NULL, NULL, NULL, NULL, NULL, NULL, NULL, NULL, '', NULL, 0, 0);
INSERT INTO `stockmaster` VALUES ('L01', 'GT', 'Ladder - Metal', 'Ladder - Metal\r\n    *  Hand crafted handle with maximum grip torque\r\n    * Titanium tipped shovel platter\r\n    * Half degree offset for less accidents\r\n    * Includes HowTo Video narrated by Bob Costas \r\n\r\nSpecifications\r\n5\\" Diameter\r\nTungsten handle tip with 5 point loft\r\n', 'each', 'B', '1800-01-01', 0.0000, 0.0000, 0.0000, 0.0000, 0.0000, 0, 0, 1, 5, 0.0000, 10.0000, 'L01', '', 1, 1, 0, 1033, 1.00, NULL, NULL, NULL, NULL, NULL, NULL, NULL, NULL, NULL, NULL, NULL, 'test/product/L01.jpg', 79.99, 1, 14);
INSERT INTO `stockmaster` VALUES ('L02', 'GT', 'Ladder - Wooden', 'Ladder - Wooden\r\n    *  Hand crafted handle with maximum grip torque\r\n    * Titanium tipped shovel platter\r\n    * Half degree offset for less accidents\r\n    * Includes HowTo Video narrated by Bob Costas \r\n\r\nSpecifications\r\n5\\" Diameter\r\nTungsten handle tip with 5 point loft\r\n', 'each', 'B', '1800-01-01', 0.0000, 0.0000, 0.0000, 0.0000, 0.0000, 0, 0, 1, 5, 0.0000, 10.0000, 'L02', '', 1, 1, 0, 1034, 1.00, NULL, NULL, NULL, NULL, NULL, NULL, NULL, NULL, NULL, NULL, NULL, 'test/product/L02.jpg', 49.99, 1, 16);
INSERT INTO `stockmaster` VALUES ('L03', 'GT', 'Ladder - Plastic', 'Ladder - Plastic\r\n    *  Hand crafted handle with maximum grip torque\r\n    * Titanium tipped shovel platter\r\n    * Half degree offset for less accidents\r\n    * Includes HowTo Video narrated by Bob Costas \r\n\r\nSpecifications\r\n5\\" Diameter\r\nTungsten handle tip with 5 point loft\r\n', 'each', 'B', '1800-01-01', 0.0000, 0.0000, 0.0000, 0.0000, 0.0000, 0, 0, 1, 5, 0.0000, 10.0000, 'L03', '', 1, 1, 0, 1035, 1.00, NULL, NULL, NULL, NULL, NULL, NULL, NULL, NULL, NULL, NULL, NULL, 'test/product/L03.jpg', 59.99, 1, 15);
INSERT INTO `stockmaster` VALUES ('P01', 'OT', 'Chain saw', '    *  Tool-free tensioner for easy, convenient chain adjustment\r\n    * 3-Way Auto Stop; stops chain a fraction of a second\r\n    * Automatic chain oiler regulates oil for proper chain lubrication\r\n    * Small radius guide bar reduces kick-back \r\n\r\n\r\nSpecifications\r\n12.5 AMPS\r\n16\\\\\\\\\\\\\\" Bar Length\r\n3.5 HP\r\n8.05 LBS. Weight ', 'each', 'B', '1800-01-01', 0.0000, 0.0000, 0.0000, 0.0000, 0.0000, 0, 0, 1, 10, 0.0000, 4.0000, 'P01', '', 1, 1, 0, 1029, 1.00, NULL, NULL, NULL, NULL, NULL, NULL, NULL, NULL, NULL, NULL, NULL, 'test/product/P01.jpg', 149.99, 0, 7);
INSERT INTO `stockmaster` VALUES ('P02', 'PT', 'Circular Saw', '    *  Patented Sightline; Window provides maximum visibility for straight cuts\r\n    * Adjustable dust chute for cleaner work area\r\n    * Bail handle for controlled cutting in 90 to 45 applications\r\n    * 1-1/2 to 2-1/2 lbs. lighter and 40% less noise than the average circular saw\r\n    * Includes:Carbide blade \r\n\r\n\r\nSpecifications\r\n10.0 AMPS\r\n4,300 RPM\r\nCapacity: 2-1/16\\" at 90, 1-3/4\\" at 45', 'each', 'B', '1800-01-01', 0.0000, 0.0000, 0.0000, 0.0000, 0.0000, 0, 0, 1, 5, 0.0000, 4.5000, 'P02', '', 1, 1, 0, 1030, 1.00, NULL, NULL, NULL, NULL, NULL, NULL, NULL, NULL, NULL, NULL, NULL, 'test/product/P02.jpg', 220.90, 1, 8);
INSERT INTO `stockmaster` VALUES ('P03', 'IT', 'Drill', 'Drill\r\n    * High power motor and double gear reduction for increased durability and improved performance\r\n    * Mid-handle design and two finger trigger for increased balance and comfort\r\n    * Variable speed switch with lock-on button for continuous use\r\n    * Includes: Chuck key & holder \r\n\r\n\r\nSpecifications\r\n4.0 AMPS\r\n0-1,350 RPM\r\nCapacity: 3/8\\" Steel, 1\\" Wood\r\n', 'each', 'B', '1800-01-01', 0.0000, 0.0000, 0.0000, 0.0000, 0.0000, 0, 0, 1, 10, 0.0000, 2.0000, 'P03', '', 1, 1, 0, 1031, 1.00, NULL, NULL, NULL, NULL, NULL, NULL, NULL, NULL, NULL, NULL, NULL, 'test/product/P03.jpg', 48.12, 1, 9);
INSERT INTO `stockmaster` VALUES ('P04', 'PT', 'Power Sander', 'Power Sander\r\n    *  Lever activated paper clamps for simple sandpaper changes\r\n    * Dust sealed rocker switch extends product life and keeps dust out of motor\r\n    * Flush sands on three sides to get into corners\r\n    * Front handle for extra control\r\n    * Dust extraction port for cleaner work environment ', 'each', 'B', '1800-01-01', 0.0000, 0.0000, 0.0000, 0.0000, 0.0000, 0, 0, 1, 10, 0.0000, 1.7500, 'P04', '', 1, 1, 0, 1041, 1.00, NULL, NULL, NULL, NULL, NULL, NULL, NULL, NULL, NULL, NULL, NULL, 'test/product/P04.jpg', 79.99, 1, 10);
INSERT INTO `stockmaster` VALUES ('R01-H01', 'RM', 'Nice Saw Handle', 'Nice Saw Handle', 'units', 'B', '1800-01-01', 0.0000, 0.0000, 0.0000, 0.0000, 0.0000, 0, 0, 1, 100, 0.0000, 0.0000, 'R01-H01', '', 7, 0, 0, 1044, 0.00, NULL, NULL, NULL, NULL, NULL, NULL, NULL, NULL, NULL, NULL, NULL, '', NULL, 0, 0);
INSERT INTO `stockmaster` VALUES ('R02-H01', 'RM', 'Nice Saw Blade', 'Nice Saw Blade', 'units', 'B', '1800-01-01', 0.0000, 0.0000, 0.0000, 0.0000, 0.0000, 0, 0, 1, 100, 0.0000, 0.0000, 'R02-H01', '', 7, 0, 0, 1045, 0.00, NULL, NULL, NULL, NULL, NULL, NULL, NULL, NULL, NULL, NULL, NULL, '', NULL, 0, 0);
INSERT INTO `stockmaster` VALUES ('R03-H02', 'RM', 'Hammer Handle', 'Hammer Handle', 'units', 'B', '1800-01-01', 0.0000, 0.0000, 0.0000, 0.0000, 0.0000, 0, 0, 1, 250, 0.0000, 0.0000, '', '', 7, 0, 0, 1046, 0.00, NULL, NULL, NULL, NULL, NULL, NULL, NULL, NULL, NULL, NULL, NULL, '', NULL, 0, 0);
INSERT INTO `stockmaster` VALUES ('R04-H02', 'RM', 'Hammer Head', 'Hammer Head', 'units', 'B', '1800-01-01', 0.0000, 0.0000, 0.0000, 0.0000, 0.0000, 0, 0, 1, 250, 0.0000, 0.0000, 'R04-H02', '', 7, 0, 0, 1047, 0.00, NULL, NULL, NULL, NULL, NULL, NULL, NULL, NULL, NULL, NULL, NULL, '', NULL, 0, 0);
INSERT INTO `stockmaster` VALUES ('RN', 'CAR', 'renhj', 'beh', '', 'B', '1800-01-01', 0.0000, 0.0000, 0.0000, 0.0000, 0.0000, 0, 0, 0, 0, 0.0000, 0.0000, '', '', 1, 0, 0, 1153, 0.00, NULL, NULL, NULL, NULL, NULL, NULL, NULL, NULL, NULL, NULL, NULL, '', NULL, 0, 0);
INSERT INTO `stockmaster` VALUES ('S01', 'IT', 'jig saw', 'Jig saw', '', 'B', '1800-01-01', 0.0000, 0.0000, 0.0000, 0.0000, 0.0000, 0, 0, 0, 0, 0.0000, 0.0000, '', '', 1, 0, 0, 1145, 0.00, NULL, NULL, NULL, NULL, NULL, NULL, NULL, NULL, NULL, NULL, NULL, '', 56.00, 1, 0);
INSERT INTO `stockmaster` VALUES ('ST01', 'IT', 'table Sqw', 'Tablew saw', '', 'B', '1800-01-01', 0.0000, 0.0000, 0.0000, 0.0000, 0.0000, 0, 0, 0, 0, 0.0000, 0.0000, '', '', 9, 0, 0, 1146, 0.00, NULL, NULL, NULL, NULL, NULL, NULL, NULL, NULL, NULL, NULL, NULL, '', NULL, 0, 0);
INSERT INTO `stockmaster` VALUES ('TESJH', 'CAR', 'TE', 'TEST', '', 'B', '1800-01-01', 0.0000, 0.0000, 0.0000, 0.0000, 0.0000, 0, 0, 0, 1, 1.0000, 17.0000, '2', '', 1, 0, 0, 1149, 0.00, NULL, NULL, NULL, NULL, NULL, NULL, NULL, NULL, NULL, NULL, NULL, '', NULL, 0, 0);
INSERT INTO `stockmaster` VALUES ('TEST', 'IT', 'test', 'tesst', '', 'B', '1800-01-01', 0.0000, 0.0000, 0.0000, 0.0000, 0.0000, 0, 0, 0, 0, 0.0000, 0.0000, '', '', 1, 0, 0, 1135, 0.00, NULL, NULL, NULL, NULL, NULL, NULL, NULL, NULL, NULL, NULL, NULL, '', NULL, 0, 0);
INSERT INTO `stockmaster` VALUES ('TEST-131', 'CAR', 'test', 'test', '', 'B', '1800-01-01', 0.0000, 0.0000, 0.0000, 0.0000, 0.0000, 0, 0, 0, 6, 0.0000, 2.0000, '43', '', 1, 0, 0, 1166, 0.00, NULL, NULL, NULL, NULL, NULL, NULL, NULL, NULL, NULL, NULL, NULL, 'test/product/TEST-131.jpg', NULL, 1, 0);
INSERT INTO `stockmaster` VALUES ('TEST-132', 'CAR', 'test', 'tesrt 131', '', 'B', '1800-01-01', 0.0000, 0.0000, 0.0000, 0.0000, 0.0000, 0, 0, 0, 0, 0.0000, 0.0000, '', '', 1, 0, 0, 1167, 0.00, NULL, NULL, NULL, NULL, NULL, NULL, NULL, NULL, NULL, NULL, NULL, 'test/product/TEST-132.jpg', NULL, 1, 0);
INSERT INTO `stockmaster` VALUES ('TEST127', 'CAR', 'test', 'test', '', 'B', '1800-01-01', 0.0000, 0.0000, 0.0000, 0.0000, 0.0000, 0, 0, 0, 0, 0.0000, 0.0000, '', '', 1, 0, 0, 1159, 0.00, NULL, NULL, NULL, NULL, NULL, NULL, NULL, NULL, NULL, NULL, NULL, 'test/product/TEST127.jpg', NULL, 1, 0);
INSERT INTO `stockmaster` VALUES ('TEST38', 'TE', 'test', 'test', '', 'B', '1800-01-01', 0.0000, 0.0000, 0.0000, 0.0000, 0.0000, 0, 0, 0, 0, 0.0000, 0.0000, '1', '', 1, 0, 0, 1160, 0.00, NULL, NULL, NULL, NULL, NULL, NULL, NULL, NULL, NULL, NULL, NULL, 'test/product/TEST38.jpg', NULL, 1, 0);
INSERT INTO `stockmaster` VALUES ('TEST42', 'CAR', 'test', 'TESTY', '', 'B', '1800-01-01', 0.0000, 0.0000, 0.0000, 0.0000, 0.0000, 0, 0, 0, 0, 0.0000, 0.0000, '', '', 1, 0, 0, 1161, 0.00, NULL, NULL, NULL, NULL, NULL, NULL, NULL, NULL, NULL, NULL, NULL, 'test/product/TEST42.jpg', NULL, 1, 0);
INSERT INTO `stockmaster` VALUES ('TURBO', 'CARPRT', 'Turbo', 'Turbo Charger', '', 'B', '1800-01-01', 0.0000, 0.0000, 0.0000, 0.0000, 0.0000, 0, 0, 0, 0, 0.0000, 0.0000, '', '', 1, 0, 0, 1175, 0.00, NULL, NULL, NULL, NULL, NULL, NULL, NULL, NULL, NULL, NULL, NULL, 'test/product/TURBO.jpg', NULL, 1, 0);
INSERT INTO `stockmaster` VALUES ('TURBO-TEST', 'CAR', 'Turbo', 'Turbo', '', 'B', '1800-01-01', 0.0000, 0.0000, 0.0000, 0.0000, 0.0000, 0, 0, 0, 0, 0.0000, 0.0000, '', '', 1, 0, 0, 1176, 0.00, NULL, NULL, NULL, NULL, NULL, NULL, NULL, NULL, NULL, NULL, NULL, 'test/product/TURBO-TEST.jpg', 400.00, 0, 0);
INSERT INTO `stockmaster` VALUES ('VOLKS-TDI', 'TE', 'tdi goft', 'tfrest ', '', 'B', '1800-01-01', 0.0000, 0.0000, 0.0000, 0.0000, 0.0000, 0, 0, 0, 0, 0.0000, 0.0000, '', '', 1, 0, 0, 1165, 0.00, NULL, NULL, NULL, NULL, NULL, NULL, NULL, NULL, NULL, NULL, NULL, 'test/product/VOLKS-TDI.jpg', NULL, 0, 0);
INSERT INTO `stockmaster` VALUES ('VOLKS-TDI1', 'CAR', 'tdi goft', 'tdi', '', 'B', '1800-01-01', 0.0000, 0.0000, 0.0000, 0.0000, 0.0000, 0, 0, 0, 0, 0.0000, 0.0000, 'f4131', '', 1, 0, 0, 1164, 0.00, NULL, NULL, NULL, NULL, NULL, NULL, NULL, NULL, NULL, NULL, NULL, 'test/product/VOLKS-TDI1.jpg', NULL, 1, 0);
INSERT INTO `stockmaster` VALUES ('VW-001-01', 'TE', 'Vw Rabbit', '1977 Red Volkswagen Rabbit Desel', '', 'B', '1800-01-01', 0.0000, 0.0000, 0.0000, 0.0000, 0.0000, 0, 0, 0, 0, 0.0000, 0.0000, '', '', 1, 0, 0, 1172, 0.00, NULL, NULL, NULL, NULL, NULL, NULL, NULL, NULL, NULL, NULL, NULL, 'test/product/VW-001-01.jpg', NULL, 0, 0);
INSERT INTO `stockmaster` VALUES ('VW-001-03', 'CAR', 'Vw Rabbit', '1977 Rabbit Mint Condition Lady Driver ', '', 'B', '1800-01-01', 0.0000, 0.0000, 0.0000, 0.0000, 0.0000, 0, 0, 0, 0, 0.0000, 0.0000, '', '', 1, 0, 0, 1174, 0.00, NULL, NULL, NULL, NULL, NULL, NULL, NULL, NULL, NULL, NULL, NULL, 'test/product/VW-001-03.jpg', 36.00, 0, 0);
INSERT INTO `stockmaster` VALUES ('VW-RABIT', 'CAR', 'Volks', 'VW Rabbit 1980', '', 'B', '1800-01-01', 0.0000, 0.0000, 0.0000, 0.0000, 0.0000, 0, 0, 0, 0, 0.0000, 0.0000, '', '', 1, 0, 0, 1162, 0.00, NULL, NULL, NULL, NULL, NULL, NULL, NULL, NULL, NULL, NULL, NULL, 'test/product/VW-RABIT.jpg', NULL, 1, 0);
INSERT INTO `stockmaster` VALUES ('VW001', 'CAR', 'Vw Golf', '2006 GTI', '', 'B', '1800-01-01', 0.0000, 0.0000, 0.0000, 0.0000, 0.0000, 0, 0, 0, 2, 0.0000, 0.0000, '', '', 1, 0, 0, 1147, 0.00, NULL, NULL, NULL, NULL, NULL, NULL, NULL, NULL, NULL, NULL, NULL, '', NULL, 1, 0);
INSERT INTO `stockmaster` VALUES ('VW0013', 'TE', 'Volks', 'vW Rabbit 1980', '', 'B', '1800-01-01', 0.0000, 0.0000, 0.0000, 0.0000, 0.0000, 0, 0, 0, 0, 0.0000, 0.0000, '', '', 1, 0, 0, 1163, 0.00, NULL, NULL, NULL, NULL, NULL, NULL, NULL, NULL, NULL, NULL, NULL, 'test/product/VW0013.jpg', NULL, 0, 0);
INSERT INTO `stockmaster` VALUES ('VW002', 'TE', 'Jetta', 'Vw Jetta', '', 'B', '1800-01-01', 0.0000, 0.0000, 0.0000, 0.0000, 0.0000, 0, 0, 0, 28, 0.0000, 0.0000, '', '', 1, 0, 0, 1148, 0.00, NULL, NULL, NULL, NULL, NULL, NULL, NULL, NULL, NULL, NULL, NULL, '', NULL, 1, 0);
INSERT INTO `stockmaster` VALUES ('VW004', 'CAR', 'RAbIT', 'TRAN', '', 'B', '1800-01-01', 0.0000, 0.0000, 0.0000, 0.0000, 0.0000, 0, 0, 0, 0, 0.0000, 0.0000, '38', '3', 1, 0, 0, 1156, 0.00, NULL, NULL, NULL, NULL, NULL, NULL, NULL, NULL, NULL, NULL, NULL, '', NULL, 0, 0);
INSERT INTO `stockmaster` VALUES ('VW1', 'CAR', 'Goft tdi', 'testr', '', 'B', '1800-01-01', 0.0000, 0.0000, 0.0000, 0.0000, 0.0000, 0, 0, 0, 0, 0.0000, 0.0000, '', '', 1, 0, 0, 1154, 0.00, NULL, NULL, NULL, NULL, NULL, NULL, NULL, NULL, NULL, NULL, NULL, '', NULL, 0, 0);
INSERT INTO `stockmaster` VALUES ('VW2', 'TE', 'Vw Rabbit', '4587', '', 'B', '1800-01-01', 0.0000, 0.0000, 0.0000, 0.0000, 0.0000, 0, 0, 0, 48, 3.0000, 2.0000, '', '', 1, 0, 0, 1155, 0.00, NULL, NULL, NULL, NULL, NULL, NULL, NULL, NULL, NULL, NULL, NULL, '', NULL, 1, 0);

-- --------------------------------------------------------

-- 
-- Table structure for table `stockmoves`
-- 

CREATE TABLE `stockmoves` (
  `stkmoveno` int(11) NOT NULL auto_increment,
  `stockid` varchar(20) NOT NULL default '',
  `type` smallint(6) NOT NULL default '0',
  `transno` int(11) NOT NULL default '0',
  `loccode` varchar(5) NOT NULL default '',
  `trandate` date NOT NULL default '0000-00-00',
  `debtorno` varchar(10) NOT NULL default '',
  `branchcode` varchar(10) NOT NULL default '',
  `price` decimal(20,4) NOT NULL default '0.0000',
  `prd` smallint(6) NOT NULL default '0',
  `reference` varchar(40) NOT NULL default '',
  `qty` double NOT NULL default '1',
  `discountpercent` double NOT NULL default '0',
  `standardcost` double NOT NULL default '0',
  `show_on_inv_crds` tinyint(4) NOT NULL default '1',
  `newqoh` double NOT NULL default '0',
  `hidemovt` tinyint(4) NOT NULL default '0',
  `narrative` text NOT NULL,
  PRIMARY KEY  (`stkmoveno`),
  KEY `DebtorNo` (`debtorno`),
  KEY `LocCode` (`loccode`),
  KEY `Prd` (`prd`),
  KEY `StockID` (`stockid`,`loccode`),
  KEY `StockID_2` (`stockid`),
  KEY `TranDate` (`trandate`),
  KEY `TransNo` (`transno`),
  KEY `Type` (`type`),
  KEY `Show_On_Inv_Crds` (`show_on_inv_crds`),
  KEY `Hide` (`hidemovt`)
) ENGINE=InnoDB DEFAULT CHARSET=latin1 AUTO_INCREMENT=21 ;

-- 
-- Dumping data for table `stockmoves`
-- 

INSERT INTO `stockmoves` VALUES (1, 'H01', 17, 3, 'TOR', '2007-04-16', '', '', 0.0000, 2, '', 300, 0, 0, 1, 300, 0, '');
INSERT INTO `stockmoves` VALUES (2, 'G01-02', 17, 5, 'TOR', '0000-00-00', '', '', 0.0000, 14, '', 500, 0, 0, 1, 500, 0, '');
INSERT INTO `stockmoves` VALUES (3, 'H02', 17, 6, 'TOR', '0000-00-00', '', '', 0.0000, 14, '', 500, 0, 0, 1, 500, 0, '');
INSERT INTO `stockmoves` VALUES (4, 'P02', 17, 7, 'HQ', '0000-00-00', '', '', 0.0000, 14, 'testing', 6, 0, 0, 1, 6, 0, '');
INSERT INTO `stockmoves` VALUES (5, 'H02', 10, 1001, 'TOR', '2007-04-17', 'WWW1070', 'WWW1070', 1.0000, 2, '5', -2, 0, 0, 1, 498, 0, 'Hammer');
INSERT INTO `stockmoves` VALUES (6, 'H01', 10, 1001, 'TOR', '2007-04-17', 'WWW1070', 'WWW1070', 23.1424, 2, '5', -3, 0, 0, 1, 297, 0, 'Nice Saw');
INSERT INTO `stockmoves` VALUES (7, 'G01-02', 10, 1002, 'TOR', '2007-04-17', 'WWW1087', 'WWW1087', 4.9900, 2, '11', -250, 0, 0, 1, 250, 0, 'Hand Shovel');
INSERT INTO `stockmoves` VALUES (8, 'H02', 10, 1002, 'TOR', '2007-04-17', 'WWW1087', 'WWW1087', 1.0000, 2, '11', -1, 0, 0, 1, 497, 0, 'Hammer');
INSERT INTO `stockmoves` VALUES (9, 'P04', 17, 8, 'TOR', '0000-00-00', '', '', 0.0000, 14, 'test', 1, 0, 0, 1, 1, 0, '');
INSERT INTO `stockmoves` VALUES (10, 'P04', 10, 1003, 'TOR', '2007-04-17', 'WWW1087', 'WWW1087', 73.1424, 2, '13', -1, 0, 0, 1, 0, 0, 'Power Sander');
INSERT INTO `stockmoves` VALUES (11, 'H02', 10, 1004, 'TOR', '2007-04-17', 'WWW1064', 'WWW1064', 1.0000, 2, '9', -247, 0, 0, 1, 250, 0, 'Hammer');
INSERT INTO `stockmoves` VALUES (12, 'H02', 10, 1005, 'TOR', '2007-04-17', 'WWW1080', 'WWW1080', 1.0000, 2, '8', -5, 0, 0, 1, 245, 0, 'Hammer');
INSERT INTO `stockmoves` VALUES (13, 'G01-01', 17, 10, 'TOR', '0000-00-00', '', '', 0.0000, 14, '', 10000, 0, 0, 1, 10000, 0, '');
INSERT INTO `stockmoves` VALUES (14, 'G01-01', 10, 1006, 'TOR', '2007-04-17', 'WWW1084', 'WWW1084', 4.9900, 2, '10', -23, 0, 0, 1, 9977, 0, '');
INSERT INTO `stockmoves` VALUES (15, 'P03', 17, 11, 'TOR', '0000-00-00', '', '', 0.0000, 14, '', 1, 0, 0, 1, 1, 0, '');
INSERT INTO `stockmoves` VALUES (16, 'P03', 10, 1007, 'TOR', '2007-04-17', 'WWW1087', 'WWW1087', 48.1200, 2, '14', -1, 0, 0, 1, 0, 0, 'Drill');
INSERT INTO `stockmoves` VALUES (17, 'H02', 10, 1008, 'TOR', '2007-05-08', 'WWW1103', 'WWW1103', 0.2500, 3, '24', -1, 0, 0, 1, 244, 0, 'Mug');
INSERT INTO `stockmoves` VALUES (18, 'H01', 10, 1009, 'TOR', '2007-05-15', 'WWW1109', 'WWW1109', 0.2500, 3, '25', -2, 0, 0, 1, 295, 0, 'Lapel Pin');
INSERT INTO `stockmoves` VALUES (19, 'VW2', 10, 1010, 'HQ', '2007-08-20', 'WWW1070', 'WWW1070', 3490.0000, 6, '1003', -1, 0, 0, 1, -1, 0, '');
INSERT INTO `stockmoves` VALUES (20, 'VW004', 10, 1011, 'TOR', '2007-08-20', 'WWW1131', 'WWW1131', 56.0000, 6, '31', -1, 0, 0, 1, -1, 0, 'RAbIT');

-- --------------------------------------------------------

-- 
-- Table structure for table `stockmovestaxes`
-- 

CREATE TABLE `stockmovestaxes` (
  `stkmoveno` int(11) NOT NULL default '0',
  `taxauthid` tinyint(4) NOT NULL default '0',
  `taxrate` double NOT NULL default '0',
  `taxontax` tinyint(4) NOT NULL default '0',
  `taxcalculationorder` tinyint(4) NOT NULL default '0',
  PRIMARY KEY  (`stkmoveno`,`taxauthid`),
  KEY `taxauthid` (`taxauthid`),
  KEY `calculationorder` (`taxcalculationorder`)
) ENGINE=InnoDB DEFAULT CHARSET=latin1;

-- 
-- Dumping data for table `stockmovestaxes`
-- 

INSERT INTO `stockmovestaxes` VALUES (11, 11, 0.06, 0, 1);
INSERT INTO `stockmovestaxes` VALUES (11, 12, 0, 0, 2);
INSERT INTO `stockmovestaxes` VALUES (12, 11, 0.06, 0, 1);
INSERT INTO `stockmovestaxes` VALUES (12, 12, 0, 0, 2);
INSERT INTO `stockmovestaxes` VALUES (14, 11, 0.06, 0, 1);
INSERT INTO `stockmovestaxes` VALUES (14, 12, 0, 0, 2);
INSERT INTO `stockmovestaxes` VALUES (17, 11, 0.06, 0, 1);
INSERT INTO `stockmovestaxes` VALUES (17, 12, 0, 0, 2);
INSERT INTO `stockmovestaxes` VALUES (18, 11, 0.06, 0, 1);
INSERT INTO `stockmovestaxes` VALUES (18, 12, 0, 0, 2);

-- --------------------------------------------------------

-- 
-- Table structure for table `stockserialitems`
-- 

CREATE TABLE `stockserialitems` (
  `stockid` varchar(20) NOT NULL default '',
  `loccode` varchar(5) NOT NULL default '',
  `serialno` varchar(30) NOT NULL default '',
  `quantity` double NOT NULL default '0',
  PRIMARY KEY  (`stockid`,`serialno`,`loccode`),
  KEY `StockID` (`stockid`),
  KEY `LocCode` (`loccode`),
  KEY `serialno` (`serialno`)
) ENGINE=InnoDB DEFAULT CHARSET=latin1;

-- 
-- Dumping data for table `stockserialitems`
-- 

INSERT INTO `stockserialitems` VALUES ('G01-01', 'TOR', '00-01-02', 9977);
INSERT INTO `stockserialitems` VALUES ('G01-02', 'TOR', '00-01-01', 0);
INSERT INTO `stockserialitems` VALUES ('G01-02', 'TOR', '01-02-02', 250);
INSERT INTO `stockserialitems` VALUES ('H01', 'TOR', '0001', 295);
INSERT INTO `stockserialitems` VALUES ('H02', 'TOR', '01-10-1028', 0);
INSERT INTO `stockserialitems` VALUES ('H02', 'TOR', '01-10-1262', 244);
INSERT INTO `stockserialitems` VALUES ('P02', 'HQ', '218', 1);
INSERT INTO `stockserialitems` VALUES ('P02', 'HQ', '238', 1);
INSERT INTO `stockserialitems` VALUES ('P02', 'HQ', '372', 1);
INSERT INTO `stockserialitems` VALUES ('P02', 'HQ', '91828', 1);
INSERT INTO `stockserialitems` VALUES ('P02', 'HQ', '9218219', 1);
INSERT INTO `stockserialitems` VALUES ('P02', 'HQ', '92819', 1);
INSERT INTO `stockserialitems` VALUES ('P03', 'TOR', '12345', 0);
INSERT INTO `stockserialitems` VALUES ('P04', 'TOR', '2029', 0);

-- --------------------------------------------------------

-- 
-- Table structure for table `stockserialmoves`
-- 

CREATE TABLE `stockserialmoves` (
  `stkitmmoveno` int(11) NOT NULL auto_increment,
  `stockmoveno` int(11) NOT NULL default '0',
  `stockid` varchar(20) NOT NULL default '',
  `serialno` varchar(30) NOT NULL default '',
  `moveqty` double NOT NULL default '0',
  PRIMARY KEY  (`stkitmmoveno`),
  KEY `StockMoveNo` (`stockmoveno`),
  KEY `StockID_SN` (`stockid`,`serialno`),
  KEY `serialno` (`serialno`)
) ENGINE=InnoDB DEFAULT CHARSET=latin1 AUTO_INCREMENT=26 ;

-- 
-- Dumping data for table `stockserialmoves`
-- 

INSERT INTO `stockserialmoves` VALUES (1, 1, 'H01', '0001', 300);
INSERT INTO `stockserialmoves` VALUES (2, 2, 'G01-02', '00-01-01', 250);
INSERT INTO `stockserialmoves` VALUES (3, 2, 'G01-02', '01-02-02', 250);
INSERT INTO `stockserialmoves` VALUES (4, 3, 'H02', '01-10-1028', 250);
INSERT INTO `stockserialmoves` VALUES (5, 3, 'H02', '01-10-1262', 250);
INSERT INTO `stockserialmoves` VALUES (6, 4, 'P02', '238', 1);
INSERT INTO `stockserialmoves` VALUES (7, 4, 'P02', '372', 1);
INSERT INTO `stockserialmoves` VALUES (8, 4, 'P02', '92819', 1);
INSERT INTO `stockserialmoves` VALUES (9, 4, 'P02', '9218219', 1);
INSERT INTO `stockserialmoves` VALUES (10, 4, 'P02', '91828', 1);
INSERT INTO `stockserialmoves` VALUES (11, 4, 'P02', '218', 1);
INSERT INTO `stockserialmoves` VALUES (12, 5, 'H02', '01-10-1028', -2);
INSERT INTO `stockserialmoves` VALUES (13, 6, 'H01', '0001', -3);
INSERT INTO `stockserialmoves` VALUES (14, 7, 'G01-02', '00-01-01', -250);
INSERT INTO `stockserialmoves` VALUES (15, 8, 'H02', '01-10-1028', -1);
INSERT INTO `stockserialmoves` VALUES (16, 9, 'P04', '2029', 1);
INSERT INTO `stockserialmoves` VALUES (17, 10, 'P04', '2029', -1);
INSERT INTO `stockserialmoves` VALUES (18, 11, 'H02', '01-10-1028', -247);
INSERT INTO `stockserialmoves` VALUES (19, 12, 'H02', '01-10-1262', -5);
INSERT INTO `stockserialmoves` VALUES (20, 13, 'G01-01', '00-01-02', 10000);
INSERT INTO `stockserialmoves` VALUES (21, 14, 'G01-01', '00-01-02', -23);
INSERT INTO `stockserialmoves` VALUES (22, 15, 'P03', '12345', 1);
INSERT INTO `stockserialmoves` VALUES (23, 16, 'P03', '12345', -1);
INSERT INTO `stockserialmoves` VALUES (24, 17, 'H02', '01-10-1262', -1);
INSERT INTO `stockserialmoves` VALUES (25, 18, 'H01', '0001', -2);

-- --------------------------------------------------------

-- 
-- Table structure for table `suppallocs`
-- 

CREATE TABLE `suppallocs` (
  `id` int(11) NOT NULL auto_increment,
  `amt` double NOT NULL default '0',
  `datealloc` date NOT NULL default '0000-00-00',
  `transid_allocfrom` int(11) NOT NULL default '0',
  `transid_allocto` int(11) NOT NULL default '0',
  PRIMARY KEY  (`id`),
  KEY `TransID_AllocFrom` (`transid_allocfrom`),
  KEY `TransID_AllocTo` (`transid_allocto`),
  KEY `DateAlloc` (`datealloc`)
) ENGINE=InnoDB DEFAULT CHARSET=latin1 AUTO_INCREMENT=1 ;

-- 
-- Dumping data for table `suppallocs`
-- 


-- --------------------------------------------------------

-- 
-- Table structure for table `suppliercontacts`
-- 

CREATE TABLE `suppliercontacts` (
  `supplierid` varchar(10) NOT NULL default '',
  `contact` varchar(30) NOT NULL default '',
  `position` varchar(30) NOT NULL default '',
  `tel` varchar(30) NOT NULL default '',
  `fax` varchar(30) NOT NULL default '',
  `mobile` varchar(30) NOT NULL default '',
  `email` varchar(55) NOT NULL default '',
  `ordercontact` tinyint(1) NOT NULL default '0',
  PRIMARY KEY  (`supplierid`,`contact`),
  KEY `Contact` (`contact`),
  KEY `SupplierID` (`supplierid`)
) ENGINE=InnoDB DEFAULT CHARSET=latin1;

-- 
-- Dumping data for table `suppliercontacts`
-- 


-- --------------------------------------------------------

-- 
-- Table structure for table `suppliers`
-- 

CREATE TABLE `suppliers` (
  `supplierid` varchar(10) NOT NULL default '',
  `suppname` varchar(40) NOT NULL default '',
  `address1` varchar(40) NOT NULL default '',
  `address2` varchar(40) NOT NULL default '',
  `address3` varchar(40) NOT NULL default '',
  `address4` varchar(50) NOT NULL default '',
  `address5` varchar(20) NOT NULL default '',
  `address6` varchar(15) NOT NULL default '',
  `currcode` char(3) NOT NULL default '',
  `suppliersince` date NOT NULL default '0000-00-00',
  `paymentterms` char(2) NOT NULL default '',
  `lastpaid` double NOT NULL default '0',
  `lastpaiddate` datetime default NULL,
  `bankact` varchar(30) NOT NULL default '',
  `bankref` varchar(12) NOT NULL default '',
  `bankpartics` varchar(12) NOT NULL default '',
  `remittance` tinyint(4) NOT NULL default '1',
  `taxgroupid` tinyint(4) NOT NULL default '1',
  PRIMARY KEY  (`supplierid`),
  KEY `CurrCode` (`currcode`),
  KEY `PaymentTerms` (`paymentterms`),
  KEY `SupplierID` (`supplierid`),
  KEY `SuppName` (`suppname`),
  KEY `taxgroupid` (`taxgroupid`)
) ENGINE=InnoDB DEFAULT CHARSET=latin1;

-- 
-- Dumping data for table `suppliers`
-- 

INSERT INTO `suppliers` VALUES ('0001', 'Handle Makers Inc.', '735 Industrial Way', 'Warehouse B', 'Kingston', 'ON', 'Canada', 'K0T 4K2', 'CDN', '2007-03-22', '20', 0, NULL, '', '0', '', 0, 1);
INSERT INTO `suppliers` VALUES ('0002', 'Tokyo Hammer Heads', '87 Sakuro', '', 'Tokyo', '', 'Japan', '', 'USD', '2007-03-22', '20', 0, NULL, '', '0', '', 0, 3);
INSERT INTO `suppliers` VALUES ('0003', 'Quebec Hardware Supplies', '1143 Mont Bleu', '', 'Trois Rivires', 'QC', 'Canada', 'H3G 4B4', 'CDN', '2007-03-22', '20', 0, NULL, '', '0', '', 0, 2);
INSERT INTO `suppliers` VALUES ('0004', 'NY Saw Supplies', '76 Rochester St.', 'Unit 45', 'Buffalo', 'NY', 'USA', '67665', 'USD', '2007-03-22', '20', 0, NULL, '', '0', '', 0, 3);
INSERT INTO `suppliers` VALUES ('0005', 'Maritime Handles Co.', '8723 Habour Bay', '', 'Halifax', 'NS', 'Canada', 'C3P 2K3', 'CDN', '2007-03-22', '20', 0, NULL, '', '0', '', 0, 4);

-- --------------------------------------------------------

-- 
-- Table structure for table `supptrans`
-- 

CREATE TABLE `supptrans` (
  `transno` int(11) NOT NULL default '0',
  `type` smallint(6) NOT NULL default '0',
  `supplierno` varchar(10) NOT NULL default '',
  `suppreference` varchar(20) NOT NULL default '',
  `trandate` date NOT NULL default '0000-00-00',
  `duedate` date NOT NULL default '0000-00-00',
  `settled` tinyint(4) NOT NULL default '0',
  `rate` double NOT NULL default '1',
  `ovamount` double NOT NULL default '0',
  `ovgst` double NOT NULL default '0',
  `diffonexch` double NOT NULL default '0',
  `alloc` double NOT NULL default '0',
  `transtext` longblob,
  `hold` tinyint(4) NOT NULL default '0',
  `id` int(11) NOT NULL auto_increment,
  PRIMARY KEY  (`id`),
  UNIQUE KEY `TypeTransNo` (`transno`,`type`),
  KEY `DueDate` (`duedate`),
  KEY `Hold` (`hold`),
  KEY `SupplierNo` (`supplierno`),
  KEY `Settled` (`settled`),
  KEY `SupplierNo_2` (`supplierno`,`suppreference`),
  KEY `SuppReference` (`suppreference`),
  KEY `TranDate` (`trandate`),
  KEY `TransNo` (`transno`),
  KEY `Type` (`type`)
) ENGINE=InnoDB DEFAULT CHARSET=latin1 AUTO_INCREMENT=1 ;

-- 
-- Dumping data for table `supptrans`
-- 


-- --------------------------------------------------------

-- 
-- Table structure for table `supptranstaxes`
-- 

CREATE TABLE `supptranstaxes` (
  `supptransid` int(11) NOT NULL default '0',
  `taxauthid` tinyint(4) NOT NULL default '0',
  `taxamount` double NOT NULL default '0',
  PRIMARY KEY  (`supptransid`,`taxauthid`),
  KEY `taxauthid` (`taxauthid`)
) ENGINE=InnoDB DEFAULT CHARSET=latin1;

-- 
-- Dumping data for table `supptranstaxes`
-- 


-- --------------------------------------------------------

-- 
-- Table structure for table `systems`
-- 

CREATE TABLE `systems` (
  `id` int(19) NOT NULL default '0',
  `server` varchar(30) default NULL,
  `server_username` varchar(30) default NULL,
  `server_password` varchar(30) default NULL,
  `server_type` varchar(20) default NULL,
  PRIMARY KEY  (`id`)
) ENGINE=MyISAM DEFAULT CHARSET=latin1;

-- 
-- Dumping data for table `systems`
-- 


-- --------------------------------------------------------

-- 
-- Table structure for table `systems_seq`
-- 

CREATE TABLE `systems_seq` (
  `id` int(11) NOT NULL default '0'
) ENGINE=MyISAM DEFAULT CHARSET=latin1;

-- 
-- Dumping data for table `systems_seq`
-- 

INSERT INTO `systems_seq` VALUES (1);

-- --------------------------------------------------------

-- 
-- Table structure for table `systypes`
-- 

CREATE TABLE `systypes` (
  `typeid` smallint(6) NOT NULL default '0',
  `typename` char(50) NOT NULL default '',
  `typeno` int(11) NOT NULL default '1',
  PRIMARY KEY  (`typeid`),
  KEY `TypeNo` (`typeno`)
) ENGINE=InnoDB DEFAULT CHARSET=latin1;

-- 
-- Dumping data for table `systypes`
-- 

INSERT INTO `systypes` VALUES (0, 'Journal - GL', 100);
INSERT INTO `systypes` VALUES (1, 'Payment - GL', 150);
INSERT INTO `systypes` VALUES (2, 'Receipt - GL', 5100);
INSERT INTO `systypes` VALUES (3, 'Standing Journal', 0);
INSERT INTO `systypes` VALUES (10, 'Sales Invoice', 1011);
INSERT INTO `systypes` VALUES (11, 'Credit Note', 100);
INSERT INTO `systypes` VALUES (12, 'Receipt', 1000);
INSERT INTO `systypes` VALUES (15, 'Journal - Debtors', 0);
INSERT INTO `systypes` VALUES (16, 'Location Transfer', 10);
INSERT INTO `systypes` VALUES (17, 'Stock Adjustment', 11);
INSERT INTO `systypes` VALUES (18, 'Purchase Order', 0);
INSERT INTO `systypes` VALUES (20, 'Purchase Invoice', 561);
INSERT INTO `systypes` VALUES (21, 'Debit Note', 25);
INSERT INTO `systypes` VALUES (22, 'Creditors Payment', 500);
INSERT INTO `systypes` VALUES (23, 'Creditors Journal', 0);
INSERT INTO `systypes` VALUES (25, 'Purchase Order Delivery', 1011);
INSERT INTO `systypes` VALUES (26, 'Work Order Receipt', 0);
INSERT INTO `systypes` VALUES (28, 'Work Order Issue', 0);
INSERT INTO `systypes` VALUES (29, 'Work Order Variance', 0);
INSERT INTO `systypes` VALUES (30, 'Sales Order', 0);
INSERT INTO `systypes` VALUES (31, 'Shipment Close', 227);
INSERT INTO `systypes` VALUES (35, 'Cost Update', 26);
INSERT INTO `systypes` VALUES (50, 'Opening Balance', 0);
INSERT INTO `systypes` VALUES (500, 'Auto Debtor Number', 0);

-- --------------------------------------------------------

-- 
-- Table structure for table `tab`
-- 

CREATE TABLE `tab` (
  `tabid` int(19) NOT NULL default '0',
  `name` varchar(25) NOT NULL default '',
  `presence` int(19) NOT NULL default '1',
  `tabsequence` int(10) default NULL,
  `tablabel` varchar(25) NOT NULL default '',
  `modifiedby` int(19) default NULL,
  `modifiedtime` int(19) default NULL,
  `customized` int(1) default NULL,
  PRIMARY KEY  (`tabid`),
  UNIQUE KEY `Tab_UK0` (`name`),
  KEY `Tab_IDX0` (`modifiedby`),
  KEY `tabid` (`tabid`)
) ENGINE=InnoDB DEFAULT CHARSET=latin1;

-- 
-- Dumping data for table `tab`
-- 

INSERT INTO `tab` VALUES (1, 'Dashboard', 0, 14, 'Dashboards', 0, 0, 1);
INSERT INTO `tab` VALUES (2, 'Potentials', 0, 6, 'Potentials', 0, 0, 1);
INSERT INTO `tab` VALUES (3, 'Home', 0, 1, 'Home', 0, 0, 1);
INSERT INTO `tab` VALUES (4, 'Contacts', 0, 5, 'Contacts', 0, 0, 1);
INSERT INTO `tab` VALUES (6, 'Accounts', 0, 4, 'Accounts', 0, 0, 1);
INSERT INTO `tab` VALUES (7, 'Leads', 0, 7, 'Leads', 0, 0, 1);
INSERT INTO `tab` VALUES (8, 'Notes', 0, 11, 'Notes', 0, 0, 1);
INSERT INTO `tab` VALUES (9, 'Activities', 0, 9, 'Activities', 0, 0, 1);
INSERT INTO `tab` VALUES (10, 'Emails', 0, 10, 'Emails', 0, 0, 1);
INSERT INTO `tab` VALUES (13, 'HelpDesk', 0, 13, 'HelpDesk', 0, 0, 1);
INSERT INTO `tab` VALUES (14, 'Products', 0, 8, 'Products', 0, 0, 1);
INSERT INTO `tab` VALUES (15, 'Faq', 2, 14, 'Faq', 0, 0, 1);
INSERT INTO `tab` VALUES (16, 'Events', 2, 13, 'Events', 0, 0, 1);
INSERT INTO `tab` VALUES (17, 'Calendar', 0, 13, 'Calendar', 0, 0, 1);
INSERT INTO `tab` VALUES (18, 'Vendor', 2, 15, 'Vendor', 0, 0, 1);
INSERT INTO `tab` VALUES (19, 'PriceBook', 2, 16, 'PriceBook', 0, 0, 1);
INSERT INTO `tab` VALUES (20, 'Quotes', 0, 3, 'Quotes', 0, 0, 1);
INSERT INTO `tab` VALUES (21, 'Orders', 0, 2, 'Orders', 0, 0, 1);
INSERT INTO `tab` VALUES (22, 'SalesOrder', 2, 19, 'SalesOrder', 0, 0, 1);
INSERT INTO `tab` VALUES (23, 'Invoice', 0, 20, 'Invoice', 0, 0, 1);
INSERT INTO `tab` VALUES (24, 'Rss', 0, 21, 'Rss', 0, 0, 1);
INSERT INTO `tab` VALUES (25, 'Reports', 0, 22, 'Reports', 0, 0, 1);
INSERT INTO `tab` VALUES (27, 'Temp', 3, 0, 'Temp', 0, 0, 1);

-- --------------------------------------------------------

-- 
-- Table structure for table `taskpriority`
-- 

CREATE TABLE `taskpriority` (
  `taskpriorityid` int(19) NOT NULL auto_increment,
  `taskpriority` varchar(100) default NULL,
  `sortorderid` int(19) NOT NULL default '0',
  `presence` int(1) NOT NULL default '1',
  PRIMARY KEY  (`taskpriorityid`)
) ENGINE=MyISAM DEFAULT CHARSET=latin1 AUTO_INCREMENT=4 ;

-- 
-- Dumping data for table `taskpriority`
-- 

INSERT INTO `taskpriority` VALUES (1, 'High', 0, 1);
INSERT INTO `taskpriority` VALUES (2, 'Medium', 1, 1);
INSERT INTO `taskpriority` VALUES (3, 'Low', 2, 1);

-- --------------------------------------------------------

-- 
-- Table structure for table `taskstatus`
-- 

CREATE TABLE `taskstatus` (
  `taskstatusid` int(19) NOT NULL auto_increment,
  `taskstatus` varchar(100) default NULL,
  `sortorderid` int(19) NOT NULL default '0',
  `presence` int(1) NOT NULL default '1',
  PRIMARY KEY  (`taskstatusid`)
) ENGINE=MyISAM DEFAULT CHARSET=latin1 AUTO_INCREMENT=7 ;

-- 
-- Dumping data for table `taskstatus`
-- 

INSERT INTO `taskstatus` VALUES (1, 'Not Started', 0, 1);
INSERT INTO `taskstatus` VALUES (2, 'In Progress', 1, 1);
INSERT INTO `taskstatus` VALUES (3, 'Completed', 2, 1);
INSERT INTO `taskstatus` VALUES (4, 'Pending Input', 3, 1);
INSERT INTO `taskstatus` VALUES (5, 'Deferred', 4, 1);
INSERT INTO `taskstatus` VALUES (6, 'Planned', 5, 1);

-- --------------------------------------------------------

-- 
-- Table structure for table `taxauthorities`
-- 

CREATE TABLE `taxauthorities` (
  `taxid` tinyint(4) NOT NULL auto_increment,
  `description` varchar(20) NOT NULL default '',
  `taxglcode` int(11) NOT NULL default '0',
  `purchtaxglaccount` int(11) NOT NULL default '0',
  `bank` varchar(50) NOT NULL default '',
  `bankacctype` varchar(20) NOT NULL default '',
  `bankacc` varchar(50) NOT NULL default '',
  `bankswift` varchar(30) NOT NULL default '',
  PRIMARY KEY  (`taxid`),
  KEY `TaxGLCode` (`taxglcode`),
  KEY `PurchTaxGLAccount` (`purchtaxglaccount`)
) ENGINE=InnoDB DEFAULT CHARSET=latin1 AUTO_INCREMENT=16 ;

-- 
-- Dumping data for table `taxauthorities`
-- 

INSERT INTO `taxauthorities` VALUES (11, 'Canadian GST', 2050, 2051, '', '', '', '');
INSERT INTO `taxauthorities` VALUES (12, 'Ontario PST', 2060, 2060, '', '', '', '');
INSERT INTO `taxauthorities` VALUES (14, 'Quebec PST', 2060, 2060, '', '', '', '');
INSERT INTO `taxauthorities` VALUES (15, 'Maritimes HST', 2050, 2051, '', '', '', '');

-- --------------------------------------------------------

-- 
-- Table structure for table `taxauthrates`
-- 

CREATE TABLE `taxauthrates` (
  `taxauthority` tinyint(4) NOT NULL default '1',
  `dispatchtaxprovince` tinyint(4) NOT NULL default '1',
  `taxcatid` tinyint(4) NOT NULL default '0',
  `taxrate` double NOT NULL default '0',
  PRIMARY KEY  (`taxauthority`,`dispatchtaxprovince`,`taxcatid`),
  KEY `TaxAuthority` (`taxauthority`),
  KEY `dispatchtaxprovince` (`dispatchtaxprovince`),
  KEY `taxcatid` (`taxcatid`)
) ENGINE=InnoDB DEFAULT CHARSET=latin1;

-- 
-- Dumping data for table `taxauthrates`
-- 

INSERT INTO `taxauthrates` VALUES (11, 1, 1, 0.06);
INSERT INTO `taxauthrates` VALUES (11, 1, 2, 0.06);
INSERT INTO `taxauthrates` VALUES (11, 1, 5, 0.06);
INSERT INTO `taxauthrates` VALUES (11, 1, 7, 0.06);
INSERT INTO `taxauthrates` VALUES (11, 1, 8, 0.06);
INSERT INTO `taxauthrates` VALUES (11, 1, 9, 0);
INSERT INTO `taxauthrates` VALUES (11, 2, 1, 0.06);
INSERT INTO `taxauthrates` VALUES (11, 2, 2, 0.06);
INSERT INTO `taxauthrates` VALUES (11, 2, 5, 0.06);
INSERT INTO `taxauthrates` VALUES (11, 2, 7, 0.06);
INSERT INTO `taxauthrates` VALUES (11, 2, 8, 0);
INSERT INTO `taxauthrates` VALUES (11, 2, 9, 0);
INSERT INTO `taxauthrates` VALUES (11, 3, 1, 0);
INSERT INTO `taxauthrates` VALUES (11, 3, 2, 0);
INSERT INTO `taxauthrates` VALUES (11, 3, 5, 0);
INSERT INTO `taxauthrates` VALUES (11, 3, 7, 0);
INSERT INTO `taxauthrates` VALUES (11, 3, 8, 0);
INSERT INTO `taxauthrates` VALUES (11, 3, 9, 0);
INSERT INTO `taxauthrates` VALUES (12, 1, 1, 0);
INSERT INTO `taxauthrates` VALUES (12, 1, 2, 0.08);
INSERT INTO `taxauthrates` VALUES (12, 1, 5, 0);
INSERT INTO `taxauthrates` VALUES (12, 1, 7, 0);
INSERT INTO `taxauthrates` VALUES (12, 1, 8, 0);
INSERT INTO `taxauthrates` VALUES (12, 1, 9, 0);
INSERT INTO `taxauthrates` VALUES (12, 2, 1, 0);
INSERT INTO `taxauthrates` VALUES (12, 2, 2, 0);
INSERT INTO `taxauthrates` VALUES (12, 2, 5, 0);
INSERT INTO `taxauthrates` VALUES (12, 2, 7, 0);
INSERT INTO `taxauthrates` VALUES (12, 2, 8, 0);
INSERT INTO `taxauthrates` VALUES (12, 2, 9, 0);
INSERT INTO `taxauthrates` VALUES (12, 3, 1, 0);
INSERT INTO `taxauthrates` VALUES (12, 3, 2, 0);
INSERT INTO `taxauthrates` VALUES (12, 3, 5, 0);
INSERT INTO `taxauthrates` VALUES (12, 3, 7, 0);
INSERT INTO `taxauthrates` VALUES (12, 3, 8, 0);
INSERT INTO `taxauthrates` VALUES (12, 3, 9, 0);
INSERT INTO `taxauthrates` VALUES (14, 1, 1, 0);
INSERT INTO `taxauthrates` VALUES (14, 1, 2, 0);
INSERT INTO `taxauthrates` VALUES (14, 1, 5, 0);
INSERT INTO `taxauthrates` VALUES (14, 1, 7, 0);
INSERT INTO `taxauthrates` VALUES (14, 1, 8, 0);
INSERT INTO `taxauthrates` VALUES (14, 1, 9, 0);
INSERT INTO `taxauthrates` VALUES (14, 2, 1, 0.075);
INSERT INTO `taxauthrates` VALUES (14, 2, 2, 0.075);
INSERT INTO `taxauthrates` VALUES (14, 2, 5, 0);
INSERT INTO `taxauthrates` VALUES (14, 2, 7, 0);
INSERT INTO `taxauthrates` VALUES (14, 2, 8, 0);
INSERT INTO `taxauthrates` VALUES (14, 2, 9, 0);
INSERT INTO `taxauthrates` VALUES (14, 3, 1, 0);
INSERT INTO `taxauthrates` VALUES (14, 3, 2, 0);
INSERT INTO `taxauthrates` VALUES (14, 3, 5, 0);
INSERT INTO `taxauthrates` VALUES (14, 3, 7, 0);
INSERT INTO `taxauthrates` VALUES (14, 3, 8, 0);
INSERT INTO `taxauthrates` VALUES (14, 3, 9, 0);
INSERT INTO `taxauthrates` VALUES (15, 1, 1, 0.14);
INSERT INTO `taxauthrates` VALUES (15, 1, 2, 0.14);
INSERT INTO `taxauthrates` VALUES (15, 1, 5, 0.14);
INSERT INTO `taxauthrates` VALUES (15, 1, 7, 0.14);
INSERT INTO `taxauthrates` VALUES (15, 1, 8, 0);
INSERT INTO `taxauthrates` VALUES (15, 1, 9, 0);
INSERT INTO `taxauthrates` VALUES (15, 2, 1, 0.14);
INSERT INTO `taxauthrates` VALUES (15, 2, 2, 0.14);
INSERT INTO `taxauthrates` VALUES (15, 2, 5, 0.14);
INSERT INTO `taxauthrates` VALUES (15, 2, 7, 0.14);
INSERT INTO `taxauthrates` VALUES (15, 2, 8, 0);
INSERT INTO `taxauthrates` VALUES (15, 2, 9, 0);
INSERT INTO `taxauthrates` VALUES (15, 3, 1, 0.14);
INSERT INTO `taxauthrates` VALUES (15, 3, 2, 0.14);
INSERT INTO `taxauthrates` VALUES (15, 3, 5, 0.14);
INSERT INTO `taxauthrates` VALUES (15, 3, 7, 0.14);
INSERT INTO `taxauthrates` VALUES (15, 3, 8, 0);
INSERT INTO `taxauthrates` VALUES (15, 3, 9, 0);

-- --------------------------------------------------------

-- 
-- Table structure for table `taxcategories`
-- 

CREATE TABLE `taxcategories` (
  `taxcatid` tinyint(4) NOT NULL auto_increment,
  `taxcatname` varchar(30) NOT NULL default '',
  PRIMARY KEY  (`taxcatid`)
) ENGINE=InnoDB DEFAULT CHARSET=latin1 AUTO_INCREMENT=10 ;

-- 
-- Dumping data for table `taxcategories`
-- 

INSERT INTO `taxcategories` VALUES (1, 'Taxable supply');
INSERT INTO `taxcategories` VALUES (2, 'Luxury Items');
INSERT INTO `taxcategories` VALUES (5, 'Service');
INSERT INTO `taxcategories` VALUES (7, 'Wholesale Items');
INSERT INTO `taxcategories` VALUES (8, 'Freight');
INSERT INTO `taxcategories` VALUES (9, 'GST Exempt');

-- --------------------------------------------------------

-- 
-- Table structure for table `taxclass`
-- 

CREATE TABLE `taxclass` (
  `taxclassid` int(19) NOT NULL auto_increment,
  `taxclass` varchar(200) NOT NULL default '',
  `sortorderid` int(19) NOT NULL default '0',
  `presence` int(1) NOT NULL default '1',
  PRIMARY KEY  (`taxclassid`)
) ENGINE=InnoDB DEFAULT CHARSET=latin1 AUTO_INCREMENT=3 ;

-- 
-- Dumping data for table `taxclass`
-- 

INSERT INTO `taxclass` VALUES (1, 'SalesTax', 0, 1);
INSERT INTO `taxclass` VALUES (2, 'Vat', 1, 1);

-- --------------------------------------------------------

-- 
-- Table structure for table `taxgroups`
-- 

CREATE TABLE `taxgroups` (
  `taxgroupid` tinyint(4) NOT NULL auto_increment,
  `taxgroupdescription` varchar(30) NOT NULL default '',
  PRIMARY KEY  (`taxgroupid`)
) ENGINE=InnoDB DEFAULT CHARSET=latin1 AUTO_INCREMENT=6 ;

-- 
-- Dumping data for table `taxgroups`
-- 

INSERT INTO `taxgroups` VALUES (1, 'Ontario');
INSERT INTO `taxgroups` VALUES (2, 'Quebec');
INSERT INTO `taxgroups` VALUES (3, 'International');
INSERT INTO `taxgroups` VALUES (4, 'Maritimes');
INSERT INTO `taxgroups` VALUES (5, 'Tax Exempt');

-- --------------------------------------------------------

-- 
-- Table structure for table `taxgrouptaxes`
-- 

CREATE TABLE `taxgrouptaxes` (
  `taxgroupid` tinyint(4) NOT NULL default '0',
  `taxauthid` tinyint(4) NOT NULL default '0',
  `calculationorder` tinyint(4) NOT NULL default '0',
  `taxontax` tinyint(4) NOT NULL default '0',
  PRIMARY KEY  (`taxgroupid`,`taxauthid`),
  KEY `taxgroupid` (`taxgroupid`),
  KEY `taxauthid` (`taxauthid`)
) ENGINE=InnoDB DEFAULT CHARSET=latin1;

-- 
-- Dumping data for table `taxgrouptaxes`
-- 

INSERT INTO `taxgrouptaxes` VALUES (1, 11, 1, 0);
INSERT INTO `taxgrouptaxes` VALUES (1, 12, 2, 0);
INSERT INTO `taxgrouptaxes` VALUES (2, 11, 1, 0);
INSERT INTO `taxgrouptaxes` VALUES (2, 14, 2, 1);
INSERT INTO `taxgrouptaxes` VALUES (4, 15, 0, 0);

-- --------------------------------------------------------

-- 
-- Table structure for table `taxprovinces`
-- 

CREATE TABLE `taxprovinces` (
  `taxprovinceid` tinyint(4) NOT NULL auto_increment,
  `taxprovincename` varchar(30) NOT NULL default '',
  PRIMARY KEY  (`taxprovinceid`)
) ENGINE=InnoDB DEFAULT CHARSET=latin1 AUTO_INCREMENT=4 ;

-- 
-- Dumping data for table `taxprovinces`
-- 

INSERT INTO `taxprovinces` VALUES (1, 'Ontario');
INSERT INTO `taxprovinces` VALUES (2, 'Quebec');
INSERT INTO `taxprovinces` VALUES (3, 'International');

-- --------------------------------------------------------

-- 
-- Table structure for table `test`
-- 

CREATE TABLE `test` (
  `id` int(10) NOT NULL auto_increment,
  `testid` int(10) default NULL,
  `testtext` varchar(255) default NULL,
  PRIMARY KEY  (`id`)
) ENGINE=MyISAM DEFAULT CHARSET=utf8 AUTO_INCREMENT=35 ;

-- 
-- Dumping data for table `test`
-- 

INSERT INTO `test` VALUES (1, 1032, '');
INSERT INTO `test` VALUES (2, 1029, '');
INSERT INTO `test` VALUES (3, 1029, '');
INSERT INTO `test` VALUES (4, 1030, '');
INSERT INTO `test` VALUES (5, 1032, '');
INSERT INTO `test` VALUES (6, 1040, '');
INSERT INTO `test` VALUES (7, 1032, '');
INSERT INTO `test` VALUES (8, 1037, '');
INSERT INTO `test` VALUES (9, 1032, '');
INSERT INTO `test` VALUES (10, 1032, '');
INSERT INTO `test` VALUES (11, 1037, '');
INSERT INTO `test` VALUES (12, 1038, '');
INSERT INTO `test` VALUES (13, 1032, '');
INSERT INTO `test` VALUES (14, 1030, '');
INSERT INTO `test` VALUES (15, 1040, '');
INSERT INTO `test` VALUES (16, 1041, '');
INSERT INTO `test` VALUES (17, 1031, '');
INSERT INTO `test` VALUES (18, 1029, '');
INSERT INTO `test` VALUES (19, 1029, '');
INSERT INTO `test` VALUES (20, 1029, '');
INSERT INTO `test` VALUES (21, 1029, '');
INSERT INTO `test` VALUES (22, 1029, '');
INSERT INTO `test` VALUES (23, 1029, '');
INSERT INTO `test` VALUES (24, 1029, '');
INSERT INTO `test` VALUES (25, 1032, '');
INSERT INTO `test` VALUES (26, 1040, '');
INSERT INTO `test` VALUES (27, 1032, '');
INSERT INTO `test` VALUES (28, 1040, '');
INSERT INTO `test` VALUES (29, 1040, '');
INSERT INTO `test` VALUES (30, 1040, '');
INSERT INTO `test` VALUES (31, 1032, '');
INSERT INTO `test` VALUES (32, 1040, '');
INSERT INTO `test` VALUES (33, 1032, '');
INSERT INTO `test` VALUES (34, 1156, '');

-- --------------------------------------------------------

-- 
-- Table structure for table `ticketcategories`
-- 

CREATE TABLE `ticketcategories` (
  `ticketcategories_id` int(19) NOT NULL auto_increment,
  `ticketcategories` varchar(100) default NULL,
  `SORTORDERID` int(19) NOT NULL default '0',
  `PRESENCE` int(1) NOT NULL default '0',
  PRIMARY KEY  (`ticketcategories_id`)
) ENGINE=MyISAM DEFAULT CHARSET=latin1 AUTO_INCREMENT=4 ;

-- 
-- Dumping data for table `ticketcategories`
-- 

INSERT INTO `ticketcategories` VALUES (1, 'Big Problem', 0, 1);
INSERT INTO `ticketcategories` VALUES (2, 'Small Problem', 1, 1);
INSERT INTO `ticketcategories` VALUES (3, 'Other Problem', 2, 1);

-- --------------------------------------------------------

-- 
-- Table structure for table `ticketcf`
-- 

CREATE TABLE `ticketcf` (
  `ticketid` int(19) NOT NULL default '0',
  PRIMARY KEY  (`ticketid`)
) ENGINE=InnoDB DEFAULT CHARSET=latin1;

-- 
-- Dumping data for table `ticketcf`
-- 


-- --------------------------------------------------------

-- 
-- Table structure for table `ticketcomments`
-- 

CREATE TABLE `ticketcomments` (
  `commentid` int(19) NOT NULL auto_increment,
  `ticketid` int(19) default NULL,
  `comments` longtext,
  `ownerid` int(19) NOT NULL default '0',
  `ownertype` varchar(10) default NULL,
  `createdtime` datetime NOT NULL default '0000-00-00 00:00:00',
  PRIMARY KEY  (`commentid`),
  KEY `ticketcomments_IDX0` (`ticketid`)
) ENGINE=InnoDB DEFAULT CHARSET=latin1 AUTO_INCREMENT=1 ;

-- 
-- Dumping data for table `ticketcomments`
-- 


-- --------------------------------------------------------

-- 
-- Table structure for table `ticketgrouprelation`
-- 

CREATE TABLE `ticketgrouprelation` (
  `ticketid` int(19) default NULL,
  `groupname` varchar(100) default NULL,
  KEY `ticketgrouprelation_IDX0` (`ticketid`),
  KEY `ticketgrouprelation_IDX1` (`groupname`)
) ENGINE=InnoDB DEFAULT CHARSET=latin1;

-- 
-- Dumping data for table `ticketgrouprelation`
-- 


-- --------------------------------------------------------

-- 
-- Table structure for table `ticketpriorities`
-- 

CREATE TABLE `ticketpriorities` (
  `ticketpriorities_id` int(19) NOT NULL auto_increment,
  `ticketpriorities` varchar(100) default NULL,
  `SORTORDERID` int(19) NOT NULL default '0',
  `PRESENCE` int(1) NOT NULL default '0',
  PRIMARY KEY  (`ticketpriorities_id`)
) ENGINE=MyISAM DEFAULT CHARSET=latin1 AUTO_INCREMENT=5 ;

-- 
-- Dumping data for table `ticketpriorities`
-- 

INSERT INTO `ticketpriorities` VALUES (1, 'Low', 0, 1);
INSERT INTO `ticketpriorities` VALUES (2, 'Normal', 1, 1);
INSERT INTO `ticketpriorities` VALUES (3, 'High', 2, 1);
INSERT INTO `ticketpriorities` VALUES (4, 'Urgent', 3, 1);

-- --------------------------------------------------------

-- 
-- Table structure for table `ticketseverities`
-- 

CREATE TABLE `ticketseverities` (
  `ticketseverities_id` int(19) NOT NULL auto_increment,
  `ticketseverities` varchar(100) default NULL,
  `SORTORDERID` int(19) NOT NULL default '0',
  `PRESENCE` int(1) NOT NULL default '0',
  PRIMARY KEY  (`ticketseverities_id`)
) ENGINE=MyISAM DEFAULT CHARSET=latin1 AUTO_INCREMENT=5 ;

-- 
-- Dumping data for table `ticketseverities`
-- 

INSERT INTO `ticketseverities` VALUES (1, 'Minor', 0, 1);
INSERT INTO `ticketseverities` VALUES (2, 'Major', 1, 1);
INSERT INTO `ticketseverities` VALUES (3, 'Feature', 2, 1);
INSERT INTO `ticketseverities` VALUES (4, 'Critical', 3, 1);

-- --------------------------------------------------------

-- 
-- Table structure for table `ticketstatus`
-- 

CREATE TABLE `ticketstatus` (
  `ticketstatus_id` int(19) NOT NULL auto_increment,
  `ticketstatus` varchar(60) default NULL,
  `SORTORDERID` int(19) NOT NULL default '0',
  `PRESENCE` int(1) NOT NULL default '0',
  PRIMARY KEY  (`ticketstatus_id`)
) ENGINE=MyISAM DEFAULT CHARSET=latin1 AUTO_INCREMENT=5 ;

-- 
-- Dumping data for table `ticketstatus`
-- 

INSERT INTO `ticketstatus` VALUES (1, 'Open', 0, 1);
INSERT INTO `ticketstatus` VALUES (2, 'In Progress', 1, 1);
INSERT INTO `ticketstatus` VALUES (3, 'Wait For Response', 2, 1);
INSERT INTO `ticketstatus` VALUES (4, 'Closed', 3, 1);

-- --------------------------------------------------------

-- 
-- Table structure for table `ticketstracktime`
-- 

CREATE TABLE `ticketstracktime` (
  `ticket_id` int(11) NOT NULL default '0',
  `supporter_id` int(11) NOT NULL default '0',
  `minutes` int(11) default '0',
  `date_logged` int(11) NOT NULL default '0',
  KEY `idx_ticketstracktime` (`ticket_id`)
) ENGINE=MyISAM DEFAULT CHARSET=latin1;

-- 
-- Dumping data for table `ticketstracktime`
-- 


-- --------------------------------------------------------

-- 
-- Table structure for table `tracker`
-- 

CREATE TABLE `tracker` (
  `id` int(11) NOT NULL auto_increment,
  `user_id` varchar(36) default NULL,
  `module_name` varchar(25) default NULL,
  `item_id` varchar(36) default NULL,
  `item_summary` varchar(255) default NULL,
  PRIMARY KEY  (`id`)
) ENGINE=MyISAM DEFAULT CHARSET=latin1 AUTO_INCREMENT=8259 ;

-- 
-- Dumping data for table `tracker`
-- 

INSERT INTO `tracker` VALUES (8255, '1', 'SalesOrder', '1133', 'WWW1133');
INSERT INTO `tracker` VALUES (8227, '', 'Users', '1082', '');
INSERT INTO `tracker` VALUES (8253, '1', 'Products', '1032', 'Mug');
INSERT INTO `tracker` VALUES (8258, '1', 'Products', '1161', 'test');
INSERT INTO `tracker` VALUES (8251, '1', 'Accounts', '1131', 'mahsie OSS');
INSERT INTO `tracker` VALUES (8256, '1', 'SalesOrder', '1157', '05054');

-- --------------------------------------------------------

-- 
-- Table structure for table `troubletickets`
-- 

CREATE TABLE `troubletickets` (
  `ticketid` int(19) NOT NULL default '0',
  `groupname` varchar(100) default NULL,
  `parent_id` varchar(100) default NULL,
  `product_id` varchar(100) default NULL,
  `priority` varchar(150) default NULL,
  `severity` varchar(150) default NULL,
  `status` varchar(150) default NULL,
  `category` varchar(150) default NULL,
  `title` varchar(255) NOT NULL default '',
  `description` longtext,
  `solution` longtext,
  `update_log` longtext,
  `version_id` int(11) default NULL,
  PRIMARY KEY  (`ticketid`),
  KEY `troubletickets_IDX0` (`ticketid`),
  KEY `status` (`status`)
) ENGINE=InnoDB DEFAULT CHARSET=latin1;

-- 
-- Dumping data for table `troubletickets`
-- 


-- --------------------------------------------------------

-- 
-- Table structure for table `unitsofmeasure`
-- 

CREATE TABLE `unitsofmeasure` (
  `unitid` tinyint(4) NOT NULL auto_increment,
  `unitname` varchar(15) NOT NULL default '',
  PRIMARY KEY  (`unitid`)
) ENGINE=InnoDB DEFAULT CHARSET=latin1 AUTO_INCREMENT=19 ;

-- 
-- Dumping data for table `unitsofmeasure`
-- 

INSERT INTO `unitsofmeasure` VALUES (1, 'each');
INSERT INTO `unitsofmeasure` VALUES (2, 'metres');
INSERT INTO `unitsofmeasure` VALUES (3, 'kg');
INSERT INTO `unitsofmeasure` VALUES (4, 'litres');
INSERT INTO `unitsofmeasure` VALUES (5, 'length');
INSERT INTO `unitsofmeasure` VALUES (6, 'pack');
INSERT INTO `unitsofmeasure` VALUES (7, 'bars');
INSERT INTO `unitsofmeasure` VALUES (8, 'tins');
INSERT INTO `unitsofmeasure` VALUES (9, 'bags');
INSERT INTO `unitsofmeasure` VALUES (10, 'sachets');
INSERT INTO `unitsofmeasure` VALUES (11, 'pouches');
INSERT INTO `unitsofmeasure` VALUES (12, 'units');
INSERT INTO `unitsofmeasure` VALUES (13, 'grams');
INSERT INTO `unitsofmeasure` VALUES (14, 'case');
INSERT INTO `unitsofmeasure` VALUES (15, 'pounds');
INSERT INTO `unitsofmeasure` VALUES (16, 'container');
INSERT INTO `unitsofmeasure` VALUES (17, '10kg');
INSERT INTO `unitsofmeasure` VALUES (18, '25kg');

-- --------------------------------------------------------

-- 
-- Table structure for table `usageunit`
-- 

CREATE TABLE `usageunit` (
  `usageunitid` int(19) NOT NULL auto_increment,
  `usageunit` varchar(200) NOT NULL default '',
  `sortorderid` int(19) NOT NULL default '0',
  `presence` int(1) NOT NULL default '1',
  PRIMARY KEY  (`usageunitid`),
  UNIQUE KEY `UsageUnit_UK0` (`usageunit`)
) ENGINE=InnoDB DEFAULT CHARSET=latin1 AUTO_INCREMENT=18 ;

-- 
-- Dumping data for table `usageunit`
-- 

INSERT INTO `usageunit` VALUES (1, 'Box', 0, 1);
INSERT INTO `usageunit` VALUES (2, 'Carton', 1, 1);
INSERT INTO `usageunit` VALUES (3, 'Caton', 2, 1);
INSERT INTO `usageunit` VALUES (4, 'Dozen', 3, 1);
INSERT INTO `usageunit` VALUES (5, 'Each', 4, 1);
INSERT INTO `usageunit` VALUES (6, 'Hours', 5, 1);
INSERT INTO `usageunit` VALUES (7, 'Impressions', 6, 1);
INSERT INTO `usageunit` VALUES (8, 'Lb', 7, 1);
INSERT INTO `usageunit` VALUES (9, 'M', 8, 1);
INSERT INTO `usageunit` VALUES (10, 'Pack', 9, 1);
INSERT INTO `usageunit` VALUES (11, 'Pages', 10, 1);
INSERT INTO `usageunit` VALUES (12, 'Pieces', 11, 1);
INSERT INTO `usageunit` VALUES (13, 'Quantity', 12, 1);
INSERT INTO `usageunit` VALUES (14, 'Reams', 13, 1);
INSERT INTO `usageunit` VALUES (15, 'Sheet', 14, 1);
INSERT INTO `usageunit` VALUES (16, 'Spiral Binder', 15, 1);
INSERT INTO `usageunit` VALUES (17, 'Sq Ft', 16, 1);

-- --------------------------------------------------------

-- 
-- Table structure for table `user2role`
-- 

CREATE TABLE `user2role` (
  `userid` int(11) NOT NULL default '0',
  `roleid` int(11) NOT NULL default '0',
  PRIMARY KEY  (`userid`),
  KEY `user2role_IDX1` (`roleid`)
) ENGINE=InnoDB DEFAULT CHARSET=latin1;

-- 
-- Dumping data for table `user2role`
-- 

INSERT INTO `user2role` VALUES (1, 1);
INSERT INTO `user2role` VALUES (657, 2);

-- --------------------------------------------------------

-- 
-- Table structure for table `user_rel`
-- 

CREATE TABLE `user_rel` (
  `id` int(19) NOT NULL auto_increment,
  `userid` varchar(19) NOT NULL default '',
  `debtorid` varchar(19) NOT NULL default '',
  `accountid` int(19) NOT NULL default '0',
  `contactid` int(19) NOT NULL default '0',
  PRIMARY KEY  (`id`)
) ENGINE=MyISAM DEFAULT CHARSET=latin1 AUTO_INCREMENT=13 ;

-- 
-- Dumping data for table `user_rel`
-- 

INSERT INTO `user_rel` VALUES (1, '79', '', 1068, 1069);
INSERT INTO `user_rel` VALUES (2, '80', '', 1070, 1071);
INSERT INTO `user_rel` VALUES (3, '81', '', 1080, 1081);
INSERT INTO `user_rel` VALUES (4, '82', '', 1084, 1085);
INSERT INTO `user_rel` VALUES (5, '78', '', 1087, 1088);
INSERT INTO `user_rel` VALUES (6, '83', '', 1094, 1095);
INSERT INTO `user_rel` VALUES (7, '84', '', 1103, 1104);
INSERT INTO `user_rel` VALUES (8, '85', '', 1109, 1110);
INSERT INTO `user_rel` VALUES (9, '86', '', 1118, 1119);
INSERT INTO `user_rel` VALUES (10, '87', '', 1121, 1122);
INSERT INTO `user_rel` VALUES (11, '88', '', 1128, 1129);
INSERT INTO `user_rel` VALUES (12, '89', '', 1131, 1132);

-- --------------------------------------------------------

-- 
-- Table structure for table `users`
-- 

CREATE TABLE `users` (
  `id` int(11) NOT NULL auto_increment,
  `user_name` varchar(20) default NULL,
  `user_password` varchar(30) default NULL,
  `user_hash` varchar(32) default NULL,
  `first_name` varchar(30) default NULL,
  `last_name` varchar(30) default NULL,
  `reports_to_id` varchar(36) default NULL,
  `is_admin` char(3) default '0',
  `description` longtext,
  `date_entered` timestamp NOT NULL default CURRENT_TIMESTAMP on update CURRENT_TIMESTAMP,
  `date_modified` timestamp NOT NULL default '0000-00-00 00:00:00',
  `modified_user_id` varchar(36) default NULL,
  `title` varchar(50) default NULL,
  `department` varchar(50) default NULL,
  `phone_home` varchar(50) default NULL,
  `phone_mobile` varchar(50) default NULL,
  `phone_work` varchar(50) default NULL,
  `phone_other` varchar(50) default NULL,
  `phone_fax` varchar(50) default NULL,
  `email1` varchar(100) default NULL,
  `email2` varchar(100) default NULL,
  `yahoo_id` varchar(100) default NULL,
  `status` varchar(25) default NULL,
  `signature` varchar(250) default NULL,
  `address_street` varchar(150) default NULL,
  `address_city` varchar(100) default NULL,
  `address_state` varchar(100) default NULL,
  `address_country` varchar(25) default NULL,
  `address_postalcode` varchar(9) default NULL,
  `user_preferences` longtext,
  `tz` varchar(30) default NULL,
  `holidays` varchar(60) default NULL,
  `namedays` varchar(60) default NULL,
  `workdays` varchar(30) default NULL,
  `weekstart` int(11) default NULL,
  `date_format` varchar(30) default NULL,
  `deleted` int(1) NOT NULL default '0',
  PRIMARY KEY  (`id`),
  KEY `idx_user_name` (`user_name`),
  KEY `user_password` (`user_password`)
) ENGINE=InnoDB DEFAULT CHARSET=latin1 AUTO_INCREMENT=658 ;

-- 
-- Dumping data for table `users`
-- 

INSERT INTO `users` VALUES (1, 'admin', 'adpexzg3FUZAk', '21232f297a57a5a743894a0e4a801fc3', '', 'Administrator', '', 'on', '', '2006-07-07 07:48:33', '2006-08-23 19:32:54', '1', '', '', '', '', '', '', '', 'gareth@agora2.com', 'gareth@agora-group.com', '', 'Active', '', '', '', '', '', '', 'YTo0OntzOjE0OiJvYm1fZGF0ZV9zdGFydCI7czoxMDoiMjAwNC0wMS0wMiI7czoxMjoib2JtX2RhdGVfZW5kIjtzOjEwOiIyMDA2LTEyLTMxIjtzOjI4OiJBZG1pbmlzdHJhdGlvbl9VU0VSX09SREVSX0JZIjtzOjIxOiJmaXJzdF9uYW1lLCBsYXN0X25hbWUiO3M6MTk6IlVzZXJzX1VTRVJfT1JERVJfQlkiO3M6MjE6ImZpcnN0X25hbWUsIGxhc3RfbmFtZSI7fQ==', 'Europe/Berlin', 'de,en_uk,fr,it,us,', '', '0,1,2,3,4,5,6,', 1, 'yyyy-mm-dd', 0);
INSERT INTO `users` VALUES (657, 'spartan', 'spL39pGDm8Pa6', 'd1efbc3501210630f69eccedd654488f', '', 'Spartan', '', 'off', '', '2007-03-22 13:07:14', '2007-03-22 13:06:54', '1', '', '', '', '', '', '', '', 'gareth@agora-group.com', '', '', 'Active', '', '', '', '', '', '', NULL, 'Europe/Berlin', 'de,en_uk,fr,it,us,', '', '0,1,2,3,4,5,6,', 1, 'dd-mm-yyyy', 0);

-- --------------------------------------------------------

-- 
-- Table structure for table `users2group`
-- 

CREATE TABLE `users2group` (
  `groupname` varchar(100) default NULL,
  `userid` varchar(50) default NULL,
  KEY `idx_users2group` (`groupname`,`userid`)
) ENGINE=MyISAM DEFAULT CHARSET=latin1;

-- 
-- Dumping data for table `users2group`
-- 


-- --------------------------------------------------------

-- 
-- Table structure for table `users_last_import`
-- 

CREATE TABLE `users_last_import` (
  `id` int(36) NOT NULL auto_increment,
  `assigned_user_id` varchar(36) default NULL,
  `bean_type` varchar(36) default NULL,
  `bean_id` varchar(36) default NULL,
  `deleted` int(1) NOT NULL default '0',
  PRIMARY KEY  (`id`),
  KEY `idx_user_id` (`assigned_user_id`)
) ENGINE=MyISAM DEFAULT CHARSET=latin1 AUTO_INCREMENT=645 ;

-- 
-- Dumping data for table `users_last_import`
-- 


-- --------------------------------------------------------

-- 
-- Table structure for table `users_seq`
-- 

CREATE TABLE `users_seq` (
  `id` int(11) NOT NULL default '0'
) ENGINE=MyISAM DEFAULT CHARSET=latin1;

-- 
-- Dumping data for table `users_seq`
-- 

INSERT INTO `users_seq` VALUES (657);

-- --------------------------------------------------------

-- 
-- Table structure for table `usertype`
-- 

CREATE TABLE `usertype` (
  `usertypeid` int(19) NOT NULL auto_increment,
  `usertype` varchar(200) NOT NULL default '',
  `sortorderid` int(19) NOT NULL default '0',
  `presence` int(1) NOT NULL default '1',
  PRIMARY KEY  (`usertypeid`),
  UNIQUE KEY `UserType_UK0` (`usertype`)
) ENGINE=InnoDB DEFAULT CHARSET=latin1 AUTO_INCREMENT=1 ;

-- 
-- Dumping data for table `usertype`
-- 


-- --------------------------------------------------------

-- 
-- Table structure for table `vendor`
-- 

CREATE TABLE `vendor` (
  `vendorid` int(19) NOT NULL default '0',
  `company_name` varchar(100) default NULL,
  `vendorname` varchar(100) default NULL,
  `phone` varchar(100) default NULL,
  `email` varchar(100) default NULL,
  `website` varchar(100) default NULL,
  `glacct` varchar(50) default NULL,
  `category` varchar(50) default NULL,
  `street` longtext,
  `city` varchar(30) default NULL,
  `state` varchar(30) default NULL,
  `postalcode` varchar(100) default NULL,
  `country` varchar(100) default NULL,
  `description` longtext,
  PRIMARY KEY  (`vendorid`)
) ENGINE=InnoDB DEFAULT CHARSET=latin1;

-- 
-- Dumping data for table `vendor`
-- 


-- --------------------------------------------------------

-- 
-- Table structure for table `vendorcf`
-- 

CREATE TABLE `vendorcf` (
  `vendorid` int(19) NOT NULL default '0',
  PRIMARY KEY  (`vendorid`)
) ENGINE=InnoDB DEFAULT CHARSET=latin1;

-- 
-- Dumping data for table `vendorcf`
-- 


-- --------------------------------------------------------

-- 
-- Table structure for table `vendorcontactrel`
-- 

CREATE TABLE `vendorcontactrel` (
  `vendorid` int(19) NOT NULL default '0',
  `contactid` int(19) NOT NULL default '0',
  PRIMARY KEY  (`vendorid`,`contactid`),
  KEY `VendorContactRel_IDX0` (`vendorid`),
  KEY `VendorContactRel_IDX1` (`contactid`)
) ENGINE=InnoDB DEFAULT CHARSET=latin1;

-- 
-- Dumping data for table `vendorcontactrel`
-- 


-- --------------------------------------------------------

-- 
-- Table structure for table `wordtemplates`
-- 

CREATE TABLE `wordtemplates` (
  `templateid` int(19) NOT NULL default '0',
  `filename` varchar(100) NOT NULL default '',
  `module` varchar(30) NOT NULL default '',
  `date_entered` timestamp NOT NULL default CURRENT_TIMESTAMP on update CURRENT_TIMESTAMP,
  `parent_type` varchar(50) NOT NULL default '',
  `data` longblob,
  `description` longtext,
  `filesize` varchar(50) NOT NULL default '',
  `filetype` varchar(20) NOT NULL default '',
  `deleted` int(1) NOT NULL default '0',
  PRIMARY KEY  (`templateid`)
) ENGINE=MyISAM DEFAULT CHARSET=latin1;

-- 
-- Dumping data for table `wordtemplates`
-- 


-- --------------------------------------------------------

-- 
-- Table structure for table `workcentres`
-- 

CREATE TABLE `workcentres` (
  `code` char(5) NOT NULL default '',
  `location` char(5) NOT NULL default '',
  `description` char(20) NOT NULL default '',
  `capacity` double NOT NULL default '1',
  `overheadperhour` decimal(10,0) NOT NULL default '0',
  `overheadrecoveryact` int(11) NOT NULL default '0',
  `setuphrs` decimal(10,0) NOT NULL default '0',
  PRIMARY KEY  (`code`),
  KEY `Description` (`description`),
  KEY `Location` (`location`)
) ENGINE=InnoDB DEFAULT CHARSET=latin1;

-- 
-- Dumping data for table `workcentres`
-- 

INSERT INTO `workcentres` VALUES ('NY1', 'NY', 'New York Plant', 1, 0, 5300, 0);
INSERT INTO `workcentres` VALUES ('TO1', 'TOR', 'Toronto Warehouse', 1, 0, 5300, 0);

-- --------------------------------------------------------

-- 
-- Table structure for table `worksorders`
-- 

CREATE TABLE `worksorders` (
  `woref` char(20) NOT NULL default '',
  `loccode` char(5) NOT NULL default '',
  `unitsreqd` smallint(6) NOT NULL default '1',
  `unitsrecd` double NOT NULL default '0',
  `stockid` char(20) NOT NULL default '',
  `stdcost` decimal(20,4) NOT NULL default '0.0000',
  `requiredby` date NOT NULL default '0000-00-00',
  `releaseddate` date NOT NULL default '1800-01-01',
  `accumvalueissued` decimal(20,4) NOT NULL default '0.0000',
  `accumvaluetrfd` decimal(20,4) NOT NULL default '0.0000',
  `closed` tinyint(4) NOT NULL default '0',
  `released` tinyint(4) NOT NULL default '0',
  PRIMARY KEY  (`woref`),
  KEY `StockID` (`stockid`),
  KEY `LocCode` (`loccode`),
  KEY `ReleasedDate` (`releaseddate`),
  KEY `RequiredBy` (`requiredby`),
  KEY `WORef` (`woref`,`loccode`)
) ENGINE=InnoDB DEFAULT CHARSET=latin1;

-- 
-- Dumping data for table `worksorders`
-- 


-- --------------------------------------------------------

-- 
-- Table structure for table `www_users`
-- 

CREATE TABLE `www_users` (
  `userid` varchar(20) NOT NULL default '',
  `password` text NOT NULL,
  `realname` varchar(35) NOT NULL default '',
  `customerid` varchar(10) NOT NULL default '',
  `phone` varchar(30) NOT NULL default '',
  `email` varchar(55) default NULL,
  `defaultlocation` varchar(5) NOT NULL default '',
  `fullaccess` int(11) NOT NULL default '1',
  `lastvisitdate` datetime default NULL,
  `branchcode` varchar(10) NOT NULL default '',
  `pagesize` varchar(20) NOT NULL default 'A4',
  `modulesallowed` varchar(20) NOT NULL default '',
  `blocked` tinyint(4) NOT NULL default '0',
  `displayrecordsmax` int(11) NOT NULL default '0',
  `theme` varchar(30) NOT NULL default 'fresh',
  `language` varchar(5) NOT NULL default 'en_GB',
  PRIMARY KEY  (`userid`),
  KEY `CustomerID` (`customerid`),
  KEY `DefaultLocation` (`defaultlocation`)
) ENGINE=InnoDB DEFAULT CHARSET=latin1;

-- 
-- Dumping data for table `www_users`
-- 

INSERT INTO `www_users` VALUES ('admin', '022e3786d7c17bbe8420b24c77dca9710a27ad2d', 'Administrator', '', '', '', 'HQ', 6, '2007-08-14 16:32:26', '', 'letter', '1,1,1,1,1,1,1,1,', 0, 50, 'professional', 'en_GB');
INSERT INTO `www_users` VALUES ('gareth', '022e3786d7c17bbe8420b24c77dca9710a27ad2d', 'Gareth Spanglett', '', '613-761-1489', 'gareth@agora-group.com', 'HQ', 8, '2007-08-19 19:30:20', '', 'letter', '1,1,1,1,1,1,1,1,', 0, 50, 'professional', 'en_GB');

-- 
-- Constraints for dumped tables
-- 

-- 
-- Constraints for table `accountbillads`
-- 
ALTER TABLE `accountbillads`
  ADD CONSTRAINT `fk_AccountBillAds` FOREIGN KEY (`accountaddressid`) REFERENCES `custbranch` (`accountid`) ON DELETE CASCADE;

-- 
-- Constraints for table `accountscf`
-- 
ALTER TABLE `accountscf`
  ADD CONSTRAINT `fk_AccountsCF` FOREIGN KEY (`accountid`) REFERENCES `custbranch` (`accountid`) ON DELETE CASCADE;

-- 
-- Constraints for table `accountshipads`
-- 
ALTER TABLE `accountshipads`
  ADD CONSTRAINT `fk_AccountShipAds` FOREIGN KEY (`accountaddressid`) REFERENCES `custbranch` (`accountid`) ON DELETE CASCADE;

-- 
-- Constraints for table `activity`
-- 
ALTER TABLE `activity`
  ADD CONSTRAINT `fk_Activity` FOREIGN KEY (`activityid`) REFERENCES `crmentity` (`crmid`) ON DELETE CASCADE;

-- 
-- Constraints for table `activitygrouprelation`
-- 
ALTER TABLE `activitygrouprelation`
  ADD CONSTRAINT `fk_activitygrouprelation1` FOREIGN KEY (`activityid`) REFERENCES `activity` (`activityid`) ON DELETE CASCADE,
  ADD CONSTRAINT `fk_activitygrouprelation2` FOREIGN KEY (`groupname`) REFERENCES `groups` (`name`) ON DELETE CASCADE;

-- 
-- Constraints for table `activityproductrel`
-- 
ALTER TABLE `activityproductrel`
  ADD CONSTRAINT `fk_activityproductRel` FOREIGN KEY (`activityid`) REFERENCES `activity` (`activityid`) ON DELETE CASCADE,
  ADD CONSTRAINT `fk_activityproductrel1` FOREIGN KEY (`productid`) REFERENCES `stockmaster` (`productid`) ON DELETE CASCADE;

-- 
-- Constraints for table `attachments`
-- 
ALTER TABLE `attachments`
  ADD CONSTRAINT `fk_Attachments` FOREIGN KEY (`attachmentsid`) REFERENCES `crmentity` (`crmid`) ON DELETE CASCADE;

-- 
-- Constraints for table `cntactivityrel`
-- 
ALTER TABLE `cntactivityrel`
  ADD CONSTRAINT `fk_CntActivityRel` FOREIGN KEY (`contactid`) REFERENCES `contactdetails` (`contactid`) ON DELETE CASCADE,
  ADD CONSTRAINT `fk_CntActivityRel2` FOREIGN KEY (`activityid`) REFERENCES `activity` (`activityid`) ON DELETE CASCADE;

-- 
-- Constraints for table `competitor`
-- 
ALTER TABLE `competitor`
  ADD CONSTRAINT `fk_Competitor` FOREIGN KEY (`competitorid`) REFERENCES `crmentity` (`crmid`) ON DELETE CASCADE;

-- 
-- Constraints for table `contactaddress`
-- 
ALTER TABLE `contactaddress`
  ADD CONSTRAINT `fk_ContactAddress` FOREIGN KEY (`contactaddressid`) REFERENCES `contactdetails` (`contactid`) ON DELETE CASCADE;

-- 
-- Constraints for table `contactdetails`
-- 
ALTER TABLE `contactdetails`
  ADD CONSTRAINT `fk_ContactDetails` FOREIGN KEY (`contactid`) REFERENCES `crmentity` (`crmid`) ON DELETE CASCADE;

-- 
-- Constraints for table `contactscf`
-- 
ALTER TABLE `contactscf`
  ADD CONSTRAINT `fk_ContactsCF` FOREIGN KEY (`contactid`) REFERENCES `contactdetails` (`contactid`) ON DELETE CASCADE;

-- 
-- Constraints for table `contactsubdetails`
-- 
ALTER TABLE `contactsubdetails`
  ADD CONSTRAINT `fk_ContactSubDetails` FOREIGN KEY (`contactsubscriptionid`) REFERENCES `contactdetails` (`contactid`) ON DELETE CASCADE;

-- 
-- Constraints for table `contpotentialrel`
-- 
ALTER TABLE `contpotentialrel`
  ADD CONSTRAINT `fk_ContPotentialRel` FOREIGN KEY (`potentialid`) REFERENCES `potential` (`potentialid`) ON DELETE CASCADE,
  ADD CONSTRAINT `fk_ContPotentialRel1` FOREIGN KEY (`contactid`) REFERENCES `contactdetails` (`contactid`) ON DELETE CASCADE;

-- 
-- Constraints for table `crmentitynotesrel`
-- 
ALTER TABLE `crmentitynotesrel`
  ADD CONSTRAINT `fk_crmentityNotes` FOREIGN KEY (`crmid`) REFERENCES `crmentity` (`crmid`) ON DELETE CASCADE,
  ADD CONSTRAINT `fk_crmentityNotes2` FOREIGN KEY (`notesid`) REFERENCES `notes` (`notesid`) ON DELETE CASCADE;

-- 
-- Constraints for table `custbranch`
-- 
ALTER TABLE `custbranch`
  ADD CONSTRAINT `fk_Account` FOREIGN KEY (`accountid`) REFERENCES `crmentity` (`crmid`) ON DELETE CASCADE;

-- 
-- Constraints for table `faq`
-- 
ALTER TABLE `faq`
  ADD CONSTRAINT `fk_faqCF` FOREIGN KEY (`id`) REFERENCES `crmentity` (`crmid`) ON DELETE CASCADE;

-- 
-- Constraints for table `faqcomments`
-- 
ALTER TABLE `faqcomments`
  ADD CONSTRAINT `fk_faqcommentsCF` FOREIGN KEY (`faqid`) REFERENCES `faq` (`id`) ON DELETE CASCADE;

-- 
-- Constraints for table `field`
-- 
ALTER TABLE `field`
  ADD CONSTRAINT `fk_pi` FOREIGN KEY (`tabid`) REFERENCES `tab` (`tabid`) ON DELETE CASCADE;

-- 
-- Constraints for table `invoice`
-- 
ALTER TABLE `invoice`
  ADD CONSTRAINT `fk_Invoice1` FOREIGN KEY (`invoiceid`) REFERENCES `crmentity` (`crmid`) ON DELETE CASCADE;

-- 
-- Constraints for table `invoicebillads`
-- 
ALTER TABLE `invoicebillads`
  ADD CONSTRAINT `fk_InvoiceBillAds` FOREIGN KEY (`invoicebilladdressid`) REFERENCES `invoice` (`invoiceid`) ON DELETE CASCADE;

-- 
-- Constraints for table `invoicecf`
-- 
ALTER TABLE `invoicecf`
  ADD CONSTRAINT `fk_InvoiceCF` FOREIGN KEY (`invoiceid`) REFERENCES `invoice` (`invoiceid`) ON DELETE CASCADE;

-- 
-- Constraints for table `invoiceproductrel`
-- 
ALTER TABLE `invoiceproductrel`
  ADD CONSTRAINT `fk_InvoiceProductRel` FOREIGN KEY (`invoiceid`) REFERENCES `invoice` (`invoiceid`) ON DELETE CASCADE,
  ADD CONSTRAINT `fk_InvoiceProductRel2` FOREIGN KEY (`productid`) REFERENCES `stockmaster` (`productid`) ON DELETE CASCADE;

-- 
-- Constraints for table `invoiceshipads`
-- 
ALTER TABLE `invoiceshipads`
  ADD CONSTRAINT `fk_InvoiceShipAds` FOREIGN KEY (`invoiceshipaddressid`) REFERENCES `invoice` (`invoiceid`) ON DELETE CASCADE;

-- 
-- Constraints for table `lar`
-- 
ALTER TABLE `lar`
  ADD CONSTRAINT `fk_LAR` FOREIGN KEY (`createdby`) REFERENCES `users` (`id`) ON DELETE CASCADE;

-- 
-- Constraints for table `leadacctrel`
-- 
ALTER TABLE `leadacctrel`
  ADD CONSTRAINT `fk_LeadAcctRel1` FOREIGN KEY (`leadid`) REFERENCES `leaddetails` (`leadid`) ON DELETE CASCADE,
  ADD CONSTRAINT `fk_LeadAcctRel2` FOREIGN KEY (`accountid`) REFERENCES `custbranch` (`accountid`) ON DELETE CASCADE;

-- 
-- Constraints for table `leadaddress`
-- 
ALTER TABLE `leadaddress`
  ADD CONSTRAINT `fk_LeadAddress` FOREIGN KEY (`leadaddressid`) REFERENCES `leaddetails` (`leadid`) ON DELETE CASCADE;

-- 
-- Constraints for table `leadcontrel`
-- 
ALTER TABLE `leadcontrel`
  ADD CONSTRAINT `fk_LeadContRel1` FOREIGN KEY (`leadid`) REFERENCES `leaddetails` (`leadid`) ON DELETE CASCADE,
  ADD CONSTRAINT `fk_LeadContRel2` FOREIGN KEY (`contactid`) REFERENCES `contactdetails` (`contactid`) ON DELETE CASCADE;

-- 
-- Constraints for table `leaddetails`
-- 
ALTER TABLE `leaddetails`
  ADD CONSTRAINT `fk_LeadDetails` FOREIGN KEY (`leadid`) REFERENCES `crmentity` (`crmid`) ON DELETE CASCADE;

-- 
-- Constraints for table `leadgrouprelation`
-- 
ALTER TABLE `leadgrouprelation`
  ADD CONSTRAINT `fk_leadgrouprelation` FOREIGN KEY (`leadid`) REFERENCES `leaddetails` (`leadid`) ON DELETE CASCADE,
  ADD CONSTRAINT `fk_leadgrouprelation2` FOREIGN KEY (`groupname`) REFERENCES `groups` (`name`) ON DELETE CASCADE;

-- 
-- Constraints for table `leadpotrel`
-- 
ALTER TABLE `leadpotrel`
  ADD CONSTRAINT `fk_LeadPotRel1` FOREIGN KEY (`leadid`) REFERENCES `leaddetails` (`leadid`) ON DELETE CASCADE,
  ADD CONSTRAINT `fk_LeadPotRel2` FOREIGN KEY (`potentialid`) REFERENCES `potential` (`potentialid`) ON DELETE CASCADE;

-- 
-- Constraints for table `leadscf`
-- 
ALTER TABLE `leadscf`
  ADD CONSTRAINT `fk_LeadsCF` FOREIGN KEY (`leadid`) REFERENCES `leaddetails` (`leadid`) ON DELETE CASCADE;

-- 
-- Constraints for table `leadsubdetails`
-- 
ALTER TABLE `leadsubdetails`
  ADD CONSTRAINT `fk_LeadSubDetails` FOREIGN KEY (`leadsubscriptionid`) REFERENCES `leaddetails` (`leadid`) ON DELETE CASCADE;

-- 
-- Constraints for table `notes`
-- 
ALTER TABLE `notes`
  ADD CONSTRAINT `fk_Notes` FOREIGN KEY (`notesid`) REFERENCES `crmentity` (`crmid`) ON DELETE CASCADE;

-- 
-- Constraints for table `pobillads`
-- 
ALTER TABLE `pobillads`
  ADD CONSTRAINT `fk_PoBillAds` FOREIGN KEY (`pobilladdressid`) REFERENCES `purchaseorder` (`purchaseorderid`) ON DELETE CASCADE;

-- 
-- Constraints for table `poproductrel`
-- 
ALTER TABLE `poproductrel`
  ADD CONSTRAINT `fk_PoProductRel` FOREIGN KEY (`purchaseorderid`) REFERENCES `purchaseorder` (`purchaseorderid`) ON DELETE CASCADE,
  ADD CONSTRAINT `fk_PoProductRel2` FOREIGN KEY (`productid`) REFERENCES `stockmaster` (`productid`) ON DELETE CASCADE;

-- 
-- Constraints for table `poshipads`
-- 
ALTER TABLE `poshipads`
  ADD CONSTRAINT `fk_PoShipAds` FOREIGN KEY (`poshipaddressid`) REFERENCES `purchaseorder` (`purchaseorderid`) ON DELETE CASCADE;

-- 
-- Constraints for table `potcompetitorrel`
-- 
ALTER TABLE `potcompetitorrel`
  ADD CONSTRAINT `fk_PotCompetitorRel` FOREIGN KEY (`potentialid`) REFERENCES `potential` (`potentialid`) ON DELETE CASCADE,
  ADD CONSTRAINT `fk_PotCompetitorRel2` FOREIGN KEY (`competitorid`) REFERENCES `competitor` (`competitorid`) ON DELETE CASCADE;

-- 
-- Constraints for table `potential`
-- 
ALTER TABLE `potential`
  ADD CONSTRAINT `fk_Potential` FOREIGN KEY (`potentialid`) REFERENCES `crmentity` (`crmid`) ON DELETE CASCADE;

-- 
-- Constraints for table `potentialscf`
-- 
ALTER TABLE `potentialscf`
  ADD CONSTRAINT `fk_PotentialsCF2` FOREIGN KEY (`potentialid`) REFERENCES `potential` (`potentialid`) ON DELETE CASCADE;

-- 
-- Constraints for table `potstagehistory`
-- 
ALTER TABLE `potstagehistory`
  ADD CONSTRAINT `fk_PotStageHistory` FOREIGN KEY (`potentialid`) REFERENCES `potential` (`potentialid`) ON DELETE CASCADE;

-- 
-- Constraints for table `pricebook`
-- 
ALTER TABLE `pricebook`
  ADD CONSTRAINT `fk_PriceBook` FOREIGN KEY (`pricebookid`) REFERENCES `crmentity` (`crmid`) ON DELETE CASCADE;

-- 
-- Constraints for table `pricebookcf`
-- 
ALTER TABLE `pricebookcf`
  ADD CONSTRAINT `fk_PriceBookCF` FOREIGN KEY (`pricebookid`) REFERENCES `pricebook` (`pricebookid`) ON DELETE CASCADE;

-- 
-- Constraints for table `pricebookproductrel`
-- 
ALTER TABLE `pricebookproductrel`
  ADD CONSTRAINT `fk_PriceBookProductRel` FOREIGN KEY (`pricebookid`) REFERENCES `pricebook` (`pricebookid`) ON DELETE CASCADE,
  ADD CONSTRAINT `fk_PriceBookProductRel2` FOREIGN KEY (`productid`) REFERENCES `stockmaster` (`productid`) ON DELETE CASCADE;

-- 
-- Constraints for table `productcf`
-- 
ALTER TABLE `productcf`
  ADD CONSTRAINT `fk_ProductCF` FOREIGN KEY (`productid`) REFERENCES `stockmaster` (`productid`) ON DELETE CASCADE;

-- 
-- Constraints for table `productcollaterals`
-- 
ALTER TABLE `productcollaterals`
  ADD CONSTRAINT `fk_productcollaterals` FOREIGN KEY (`productid`) REFERENCES `stockmaster` (`productid`) ON DELETE CASCADE;

-- 
-- Constraints for table `purchaseorder`
-- 
ALTER TABLE `purchaseorder`
  ADD CONSTRAINT `fk_PO1` FOREIGN KEY (`purchaseorderid`) REFERENCES `crmentity` (`crmid`) ON DELETE CASCADE,
  ADD CONSTRAINT `fk_PO2` FOREIGN KEY (`vendorid`) REFERENCES `vendor` (`vendorid`) ON DELETE CASCADE,
  ADD CONSTRAINT `fk_PO3` FOREIGN KEY (`contactid`) REFERENCES `contactdetails` (`contactid`) ON DELETE CASCADE;

-- 
-- Constraints for table `purchaseordercf`
-- 
ALTER TABLE `purchaseordercf`
  ADD CONSTRAINT `fk_PoCF` FOREIGN KEY (`purchaseorderid`) REFERENCES `purchaseorder` (`purchaseorderid`) ON DELETE CASCADE;

-- 
-- Constraints for table `quotes`
-- 
ALTER TABLE `quotes`
  ADD CONSTRAINT `fk_Quotes1` FOREIGN KEY (`quoteid`) REFERENCES `crmentity` (`crmid`) ON DELETE CASCADE,
  ADD CONSTRAINT `fk_Quotes2` FOREIGN KEY (`accountid`) REFERENCES `custbranch` (`accountid`) ON DELETE CASCADE;

-- 
-- Constraints for table `quotesbillads`
-- 
ALTER TABLE `quotesbillads`
  ADD CONSTRAINT `fk_QuotesBillAds` FOREIGN KEY (`quotebilladdressid`) REFERENCES `quotes` (`quoteid`) ON DELETE CASCADE;

-- 
-- Constraints for table `quotescf`
-- 
ALTER TABLE `quotescf`
  ADD CONSTRAINT `fk_QuotesCF` FOREIGN KEY (`quoteid`) REFERENCES `quotes` (`quoteid`) ON DELETE CASCADE;

-- 
-- Constraints for table `quotesproductrel`
-- 
ALTER TABLE `quotesproductrel`
  ADD CONSTRAINT `fk_QuotesProductRel` FOREIGN KEY (`quoteid`) REFERENCES `quotes` (`quoteid`) ON DELETE CASCADE,
  ADD CONSTRAINT `fk_QuotesProductRel2` FOREIGN KEY (`productid`) REFERENCES `stockmaster` (`productid`) ON DELETE CASCADE;

-- 
-- Constraints for table `quotesshipads`
-- 
ALTER TABLE `quotesshipads`
  ADD CONSTRAINT `fk_QuotesShipAds` FOREIGN KEY (`quoteshipaddressid`) REFERENCES `quotes` (`quoteid`) ON DELETE CASCADE;

-- 
-- Constraints for table `reportdatefilter`
-- 
ALTER TABLE `reportdatefilter`
  ADD CONSTRAINT `reportdatefilter_FK1` FOREIGN KEY (`datefilterid`) REFERENCES `report` (`reportid`) ON DELETE CASCADE;

-- 
-- Constraints for table `reportmodules`
-- 
ALTER TABLE `reportmodules`
  ADD CONSTRAINT `reportmodules_FK1` FOREIGN KEY (`reportmodulesid`) REFERENCES `report` (`reportid`) ON DELETE CASCADE;

-- 
-- Constraints for table `reportsortcol`
-- 
ALTER TABLE `reportsortcol`
  ADD CONSTRAINT `reportsortcol_FK1` FOREIGN KEY (`reportid`) REFERENCES `report` (`reportid`) ON DELETE CASCADE;

-- 
-- Constraints for table `reportsummary`
-- 
ALTER TABLE `reportsummary`
  ADD CONSTRAINT `reportsummary_FK1` FOREIGN KEY (`reportsummaryid`) REFERENCES `report` (`reportid`) ON DELETE CASCADE;

-- 
-- Constraints for table `salesmanactivityrel`
-- 
ALTER TABLE `salesmanactivityrel`
  ADD CONSTRAINT `fk_SalesmanActivityRel` FOREIGN KEY (`smid`) REFERENCES `users` (`id`) ON DELETE CASCADE,
  ADD CONSTRAINT `fk_SalesmanActivityRel2` FOREIGN KEY (`activityid`) REFERENCES `activity` (`activityid`) ON DELETE CASCADE;

-- 
-- Constraints for table `salesmanticketrel`
-- 
ALTER TABLE `salesmanticketrel`
  ADD CONSTRAINT `fk_SalesmanTicketRel` FOREIGN KEY (`smid`) REFERENCES `users` (`id`) ON DELETE CASCADE,
  ADD CONSTRAINT `fk_SalesmanTicketRel2` FOREIGN KEY (`id`) REFERENCES `troubletickets` (`ticketid`) ON DELETE CASCADE;

-- 
-- Constraints for table `salesordercf`
-- 
ALTER TABLE `salesordercf`
  ADD CONSTRAINT `fk_SoCF` FOREIGN KEY (`salesorderid`) REFERENCES `salesorders` (`salesorderid`) ON DELETE CASCADE;

-- 
-- Constraints for table `salesorders`
-- 
ALTER TABLE `salesorders`
  ADD CONSTRAINT `fk_SO1` FOREIGN KEY (`salesorderid`) REFERENCES `crmentity` (`crmid`) ON DELETE CASCADE,
  ADD CONSTRAINT `fk_SO3` FOREIGN KEY (`accountid`) REFERENCES `custbranch` (`accountid`) ON DELETE CASCADE;

-- 
-- Constraints for table `seactivityrel`
-- 
ALTER TABLE `seactivityrel`
  ADD CONSTRAINT `fk_SeActivityRel1` FOREIGN KEY (`crmid`) REFERENCES `crmentity` (`crmid`) ON DELETE CASCADE,
  ADD CONSTRAINT `fk_SeActivityRel2` FOREIGN KEY (`activityid`) REFERENCES `activity` (`activityid`) ON DELETE CASCADE;

-- 
-- Constraints for table `seattachmentsrel`
-- 
ALTER TABLE `seattachmentsrel`
  ADD CONSTRAINT `fk_SeAttachmentsRel` FOREIGN KEY (`attachmentsid`) REFERENCES `attachments` (`attachmentsid`) ON DELETE CASCADE,
  ADD CONSTRAINT `fk_SeAttachmentsRel2` FOREIGN KEY (`crmid`) REFERENCES `crmentity` (`crmid`) ON DELETE CASCADE;

-- 
-- Constraints for table `senotesrel`
-- 
ALTER TABLE `senotesrel`
  ADD CONSTRAINT `fk_SeNotesRel` FOREIGN KEY (`notesid`) REFERENCES `notes` (`notesid`) ON DELETE CASCADE,
  ADD CONSTRAINT `fk_SeNotesRel2` FOREIGN KEY (`crmid`) REFERENCES `crmentity` (`crmid`) ON DELETE CASCADE;

-- 
-- Constraints for table `seproductsrel`
-- 
ALTER TABLE `seproductsrel`
  ADD CONSTRAINT `fk_SeProductsRel1` FOREIGN KEY (`crmid`) REFERENCES `crmentity` (`crmid`) ON DELETE CASCADE,
  ADD CONSTRAINT `fk_SeProductsRel2` FOREIGN KEY (`productid`) REFERENCES `stockmaster` (`productid`) ON DELETE CASCADE;

-- 
-- Constraints for table `seticketsrel`
-- 
ALTER TABLE `seticketsrel`
  ADD CONSTRAINT `fk_SeTicketsRel1` FOREIGN KEY (`crmid`) REFERENCES `crmentity` (`crmid`) ON DELETE CASCADE,
  ADD CONSTRAINT `fk_SeTicketsRel2` FOREIGN KEY (`ticketid`) REFERENCES `troubletickets` (`ticketid`) ON DELETE CASCADE;

-- 
-- Constraints for table `shipmentcharges`
-- 
ALTER TABLE `shipmentcharges`
  ADD CONSTRAINT `shipmentcharges_ibfk_1` FOREIGN KEY (`shiptref`) REFERENCES `shipments` (`shiptref`),
  ADD CONSTRAINT `shipmentcharges_ibfk_2` FOREIGN KEY (`transtype`) REFERENCES `systypes` (`typeid`);

-- 
-- Constraints for table `shipments`
-- 
ALTER TABLE `shipments`
  ADD CONSTRAINT `shipments_ibfk_1` FOREIGN KEY (`supplierid`) REFERENCES `suppliers` (`supplierid`);

-- 
-- Constraints for table `sobillads`
-- 
ALTER TABLE `sobillads`
  ADD CONSTRAINT `fk_SoBillAds` FOREIGN KEY (`sobilladdressid`) REFERENCES `salesorders` (`salesorderid`) ON DELETE CASCADE;

-- 
-- Constraints for table `soproductrel`
-- 
ALTER TABLE `soproductrel`
  ADD CONSTRAINT `fk_SoProductRel` FOREIGN KEY (`salesorderid`) REFERENCES `salesorders` (`salesorderid`) ON DELETE CASCADE,
  ADD CONSTRAINT `fk_SoProductRel2` FOREIGN KEY (`productid`) REFERENCES `stockmaster` (`productid`) ON DELETE CASCADE;

-- 
-- Constraints for table `soshipads`
-- 
ALTER TABLE `soshipads`
  ADD CONSTRAINT `fk_SoShipAds` FOREIGN KEY (`soshipaddressid`) REFERENCES `salesorders` (`salesorderid`) ON DELETE CASCADE;

-- 
-- Constraints for table `stockcheckfreeze`
-- 
ALTER TABLE `stockcheckfreeze`
  ADD CONSTRAINT `stockcheckfreeze_ibfk_1` FOREIGN KEY (`stockid`) REFERENCES `stockmaster` (`stockid`),
  ADD CONSTRAINT `stockcheckfreeze_ibfk_2` FOREIGN KEY (`loccode`) REFERENCES `locations` (`loccode`);

-- 
-- Constraints for table `stockcounts`
-- 
ALTER TABLE `stockcounts`
  ADD CONSTRAINT `stockcounts_ibfk_1` FOREIGN KEY (`stockid`) REFERENCES `stockmaster` (`stockid`),
  ADD CONSTRAINT `stockcounts_ibfk_2` FOREIGN KEY (`loccode`) REFERENCES `locations` (`loccode`);

-- 
-- Constraints for table `stockmaster`
-- 
ALTER TABLE `stockmaster`
  ADD CONSTRAINT `fk_productsCF` FOREIGN KEY (`productid`) REFERENCES `crmentity` (`crmid`) ON DELETE CASCADE,
  ADD CONSTRAINT `stockmaster_ibfk_1` FOREIGN KEY (`categoryid`) REFERENCES `stockcategory` (`categoryid`),
  ADD CONSTRAINT `stockmaster_ibfk_2` FOREIGN KEY (`taxcatid`) REFERENCES `taxcategories` (`taxcatid`);

-- 
-- Constraints for table `stockmoves`
-- 
ALTER TABLE `stockmoves`
  ADD CONSTRAINT `stockmoves_ibfk_1` FOREIGN KEY (`stockid`) REFERENCES `stockmaster` (`stockid`),
  ADD CONSTRAINT `stockmoves_ibfk_2` FOREIGN KEY (`type`) REFERENCES `systypes` (`typeid`),
  ADD CONSTRAINT `stockmoves_ibfk_3` FOREIGN KEY (`loccode`) REFERENCES `locations` (`loccode`),
  ADD CONSTRAINT `stockmoves_ibfk_4` FOREIGN KEY (`prd`) REFERENCES `periods` (`periodno`);

-- 
-- Constraints for table `stockmovestaxes`
-- 
ALTER TABLE `stockmovestaxes`
  ADD CONSTRAINT `stockmovestaxes_ibfk_1` FOREIGN KEY (`taxauthid`) REFERENCES `taxauthorities` (`taxid`);

-- 
-- Constraints for table `stockserialitems`
-- 
ALTER TABLE `stockserialitems`
  ADD CONSTRAINT `stockserialitems_ibfk_1` FOREIGN KEY (`stockid`) REFERENCES `stockmaster` (`stockid`),
  ADD CONSTRAINT `stockserialitems_ibfk_2` FOREIGN KEY (`loccode`) REFERENCES `locations` (`loccode`);

-- 
-- Constraints for table `stockserialmoves`
-- 
ALTER TABLE `stockserialmoves`
  ADD CONSTRAINT `stockserialmoves_ibfk_1` FOREIGN KEY (`stockmoveno`) REFERENCES `stockmoves` (`stkmoveno`),
  ADD CONSTRAINT `stockserialmoves_ibfk_2` FOREIGN KEY (`stockid`, `serialno`) REFERENCES `stockserialitems` (`stockid`, `serialno`);

-- 
-- Constraints for table `suppallocs`
-- 
ALTER TABLE `suppallocs`
  ADD CONSTRAINT `suppallocs_ibfk_1` FOREIGN KEY (`transid_allocfrom`) REFERENCES `supptrans` (`id`),
  ADD CONSTRAINT `suppallocs_ibfk_2` FOREIGN KEY (`transid_allocto`) REFERENCES `supptrans` (`id`);

-- 
-- Constraints for table `suppliercontacts`
-- 
ALTER TABLE `suppliercontacts`
  ADD CONSTRAINT `suppliercontacts_ibfk_1` FOREIGN KEY (`supplierid`) REFERENCES `suppliers` (`supplierid`);

-- 
-- Constraints for table `suppliers`
-- 
ALTER TABLE `suppliers`
  ADD CONSTRAINT `suppliers_ibfk_1` FOREIGN KEY (`currcode`) REFERENCES `currencies` (`currabrev`),
  ADD CONSTRAINT `suppliers_ibfk_2` FOREIGN KEY (`paymentterms`) REFERENCES `paymentterms` (`termsindicator`),
  ADD CONSTRAINT `suppliers_ibfk_3` FOREIGN KEY (`taxgroupid`) REFERENCES `taxgroups` (`taxgroupid`);

-- 
-- Constraints for table `supptrans`
-- 
ALTER TABLE `supptrans`
  ADD CONSTRAINT `supptrans_ibfk_1` FOREIGN KEY (`type`) REFERENCES `systypes` (`typeid`),
  ADD CONSTRAINT `supptrans_ibfk_2` FOREIGN KEY (`supplierno`) REFERENCES `suppliers` (`supplierid`);

-- 
-- Constraints for table `supptranstaxes`
-- 
ALTER TABLE `supptranstaxes`
  ADD CONSTRAINT `supptranstaxes_ibfk_1` FOREIGN KEY (`taxauthid`) REFERENCES `taxauthorities` (`taxid`),
  ADD CONSTRAINT `supptranstaxes_ibfk_2` FOREIGN KEY (`supptransid`) REFERENCES `supptrans` (`id`);

-- 
-- Constraints for table `taxauthorities`
-- 
ALTER TABLE `taxauthorities`
  ADD CONSTRAINT `taxauthorities_ibfk_1` FOREIGN KEY (`taxglcode`) REFERENCES `chartmaster` (`accountcode`),
  ADD CONSTRAINT `taxauthorities_ibfk_2` FOREIGN KEY (`purchtaxglaccount`) REFERENCES `chartmaster` (`accountcode`);

-- 
-- Constraints for table `taxauthrates`
-- 
ALTER TABLE `taxauthrates`
  ADD CONSTRAINT `taxauthrates_ibfk_1` FOREIGN KEY (`taxauthority`) REFERENCES `taxauthorities` (`taxid`),
  ADD CONSTRAINT `taxauthrates_ibfk_2` FOREIGN KEY (`taxcatid`) REFERENCES `taxcategories` (`taxcatid`),
  ADD CONSTRAINT `taxauthrates_ibfk_3` FOREIGN KEY (`dispatchtaxprovince`) REFERENCES `taxprovinces` (`taxprovinceid`);

-- 
-- Constraints for table `taxgrouptaxes`
-- 
ALTER TABLE `taxgrouptaxes`
  ADD CONSTRAINT `taxgrouptaxes_ibfk_1` FOREIGN KEY (`taxgroupid`) REFERENCES `taxgroups` (`taxgroupid`),
  ADD CONSTRAINT `taxgrouptaxes_ibfk_2` FOREIGN KEY (`taxauthid`) REFERENCES `taxauthorities` (`taxid`);

-- 
-- Constraints for table `ticketcf`
-- 
ALTER TABLE `ticketcf`
  ADD CONSTRAINT `fk_HelpDeskCF` FOREIGN KEY (`ticketid`) REFERENCES `troubletickets` (`ticketid`) ON DELETE CASCADE;

-- 
-- Constraints for table `ticketcomments`
-- 
ALTER TABLE `ticketcomments`
  ADD CONSTRAINT `fk_ticketcommentsCF` FOREIGN KEY (`ticketid`) REFERENCES `troubletickets` (`ticketid`) ON DELETE CASCADE;

-- 
-- Constraints for table `ticketgrouprelation`
-- 
ALTER TABLE `ticketgrouprelation`
  ADD CONSTRAINT `fk_ticketgrouprelation1` FOREIGN KEY (`ticketid`) REFERENCES `troubletickets` (`ticketid`) ON DELETE CASCADE,
  ADD CONSTRAINT `fk_ticketgrouprelation2` FOREIGN KEY (`groupname`) REFERENCES `groups` (`name`) ON DELETE CASCADE;

-- 
-- Constraints for table `troubletickets`
-- 
ALTER TABLE `troubletickets`
  ADD CONSTRAINT `fk_troubleticketsCF` FOREIGN KEY (`ticketid`) REFERENCES `crmentity` (`crmid`) ON DELETE CASCADE;

-- 
-- Constraints for table `user2role`
-- 
ALTER TABLE `user2role`
  ADD CONSTRAINT `fk_user2role1` FOREIGN KEY (`userid`) REFERENCES `users` (`id`) ON DELETE CASCADE,
  ADD CONSTRAINT `fk_user2role2` FOREIGN KEY (`roleid`) REFERENCES `role` (`roleid`) ON DELETE CASCADE;

-- 
-- Constraints for table `vendor`
-- 
ALTER TABLE `vendor`
  ADD CONSTRAINT `fk_Vendor` FOREIGN KEY (`vendorid`) REFERENCES `crmentity` (`crmid`) ON DELETE CASCADE;

-- 
-- Constraints for table `vendorcf`
-- 
ALTER TABLE `vendorcf`
  ADD CONSTRAINT `fk_VendorCF` FOREIGN KEY (`vendorid`) REFERENCES `vendor` (`vendorid`) ON DELETE CASCADE;

-- 
-- Constraints for table `vendorcontactrel`
-- 
ALTER TABLE `vendorcontactrel`
  ADD CONSTRAINT `fk_VendorContactRel` FOREIGN KEY (`contactid`) REFERENCES `contactdetails` (`contactid`) ON DELETE CASCADE;

-- 
-- Constraints for table `workcentres`
-- 
ALTER TABLE `workcentres`
  ADD CONSTRAINT `workcentres_ibfk_1` FOREIGN KEY (`location`) REFERENCES `locations` (`loccode`);

-- 
-- Constraints for table `worksorders`
-- 
ALTER TABLE `worksorders`
  ADD CONSTRAINT `worksorders_ibfk_1` FOREIGN KEY (`loccode`) REFERENCES `locations` (`loccode`),
  ADD CONSTRAINT `worksorders_ibfk_2` FOREIGN KEY (`stockid`) REFERENCES `stockmaster` (`stockid`);

-- 
-- Constraints for table `www_users`
-- 
ALTER TABLE `www_users`
  ADD CONSTRAINT `www_users_ibfk_1` FOREIGN KEY (`defaultlocation`) REFERENCES `locations` (`loccode`);
