-- MySQL dump 10.13  Distrib 5.5.32, for debian-linux-gnu (x86_64)
--
-- Host: localhost    Database: eshopNEW
-- ------------------------------------------------------
-- Server version	5.5.32-0ubuntu0.12.04.1

/*!40101 SET @OLD_CHARACTER_SET_CLIENT=@@CHARACTER_SET_CLIENT */;
/*!40101 SET @OLD_CHARACTER_SET_RESULTS=@@CHARACTER_SET_RESULTS */;
/*!40101 SET @OLD_COLLATION_CONNECTION=@@COLLATION_CONNECTION */;
/*!40101 SET NAMES utf8 */;
/*!40103 SET @OLD_TIME_ZONE=@@TIME_ZONE */;
/*!40103 SET TIME_ZONE='+00:00' */;
/*!40014 SET @OLD_UNIQUE_CHECKS=@@UNIQUE_CHECKS, UNIQUE_CHECKS=0 */;
/*!40014 SET @OLD_FOREIGN_KEY_CHECKS=@@FOREIGN_KEY_CHECKS, FOREIGN_KEY_CHECKS=0 */;
/*!40101 SET @OLD_SQL_MODE=@@SQL_MODE, SQL_MODE='NO_AUTO_VALUE_ON_ZERO' */;
/*!40111 SET @OLD_SQL_NOTES=@@SQL_NOTES, SQL_NOTES=0 */;

--
-- Table structure for table `CustomerDetails`
--

DROP TABLE IF EXISTS `CustomerDetails`;
/*!40101 SET @saved_cs_client     = @@character_set_client */;
/*!40101 SET character_set_client = utf8 */;
CREATE TABLE `CustomerDetails` (
  `customerid` int(19) NOT NULL DEFAULT '0',
  `portal` char(3) DEFAULT NULL,
  `support_start_date` date DEFAULT NULL,
  `support_end_date` date DEFAULT NULL,
  PRIMARY KEY (`customerid`)
) ENGINE=MyISAM DEFAULT CHARSET=latin1;
/*!40101 SET character_set_client = @saved_cs_client */;

--
-- Dumping data for table `CustomerDetails`
--

LOCK TABLES `CustomerDetails` WRITE;
/*!40000 ALTER TABLE `CustomerDetails` DISABLE KEYS */;
INSERT INTO `CustomerDetails` VALUES (11,'0','0000-00-00','0000-00-00'),(12,'0','0000-00-00','0000-00-00'),(13,'0','0000-00-00','0000-00-00'),(14,'0','0000-00-00','0000-00-00'),(15,'0','0000-00-00','0000-00-00'),(16,'0','0000-00-00','0000-00-00'),(17,'0','0000-00-00','0000-00-00'),(18,'0','0000-00-00','0000-00-00'),(19,'0','0000-00-00','0000-00-00'),(20,'0','0000-00-00','0000-00-00'),(5035,'0','2006-09-06','2006-09-06'),(5263,'0','2006-09-06','2006-09-06'),(5264,'0','2006-09-06','2006-09-06'),(6481,'0','2006-11-29','2006-11-29'),(6491,'0','2006-11-29','2006-11-29'),(4803,'0','2006-12-01','2006-12-01'),(6517,'0','2006-12-04','2006-12-04'),(4590,'0','2006-12-04','2006-12-04'),(4191,'0','2006-12-05','2006-12-05'),(6565,'0','2006-12-06','2006-12-06'),(6568,'0','2006-12-06','2006-12-06'),(6587,'0','2006-12-06','2006-12-06'),(4668,'0','2006-12-12','2006-12-12'),(4310,'0','2006-12-12','2006-12-12'),(6619,'0','2006-12-13','2006-12-13'),(6620,'0','2006-12-13','2006-12-13'),(6627,'0','2006-12-13','2006-12-13'),(5024,'0','2006-12-13','2006-12-13'),(6634,'0','2006-12-13','2006-12-13'),(6644,'0','2006-12-13','2006-12-13'),(6646,'0','2006-12-14','2006-12-14'),(6647,'0','2006-12-14','2006-12-14'),(6648,'0','2006-12-14','2006-12-14'),(4874,'0','2006-12-14','2006-12-14'),(4487,'0','2007-01-10','2007-01-10'),(4589,'0','2007-01-10','2007-01-10'),(6832,'0','2007-01-15','2007-01-15'),(4786,'0','2007-01-15','2007-01-15'),(5071,'0','2007-01-17','2007-01-17'),(4609,'0','2007-01-17','2007-01-17'),(4785,'0','2007-01-17','2007-01-17'),(6861,'0','2007-01-18','2007-01-18'),(4098,'0','2007-01-18','2007-01-18'),(4071,'0','2007-01-18','2007-01-18'),(6885,'0','2007-01-24','2007-01-24'),(4035,'0','2007-01-24','2007-01-24'),(6895,'0','2007-01-25','2007-01-25'),(6899,'0','2007-01-25','2007-01-25'),(6946,'0','2007-02-01','2007-02-01'),(6950,'0','2007-02-01','2007-02-01'),(6962,'0','2007-02-02','2007-02-02'),(6966,'0','2007-02-02','2007-02-02'),(6985,'0','2007-02-06','2007-02-06'),(6986,'0','2007-02-06','2007-02-06'),(5103,'0','2007-02-11','2007-02-11'),(7032,'0','2007-02-13','2007-02-13'),(7053,'0','2007-02-14','2007-02-14'),(4395,'0','2007-02-14','2007-02-14'),(7063,'0','2007-02-16','2007-02-16'),(7080,'0','2007-02-19','2007-02-19'),(7091,'0','2007-02-21','2007-02-21'),(4019,'0','2007-02-21','2007-02-21'),(7097,'0','2007-02-21','2007-02-21'),(7099,'0','2007-02-22','2007-02-22'),(7107,'0','2007-02-22','2007-02-22'),(7111,'0','2007-02-22','2007-02-22'),(4692,'0','2007-02-22','2007-02-22'),(7119,'0','2007-02-23','2007-02-23'),(7135,'0','2007-02-26','2007-02-26'),(7140,'0','2007-02-26','2007-02-26'),(4915,'0','2007-02-27','2007-02-27'),(7152,'0','2007-02-27','2007-02-27'),(7162,'0','2007-03-01','2007-03-01'),(7167,'0','2007-03-01','2007-03-01'),(7179,'0','2007-03-05','2007-03-05'),(4916,'0','2007-03-06','2007-03-06'),(4491,'0','2007-03-06','2007-03-06'),(4419,'0','2007-03-06','2007-03-06'),(7195,'0','2007-03-08','2007-03-08'),(4820,'0','2007-03-09','2007-03-09'),(7702,'0','2007-03-09','2007-03-09'),(4219,'0','2007-03-09','2007-03-09'),(4601,'0','2007-03-13','2007-03-13'),(7759,'0','2007-03-14','2007-03-14'),(7762,'0','2007-03-14','2007-03-14'),(7774,'0','2007-03-15','2007-03-15'),(7775,'0','2007-03-15','2007-03-15'),(7776,'0','2007-03-15','2007-03-15'),(7786,'0','2007-03-15','2007-03-15'),(7794,'0','2007-03-19','2007-03-19'),(7801,'0','2007-03-19','2007-03-19'),(7802,'0','2007-03-19','2007-03-19'),(3955,'0','2007-03-19','2007-03-19'),(7806,'0','2007-03-19','2007-03-19'),(7807,'0','2007-03-19','2007-03-19');
/*!40000 ALTER TABLE `CustomerDetails` ENABLE KEYS */;
UNLOCK TABLES;

--
-- Table structure for table `PortalInfo`
--

DROP TABLE IF EXISTS `PortalInfo`;
/*!40101 SET @saved_cs_client     = @@character_set_client */;
/*!40101 SET character_set_client = utf8 */;
CREATE TABLE `PortalInfo` (
  `id` int(11) NOT NULL DEFAULT '0',
  `user_name` varchar(50) DEFAULT NULL,
  `user_password` varchar(30) DEFAULT NULL,
  `type` varchar(5) DEFAULT NULL,
  `last_login_time` datetime NOT NULL DEFAULT '0000-00-00 00:00:00',
  `login_time` datetime NOT NULL DEFAULT '0000-00-00 00:00:00',
  `logout_time` datetime NOT NULL DEFAULT '0000-00-00 00:00:00',
  `isactive` int(1) DEFAULT NULL,
  PRIMARY KEY (`id`)
) ENGINE=MyISAM DEFAULT CHARSET=latin1;
/*!40101 SET character_set_client = @saved_cs_client */;

--
-- Dumping data for table `PortalInfo`
--

LOCK TABLES `PortalInfo` WRITE;
/*!40000 ALTER TABLE `PortalInfo` DISABLE KEYS */;
/*!40000 ALTER TABLE `PortalInfo` ENABLE KEYS */;
UNLOCK TABLES;

--
-- Table structure for table `account`
--

DROP TABLE IF EXISTS `account`;
/*!40101 SET @saved_cs_client     = @@character_set_client */;
/*!40101 SET character_set_client = utf8 */;
CREATE TABLE `account` (
  `accountid` int(19) NOT NULL DEFAULT '0',
  `accountname` varchar(100) NOT NULL DEFAULT '',
  `parentid` int(19) DEFAULT '0',
  `account_type` varchar(50) DEFAULT NULL,
  `industry` varchar(50) DEFAULT NULL,
  `annualrevenue` int(19) DEFAULT '0',
  `rating` varchar(50) DEFAULT NULL,
  `ownership` varchar(50) DEFAULT NULL,
  `siccode` int(10) DEFAULT '0',
  `tickersymbol` varchar(30) DEFAULT NULL,
  `phone` varchar(30) DEFAULT NULL,
  `otherphone` varchar(30) DEFAULT NULL,
  `email1` varchar(100) DEFAULT NULL,
  `email2` varchar(100) DEFAULT NULL,
  `website` varchar(30) DEFAULT NULL,
  `fax` varchar(30) DEFAULT NULL,
  `employees` int(10) DEFAULT '0',
  PRIMARY KEY (`accountid`),
  KEY `account_type` (`account_type`)
) ENGINE=InnoDB DEFAULT CHARSET=latin1;
/*!40101 SET character_set_client = @saved_cs_client */;

--
-- Dumping data for table `account`
--

LOCK TABLES `account` WRITE;
/*!40000 ALTER TABLE `account` DISABLE KEYS */;
INSERT INTO `account` VALUES (1,'vtiger',0,'','Food & Beverage',0,'','',0,'','(447) 916-9499','','','','www.vtiger.com','',0),(3,'t3M Invest A/S',0,'','Food & Beverage',0,'','',0,'','(036) 055-9562','','','','www.t3minvesta/s.com','',0),(5,'EDFG Group Limited',0,'','Entertainment',0,'','',0,'','(302) 412-5705','','','','www.edfggrouplimited.com','',0),(7,'vtigerCRM Inc',0,'','Finance',0,'','',0,'','(660) 674-6537','','','','www.vtigercrminc.com','',0),(9,'X-CEED INC 99',0,'','Shipping',0,'','',0,'','(225) 917-3166','','','','www.x-ceedinc99.com','',0);
/*!40000 ALTER TABLE `account` ENABLE KEYS */;
UNLOCK TABLES;

--
-- Table structure for table `accountbillads`
--

DROP TABLE IF EXISTS `accountbillads`;
/*!40101 SET @saved_cs_client     = @@character_set_client */;
/*!40101 SET character_set_client = utf8 */;
CREATE TABLE `accountbillads` (
  `accountaddressid` int(19) NOT NULL DEFAULT '0',
  `city` varchar(30) DEFAULT NULL,
  `code` varchar(30) DEFAULT NULL,
  `country` varchar(30) DEFAULT NULL,
  `state` varchar(30) DEFAULT NULL,
  `street` varchar(250) DEFAULT NULL,
  PRIMARY KEY (`accountaddressid`),
  CONSTRAINT `fk_AccountBillAds` FOREIGN KEY (`accountaddressid`) REFERENCES `custbranch` (`accountid`) ON DELETE CASCADE
) ENGINE=InnoDB DEFAULT CHARSET=latin1;
/*!40101 SET character_set_client = @saved_cs_client */;

--
-- Dumping data for table `accountbillads`
--

LOCK TABLES `accountbillads` WRITE;
/*!40000 ALTER TABLE `accountbillads` DISABLE KEYS */;
/*!40000 ALTER TABLE `accountbillads` ENABLE KEYS */;
UNLOCK TABLES;

--
-- Table structure for table `accountdepstatus`
--

DROP TABLE IF EXISTS `accountdepstatus`;
/*!40101 SET @saved_cs_client     = @@character_set_client */;
/*!40101 SET character_set_client = utf8 */;
CREATE TABLE `accountdepstatus` (
  `deploymentstatusid` int(19) NOT NULL AUTO_INCREMENT,
  `deploymentstatus` varchar(200) NOT NULL DEFAULT '',
  `sortorderid` int(19) NOT NULL DEFAULT '0',
  `presence` int(1) NOT NULL DEFAULT '1',
  PRIMARY KEY (`deploymentstatusid`),
  UNIQUE KEY `AccountDepStatus_UK0` (`deploymentstatus`)
) ENGINE=InnoDB DEFAULT CHARSET=latin1;
/*!40101 SET character_set_client = @saved_cs_client */;

--
-- Dumping data for table `accountdepstatus`
--

LOCK TABLES `accountdepstatus` WRITE;
/*!40000 ALTER TABLE `accountdepstatus` DISABLE KEYS */;
/*!40000 ALTER TABLE `accountdepstatus` ENABLE KEYS */;
UNLOCK TABLES;

--
-- Table structure for table `accountgroups`
--

DROP TABLE IF EXISTS `accountgroups`;
/*!40101 SET @saved_cs_client     = @@character_set_client */;
/*!40101 SET character_set_client = utf8 */;
CREATE TABLE `accountgroups` (
  `groupname` char(30) NOT NULL DEFAULT '',
  `sectioninaccounts` int(11) NOT NULL DEFAULT '0',
  `pandl` tinyint(4) NOT NULL DEFAULT '1',
  `sequenceintb` smallint(6) NOT NULL DEFAULT '0',
  PRIMARY KEY (`groupname`),
  KEY `SequenceInTB` (`sequenceintb`),
  KEY `sectioninaccounts` (`sectioninaccounts`)
) ENGINE=InnoDB DEFAULT CHARSET=latin1;
/*!40101 SET character_set_client = @saved_cs_client */;

--
-- Dumping data for table `accountgroups`
--

LOCK TABLES `accountgroups` WRITE;
/*!40000 ALTER TABLE `accountgroups` DISABLE KEYS */;
INSERT INTO `accountgroups` VALUES ('',1,0,0),('Accounts Payable',30,0,2000),('Accounts Receivable',10,0,1200),('Administration',100,1,8500),('Board of Directors',100,1,8700),('Capital Assets',20,0,1600),('Cash and Bank',10,0,1000),('Co-Executive Director 1',100,1,8000),('Co-Executive Director 2',100,1,8100),('Cost of Goods Sold',70,1,5000),('Equity',50,0,3000),('Finance',100,1,8200),('Human Resources',100,1,8600),('Information Technology',100,1,8400),('Inventory',10,0,1500),('Investments',10,0,1100),('Lines of Credit',40,0,2100),('Loans Payable',45,0,2200),('Marketing Expenses',80,1,6000),('Operating Expenses',90,1,7000),('Other Assets',25,0,1900),('Other Revenue',60,1,4700),('Prepaid Expenses',10,0,1300),('Sales',60,1,4000),('Sales Expenses',80,1,6000);
/*!40000 ALTER TABLE `accountgroups` ENABLE KEYS */;
UNLOCK TABLES;

--
-- Table structure for table `accountownership`
--

DROP TABLE IF EXISTS `accountownership`;
/*!40101 SET @saved_cs_client     = @@character_set_client */;
/*!40101 SET character_set_client = utf8 */;
CREATE TABLE `accountownership` (
  `acctownershipid` int(19) NOT NULL AUTO_INCREMENT,
  `ownership` varchar(200) NOT NULL DEFAULT '',
  `sortorderid` int(19) NOT NULL DEFAULT '0',
  `presence` int(1) NOT NULL DEFAULT '1',
  PRIMARY KEY (`acctownershipid`),
  UNIQUE KEY `AccountOwnership_UK0` (`ownership`)
) ENGINE=InnoDB DEFAULT CHARSET=latin1;
/*!40101 SET character_set_client = @saved_cs_client */;

--
-- Dumping data for table `accountownership`
--

LOCK TABLES `accountownership` WRITE;
/*!40000 ALTER TABLE `accountownership` DISABLE KEYS */;
/*!40000 ALTER TABLE `accountownership` ENABLE KEYS */;
UNLOCK TABLES;

--
-- Table structure for table `accountrating`
--

DROP TABLE IF EXISTS `accountrating`;
/*!40101 SET @saved_cs_client     = @@character_set_client */;
/*!40101 SET character_set_client = utf8 */;
CREATE TABLE `accountrating` (
  `accountratingid` int(19) NOT NULL AUTO_INCREMENT,
  `rating` varchar(200) NOT NULL DEFAULT '',
  `sortorderid` int(19) NOT NULL DEFAULT '0',
  `presence` int(1) NOT NULL DEFAULT '1',
  PRIMARY KEY (`accountratingid`),
  UNIQUE KEY `AccountRating_UK0` (`rating`)
) ENGINE=InnoDB DEFAULT CHARSET=latin1;
/*!40101 SET character_set_client = @saved_cs_client */;

--
-- Dumping data for table `accountrating`
--

LOCK TABLES `accountrating` WRITE;
/*!40000 ALTER TABLE `accountrating` DISABLE KEYS */;
/*!40000 ALTER TABLE `accountrating` ENABLE KEYS */;
UNLOCK TABLES;

--
-- Table structure for table `accountregion`
--

DROP TABLE IF EXISTS `accountregion`;
/*!40101 SET @saved_cs_client     = @@character_set_client */;
/*!40101 SET character_set_client = utf8 */;
CREATE TABLE `accountregion` (
  `accountregionid` int(19) NOT NULL AUTO_INCREMENT,
  `region` varchar(200) NOT NULL DEFAULT '',
  `sortorderid` int(19) NOT NULL DEFAULT '0',
  `presence` int(1) NOT NULL DEFAULT '1',
  PRIMARY KEY (`accountregionid`),
  UNIQUE KEY `AccountRegion_UK0` (`region`)
) ENGINE=InnoDB DEFAULT CHARSET=latin1;
/*!40101 SET character_set_client = @saved_cs_client */;

--
-- Dumping data for table `accountregion`
--

LOCK TABLES `accountregion` WRITE;
/*!40000 ALTER TABLE `accountregion` DISABLE KEYS */;
/*!40000 ALTER TABLE `accountregion` ENABLE KEYS */;
UNLOCK TABLES;

--
-- Table structure for table `accountscf`
--

DROP TABLE IF EXISTS `accountscf`;
/*!40101 SET @saved_cs_client     = @@character_set_client */;
/*!40101 SET character_set_client = utf8 */;
CREATE TABLE `accountscf` (
  `accountid` int(19) NOT NULL DEFAULT '0',
  `cf_374` varchar(255) DEFAULT NULL,
  `cf_382` char(3) DEFAULT NULL,
  `cf_384` char(3) DEFAULT NULL,
  `cf_386` char(3) DEFAULT NULL,
  PRIMARY KEY (`accountid`),
  CONSTRAINT `fk_AccountsCF` FOREIGN KEY (`accountid`) REFERENCES `custbranch` (`accountid`) ON DELETE CASCADE
) ENGINE=InnoDB DEFAULT CHARSET=latin1;
/*!40101 SET character_set_client = @saved_cs_client */;

--
-- Dumping data for table `accountscf`
--

LOCK TABLES `accountscf` WRITE;
/*!40000 ALTER TABLE `accountscf` DISABLE KEYS */;
INSERT INTO `accountscf` VALUES (1027,'English','0','0','0'),(1053,'English','0','0','0'),(1056,'English','0','0','0'),(1058,'English','0','0','0'),(1060,'English','0','0','0'),(1062,'English','0','0','0'),(1064,'English',NULL,NULL,NULL),(1068,'English',NULL,NULL,NULL),(1070,'English',NULL,NULL,NULL),(1077,NULL,NULL,NULL,NULL),(1080,'English',NULL,NULL,NULL),(1084,'English',NULL,NULL,NULL),(1087,'English',NULL,NULL,NULL),(1094,'English',NULL,NULL,NULL),(1103,'English',NULL,NULL,NULL),(1109,'English',NULL,NULL,NULL),(1113,NULL,NULL,NULL,NULL),(1117,'English','0','0','0'),(1118,'English',NULL,NULL,NULL),(1121,'English',NULL,NULL,NULL),(1128,'English',NULL,NULL,NULL),(1131,'English',NULL,NULL,NULL),(1184,'English',NULL,NULL,NULL),(1197,NULL,NULL,NULL,NULL),(1212,NULL,NULL,NULL,NULL),(1219,NULL,NULL,NULL,NULL),(1223,NULL,NULL,NULL,NULL),(1226,NULL,NULL,NULL,NULL),(1230,'English',NULL,NULL,NULL),(1238,'English',NULL,NULL,NULL),(1248,NULL,NULL,NULL,NULL),(1254,'English',NULL,NULL,NULL),(1258,NULL,NULL,NULL,NULL),(1265,NULL,NULL,NULL,NULL);
/*!40000 ALTER TABLE `accountscf` ENABLE KEYS */;
UNLOCK TABLES;

--
-- Table structure for table `accountsection`
--

DROP TABLE IF EXISTS `accountsection`;
/*!40101 SET @saved_cs_client     = @@character_set_client */;
/*!40101 SET character_set_client = utf8 */;
CREATE TABLE `accountsection` (
  `sectionid` int(11) NOT NULL DEFAULT '0',
  `sectionname` text NOT NULL,
  PRIMARY KEY (`sectionid`)
) ENGINE=InnoDB DEFAULT CHARSET=latin1;
/*!40101 SET character_set_client = @saved_cs_client */;

--
-- Dumping data for table `accountsection`
--

LOCK TABLES `accountsection` WRITE;
/*!40000 ALTER TABLE `accountsection` DISABLE KEYS */;
INSERT INTO `accountsection` VALUES (1,'Income'),(2,'Cost Of Sales'),(10,'Current Assets'),(20,'Capital Assets'),(25,'Other Assets'),(30,'Current Liabilities'),(40,'Lines of Credit'),(45,'Loans Payable'),(50,'Equity'),(60,'Sales'),(70,'Cost of Goods Sold'),(80,'Sales and Marketing'),(90,'Operations'),(100,'Management and Administration');
/*!40000 ALTER TABLE `accountsection` ENABLE KEYS */;
UNLOCK TABLES;

--
-- Table structure for table `accountshipads`
--

DROP TABLE IF EXISTS `accountshipads`;
/*!40101 SET @saved_cs_client     = @@character_set_client */;
/*!40101 SET character_set_client = utf8 */;
CREATE TABLE `accountshipads` (
  `accountaddressid` int(19) NOT NULL DEFAULT '0',
  `city` varchar(30) DEFAULT NULL,
  `code` varchar(30) DEFAULT NULL,
  `country` varchar(30) DEFAULT NULL,
  `state` varchar(30) DEFAULT NULL,
  `street` varchar(250) DEFAULT NULL,
  PRIMARY KEY (`accountaddressid`),
  CONSTRAINT `fk_AccountShipAds` FOREIGN KEY (`accountaddressid`) REFERENCES `custbranch` (`accountid`) ON DELETE CASCADE
) ENGINE=InnoDB DEFAULT CHARSET=latin1;
/*!40101 SET character_set_client = @saved_cs_client */;

--
-- Dumping data for table `accountshipads`
--

LOCK TABLES `accountshipads` WRITE;
/*!40000 ALTER TABLE `accountshipads` DISABLE KEYS */;
/*!40000 ALTER TABLE `accountshipads` ENABLE KEYS */;
UNLOCK TABLES;

--
-- Table structure for table `accounttype`
--

DROP TABLE IF EXISTS `accounttype`;
/*!40101 SET @saved_cs_client     = @@character_set_client */;
/*!40101 SET character_set_client = utf8 */;
CREATE TABLE `accounttype` (
  `accounttypeid` int(19) NOT NULL AUTO_INCREMENT,
  `accounttype` varchar(200) NOT NULL DEFAULT '',
  `sortorderid` int(19) NOT NULL DEFAULT '0',
  `presence` int(1) NOT NULL DEFAULT '1',
  PRIMARY KEY (`accounttypeid`),
  UNIQUE KEY `AccountType_UK0` (`accounttype`)
) ENGINE=InnoDB AUTO_INCREMENT=135 DEFAULT CHARSET=latin1;
/*!40101 SET character_set_client = @saved_cs_client */;

--
-- Dumping data for table `accounttype`
--

LOCK TABLES `accounttype` WRITE;
/*!40000 ALTER TABLE `accounttype` DISABLE KEYS */;
INSERT INTO `accounttype` VALUES (131,'--None--',0,1),(132,'Retail',1,1),(133,'Distributor',2,1),(134,'Other',3,1);
/*!40000 ALTER TABLE `accounttype` ENABLE KEYS */;
UNLOCK TABLES;

--
-- Table structure for table `activity`
--

DROP TABLE IF EXISTS `activity`;
/*!40101 SET @saved_cs_client     = @@character_set_client */;
/*!40101 SET character_set_client = utf8 */;
CREATE TABLE `activity` (
  `activityid` int(19) NOT NULL DEFAULT '0',
  `subject` varchar(100) NOT NULL DEFAULT '',
  `semodule` varchar(20) DEFAULT NULL,
  `activitytype` varchar(50) NOT NULL DEFAULT '',
  `description` longtext,
  `date_start` date NOT NULL DEFAULT '0000-00-00',
  `due_date` date DEFAULT NULL,
  `time_start` varchar(50) NOT NULL DEFAULT '',
  `sendnotification` varchar(50) NOT NULL DEFAULT 'false',
  `duration_hours` char(2) DEFAULT NULL,
  `duration_minutes` char(2) DEFAULT NULL,
  `status` varchar(100) DEFAULT NULL,
  `eventstatus` varchar(100) DEFAULT NULL,
  `priority` varchar(150) DEFAULT NULL,
  `location` varchar(150) DEFAULT NULL,
  PRIMARY KEY (`activityid`),
  KEY `Activity_IDX0` (`activityid`,`subject`),
  KEY `activitytype` (`activitytype`,`date_start`),
  KEY `date_start` (`date_start`,`due_date`),
  KEY `date_start2` (`date_start`,`time_start`),
  KEY `eventstatus` (`eventstatus`),
  KEY `status` (`status`,`eventstatus`),
  CONSTRAINT `fk_Activity` FOREIGN KEY (`activityid`) REFERENCES `crmentity` (`crmid`) ON DELETE CASCADE
) ENGINE=InnoDB DEFAULT CHARSET=latin1;
/*!40101 SET character_set_client = @saved_cs_client */;

--
-- Dumping data for table `activity`
--

LOCK TABLES `activity` WRITE;
/*!40000 ALTER TABLE `activity` DISABLE KEYS */;
INSERT INTO `activity` VALUES (1269,'tetst',NULL,'Task','','2010-12-29','2011-12-23','00:18','0','','','Not Started','','High','');
/*!40000 ALTER TABLE `activity` ENABLE KEYS */;
UNLOCK TABLES;

--
-- Table structure for table `activity_reminder`
--

DROP TABLE IF EXISTS `activity_reminder`;
/*!40101 SET @saved_cs_client     = @@character_set_client */;
/*!40101 SET character_set_client = utf8 */;
CREATE TABLE `activity_reminder` (
  `activity_id` int(11) NOT NULL DEFAULT '0',
  `reminder_time` int(11) NOT NULL DEFAULT '0',
  `reminder_sent` int(2) NOT NULL DEFAULT '0',
  `recurringid` int(19) NOT NULL DEFAULT '0'
) ENGINE=MyISAM DEFAULT CHARSET=latin1;
/*!40101 SET character_set_client = @saved_cs_client */;

--
-- Dumping data for table `activity_reminder`
--

LOCK TABLES `activity_reminder` WRITE;
/*!40000 ALTER TABLE `activity_reminder` DISABLE KEYS */;
/*!40000 ALTER TABLE `activity_reminder` ENABLE KEYS */;
UNLOCK TABLES;

--
-- Table structure for table `activitygrouprelation`
--

DROP TABLE IF EXISTS `activitygrouprelation`;
/*!40101 SET @saved_cs_client     = @@character_set_client */;
/*!40101 SET character_set_client = utf8 */;
CREATE TABLE `activitygrouprelation` (
  `activityid` int(19) DEFAULT NULL,
  `groupname` varchar(100) DEFAULT NULL,
  KEY `activitygrouprelation_IDX0` (`activityid`),
  KEY `activitygrouprelation_IDX1` (`groupname`),
  CONSTRAINT `fk_activitygrouprelation1` FOREIGN KEY (`activityid`) REFERENCES `activity` (`activityid`) ON DELETE CASCADE,
  CONSTRAINT `fk_activitygrouprelation2` FOREIGN KEY (`groupname`) REFERENCES `groups` (`name`) ON DELETE CASCADE
) ENGINE=InnoDB DEFAULT CHARSET=latin1;
/*!40101 SET character_set_client = @saved_cs_client */;

--
-- Dumping data for table `activitygrouprelation`
--

LOCK TABLES `activitygrouprelation` WRITE;
/*!40000 ALTER TABLE `activitygrouprelation` DISABLE KEYS */;
/*!40000 ALTER TABLE `activitygrouprelation` ENABLE KEYS */;
UNLOCK TABLES;

--
-- Table structure for table `activityproductrel`
--

DROP TABLE IF EXISTS `activityproductrel`;
/*!40101 SET @saved_cs_client     = @@character_set_client */;
/*!40101 SET character_set_client = utf8 */;
CREATE TABLE `activityproductrel` (
  `activityid` int(19) NOT NULL DEFAULT '0',
  `productid` int(19) NOT NULL DEFAULT '0',
  PRIMARY KEY (`activityid`,`productid`),
  KEY `activityproductrel_IDX0` (`activityid`),
  KEY `activityproductRel_IDX1` (`productid`),
  CONSTRAINT `fk_activityproductRel` FOREIGN KEY (`activityid`) REFERENCES `activity` (`activityid`) ON DELETE CASCADE,
  CONSTRAINT `fk_activityproductrel1` FOREIGN KEY (`productid`) REFERENCES `stockmaster` (`productid`) ON DELETE CASCADE
) ENGINE=InnoDB DEFAULT CHARSET=latin1;
/*!40101 SET character_set_client = @saved_cs_client */;

--
-- Dumping data for table `activityproductrel`
--

LOCK TABLES `activityproductrel` WRITE;
/*!40000 ALTER TABLE `activityproductrel` DISABLE KEYS */;
/*!40000 ALTER TABLE `activityproductrel` ENABLE KEYS */;
UNLOCK TABLES;

--
-- Table structure for table `activitytype`
--

DROP TABLE IF EXISTS `activitytype`;
/*!40101 SET @saved_cs_client     = @@character_set_client */;
/*!40101 SET character_set_client = utf8 */;
CREATE TABLE `activitytype` (
  `activitytypeid` int(19) NOT NULL AUTO_INCREMENT,
  `activitytype` varchar(200) NOT NULL DEFAULT '',
  `sortorderid` int(19) NOT NULL DEFAULT '0',
  `presence` int(1) NOT NULL DEFAULT '1',
  PRIMARY KEY (`activitytypeid`),
  UNIQUE KEY `ActivityType_UK0` (`activitytype`)
) ENGINE=InnoDB AUTO_INCREMENT=3 DEFAULT CHARSET=latin1;
/*!40101 SET character_set_client = @saved_cs_client */;

--
-- Dumping data for table `activitytype`
--

LOCK TABLES `activitytype` WRITE;
/*!40000 ALTER TABLE `activitytype` DISABLE KEYS */;
INSERT INTO `activitytype` VALUES (1,'Call',0,1),(2,'Meeting',1,1);
/*!40000 ALTER TABLE `activitytype` ENABLE KEYS */;
UNLOCK TABLES;

--
-- Table structure for table `activsubtype`
--

DROP TABLE IF EXISTS `activsubtype`;
/*!40101 SET @saved_cs_client     = @@character_set_client */;
/*!40101 SET character_set_client = utf8 */;
CREATE TABLE `activsubtype` (
  `activesubtypeid` int(19) NOT NULL AUTO_INCREMENT,
  `activsubtype` varchar(100) DEFAULT NULL,
  `sortorderid` int(19) NOT NULL DEFAULT '0',
  `presence` int(1) NOT NULL DEFAULT '1',
  PRIMARY KEY (`activesubtypeid`)
) ENGINE=MyISAM DEFAULT CHARSET=latin1;
/*!40101 SET character_set_client = @saved_cs_client */;

--
-- Dumping data for table `activsubtype`
--

LOCK TABLES `activsubtype` WRITE;
/*!40000 ALTER TABLE `activsubtype` DISABLE KEYS */;
/*!40000 ALTER TABLE `activsubtype` ENABLE KEYS */;
UNLOCK TABLES;

--
-- Table structure for table `areas`
--

DROP TABLE IF EXISTS `areas`;
/*!40101 SET @saved_cs_client     = @@character_set_client */;
/*!40101 SET character_set_client = utf8 */;
CREATE TABLE `areas` (
  `areacode` char(2) NOT NULL DEFAULT '',
  `areadescription` varchar(25) NOT NULL DEFAULT '',
  `ordering` int(8) NOT NULL DEFAULT '100',
  PRIMARY KEY (`areacode`)
) ENGINE=InnoDB DEFAULT CHARSET=latin1;
/*!40101 SET character_set_client = @saved_cs_client */;

--
-- Dumping data for table `areas`
--

LOCK TABLES `areas` WRITE;
/*!40000 ALTER TABLE `areas` DISABLE KEYS */;
INSERT INTO `areas` VALUES ('DB','Distributor',100),('DE','General',1),('DI','Direct Sales',100);
/*!40000 ALTER TABLE `areas` ENABLE KEYS */;
UNLOCK TABLES;

--
-- Table structure for table `attachments`
--

DROP TABLE IF EXISTS `attachments`;
/*!40101 SET @saved_cs_client     = @@character_set_client */;
/*!40101 SET character_set_client = utf8 */;
CREATE TABLE `attachments` (
  `attachmentsid` int(19) NOT NULL DEFAULT '0',
  `name` varchar(100) NOT NULL DEFAULT '',
  `description` varchar(100) DEFAULT NULL,
  `type` varchar(100) DEFAULT NULL,
  `attachmentsize` varchar(50) NOT NULL DEFAULT '',
  `attachmentcontents` longblob,
  PRIMARY KEY (`attachmentsid`),
  KEY `attachmentsid` (`attachmentsid`),
  KEY `description` (`description`,`name`,`type`,`attachmentsid`),
  CONSTRAINT `fk_Attachments` FOREIGN KEY (`attachmentsid`) REFERENCES `crmentity` (`crmid`) ON DELETE CASCADE
) ENGINE=InnoDB DEFAULT CHARSET=latin1;
/*!40101 SET character_set_client = @saved_cs_client */;

--
-- Dumping data for table `attachments`
--

LOCK TABLES `attachments` WRITE;
/*!40000 ALTER TABLE `attachments` DISABLE KEYS */;
/*!40000 ALTER TABLE `attachments` ENABLE KEYS */;
UNLOCK TABLES;

--
-- Table structure for table `bankaccounts`
--

DROP TABLE IF EXISTS `bankaccounts`;
/*!40101 SET @saved_cs_client     = @@character_set_client */;
/*!40101 SET character_set_client = utf8 */;
CREATE TABLE `bankaccounts` (
  `accountcode` int(11) NOT NULL DEFAULT '0',
  `bankaccountname` char(50) NOT NULL DEFAULT '',
  `bankaccountnumber` char(50) NOT NULL DEFAULT '',
  `bankaddress` char(50) DEFAULT NULL,
  PRIMARY KEY (`accountcode`),
  KEY `BankAccountName` (`bankaccountname`),
  KEY `BankAccountNumber` (`bankaccountnumber`)
) ENGINE=InnoDB DEFAULT CHARSET=latin1;
/*!40101 SET character_set_client = @saved_cs_client */;

--
-- Dumping data for table `bankaccounts`
--

LOCK TABLES `bankaccounts` WRITE;
/*!40000 ALTER TABLE `bankaccounts` DISABLE KEYS */;
INSERT INTO `bankaccounts` VALUES (1010,'Undeposited Funds','',''),(1030,'Cheque Account','112233',''),(1058,'US Account','778899','Ottawa'),(1060,'Saving Account','445566','Ottawa'),(2030,'Credit Card','','');
/*!40000 ALTER TABLE `bankaccounts` ENABLE KEYS */;
UNLOCK TABLES;

--
-- Table structure for table `banktrans`
--

DROP TABLE IF EXISTS `banktrans`;
/*!40101 SET @saved_cs_client     = @@character_set_client */;
/*!40101 SET character_set_client = utf8 */;
CREATE TABLE `banktrans` (
  `banktransid` bigint(20) NOT NULL AUTO_INCREMENT,
  `type` smallint(6) NOT NULL DEFAULT '0',
  `transno` bigint(20) NOT NULL DEFAULT '0',
  `bankact` int(11) NOT NULL DEFAULT '0',
  `ref` varchar(50) NOT NULL DEFAULT '',
  `amountcleared` double NOT NULL DEFAULT '0',
  `exrate` double NOT NULL DEFAULT '1',
  `transdate` date NOT NULL DEFAULT '0000-00-00',
  `banktranstype` varchar(30) NOT NULL DEFAULT '',
  `amount` double NOT NULL DEFAULT '0',
  `currcode` char(3) NOT NULL DEFAULT '',
  PRIMARY KEY (`banktransid`),
  KEY `BankAct` (`bankact`,`ref`),
  KEY `TransDate` (`transdate`),
  KEY `TransType` (`banktranstype`),
  KEY `Type` (`type`,`transno`),
  KEY `CurrCode` (`currcode`)
) ENGINE=InnoDB AUTO_INCREMENT=7 DEFAULT CHARSET=latin1;
/*!40101 SET character_set_client = @saved_cs_client */;

--
-- Dumping data for table `banktrans`
--

LOCK TABLES `banktrans` WRITE;
/*!40000 ALTER TABLE `banktrans` DISABLE KEYS */;
INSERT INTO `banktrans` VALUES (4,12,141,1060,'Closing Balance',0,1,'2006-11-30','Bank Transfer',-73288,'CDN'),(5,12,142,1058,'Closing Balance',0,1,'2006-11-30','Bank Transfer',2633.17,'CDN'),(6,12,143,2030,'Closing Balance',0,1,'2006-11-30','Credit Card',-18643.41,'CDN');
/*!40000 ALTER TABLE `banktrans` ENABLE KEYS */;
UNLOCK TABLES;

--
-- Table structure for table `bom`
--

DROP TABLE IF EXISTS `bom`;
/*!40101 SET @saved_cs_client     = @@character_set_client */;
/*!40101 SET character_set_client = utf8 */;
CREATE TABLE `bom` (
  `parent` char(20) NOT NULL DEFAULT '',
  `component` char(20) NOT NULL DEFAULT '',
  `workcentreadded` char(5) NOT NULL DEFAULT '',
  `loccode` char(5) NOT NULL DEFAULT '',
  `effectiveafter` date NOT NULL DEFAULT '0000-00-00',
  `effectiveto` date NOT NULL DEFAULT '9999-12-31',
  `quantity` double NOT NULL DEFAULT '1',
  PRIMARY KEY (`parent`,`component`,`workcentreadded`,`loccode`),
  KEY `Component` (`component`),
  KEY `EffectiveAfter` (`effectiveafter`),
  KEY `EffectiveTo` (`effectiveto`),
  KEY `LocCode` (`loccode`),
  KEY `Parent` (`parent`,`effectiveafter`,`effectiveto`,`loccode`),
  KEY `Parent_2` (`parent`),
  KEY `WorkCentreAdded` (`workcentreadded`)
) ENGINE=InnoDB DEFAULT CHARSET=latin1;
/*!40101 SET character_set_client = @saved_cs_client */;

--
-- Dumping data for table `bom`
--

LOCK TABLES `bom` WRITE;
/*!40000 ALTER TABLE `bom` DISABLE KEYS */;
INSERT INTO `bom` VALUES ('H01','R01-H01','NY1','NY','2007-03-21','2037-03-22',1),('H01','R02-H01','NY1','NY','2007-03-21','2037-03-22',1),('H02','R03-H02','TO1','TOR','2007-03-21','2037-03-22',1),('H02','R04-H02','TO1','TOR','2007-03-21','2037-03-22',1);
/*!40000 ALTER TABLE `bom` ENABLE KEYS */;
UNLOCK TABLES;

--
-- Table structure for table `buckets`
--

DROP TABLE IF EXISTS `buckets`;
/*!40101 SET @saved_cs_client     = @@character_set_client */;
/*!40101 SET character_set_client = utf8 */;
CREATE TABLE `buckets` (
  `workcentre` char(5) NOT NULL DEFAULT '',
  `availdate` datetime NOT NULL DEFAULT '0000-00-00 00:00:00',
  `capacity` double NOT NULL DEFAULT '0',
  PRIMARY KEY (`workcentre`,`availdate`),
  KEY `WorkCentre` (`workcentre`),
  KEY `AvailDate` (`availdate`)
) ENGINE=InnoDB DEFAULT CHARSET=latin1;
/*!40101 SET character_set_client = @saved_cs_client */;

--
-- Dumping data for table `buckets`
--

LOCK TABLES `buckets` WRITE;
/*!40000 ALTER TABLE `buckets` DISABLE KEYS */;
/*!40000 ALTER TABLE `buckets` ENABLE KEYS */;
UNLOCK TABLES;

--
-- Table structure for table `businesstype`
--

DROP TABLE IF EXISTS `businesstype`;
/*!40101 SET @saved_cs_client     = @@character_set_client */;
/*!40101 SET character_set_client = utf8 */;
CREATE TABLE `businesstype` (
  `businesstypeid` int(19) NOT NULL AUTO_INCREMENT,
  `businesstype` varchar(200) NOT NULL DEFAULT '',
  `sortorderid` int(19) NOT NULL DEFAULT '0',
  `presence` int(1) NOT NULL DEFAULT '1',
  PRIMARY KEY (`businesstypeid`),
  UNIQUE KEY `BusinessType_UK0` (`businesstype`)
) ENGINE=InnoDB DEFAULT CHARSET=latin1;
/*!40101 SET character_set_client = @saved_cs_client */;

--
-- Dumping data for table `businesstype`
--

LOCK TABLES `businesstype` WRITE;
/*!40000 ALTER TABLE `businesstype` DISABLE KEYS */;
/*!40000 ALTER TABLE `businesstype` ENABLE KEYS */;
UNLOCK TABLES;

--
-- Table structure for table `carrier`
--

DROP TABLE IF EXISTS `carrier`;
/*!40101 SET @saved_cs_client     = @@character_set_client */;
/*!40101 SET character_set_client = utf8 */;
CREATE TABLE `carrier` (
  `carrierid` int(19) NOT NULL AUTO_INCREMENT,
  `carrier` varchar(200) NOT NULL DEFAULT '',
  `sortorderid` int(19) NOT NULL DEFAULT '0',
  `presence` int(1) NOT NULL DEFAULT '1',
  PRIMARY KEY (`carrierid`),
  UNIQUE KEY `carrier_UK0` (`carrier`)
) ENGINE=InnoDB AUTO_INCREMENT=6 DEFAULT CHARSET=latin1;
/*!40101 SET character_set_client = @saved_cs_client */;

--
-- Dumping data for table `carrier`
--

LOCK TABLES `carrier` WRITE;
/*!40000 ALTER TABLE `carrier` DISABLE KEYS */;
INSERT INTO `carrier` VALUES (1,'FedEx',0,1),(2,'UPS',1,1),(3,'USPS',2,1),(4,'DHL',3,1),(5,'BlueDart',4,1);
/*!40000 ALTER TABLE `carrier` ENABLE KEYS */;
UNLOCK TABLES;

--
-- Table structure for table `cf_374`
--

DROP TABLE IF EXISTS `cf_374`;
/*!40101 SET @saved_cs_client     = @@character_set_client */;
/*!40101 SET character_set_client = utf8 */;
CREATE TABLE `cf_374` (
  `cf_374` varchar(255) DEFAULT NULL
) ENGINE=MyISAM DEFAULT CHARSET=latin1;
/*!40101 SET character_set_client = @saved_cs_client */;

--
-- Dumping data for table `cf_374`
--

LOCK TABLES `cf_374` WRITE;
/*!40000 ALTER TABLE `cf_374` DISABLE KEYS */;
INSERT INTO `cf_374` VALUES ('English'),('French'),('Spanish');
/*!40000 ALTER TABLE `cf_374` ENABLE KEYS */;
UNLOCK TABLES;

--
-- Table structure for table `chartdetails`
--

DROP TABLE IF EXISTS `chartdetails`;
/*!40101 SET @saved_cs_client     = @@character_set_client */;
/*!40101 SET character_set_client = utf8 */;
CREATE TABLE `chartdetails` (
  `accountcode` int(11) NOT NULL DEFAULT '0',
  `period` smallint(6) NOT NULL DEFAULT '0',
  `budget` double NOT NULL DEFAULT '0',
  `actual` double NOT NULL DEFAULT '0',
  `bfwd` double NOT NULL DEFAULT '0',
  `bfwdbudget` double NOT NULL DEFAULT '0',
  `budget1` int(10) DEFAULT NULL,
  `budget2` int(10) DEFAULT '0',
  `budget3` int(10) DEFAULT '0',
  `budget4` int(10) DEFAULT '0',
  PRIMARY KEY (`accountcode`,`period`),
  KEY `Period` (`period`)
) ENGINE=InnoDB DEFAULT CHARSET=latin1;
/*!40101 SET character_set_client = @saved_cs_client */;

--
-- Dumping data for table `chartdetails`
--

LOCK TABLES `chartdetails` WRITE;
/*!40000 ALTER TABLE `chartdetails` DISABLE KEYS */;
INSERT INTO `chartdetails` VALUES (1010,-1,0,0,0,0,NULL,0,0,0),(1010,1,0,0,0,0,NULL,0,0,0),(1010,2,0,0,0,0,NULL,0,0,0),(1010,3,0,0,0,0,NULL,0,0,0),(1010,4,0,0,0,0,NULL,0,0,0),(1010,5,0,0,0,0,NULL,0,0,0),(1010,6,0,0,0,0,NULL,0,0,0),(1010,7,0,0,0,0,NULL,0,0,0),(1010,8,0,0,0,0,NULL,0,0,0),(1010,9,0,0,0,0,NULL,0,0,0),(1010,10,0,0,0,0,NULL,0,0,0),(1010,11,0,0,0,0,NULL,0,0,0),(1010,12,0,0,0,0,NULL,0,0,0),(1010,13,0,0,0,0,NULL,0,0,0),(1010,14,0,0,0,0,NULL,0,0,0),(1010,15,0,0,0,0,NULL,0,0,0),(1010,16,0,0,0,0,NULL,0,0,0),(1010,17,0,0,0,0,NULL,0,0,0),(1010,18,0,0,0,0,NULL,0,0,0),(1010,19,0,0,0,0,NULL,0,0,0),(1010,20,0,0,0,0,NULL,0,0,0),(1010,21,0,0,0,0,NULL,0,0,0),(1010,22,0,0,0,0,NULL,0,0,0),(1010,23,0,0,0,0,NULL,0,0,0),(1010,24,0,0,0,0,NULL,0,0,0),(1010,25,0,0,0,0,NULL,0,0,0),(1010,26,0,0,0,0,NULL,0,0,0),(1010,27,0,0,0,0,NULL,0,0,0),(1010,28,0,0,0,0,NULL,0,0,0),(1010,29,0,0,0,0,NULL,0,0,0),(1010,30,0,0,0,0,NULL,0,0,0),(1010,31,0,0,0,0,NULL,0,0,0),(1010,32,0,0,0,0,NULL,0,0,0),(1010,33,0,0,0,0,NULL,0,0,0),(1010,34,0,0,0,0,NULL,0,0,0),(1010,35,0,0,0,0,NULL,0,0,0),(1010,36,0,0,0,0,NULL,0,0,0),(1010,37,0,0,0,0,NULL,0,0,0),(1010,38,0,0,0,0,NULL,0,0,0),(1010,39,0,0,0,0,NULL,0,0,0),(1010,40,0,0,0,0,NULL,0,0,0),(1010,41,0,0,0,0,NULL,0,0,0),(1010,42,0,0,0,0,NULL,0,0,0),(1010,43,0,0,0,0,NULL,0,0,0),(1010,44,0,0,0,0,NULL,0,0,0),(1010,45,0,0,0,0,NULL,0,0,0),(1010,46,0,0,0,0,NULL,0,0,0),(1031,-1,0,0,0,0,NULL,0,0,0),(1031,1,0,0,0,0,NULL,0,0,0),(1031,2,0,0,0,0,NULL,0,0,0),(1031,3,0,0,0,0,NULL,0,0,0),(1031,4,0,0,0,0,NULL,0,0,0),(1031,5,0,0,0,0,NULL,0,0,0),(1031,6,0,0,0,0,NULL,0,0,0),(1031,7,0,0,0,0,NULL,0,0,0),(1031,8,0,0,0,0,NULL,0,0,0),(1031,9,0,0,0,0,NULL,0,0,0),(1031,10,0,0,0,0,NULL,0,0,0),(1031,11,0,0,0,0,NULL,0,0,0),(1031,12,0,0,0,0,NULL,0,0,0),(1031,13,0,0,0,0,NULL,0,0,0),(1031,14,0,0,0,0,NULL,0,0,0),(1031,15,0,0,0,0,NULL,0,0,0),(1031,16,0,0,0,0,NULL,0,0,0),(1031,17,0,0,0,0,NULL,0,0,0),(1031,18,0,0,0,0,NULL,0,0,0),(1031,19,0,0,0,0,NULL,0,0,0),(1031,20,0,0,0,0,NULL,0,0,0),(1031,21,0,0,0,0,NULL,0,0,0),(1031,22,0,0,0,0,NULL,0,0,0),(1031,23,0,0,0,0,NULL,0,0,0),(1031,24,0,0,0,0,NULL,0,0,0),(1031,25,0,0,0,0,NULL,0,0,0),(1031,26,0,0,0,0,NULL,0,0,0),(1031,27,0,0,0,0,NULL,0,0,0),(1031,28,0,0,0,0,NULL,0,0,0),(1031,29,0,0,0,0,NULL,0,0,0),(1031,30,0,0,0,0,NULL,0,0,0),(1031,31,0,0,0,0,NULL,0,0,0),(1031,32,0,0,0,0,NULL,0,0,0),(1031,33,0,0,0,0,NULL,0,0,0),(1031,34,0,0,0,0,NULL,0,0,0),(1031,35,0,0,0,0,NULL,0,0,0),(1031,36,0,0,0,0,NULL,0,0,0),(1031,37,0,0,0,0,NULL,0,0,0),(1031,38,0,0,0,0,NULL,0,0,0),(1031,39,0,0,0,0,NULL,0,0,0),(1031,40,0,0,0,0,NULL,0,0,0),(1031,41,0,0,0,0,NULL,0,0,0),(1031,42,0,0,0,0,NULL,0,0,0),(1031,43,0,0,0,0,NULL,0,0,0),(1031,44,0,0,0,0,NULL,0,0,0),(1031,45,0,0,0,0,NULL,0,0,0),(1031,46,0,0,0,0,NULL,0,0,0),(1032,-1,0,0,0,0,NULL,0,0,0),(1032,1,0,0,0,0,NULL,0,0,0),(1032,2,0,0,0,0,NULL,0,0,0),(1032,3,0,0,0,0,NULL,0,0,0),(1032,4,0,0,0,0,NULL,0,0,0),(1032,5,0,0,0,0,NULL,0,0,0),(1032,6,0,0,0,0,NULL,0,0,0),(1032,7,0,0,0,0,NULL,0,0,0),(1032,8,0,0,0,0,NULL,0,0,0),(1032,9,0,0,0,0,NULL,0,0,0),(1032,10,0,0,0,0,NULL,0,0,0),(1032,11,0,0,0,0,NULL,0,0,0),(1032,12,0,0,0,0,NULL,0,0,0),(1032,13,0,0,0,0,NULL,0,0,0),(1032,14,0,0,0,0,NULL,0,0,0),(1032,15,0,0,0,0,NULL,0,0,0),(1032,16,0,0,0,0,NULL,0,0,0),(1032,17,0,0,0,0,NULL,0,0,0),(1032,18,0,0,0,0,NULL,0,0,0),(1032,19,0,0,0,0,NULL,0,0,0),(1032,20,0,0,0,0,NULL,0,0,0),(1032,21,0,0,0,0,NULL,0,0,0),(1032,22,0,0,0,0,NULL,0,0,0),(1032,23,0,0,0,0,NULL,0,0,0),(1032,24,0,0,0,0,NULL,0,0,0),(1032,25,0,0,0,0,NULL,0,0,0),(1032,26,0,0,0,0,NULL,0,0,0),(1032,27,0,0,0,0,NULL,0,0,0),(1032,28,0,0,0,0,NULL,0,0,0),(1032,29,0,0,0,0,NULL,0,0,0),(1032,30,0,0,0,0,NULL,0,0,0),(1032,31,0,0,0,0,NULL,0,0,0),(1032,32,0,0,0,0,NULL,0,0,0),(1032,33,0,0,0,0,NULL,0,0,0),(1032,34,0,0,0,0,NULL,0,0,0),(1032,35,0,0,0,0,NULL,0,0,0),(1032,36,0,0,0,0,NULL,0,0,0),(1032,37,0,0,0,0,NULL,0,0,0),(1032,38,0,0,0,0,NULL,0,0,0),(1032,39,0,0,0,0,NULL,0,0,0),(1032,40,0,0,0,0,NULL,0,0,0),(1032,41,0,0,0,0,NULL,0,0,0),(1032,42,0,0,0,0,NULL,0,0,0),(1032,43,0,0,0,0,NULL,0,0,0),(1032,44,0,0,0,0,NULL,0,0,0),(1032,45,0,0,0,0,NULL,0,0,0),(1032,46,0,0,0,0,NULL,0,0,0),(1035,-1,0,0,0,0,NULL,0,0,0),(1035,1,0,0,0,0,NULL,0,0,0),(1035,2,0,0,0,0,NULL,0,0,0),(1035,3,0,0,0,0,NULL,0,0,0),(1035,4,0,0,0,0,NULL,0,0,0),(1035,5,0,0,0,0,NULL,0,0,0),(1035,6,0,0,0,0,NULL,0,0,0),(1035,7,0,0,0,0,NULL,0,0,0),(1035,8,0,0,0,0,NULL,0,0,0),(1035,9,0,0,0,0,NULL,0,0,0),(1035,10,0,0,0,0,NULL,0,0,0),(1035,11,0,0,0,0,NULL,0,0,0),(1035,12,0,0,0,0,NULL,0,0,0),(1035,13,0,0,0,0,NULL,0,0,0),(1035,14,0,0,0,0,NULL,0,0,0),(1035,15,0,0,0,0,NULL,0,0,0),(1035,16,0,0,0,0,NULL,0,0,0),(1035,17,0,0,0,0,NULL,0,0,0),(1035,18,0,0,0,0,NULL,0,0,0),(1035,19,0,0,0,0,NULL,0,0,0),(1035,20,0,0,0,0,NULL,0,0,0),(1035,21,0,0,0,0,NULL,0,0,0),(1035,22,0,0,0,0,NULL,0,0,0),(1035,23,0,0,0,0,NULL,0,0,0),(1035,24,0,0,0,0,NULL,0,0,0),(1035,25,0,0,0,0,NULL,0,0,0),(1035,26,0,0,0,0,NULL,0,0,0),(1035,27,0,0,0,0,NULL,0,0,0),(1035,28,0,0,0,0,NULL,0,0,0),(1035,29,0,0,0,0,NULL,0,0,0),(1035,30,0,0,0,0,NULL,0,0,0),(1035,31,0,0,0,0,NULL,0,0,0),(1035,32,0,0,0,0,NULL,0,0,0),(1035,33,0,0,0,0,NULL,0,0,0),(1035,34,0,0,0,0,NULL,0,0,0),(1035,35,0,0,0,0,NULL,0,0,0),(1035,36,0,0,0,0,NULL,0,0,0),(1035,37,0,0,0,0,NULL,0,0,0),(1035,38,0,0,0,0,NULL,0,0,0),(1035,39,0,0,0,0,NULL,0,0,0),(1035,40,0,0,0,0,NULL,0,0,0),(1035,41,0,0,0,0,NULL,0,0,0),(1035,42,0,0,0,0,NULL,0,0,0),(1035,43,0,0,0,0,NULL,0,0,0),(1035,44,0,0,0,0,NULL,0,0,0),(1035,45,0,0,0,0,NULL,0,0,0),(1035,46,0,0,0,0,NULL,0,0,0),(1040,-1,0,0,0,0,NULL,0,0,0),(1040,1,0,0,0,0,NULL,0,0,0),(1040,2,0,0,0,0,NULL,0,0,0),(1040,3,0,0,0,0,NULL,0,0,0),(1040,4,0,0,0,0,NULL,0,0,0),(1040,5,0,0,0,0,NULL,0,0,0),(1040,6,0,0,0,0,NULL,0,0,0),(1040,7,0,0,0,0,NULL,0,0,0),(1040,8,0,0,0,0,NULL,0,0,0),(1040,9,0,0,0,0,NULL,0,0,0),(1040,10,0,0,0,0,NULL,0,0,0),(1040,11,0,0,0,0,NULL,0,0,0),(1040,12,0,0,0,0,NULL,0,0,0),(1040,13,0,0,0,0,NULL,0,0,0),(1040,14,0,0,0,0,NULL,0,0,0),(1040,15,0,0,0,0,NULL,0,0,0),(1040,16,0,0,0,0,NULL,0,0,0),(1040,17,0,0,0,0,NULL,0,0,0),(1040,18,0,0,0,0,NULL,0,0,0),(1040,19,0,0,0,0,NULL,0,0,0),(1040,20,0,0,0,0,NULL,0,0,0),(1040,21,0,0,0,0,NULL,0,0,0),(1040,22,0,0,0,0,NULL,0,0,0),(1040,23,0,0,0,0,NULL,0,0,0),(1040,24,0,0,0,0,NULL,0,0,0),(1040,25,0,0,0,0,NULL,0,0,0),(1040,26,0,0,0,0,NULL,0,0,0),(1040,27,0,0,0,0,NULL,0,0,0),(1040,28,0,0,0,0,NULL,0,0,0),(1040,29,0,0,0,0,NULL,0,0,0),(1040,30,0,0,0,0,NULL,0,0,0),(1040,31,0,0,0,0,NULL,0,0,0),(1040,32,0,0,0,0,NULL,0,0,0),(1040,33,0,0,0,0,NULL,0,0,0),(1040,34,0,0,0,0,NULL,0,0,0),(1040,35,0,0,0,0,NULL,0,0,0),(1040,36,0,0,0,0,NULL,0,0,0),(1040,37,0,0,0,0,NULL,0,0,0),(1040,38,0,0,0,0,NULL,0,0,0),(1040,39,0,0,0,0,NULL,0,0,0),(1040,40,0,0,0,0,NULL,0,0,0),(1040,41,0,0,0,0,NULL,0,0,0),(1040,42,0,0,0,0,NULL,0,0,0),(1040,43,0,0,0,0,NULL,0,0,0),(1040,44,0,0,0,0,NULL,0,0,0),(1040,45,0,0,0,0,NULL,0,0,0),(1040,46,0,0,0,0,NULL,0,0,0),(1051,-1,0,0,0,0,NULL,0,0,0),(1051,1,0,0,0,0,NULL,0,0,0),(1051,2,0,0,0,0,NULL,0,0,0),(1051,3,0,0,0,0,NULL,0,0,0),(1051,4,0,0,0,0,NULL,0,0,0),(1051,5,0,0,0,0,NULL,0,0,0),(1051,6,0,0,0,0,NULL,0,0,0),(1051,7,0,0,0,0,NULL,0,0,0),(1051,8,0,0,0,0,NULL,0,0,0),(1051,9,0,0,0,0,NULL,0,0,0),(1051,10,0,0,0,0,NULL,0,0,0),(1051,11,0,0,0,0,NULL,0,0,0),(1051,12,0,0,0,0,NULL,0,0,0),(1051,13,0,0,0,0,NULL,0,0,0),(1051,14,0,0,0,0,NULL,0,0,0),(1051,15,0,0,0,0,NULL,0,0,0),(1051,16,0,0,0,0,NULL,0,0,0),(1051,17,0,0,0,0,NULL,0,0,0),(1051,18,0,0,0,0,NULL,0,0,0),(1051,19,0,0,0,0,NULL,0,0,0),(1051,20,0,0,0,0,NULL,0,0,0),(1051,21,0,0,0,0,NULL,0,0,0),(1051,22,0,0,0,0,NULL,0,0,0),(1051,23,0,0,0,0,NULL,0,0,0),(1051,24,0,0,0,0,NULL,0,0,0),(1051,25,0,0,0,0,NULL,0,0,0),(1051,26,0,0,0,0,NULL,0,0,0),(1051,27,0,0,0,0,NULL,0,0,0),(1051,28,0,0,0,0,NULL,0,0,0),(1051,29,0,0,0,0,NULL,0,0,0),(1051,30,0,0,0,0,NULL,0,0,0),(1051,31,0,0,0,0,NULL,0,0,0),(1051,32,0,0,0,0,NULL,0,0,0),(1051,33,0,0,0,0,NULL,0,0,0),(1051,34,0,0,0,0,NULL,0,0,0),(1051,35,0,0,0,0,NULL,0,0,0),(1051,36,0,0,0,0,NULL,0,0,0),(1051,37,0,0,0,0,NULL,0,0,0),(1051,38,0,0,0,0,NULL,0,0,0),(1051,39,0,0,0,0,NULL,0,0,0),(1051,40,0,0,0,0,NULL,0,0,0),(1051,41,0,0,0,0,NULL,0,0,0),(1051,42,0,0,0,0,NULL,0,0,0),(1051,43,0,0,0,0,NULL,0,0,0),(1051,44,0,0,0,0,NULL,0,0,0),(1051,45,0,0,0,0,NULL,0,0,0),(1051,46,0,0,0,0,NULL,0,0,0),(1052,-1,0,0,0,0,NULL,0,0,0),(1052,1,0,0,0,0,NULL,0,0,0),(1052,2,0,0,0,0,NULL,0,0,0),(1052,3,0,0,0,0,NULL,0,0,0),(1052,4,0,0,0,0,NULL,0,0,0),(1052,5,0,0,0,0,NULL,0,0,0),(1052,6,0,0,0,0,NULL,0,0,0),(1052,7,0,0,0,0,NULL,0,0,0),(1052,8,0,0,0,0,NULL,0,0,0),(1052,9,0,0,0,0,NULL,0,0,0),(1052,10,0,0,0,0,NULL,0,0,0),(1052,11,0,0,0,0,NULL,0,0,0),(1052,12,0,0,0,0,NULL,0,0,0),(1052,13,0,0,0,0,NULL,0,0,0),(1052,14,0,0,0,0,NULL,0,0,0),(1052,15,0,0,0,0,NULL,0,0,0),(1052,16,0,0,0,0,NULL,0,0,0),(1052,17,0,0,0,0,NULL,0,0,0),(1052,18,0,0,0,0,NULL,0,0,0),(1052,19,0,0,0,0,NULL,0,0,0),(1052,20,0,0,0,0,NULL,0,0,0),(1052,21,0,0,0,0,NULL,0,0,0),(1052,22,0,0,0,0,NULL,0,0,0),(1052,23,0,0,0,0,NULL,0,0,0),(1052,24,0,0,0,0,NULL,0,0,0),(1052,25,0,0,0,0,NULL,0,0,0),(1052,26,0,0,0,0,NULL,0,0,0),(1052,27,0,0,0,0,NULL,0,0,0),(1052,28,0,0,0,0,NULL,0,0,0),(1052,29,0,0,0,0,NULL,0,0,0),(1052,30,0,0,0,0,NULL,0,0,0),(1052,31,0,0,0,0,NULL,0,0,0),(1052,32,0,0,0,0,NULL,0,0,0),(1052,33,0,0,0,0,NULL,0,0,0),(1052,34,0,0,0,0,NULL,0,0,0),(1052,35,0,0,0,0,NULL,0,0,0),(1052,36,0,0,0,0,NULL,0,0,0),(1052,37,0,0,0,0,NULL,0,0,0),(1052,38,0,0,0,0,NULL,0,0,0),(1052,39,0,0,0,0,NULL,0,0,0),(1052,40,0,0,0,0,NULL,0,0,0),(1052,41,0,0,0,0,NULL,0,0,0),(1052,42,0,0,0,0,NULL,0,0,0),(1052,43,0,0,0,0,NULL,0,0,0),(1052,44,0,0,0,0,NULL,0,0,0),(1052,45,0,0,0,0,NULL,0,0,0),(1052,46,0,0,0,0,NULL,0,0,0),(1055,-1,0,0,0,0,NULL,0,0,0),(1055,1,0,0,0,0,NULL,0,0,0),(1055,2,0,0,0,0,NULL,0,0,0),(1055,3,0,0,0,0,NULL,0,0,0),(1055,4,0,0,0,0,NULL,0,0,0),(1055,5,0,0,0,0,NULL,0,0,0),(1055,6,0,0,0,0,NULL,0,0,0),(1055,7,0,0,0,0,NULL,0,0,0),(1055,8,0,0,0,0,NULL,0,0,0),(1055,9,0,0,0,0,NULL,0,0,0),(1055,10,0,0,0,0,NULL,0,0,0),(1055,11,0,0,0,0,NULL,0,0,0),(1055,12,0,0,0,0,NULL,0,0,0),(1055,13,0,0,0,0,NULL,0,0,0),(1055,14,0,0,0,0,NULL,0,0,0),(1055,15,0,0,0,0,NULL,0,0,0),(1055,16,0,0,0,0,NULL,0,0,0),(1055,17,0,0,0,0,NULL,0,0,0),(1055,18,0,0,0,0,NULL,0,0,0),(1055,19,0,0,0,0,NULL,0,0,0),(1055,20,0,0,0,0,NULL,0,0,0),(1055,21,0,0,0,0,NULL,0,0,0),(1055,22,0,0,0,0,NULL,0,0,0),(1055,23,0,0,0,0,NULL,0,0,0),(1055,24,0,0,0,0,NULL,0,0,0),(1055,25,0,0,0,0,NULL,0,0,0),(1055,26,0,0,0,0,NULL,0,0,0),(1055,27,0,0,0,0,NULL,0,0,0),(1055,28,0,0,0,0,NULL,0,0,0),(1055,29,0,0,0,0,NULL,0,0,0),(1055,30,0,0,0,0,NULL,0,0,0),(1055,31,0,0,0,0,NULL,0,0,0),(1055,32,0,0,0,0,NULL,0,0,0),(1055,33,0,0,0,0,NULL,0,0,0),(1055,34,0,0,0,0,NULL,0,0,0),(1055,35,0,0,0,0,NULL,0,0,0),(1055,36,0,0,0,0,NULL,0,0,0),(1055,37,0,0,0,0,NULL,0,0,0),(1055,38,0,0,0,0,NULL,0,0,0),(1055,39,0,0,0,0,NULL,0,0,0),(1055,40,0,0,0,0,NULL,0,0,0),(1055,41,0,0,0,0,NULL,0,0,0),(1055,42,0,0,0,0,NULL,0,0,0),(1055,43,0,0,0,0,NULL,0,0,0),(1055,44,0,0,0,0,NULL,0,0,0),(1055,45,0,0,0,0,NULL,0,0,0),(1055,46,0,0,0,0,NULL,0,0,0),(1058,-1,0,0,0,0,NULL,0,0,0),(1058,1,0,0,0,0,NULL,0,0,0),(1058,2,0,0,0,0,NULL,0,0,0),(1058,3,0,0,0,0,NULL,0,0,0),(1058,4,0,0,0,0,NULL,0,0,0),(1058,5,0,0,0,0,NULL,0,0,0),(1058,6,0,0,0,0,NULL,0,0,0),(1058,7,0,0,0,0,NULL,0,0,0),(1058,8,0,0,0,0,NULL,0,0,0),(1058,9,0,0,0,0,NULL,0,0,0),(1058,10,0,0,0,0,NULL,0,0,0),(1058,11,0,0,0,0,NULL,0,0,0),(1058,12,0,0,0,0,NULL,0,0,0),(1058,13,0,0,0,0,NULL,0,0,0),(1058,14,0,0,0,0,NULL,0,0,0),(1058,15,0,0,0,0,NULL,0,0,0),(1058,16,0,0,0,0,NULL,0,0,0),(1058,17,0,0,0,0,NULL,0,0,0),(1058,18,0,0,0,0,NULL,0,0,0),(1058,19,0,0,0,0,NULL,0,0,0),(1058,20,0,0,0,0,NULL,0,0,0),(1058,21,0,0,0,0,NULL,0,0,0),(1058,22,0,0,0,0,NULL,0,0,0),(1058,23,0,0,0,0,NULL,0,0,0),(1058,24,0,0,0,0,NULL,0,0,0),(1058,25,0,0,0,0,NULL,0,0,0),(1058,26,0,0,0,0,NULL,0,0,0),(1058,27,0,0,0,0,NULL,0,0,0),(1058,28,0,0,0,0,NULL,0,0,0),(1058,29,0,0,0,0,NULL,0,0,0),(1058,30,0,0,0,0,NULL,0,0,0),(1058,31,0,0,0,0,NULL,0,0,0),(1058,32,0,0,0,0,NULL,0,0,0),(1058,33,0,0,0,0,NULL,0,0,0),(1058,34,0,0,0,0,NULL,0,0,0),(1058,35,0,0,0,0,NULL,0,0,0),(1058,36,0,0,0,0,NULL,0,0,0),(1058,37,0,0,0,0,NULL,0,0,0),(1058,38,0,0,0,0,NULL,0,0,0),(1058,39,0,0,0,0,NULL,0,0,0),(1058,40,0,0,0,0,NULL,0,0,0),(1058,41,0,0,0,0,NULL,0,0,0),(1058,42,0,0,0,0,NULL,0,0,0),(1058,43,0,0,0,0,NULL,0,0,0),(1058,44,0,0,0,0,NULL,0,0,0),(1058,45,0,0,0,0,NULL,0,0,0),(1058,46,0,0,0,0,NULL,0,0,0),(1060,-1,0,0,0,0,NULL,0,0,0),(1060,1,0,0,0,0,NULL,0,0,0),(1060,2,0,0,0,0,NULL,0,0,0),(1060,3,0,0,0,0,NULL,0,0,0),(1060,4,0,0,0,0,NULL,0,0,0),(1060,5,0,0,0,0,NULL,0,0,0),(1060,6,0,0,0,0,NULL,0,0,0),(1060,7,0,0,0,0,NULL,0,0,0),(1060,8,0,0,0,0,NULL,0,0,0),(1060,9,0,0,0,0,NULL,0,0,0),(1060,10,0,0,0,0,NULL,0,0,0),(1060,11,0,0,0,0,NULL,0,0,0),(1060,12,0,0,0,0,NULL,0,0,0),(1060,13,0,0,0,0,NULL,0,0,0),(1060,14,0,0,0,0,NULL,0,0,0),(1060,15,0,0,0,0,NULL,0,0,0),(1060,16,0,0,0,0,NULL,0,0,0),(1060,17,0,0,0,0,NULL,0,0,0),(1060,18,0,0,0,0,NULL,0,0,0),(1060,19,0,0,0,0,NULL,0,0,0),(1060,20,0,0,0,0,NULL,0,0,0),(1060,21,0,0,0,0,NULL,0,0,0),(1060,22,0,0,0,0,NULL,0,0,0),(1060,23,0,0,0,0,NULL,0,0,0),(1060,24,0,0,0,0,NULL,0,0,0),(1060,25,0,0,0,0,NULL,0,0,0),(1060,26,0,0,0,0,NULL,0,0,0),(1060,27,0,0,0,0,NULL,0,0,0),(1060,28,0,0,0,0,NULL,0,0,0),(1060,29,0,0,0,0,NULL,0,0,0),(1060,30,0,0,0,0,NULL,0,0,0),(1060,31,0,0,0,0,NULL,0,0,0),(1060,32,0,0,0,0,NULL,0,0,0),(1060,33,0,0,0,0,NULL,0,0,0),(1060,34,0,0,0,0,NULL,0,0,0),(1060,35,0,0,0,0,NULL,0,0,0),(1060,36,0,0,0,0,NULL,0,0,0),(1060,37,0,0,0,0,NULL,0,0,0),(1060,38,0,0,0,0,NULL,0,0,0),(1060,39,0,0,0,0,NULL,0,0,0),(1060,40,0,0,0,0,NULL,0,0,0),(1060,41,0,0,0,0,NULL,0,0,0),(1060,42,0,0,0,0,NULL,0,0,0),(1060,43,0,0,0,0,NULL,0,0,0),(1060,44,0,0,0,0,NULL,0,0,0),(1060,45,0,0,0,0,NULL,0,0,0),(1060,46,0,0,0,0,NULL,0,0,0),(1210,-1,0,0,0,0,NULL,0,0,0),(1210,1,0,0,0,0,NULL,0,0,0),(1210,2,0,2058.63,0,0,NULL,0,0,0),(1210,3,0,1.33,2058.63,0,NULL,0,0,0),(1210,4,0,0,2059.96,0,NULL,0,0,0),(1210,5,0,0,2059.96,0,NULL,0,0,0),(1210,6,0,3574,2059.96,0,NULL,0,0,0),(1210,7,0,0,5633.96,0,NULL,0,0,0),(1210,8,0,0,5633.96,0,NULL,0,0,0),(1210,9,0,0,5633.96,0,NULL,0,0,0),(1210,10,0,0,5633.96,0,NULL,0,0,0),(1210,11,0,0,5633.96,0,NULL,0,0,0),(1210,12,0,0,5633.96,0,NULL,0,0,0),(1210,13,0,0,5633.96,0,NULL,0,0,0),(1210,14,0,0,5633.96,0,NULL,0,0,0),(1210,15,0,0,3574,0,NULL,0,0,0),(1210,16,0,0,3574,0,NULL,0,0,0),(1210,17,0,0,3574,0,NULL,0,0,0),(1210,18,0,0,3574,0,NULL,0,0,0),(1210,19,0,0,3574,0,NULL,0,0,0),(1210,20,0,0,3574,0,NULL,0,0,0),(1210,21,0,0,3574,0,NULL,0,0,0),(1210,22,0,0,3574,0,NULL,0,0,0),(1210,23,0,0,3574,0,NULL,0,0,0),(1210,24,0,0,3574,0,NULL,0,0,0),(1210,25,0,0,3574,0,NULL,0,0,0),(1210,26,0,0,3574,0,NULL,0,0,0),(1210,27,0,0,3574,0,NULL,0,0,0),(1210,28,0,0,3574,0,NULL,0,0,0),(1210,29,0,0,3574,0,NULL,0,0,0),(1210,30,0,0,3574,0,NULL,0,0,0),(1210,31,0,0,3574,0,NULL,0,0,0),(1210,32,0,0,3574,0,NULL,0,0,0),(1210,33,0,0,3574,0,NULL,0,0,0),(1210,34,0,0,3574,0,NULL,0,0,0),(1210,35,0,0,3574,0,NULL,0,0,0),(1210,36,0,0,3574,0,NULL,0,0,0),(1210,37,0,0,3574,0,NULL,0,0,0),(1210,38,0,0,3574,0,NULL,0,0,0),(1210,39,0,0,3574,0,NULL,0,0,0),(1210,40,0,0,3574,0,NULL,0,0,0),(1210,41,0,0,3574,0,NULL,0,0,0),(1210,42,0,0,3574,0,NULL,0,0,0),(1210,43,0,101.17,3574,0,NULL,0,0,0),(1210,44,0,0,0,0,NULL,0,0,0),(1210,45,0,0,0,0,NULL,0,0,0),(1210,46,0,0,0,0,NULL,0,0,0),(1221,-1,0,0,0,0,NULL,0,0,0),(1221,1,0,0,0,0,NULL,0,0,0),(1221,2,0,0,0,0,NULL,0,0,0),(1221,3,0,0,0,0,NULL,0,0,0),(1221,4,0,0,0,0,NULL,0,0,0),(1221,5,0,0,0,0,NULL,0,0,0),(1221,6,0,0,0,0,NULL,0,0,0),(1221,7,0,0,0,0,NULL,0,0,0),(1221,8,0,0,0,0,NULL,0,0,0),(1221,9,0,0,0,0,NULL,0,0,0),(1221,10,0,0,0,0,NULL,0,0,0),(1221,11,0,0,0,0,NULL,0,0,0),(1221,12,0,0,0,0,NULL,0,0,0),(1221,13,0,0,0,0,NULL,0,0,0),(1221,14,0,0,0,0,NULL,0,0,0),(1221,15,0,0,0,0,NULL,0,0,0),(1221,16,0,0,0,0,NULL,0,0,0),(1221,17,0,0,0,0,NULL,0,0,0),(1221,18,0,0,0,0,NULL,0,0,0),(1221,19,0,0,0,0,NULL,0,0,0),(1221,20,0,0,0,0,NULL,0,0,0),(1221,21,0,0,0,0,NULL,0,0,0),(1221,22,0,0,0,0,NULL,0,0,0),(1221,23,0,0,0,0,NULL,0,0,0),(1221,24,0,0,0,0,NULL,0,0,0),(1221,25,0,0,0,0,NULL,0,0,0),(1221,26,0,0,0,0,NULL,0,0,0),(1221,27,0,0,0,0,NULL,0,0,0),(1221,28,0,0,0,0,NULL,0,0,0),(1221,29,0,0,0,0,NULL,0,0,0),(1221,30,0,0,0,0,NULL,0,0,0),(1221,31,0,0,0,0,NULL,0,0,0),(1221,32,0,0,0,0,NULL,0,0,0),(1221,33,0,0,0,0,NULL,0,0,0),(1221,34,0,0,0,0,NULL,0,0,0),(1221,35,0,0,0,0,NULL,0,0,0),(1221,36,0,0,0,0,NULL,0,0,0),(1221,37,0,0,0,0,NULL,0,0,0),(1221,38,0,0,0,0,NULL,0,0,0),(1221,39,0,0,0,0,NULL,0,0,0),(1221,40,0,0,0,0,NULL,0,0,0),(1221,41,0,0,0,0,NULL,0,0,0),(1221,42,0,0,0,0,NULL,0,0,0),(1221,43,0,0,0,0,NULL,0,0,0),(1221,44,0,0,0,0,NULL,0,0,0),(1221,45,0,0,0,0,NULL,0,0,0),(1221,46,0,0,0,0,NULL,0,0,0),(1230,-1,0,0,0,0,NULL,0,0,0),(1230,1,0,0,0,0,NULL,0,0,0),(1230,2,0,0,0,0,NULL,0,0,0),(1230,3,0,0,0,0,NULL,0,0,0),(1230,4,0,0,0,0,NULL,0,0,0),(1230,5,0,0,0,0,NULL,0,0,0),(1230,6,0,0,0,0,NULL,0,0,0),(1230,7,0,0,0,0,NULL,0,0,0),(1230,8,0,0,0,0,NULL,0,0,0),(1230,9,0,0,0,0,NULL,0,0,0),(1230,10,0,0,0,0,NULL,0,0,0),(1230,11,0,0,0,0,NULL,0,0,0),(1230,12,0,0,0,0,NULL,0,0,0),(1230,13,0,0,0,0,NULL,0,0,0),(1230,14,0,0,0,0,NULL,0,0,0),(1230,15,0,0,0,0,NULL,0,0,0),(1230,16,0,0,0,0,NULL,0,0,0),(1230,17,0,0,0,0,NULL,0,0,0),(1230,18,0,0,0,0,NULL,0,0,0),(1230,19,0,0,0,0,NULL,0,0,0),(1230,20,0,0,0,0,NULL,0,0,0),(1230,21,0,0,0,0,NULL,0,0,0),(1230,22,0,0,0,0,NULL,0,0,0),(1230,23,0,0,0,0,NULL,0,0,0),(1230,24,0,0,0,0,NULL,0,0,0),(1230,25,0,0,0,0,NULL,0,0,0),(1230,26,0,0,0,0,NULL,0,0,0),(1230,27,0,0,0,0,NULL,0,0,0),(1230,28,0,0,0,0,NULL,0,0,0),(1230,29,0,0,0,0,NULL,0,0,0),(1230,30,0,0,0,0,NULL,0,0,0),(1230,31,0,0,0,0,NULL,0,0,0),(1230,32,0,0,0,0,NULL,0,0,0),(1230,33,0,0,0,0,NULL,0,0,0),(1230,34,0,0,0,0,NULL,0,0,0),(1230,35,0,0,0,0,NULL,0,0,0),(1230,36,0,0,0,0,NULL,0,0,0),(1230,37,0,0,0,0,NULL,0,0,0),(1230,38,0,0,0,0,NULL,0,0,0),(1230,39,0,0,0,0,NULL,0,0,0),(1230,40,0,0,0,0,NULL,0,0,0),(1230,41,0,0,0,0,NULL,0,0,0),(1230,42,0,0,0,0,NULL,0,0,0),(1230,43,0,0,0,0,NULL,0,0,0),(1230,44,0,0,0,0,NULL,0,0,0),(1230,45,0,0,0,0,NULL,0,0,0),(1230,46,0,0,0,0,NULL,0,0,0),(1231,-1,0,0,0,0,NULL,0,0,0),(1231,1,0,0,0,0,NULL,0,0,0),(1231,2,0,0,0,0,NULL,0,0,0),(1231,3,0,0,0,0,NULL,0,0,0),(1231,4,0,0,0,0,NULL,0,0,0),(1231,5,0,0,0,0,NULL,0,0,0),(1231,6,0,0,0,0,NULL,0,0,0),(1231,7,0,0,0,0,NULL,0,0,0),(1231,8,0,0,0,0,NULL,0,0,0),(1231,9,0,0,0,0,NULL,0,0,0),(1231,10,0,0,0,0,NULL,0,0,0),(1231,11,0,0,0,0,NULL,0,0,0),(1231,12,0,0,0,0,NULL,0,0,0),(1231,13,0,0,0,0,NULL,0,0,0),(1231,14,0,0,0,0,NULL,0,0,0),(1231,15,0,0,0,0,NULL,0,0,0),(1231,16,0,0,0,0,NULL,0,0,0),(1231,17,0,0,0,0,NULL,0,0,0),(1231,18,0,0,0,0,NULL,0,0,0),(1231,19,0,0,0,0,NULL,0,0,0),(1231,20,0,0,0,0,NULL,0,0,0),(1231,21,0,0,0,0,NULL,0,0,0),(1231,22,0,0,0,0,NULL,0,0,0),(1231,23,0,0,0,0,NULL,0,0,0),(1231,24,0,0,0,0,NULL,0,0,0),(1231,25,0,0,0,0,NULL,0,0,0),(1231,26,0,0,0,0,NULL,0,0,0),(1231,27,0,0,0,0,NULL,0,0,0),(1231,28,0,0,0,0,NULL,0,0,0),(1231,29,0,0,0,0,NULL,0,0,0),(1231,30,0,0,0,0,NULL,0,0,0),(1231,31,0,0,0,0,NULL,0,0,0),(1231,32,0,0,0,0,NULL,0,0,0),(1231,33,0,0,0,0,NULL,0,0,0),(1231,34,0,0,0,0,NULL,0,0,0),(1231,35,0,0,0,0,NULL,0,0,0),(1231,36,0,0,0,0,NULL,0,0,0),(1231,37,0,0,0,0,NULL,0,0,0),(1231,38,0,0,0,0,NULL,0,0,0),(1231,39,0,0,0,0,NULL,0,0,0),(1231,40,0,0,0,0,NULL,0,0,0),(1231,41,0,0,0,0,NULL,0,0,0),(1231,42,0,0,0,0,NULL,0,0,0),(1231,43,0,0,0,0,NULL,0,0,0),(1231,44,0,0,0,0,NULL,0,0,0),(1231,45,0,0,0,0,NULL,0,0,0),(1231,46,0,0,0,0,NULL,0,0,0),(1250,-1,0,0,0,0,NULL,0,0,0),(1250,1,0,0,0,0,NULL,0,0,0),(1250,2,0,0,0,0,NULL,0,0,0),(1250,3,0,0,0,0,NULL,0,0,0),(1250,4,0,0,0,0,NULL,0,0,0),(1250,5,0,0,0,0,NULL,0,0,0),(1250,6,0,0,0,0,NULL,0,0,0),(1250,7,0,0,0,0,NULL,0,0,0),(1250,8,0,0,0,0,NULL,0,0,0),(1250,9,0,0,0,0,NULL,0,0,0),(1250,10,0,0,0,0,NULL,0,0,0),(1250,11,0,0,0,0,NULL,0,0,0),(1250,12,0,0,0,0,NULL,0,0,0),(1250,13,0,0,0,0,NULL,0,0,0),(1250,14,0,0,0,0,NULL,0,0,0),(1250,15,0,0,0,0,NULL,0,0,0),(1250,16,0,0,0,0,NULL,0,0,0),(1250,17,0,0,0,0,NULL,0,0,0),(1250,18,0,0,0,0,NULL,0,0,0),(1250,19,0,0,0,0,NULL,0,0,0),(1250,20,0,0,0,0,NULL,0,0,0),(1250,21,0,0,0,0,NULL,0,0,0),(1250,22,0,0,0,0,NULL,0,0,0),(1250,23,0,0,0,0,NULL,0,0,0),(1250,24,0,0,0,0,NULL,0,0,0),(1250,25,0,0,0,0,NULL,0,0,0),(1250,26,0,0,0,0,NULL,0,0,0),(1250,27,0,0,0,0,NULL,0,0,0),(1250,28,0,0,0,0,NULL,0,0,0),(1250,29,0,0,0,0,NULL,0,0,0),(1250,30,0,0,0,0,NULL,0,0,0),(1250,31,0,0,0,0,NULL,0,0,0),(1250,32,0,0,0,0,NULL,0,0,0),(1250,33,0,0,0,0,NULL,0,0,0),(1250,34,0,0,0,0,NULL,0,0,0),(1250,35,0,0,0,0,NULL,0,0,0),(1250,36,0,0,0,0,NULL,0,0,0),(1250,37,0,0,0,0,NULL,0,0,0),(1250,38,0,0,0,0,NULL,0,0,0),(1250,39,0,0,0,0,NULL,0,0,0),(1250,40,0,0,0,0,NULL,0,0,0),(1250,41,0,0,0,0,NULL,0,0,0),(1250,42,0,0,0,0,NULL,0,0,0),(1250,43,0,0,0,0,NULL,0,0,0),(1250,44,0,0,0,0,NULL,0,0,0),(1250,45,0,0,0,0,NULL,0,0,0),(1250,46,0,0,0,0,NULL,0,0,0),(1260,-1,0,0,0,0,NULL,0,0,0),(1260,1,0,0,0,0,NULL,0,0,0),(1260,2,0,0,0,0,NULL,0,0,0),(1260,3,0,0,0,0,NULL,0,0,0),(1260,4,0,0,0,0,NULL,0,0,0),(1260,5,0,0,0,0,NULL,0,0,0),(1260,6,0,0,0,0,NULL,0,0,0),(1260,7,0,0,0,0,NULL,0,0,0),(1260,8,0,0,0,0,NULL,0,0,0),(1260,9,0,0,0,0,NULL,0,0,0),(1260,10,0,0,0,0,NULL,0,0,0),(1260,11,0,0,0,0,NULL,0,0,0),(1260,12,0,0,0,0,NULL,0,0,0),(1260,13,0,0,0,0,NULL,0,0,0),(1260,14,0,0,0,0,NULL,0,0,0),(1260,15,0,0,0,0,NULL,0,0,0),(1260,16,0,0,0,0,NULL,0,0,0),(1260,17,0,0,0,0,NULL,0,0,0),(1260,18,0,0,0,0,NULL,0,0,0),(1260,19,0,0,0,0,NULL,0,0,0),(1260,20,0,0,0,0,NULL,0,0,0),(1260,21,0,0,0,0,NULL,0,0,0),(1260,22,0,0,0,0,NULL,0,0,0),(1260,23,0,0,0,0,NULL,0,0,0),(1260,24,0,0,0,0,NULL,0,0,0),(1260,25,0,0,0,0,NULL,0,0,0),(1260,26,0,0,0,0,NULL,0,0,0),(1260,27,0,0,0,0,NULL,0,0,0),(1260,28,0,0,0,0,NULL,0,0,0),(1260,29,0,0,0,0,NULL,0,0,0),(1260,30,0,0,0,0,NULL,0,0,0),(1260,31,0,0,0,0,NULL,0,0,0),(1260,32,0,0,0,0,NULL,0,0,0),(1260,33,0,0,0,0,NULL,0,0,0),(1260,34,0,0,0,0,NULL,0,0,0),(1260,35,0,0,0,0,NULL,0,0,0),(1260,36,0,0,0,0,NULL,0,0,0),(1260,37,0,0,0,0,NULL,0,0,0),(1260,38,0,0,0,0,NULL,0,0,0),(1260,39,0,0,0,0,NULL,0,0,0),(1260,40,0,0,0,0,NULL,0,0,0),(1260,41,0,0,0,0,NULL,0,0,0),(1260,42,0,0,0,0,NULL,0,0,0),(1260,43,0,0,0,0,NULL,0,0,0),(1260,44,0,0,0,0,NULL,0,0,0),(1260,45,0,0,0,0,NULL,0,0,0),(1260,46,0,0,0,0,NULL,0,0,0),(1310,-1,0,0,0,0,NULL,0,0,0),(1310,1,0,0,0,0,NULL,0,0,0),(1310,2,0,0,0,0,NULL,0,0,0),(1310,3,0,0,0,0,NULL,0,0,0),(1310,4,0,0,0,0,NULL,0,0,0),(1310,5,0,0,0,0,NULL,0,0,0),(1310,6,0,0,0,0,NULL,0,0,0),(1310,7,0,0,0,0,NULL,0,0,0),(1310,8,0,0,0,0,NULL,0,0,0),(1310,9,0,0,0,0,NULL,0,0,0),(1310,10,0,0,0,0,NULL,0,0,0),(1310,11,0,0,0,0,NULL,0,0,0),(1310,12,0,0,0,0,NULL,0,0,0),(1310,13,0,0,0,0,NULL,0,0,0),(1310,14,0,0,0,0,NULL,0,0,0),(1310,15,0,0,0,0,NULL,0,0,0),(1310,16,0,0,0,0,NULL,0,0,0),(1310,17,0,0,0,0,NULL,0,0,0),(1310,18,0,0,0,0,NULL,0,0,0),(1310,19,0,0,0,0,NULL,0,0,0),(1310,20,0,0,0,0,NULL,0,0,0),(1310,21,0,0,0,0,NULL,0,0,0),(1310,22,0,0,0,0,NULL,0,0,0),(1310,23,0,0,0,0,NULL,0,0,0),(1310,24,0,0,0,0,NULL,0,0,0),(1310,25,0,0,0,0,NULL,0,0,0),(1310,26,0,0,0,0,NULL,0,0,0),(1310,27,0,0,0,0,NULL,0,0,0),(1310,28,0,0,0,0,NULL,0,0,0),(1310,29,0,0,0,0,NULL,0,0,0),(1310,30,0,0,0,0,NULL,0,0,0),(1310,31,0,0,0,0,NULL,0,0,0),(1310,32,0,0,0,0,NULL,0,0,0),(1310,33,0,0,0,0,NULL,0,0,0),(1310,34,0,0,0,0,NULL,0,0,0),(1310,35,0,0,0,0,NULL,0,0,0),(1310,36,0,0,0,0,NULL,0,0,0),(1310,37,0,0,0,0,NULL,0,0,0),(1310,38,0,0,0,0,NULL,0,0,0),(1310,39,0,0,0,0,NULL,0,0,0),(1310,40,0,0,0,0,NULL,0,0,0),(1310,41,0,0,0,0,NULL,0,0,0),(1310,42,0,0,0,0,NULL,0,0,0),(1310,43,0,0,0,0,NULL,0,0,0),(1310,44,0,0,0,0,NULL,0,0,0),(1310,45,0,0,0,0,NULL,0,0,0),(1310,46,0,0,0,0,NULL,0,0,0),(1320,-1,0,0,0,0,NULL,0,0,0),(1320,1,0,0,0,0,NULL,0,0,0),(1320,2,0,0,0,0,NULL,0,0,0),(1320,3,0,0,0,0,NULL,0,0,0),(1320,4,0,0,0,0,NULL,0,0,0),(1320,5,0,0,0,0,NULL,0,0,0),(1320,6,0,0,0,0,NULL,0,0,0),(1320,7,0,0,0,0,NULL,0,0,0),(1320,8,0,0,0,0,NULL,0,0,0),(1320,9,0,0,0,0,NULL,0,0,0),(1320,10,0,0,0,0,NULL,0,0,0),(1320,11,0,0,0,0,NULL,0,0,0),(1320,12,0,0,0,0,NULL,0,0,0),(1320,13,0,0,0,0,NULL,0,0,0),(1320,14,0,0,0,0,NULL,0,0,0),(1320,15,0,0,0,0,NULL,0,0,0),(1320,16,0,0,0,0,NULL,0,0,0),(1320,17,0,0,0,0,NULL,0,0,0),(1320,18,0,0,0,0,NULL,0,0,0),(1320,19,0,0,0,0,NULL,0,0,0),(1320,20,0,0,0,0,NULL,0,0,0),(1320,21,0,0,0,0,NULL,0,0,0),(1320,22,0,0,0,0,NULL,0,0,0),(1320,23,0,0,0,0,NULL,0,0,0),(1320,24,0,0,0,0,NULL,0,0,0),(1320,25,0,0,0,0,NULL,0,0,0),(1320,26,0,0,0,0,NULL,0,0,0),(1320,27,0,0,0,0,NULL,0,0,0),(1320,28,0,0,0,0,NULL,0,0,0),(1320,29,0,0,0,0,NULL,0,0,0),(1320,30,0,0,0,0,NULL,0,0,0),(1320,31,0,0,0,0,NULL,0,0,0),(1320,32,0,0,0,0,NULL,0,0,0),(1320,33,0,0,0,0,NULL,0,0,0),(1320,34,0,0,0,0,NULL,0,0,0),(1320,35,0,0,0,0,NULL,0,0,0),(1320,36,0,0,0,0,NULL,0,0,0),(1320,37,0,0,0,0,NULL,0,0,0),(1320,38,0,0,0,0,NULL,0,0,0),(1320,39,0,0,0,0,NULL,0,0,0),(1320,40,0,0,0,0,NULL,0,0,0),(1320,41,0,0,0,0,NULL,0,0,0),(1320,42,0,0,0,0,NULL,0,0,0),(1320,43,0,0,0,0,NULL,0,0,0),(1320,44,0,0,0,0,NULL,0,0,0),(1320,45,0,0,0,0,NULL,0,0,0),(1320,46,0,0,0,0,NULL,0,0,0),(1510,-1,0,0,0,0,NULL,0,0,0),(1510,1,0,0,0,0,NULL,0,0,0),(1510,2,0,0,0,0,NULL,0,0,0),(1510,3,0,0,0,0,NULL,0,0,0),(1510,4,0,0,0,0,NULL,0,0,0),(1510,5,0,0,0,0,NULL,0,0,0),(1510,6,0,0,0,0,NULL,0,0,0),(1510,7,0,0,0,0,NULL,0,0,0),(1510,8,0,0,0,0,NULL,0,0,0),(1510,9,0,0,0,0,NULL,0,0,0),(1510,10,0,0,0,0,NULL,0,0,0),(1510,11,0,0,0,0,NULL,0,0,0),(1510,12,0,0,0,0,NULL,0,0,0),(1510,13,0,0,0,0,NULL,0,0,0),(1510,14,0,0,0,0,NULL,0,0,0),(1510,15,0,0,0,0,NULL,0,0,0),(1510,16,0,0,0,0,NULL,0,0,0),(1510,17,0,0,0,0,NULL,0,0,0),(1510,18,0,0,0,0,NULL,0,0,0),(1510,19,0,0,0,0,NULL,0,0,0),(1510,20,0,0,0,0,NULL,0,0,0),(1510,21,0,0,0,0,NULL,0,0,0),(1510,22,0,0,0,0,NULL,0,0,0),(1510,23,0,0,0,0,NULL,0,0,0),(1510,24,0,0,0,0,NULL,0,0,0),(1510,25,0,0,0,0,NULL,0,0,0),(1510,26,0,0,0,0,NULL,0,0,0),(1510,27,0,0,0,0,NULL,0,0,0),(1510,28,0,0,0,0,NULL,0,0,0),(1510,29,0,0,0,0,NULL,0,0,0),(1510,30,0,0,0,0,NULL,0,0,0),(1510,31,0,0,0,0,NULL,0,0,0),(1510,32,0,0,0,0,NULL,0,0,0),(1510,33,0,0,0,0,NULL,0,0,0),(1510,34,0,0,0,0,NULL,0,0,0),(1510,35,0,0,0,0,NULL,0,0,0),(1510,36,0,0,0,0,NULL,0,0,0),(1510,37,0,0,0,0,NULL,0,0,0),(1510,38,0,0,0,0,NULL,0,0,0),(1510,39,0,0,0,0,NULL,0,0,0),(1510,40,0,0,0,0,NULL,0,0,0),(1510,41,0,0,0,0,NULL,0,0,0),(1510,42,0,0,0,0,NULL,0,0,0),(1510,43,0,0,0,0,NULL,0,0,0),(1510,44,0,0,0,0,NULL,0,0,0),(1510,45,0,0,0,0,NULL,0,0,0),(1510,46,0,0,0,0,NULL,0,0,0),(1550,-1,0,0,0,0,NULL,0,0,0),(1550,1,0,0,0,0,NULL,0,0,0),(1550,2,0,0,0,0,NULL,0,0,0),(1550,3,0,0,0,0,NULL,0,0,0),(1550,4,0,0,0,0,NULL,0,0,0),(1550,5,0,0,0,0,NULL,0,0,0),(1550,6,0,0,0,0,NULL,0,0,0),(1550,7,0,0,0,0,NULL,0,0,0),(1550,8,0,0,0,0,NULL,0,0,0),(1550,9,0,0,0,0,NULL,0,0,0),(1550,10,0,0,0,0,NULL,0,0,0),(1550,11,0,0,0,0,NULL,0,0,0),(1550,12,0,0,0,0,NULL,0,0,0),(1550,13,0,0,0,0,NULL,0,0,0),(1550,14,0,0,0,0,NULL,0,0,0),(1550,15,0,0,0,0,NULL,0,0,0),(1550,16,0,0,0,0,NULL,0,0,0),(1550,17,0,0,0,0,NULL,0,0,0),(1550,18,0,0,0,0,NULL,0,0,0),(1550,19,0,0,0,0,NULL,0,0,0),(1550,20,0,0,0,0,NULL,0,0,0),(1550,21,0,0,0,0,NULL,0,0,0),(1550,22,0,0,0,0,NULL,0,0,0),(1550,23,0,0,0,0,NULL,0,0,0),(1550,24,0,0,0,0,NULL,0,0,0),(1550,25,0,0,0,0,NULL,0,0,0),(1550,26,0,0,0,0,NULL,0,0,0),(1550,27,0,0,0,0,NULL,0,0,0),(1550,28,0,0,0,0,NULL,0,0,0),(1550,29,0,0,0,0,NULL,0,0,0),(1550,30,0,0,0,0,NULL,0,0,0),(1550,31,0,0,0,0,NULL,0,0,0),(1550,32,0,0,0,0,NULL,0,0,0),(1550,33,0,0,0,0,NULL,0,0,0),(1550,34,0,0,0,0,NULL,0,0,0),(1550,35,0,0,0,0,NULL,0,0,0),(1550,36,0,0,0,0,NULL,0,0,0),(1550,37,0,0,0,0,NULL,0,0,0),(1550,38,0,0,0,0,NULL,0,0,0),(1550,39,0,0,0,0,NULL,0,0,0),(1550,40,0,0,0,0,NULL,0,0,0),(1550,41,0,0,0,0,NULL,0,0,0),(1550,42,0,0,0,0,NULL,0,0,0),(1550,43,0,0,0,0,NULL,0,0,0),(1550,44,0,0,0,0,NULL,0,0,0),(1550,45,0,0,0,0,NULL,0,0,0),(1550,46,0,0,0,0,NULL,0,0,0),(1610,-1,0,0,0,0,NULL,0,0,0),(1610,1,0,0,0,0,NULL,0,0,0),(1610,2,0,0,0,0,NULL,0,0,0),(1610,3,0,0,0,0,NULL,0,0,0),(1610,4,0,0,0,0,NULL,0,0,0),(1610,5,0,0,0,0,NULL,0,0,0),(1610,6,0,0,0,0,NULL,0,0,0),(1610,7,0,0,0,0,NULL,0,0,0),(1610,8,0,0,0,0,NULL,0,0,0),(1610,9,0,0,0,0,NULL,0,0,0),(1610,10,0,0,0,0,NULL,0,0,0),(1610,11,0,0,0,0,NULL,0,0,0),(1610,12,0,0,0,0,NULL,0,0,0),(1610,13,0,0,0,0,NULL,0,0,0),(1610,14,0,0,0,0,NULL,0,0,0),(1610,15,0,0,0,0,NULL,0,0,0),(1610,16,0,0,0,0,NULL,0,0,0),(1610,17,0,0,0,0,NULL,0,0,0),(1610,18,0,0,0,0,NULL,0,0,0),(1610,19,0,0,0,0,NULL,0,0,0),(1610,20,0,0,0,0,NULL,0,0,0),(1610,21,0,0,0,0,NULL,0,0,0),(1610,22,0,0,0,0,NULL,0,0,0),(1610,23,0,0,0,0,NULL,0,0,0),(1610,24,0,0,0,0,NULL,0,0,0),(1610,25,0,0,0,0,NULL,0,0,0),(1610,26,0,0,0,0,NULL,0,0,0),(1610,27,0,0,0,0,NULL,0,0,0),(1610,28,0,0,0,0,NULL,0,0,0),(1610,29,0,0,0,0,NULL,0,0,0),(1610,30,0,0,0,0,NULL,0,0,0),(1610,31,0,0,0,0,NULL,0,0,0),(1610,32,0,0,0,0,NULL,0,0,0),(1610,33,0,0,0,0,NULL,0,0,0),(1610,34,0,0,0,0,NULL,0,0,0),(1610,35,0,0,0,0,NULL,0,0,0),(1610,36,0,0,0,0,NULL,0,0,0),(1610,37,0,0,0,0,NULL,0,0,0),(1610,38,0,0,0,0,NULL,0,0,0),(1610,39,0,0,0,0,NULL,0,0,0),(1610,40,0,0,0,0,NULL,0,0,0),(1610,41,0,0,0,0,NULL,0,0,0),(1610,42,0,0,0,0,NULL,0,0,0),(1610,43,0,0,0,0,NULL,0,0,0),(1610,44,0,0,0,0,NULL,0,0,0),(1610,45,0,0,0,0,NULL,0,0,0),(1610,46,0,0,0,0,NULL,0,0,0),(1611,-1,0,0,0,0,NULL,0,0,0),(1611,1,0,0,0,0,NULL,0,0,0),(1611,2,0,0,0,0,NULL,0,0,0),(1611,3,0,0,0,0,NULL,0,0,0),(1611,4,0,0,0,0,NULL,0,0,0),(1611,5,0,0,0,0,NULL,0,0,0),(1611,6,0,0,0,0,NULL,0,0,0),(1611,7,0,0,0,0,NULL,0,0,0),(1611,8,0,0,0,0,NULL,0,0,0),(1611,9,0,0,0,0,NULL,0,0,0),(1611,10,0,0,0,0,NULL,0,0,0),(1611,11,0,0,0,0,NULL,0,0,0),(1611,12,0,0,0,0,NULL,0,0,0),(1611,13,0,0,0,0,NULL,0,0,0),(1611,14,0,0,0,0,NULL,0,0,0),(1611,15,0,0,0,0,NULL,0,0,0),(1611,16,0,0,0,0,NULL,0,0,0),(1611,17,0,0,0,0,NULL,0,0,0),(1611,18,0,0,0,0,NULL,0,0,0),(1611,19,0,0,0,0,NULL,0,0,0),(1611,20,0,0,0,0,NULL,0,0,0),(1611,21,0,0,0,0,NULL,0,0,0),(1611,22,0,0,0,0,NULL,0,0,0),(1611,23,0,0,0,0,NULL,0,0,0),(1611,24,0,0,0,0,NULL,0,0,0),(1611,25,0,0,0,0,NULL,0,0,0),(1611,26,0,0,0,0,NULL,0,0,0),(1611,27,0,0,0,0,NULL,0,0,0),(1611,28,0,0,0,0,NULL,0,0,0),(1611,29,0,0,0,0,NULL,0,0,0),(1611,30,0,0,0,0,NULL,0,0,0),(1611,31,0,0,0,0,NULL,0,0,0),(1611,32,0,0,0,0,NULL,0,0,0),(1611,33,0,0,0,0,NULL,0,0,0),(1611,34,0,0,0,0,NULL,0,0,0),(1611,35,0,0,0,0,NULL,0,0,0),(1611,36,0,0,0,0,NULL,0,0,0),(1611,37,0,0,0,0,NULL,0,0,0),(1611,38,0,0,0,0,NULL,0,0,0),(1611,39,0,0,0,0,NULL,0,0,0),(1611,40,0,0,0,0,NULL,0,0,0),(1611,41,0,0,0,0,NULL,0,0,0),(1611,42,0,0,0,0,NULL,0,0,0),(1611,43,0,0,0,0,NULL,0,0,0),(1611,44,0,0,0,0,NULL,0,0,0),(1611,45,0,0,0,0,NULL,0,0,0),(1611,46,0,0,0,0,NULL,0,0,0),(1612,-1,0,0,0,0,NULL,0,0,0),(1612,1,0,0,0,0,NULL,0,0,0),(1612,2,0,0,0,0,NULL,0,0,0),(1612,3,0,0,0,0,NULL,0,0,0),(1612,4,0,0,0,0,NULL,0,0,0),(1612,5,0,0,0,0,NULL,0,0,0),(1612,6,0,0,0,0,NULL,0,0,0),(1612,7,0,0,0,0,NULL,0,0,0),(1612,8,0,0,0,0,NULL,0,0,0),(1612,9,0,0,0,0,NULL,0,0,0),(1612,10,0,0,0,0,NULL,0,0,0),(1612,11,0,0,0,0,NULL,0,0,0),(1612,12,0,0,0,0,NULL,0,0,0),(1612,13,0,0,0,0,NULL,0,0,0),(1612,14,0,0,0,0,NULL,0,0,0),(1612,15,0,0,0,0,NULL,0,0,0),(1612,16,0,0,0,0,NULL,0,0,0),(1612,17,0,0,0,0,NULL,0,0,0),(1612,18,0,0,0,0,NULL,0,0,0),(1612,19,0,0,0,0,NULL,0,0,0),(1612,20,0,0,0,0,NULL,0,0,0),(1612,21,0,0,0,0,NULL,0,0,0),(1612,22,0,0,0,0,NULL,0,0,0),(1612,23,0,0,0,0,NULL,0,0,0),(1612,24,0,0,0,0,NULL,0,0,0),(1612,25,0,0,0,0,NULL,0,0,0),(1612,26,0,0,0,0,NULL,0,0,0),(1612,27,0,0,0,0,NULL,0,0,0),(1612,28,0,0,0,0,NULL,0,0,0),(1612,29,0,0,0,0,NULL,0,0,0),(1612,30,0,0,0,0,NULL,0,0,0),(1612,31,0,0,0,0,NULL,0,0,0),(1612,32,0,0,0,0,NULL,0,0,0),(1612,33,0,0,0,0,NULL,0,0,0),(1612,34,0,0,0,0,NULL,0,0,0),(1612,35,0,0,0,0,NULL,0,0,0),(1612,36,0,0,0,0,NULL,0,0,0),(1612,37,0,0,0,0,NULL,0,0,0),(1612,38,0,0,0,0,NULL,0,0,0),(1612,39,0,0,0,0,NULL,0,0,0),(1612,40,0,0,0,0,NULL,0,0,0),(1612,41,0,0,0,0,NULL,0,0,0),(1612,42,0,0,0,0,NULL,0,0,0),(1612,43,0,0,0,0,NULL,0,0,0),(1612,44,0,0,0,0,NULL,0,0,0),(1612,45,0,0,0,0,NULL,0,0,0),(1612,46,0,0,0,0,NULL,0,0,0),(1613,-1,0,0,0,0,NULL,0,0,0),(1613,1,0,0,0,0,NULL,0,0,0),(1613,2,0,0,0,0,NULL,0,0,0),(1613,3,0,0,0,0,NULL,0,0,0),(1613,4,0,0,0,0,NULL,0,0,0),(1613,5,0,0,0,0,NULL,0,0,0),(1613,6,0,0,0,0,NULL,0,0,0),(1613,7,0,0,0,0,NULL,0,0,0),(1613,8,0,0,0,0,NULL,0,0,0),(1613,9,0,0,0,0,NULL,0,0,0),(1613,10,0,0,0,0,NULL,0,0,0),(1613,11,0,0,0,0,NULL,0,0,0),(1613,12,0,0,0,0,NULL,0,0,0),(1613,13,0,0,0,0,NULL,0,0,0),(1613,14,0,0,0,0,NULL,0,0,0),(1613,15,0,0,0,0,NULL,0,0,0),(1613,16,0,0,0,0,NULL,0,0,0),(1613,17,0,0,0,0,NULL,0,0,0),(1613,18,0,0,0,0,NULL,0,0,0),(1613,19,0,0,0,0,NULL,0,0,0),(1613,20,0,0,0,0,NULL,0,0,0),(1613,21,0,0,0,0,NULL,0,0,0),(1613,22,0,0,0,0,NULL,0,0,0),(1613,23,0,0,0,0,NULL,0,0,0),(1613,24,0,0,0,0,NULL,0,0,0),(1613,25,0,0,0,0,NULL,0,0,0),(1613,26,0,0,0,0,NULL,0,0,0),(1613,27,0,0,0,0,NULL,0,0,0),(1613,28,0,0,0,0,NULL,0,0,0),(1613,29,0,0,0,0,NULL,0,0,0),(1613,30,0,0,0,0,NULL,0,0,0),(1613,31,0,0,0,0,NULL,0,0,0),(1613,32,0,0,0,0,NULL,0,0,0),(1613,33,0,0,0,0,NULL,0,0,0),(1613,34,0,0,0,0,NULL,0,0,0),(1613,35,0,0,0,0,NULL,0,0,0),(1613,36,0,0,0,0,NULL,0,0,0),(1613,37,0,0,0,0,NULL,0,0,0),(1613,38,0,0,0,0,NULL,0,0,0),(1613,39,0,0,0,0,NULL,0,0,0),(1613,40,0,0,0,0,NULL,0,0,0),(1613,41,0,0,0,0,NULL,0,0,0),(1613,42,0,0,0,0,NULL,0,0,0),(1613,43,0,0,0,0,NULL,0,0,0),(1613,44,0,0,0,0,NULL,0,0,0),(1613,45,0,0,0,0,NULL,0,0,0),(1613,46,0,0,0,0,NULL,0,0,0),(1620,-1,0,0,0,0,NULL,0,0,0),(1620,1,0,0,0,0,NULL,0,0,0),(1620,2,0,0,0,0,NULL,0,0,0),(1620,3,0,0,0,0,NULL,0,0,0),(1620,4,0,0,0,0,NULL,0,0,0),(1620,5,0,0,0,0,NULL,0,0,0),(1620,6,0,0,0,0,NULL,0,0,0),(1620,7,0,0,0,0,NULL,0,0,0),(1620,8,0,0,0,0,NULL,0,0,0),(1620,9,0,0,0,0,NULL,0,0,0),(1620,10,0,0,0,0,NULL,0,0,0),(1620,11,0,0,0,0,NULL,0,0,0),(1620,12,0,0,0,0,NULL,0,0,0),(1620,13,0,0,0,0,NULL,0,0,0),(1620,14,0,0,0,0,NULL,0,0,0),(1620,15,0,0,0,0,NULL,0,0,0),(1620,16,0,0,0,0,NULL,0,0,0),(1620,17,0,0,0,0,NULL,0,0,0),(1620,18,0,0,0,0,NULL,0,0,0),(1620,19,0,0,0,0,NULL,0,0,0),(1620,20,0,0,0,0,NULL,0,0,0),(1620,21,0,0,0,0,NULL,0,0,0),(1620,22,0,0,0,0,NULL,0,0,0),(1620,23,0,0,0,0,NULL,0,0,0),(1620,24,0,0,0,0,NULL,0,0,0),(1620,25,0,0,0,0,NULL,0,0,0),(1620,26,0,0,0,0,NULL,0,0,0),(1620,27,0,0,0,0,NULL,0,0,0),(1620,28,0,0,0,0,NULL,0,0,0),(1620,29,0,0,0,0,NULL,0,0,0),(1620,30,0,0,0,0,NULL,0,0,0),(1620,31,0,0,0,0,NULL,0,0,0),(1620,32,0,0,0,0,NULL,0,0,0),(1620,33,0,0,0,0,NULL,0,0,0),(1620,34,0,0,0,0,NULL,0,0,0),(1620,35,0,0,0,0,NULL,0,0,0),(1620,36,0,0,0,0,NULL,0,0,0),(1620,37,0,0,0,0,NULL,0,0,0),(1620,38,0,0,0,0,NULL,0,0,0),(1620,39,0,0,0,0,NULL,0,0,0),(1620,40,0,0,0,0,NULL,0,0,0),(1620,41,0,0,0,0,NULL,0,0,0),(1620,42,0,0,0,0,NULL,0,0,0),(1620,43,0,0,0,0,NULL,0,0,0),(1620,44,0,0,0,0,NULL,0,0,0),(1620,45,0,0,0,0,NULL,0,0,0),(1620,46,0,0,0,0,NULL,0,0,0),(1621,-1,0,0,0,0,NULL,0,0,0),(1621,1,0,0,0,0,NULL,0,0,0),(1621,2,0,0,0,0,NULL,0,0,0),(1621,3,0,0,0,0,NULL,0,0,0),(1621,4,0,0,0,0,NULL,0,0,0),(1621,5,0,0,0,0,NULL,0,0,0),(1621,6,0,0,0,0,NULL,0,0,0),(1621,7,0,0,0,0,NULL,0,0,0),(1621,8,0,0,0,0,NULL,0,0,0),(1621,9,0,0,0,0,NULL,0,0,0),(1621,10,0,0,0,0,NULL,0,0,0),(1621,11,0,0,0,0,NULL,0,0,0),(1621,12,0,0,0,0,NULL,0,0,0),(1621,13,0,0,0,0,NULL,0,0,0),(1621,14,0,0,0,0,NULL,0,0,0),(1621,15,0,0,0,0,NULL,0,0,0),(1621,16,0,0,0,0,NULL,0,0,0),(1621,17,0,0,0,0,NULL,0,0,0),(1621,18,0,0,0,0,NULL,0,0,0),(1621,19,0,0,0,0,NULL,0,0,0),(1621,20,0,0,0,0,NULL,0,0,0),(1621,21,0,0,0,0,NULL,0,0,0),(1621,22,0,0,0,0,NULL,0,0,0),(1621,23,0,0,0,0,NULL,0,0,0),(1621,24,0,0,0,0,NULL,0,0,0),(1621,25,0,0,0,0,NULL,0,0,0),(1621,26,0,0,0,0,NULL,0,0,0),(1621,27,0,0,0,0,NULL,0,0,0),(1621,28,0,0,0,0,NULL,0,0,0),(1621,29,0,0,0,0,NULL,0,0,0),(1621,30,0,0,0,0,NULL,0,0,0),(1621,31,0,0,0,0,NULL,0,0,0),(1621,32,0,0,0,0,NULL,0,0,0),(1621,33,0,0,0,0,NULL,0,0,0),(1621,34,0,0,0,0,NULL,0,0,0),(1621,35,0,0,0,0,NULL,0,0,0),(1621,36,0,0,0,0,NULL,0,0,0),(1621,37,0,0,0,0,NULL,0,0,0),(1621,38,0,0,0,0,NULL,0,0,0),(1621,39,0,0,0,0,NULL,0,0,0),(1621,40,0,0,0,0,NULL,0,0,0),(1621,41,0,0,0,0,NULL,0,0,0),(1621,42,0,0,0,0,NULL,0,0,0),(1621,43,0,0,0,0,NULL,0,0,0),(1621,44,0,0,0,0,NULL,0,0,0),(1621,45,0,0,0,0,NULL,0,0,0),(1621,46,0,0,0,0,NULL,0,0,0),(1630,-1,0,0,0,0,NULL,0,0,0),(1630,1,0,0,0,0,NULL,0,0,0),(1630,2,0,0,0,0,NULL,0,0,0),(1630,3,0,0,0,0,NULL,0,0,0),(1630,4,0,0,0,0,NULL,0,0,0),(1630,5,0,0,0,0,NULL,0,0,0),(1630,6,0,0,0,0,NULL,0,0,0),(1630,7,0,0,0,0,NULL,0,0,0),(1630,8,0,0,0,0,NULL,0,0,0),(1630,9,0,0,0,0,NULL,0,0,0),(1630,10,0,0,0,0,NULL,0,0,0),(1630,11,0,0,0,0,NULL,0,0,0),(1630,12,0,0,0,0,NULL,0,0,0),(1630,13,0,0,0,0,NULL,0,0,0),(1630,14,0,0,0,0,NULL,0,0,0),(1630,15,0,0,0,0,NULL,0,0,0),(1630,16,0,0,0,0,NULL,0,0,0),(1630,17,0,0,0,0,NULL,0,0,0),(1630,18,0,0,0,0,NULL,0,0,0),(1630,19,0,0,0,0,NULL,0,0,0),(1630,20,0,0,0,0,NULL,0,0,0),(1630,21,0,0,0,0,NULL,0,0,0),(1630,22,0,0,0,0,NULL,0,0,0),(1630,23,0,0,0,0,NULL,0,0,0),(1630,24,0,0,0,0,NULL,0,0,0),(1630,25,0,0,0,0,NULL,0,0,0),(1630,26,0,0,0,0,NULL,0,0,0),(1630,27,0,0,0,0,NULL,0,0,0),(1630,28,0,0,0,0,NULL,0,0,0),(1630,29,0,0,0,0,NULL,0,0,0),(1630,30,0,0,0,0,NULL,0,0,0),(1630,31,0,0,0,0,NULL,0,0,0),(1630,32,0,0,0,0,NULL,0,0,0),(1630,33,0,0,0,0,NULL,0,0,0),(1630,34,0,0,0,0,NULL,0,0,0),(1630,35,0,0,0,0,NULL,0,0,0),(1630,36,0,0,0,0,NULL,0,0,0),(1630,37,0,0,0,0,NULL,0,0,0),(1630,38,0,0,0,0,NULL,0,0,0),(1630,39,0,0,0,0,NULL,0,0,0),(1630,40,0,0,0,0,NULL,0,0,0),(1630,41,0,0,0,0,NULL,0,0,0),(1630,42,0,0,0,0,NULL,0,0,0),(1630,43,0,0,0,0,NULL,0,0,0),(1630,44,0,0,0,0,NULL,0,0,0),(1630,45,0,0,0,0,NULL,0,0,0),(1630,46,0,0,0,0,NULL,0,0,0),(1631,-1,0,0,0,0,NULL,0,0,0),(1631,1,0,0,0,0,NULL,0,0,0),(1631,2,0,0,0,0,NULL,0,0,0),(1631,3,0,0,0,0,NULL,0,0,0),(1631,4,0,0,0,0,NULL,0,0,0),(1631,5,0,0,0,0,NULL,0,0,0),(1631,6,0,0,0,0,NULL,0,0,0),(1631,7,0,0,0,0,NULL,0,0,0),(1631,8,0,0,0,0,NULL,0,0,0),(1631,9,0,0,0,0,NULL,0,0,0),(1631,10,0,0,0,0,NULL,0,0,0),(1631,11,0,0,0,0,NULL,0,0,0),(1631,12,0,0,0,0,NULL,0,0,0),(1631,13,0,0,0,0,NULL,0,0,0),(1631,14,0,0,0,0,NULL,0,0,0),(1631,15,0,0,0,0,NULL,0,0,0),(1631,16,0,0,0,0,NULL,0,0,0),(1631,17,0,0,0,0,NULL,0,0,0),(1631,18,0,0,0,0,NULL,0,0,0),(1631,19,0,0,0,0,NULL,0,0,0),(1631,20,0,0,0,0,NULL,0,0,0),(1631,21,0,0,0,0,NULL,0,0,0),(1631,22,0,0,0,0,NULL,0,0,0),(1631,23,0,0,0,0,NULL,0,0,0),(1631,24,0,0,0,0,NULL,0,0,0),(1631,25,0,0,0,0,NULL,0,0,0),(1631,26,0,0,0,0,NULL,0,0,0),(1631,27,0,0,0,0,NULL,0,0,0),(1631,28,0,0,0,0,NULL,0,0,0),(1631,29,0,0,0,0,NULL,0,0,0),(1631,30,0,0,0,0,NULL,0,0,0),(1631,31,0,0,0,0,NULL,0,0,0),(1631,32,0,0,0,0,NULL,0,0,0),(1631,33,0,0,0,0,NULL,0,0,0),(1631,34,0,0,0,0,NULL,0,0,0),(1631,35,0,0,0,0,NULL,0,0,0),(1631,36,0,0,0,0,NULL,0,0,0),(1631,37,0,0,0,0,NULL,0,0,0),(1631,38,0,0,0,0,NULL,0,0,0),(1631,39,0,0,0,0,NULL,0,0,0),(1631,40,0,0,0,0,NULL,0,0,0),(1631,41,0,0,0,0,NULL,0,0,0),(1631,42,0,0,0,0,NULL,0,0,0),(1631,43,0,0,0,0,NULL,0,0,0),(1631,44,0,0,0,0,NULL,0,0,0),(1631,45,0,0,0,0,NULL,0,0,0),(1631,46,0,0,0,0,NULL,0,0,0),(1640,-1,0,0,0,0,NULL,0,0,0),(1640,1,0,0,0,0,NULL,0,0,0),(1640,2,0,0,0,0,NULL,0,0,0),(1640,3,0,0,0,0,NULL,0,0,0),(1640,4,0,0,0,0,NULL,0,0,0),(1640,5,0,0,0,0,NULL,0,0,0),(1640,6,0,0,0,0,NULL,0,0,0),(1640,7,0,0,0,0,NULL,0,0,0),(1640,8,0,0,0,0,NULL,0,0,0),(1640,9,0,0,0,0,NULL,0,0,0),(1640,10,0,0,0,0,NULL,0,0,0),(1640,11,0,0,0,0,NULL,0,0,0),(1640,12,0,0,0,0,NULL,0,0,0),(1640,13,0,0,0,0,NULL,0,0,0),(1640,14,0,0,0,0,NULL,0,0,0),(1640,15,0,0,0,0,NULL,0,0,0),(1640,16,0,0,0,0,NULL,0,0,0),(1640,17,0,0,0,0,NULL,0,0,0),(1640,18,0,0,0,0,NULL,0,0,0),(1640,19,0,0,0,0,NULL,0,0,0),(1640,20,0,0,0,0,NULL,0,0,0),(1640,21,0,0,0,0,NULL,0,0,0),(1640,22,0,0,0,0,NULL,0,0,0),(1640,23,0,0,0,0,NULL,0,0,0),(1640,24,0,0,0,0,NULL,0,0,0),(1640,25,0,0,0,0,NULL,0,0,0),(1640,26,0,0,0,0,NULL,0,0,0),(1640,27,0,0,0,0,NULL,0,0,0),(1640,28,0,0,0,0,NULL,0,0,0),(1640,29,0,0,0,0,NULL,0,0,0),(1640,30,0,0,0,0,NULL,0,0,0),(1640,31,0,0,0,0,NULL,0,0,0),(1640,32,0,0,0,0,NULL,0,0,0),(1640,33,0,0,0,0,NULL,0,0,0),(1640,34,0,0,0,0,NULL,0,0,0),(1640,35,0,0,0,0,NULL,0,0,0),(1640,36,0,0,0,0,NULL,0,0,0),(1640,37,0,0,0,0,NULL,0,0,0),(1640,38,0,0,0,0,NULL,0,0,0),(1640,39,0,0,0,0,NULL,0,0,0),(1640,40,0,0,0,0,NULL,0,0,0),(1640,41,0,0,0,0,NULL,0,0,0),(1640,42,0,0,0,0,NULL,0,0,0),(1640,43,0,0,0,0,NULL,0,0,0),(1640,44,0,0,0,0,NULL,0,0,0),(1640,45,0,0,0,0,NULL,0,0,0),(1640,46,0,0,0,0,NULL,0,0,0),(1641,-1,0,0,0,0,NULL,0,0,0),(1641,1,0,0,0,0,NULL,0,0,0),(1641,2,0,0,0,0,NULL,0,0,0),(1641,3,0,0,0,0,NULL,0,0,0),(1641,4,0,0,0,0,NULL,0,0,0),(1641,5,0,0,0,0,NULL,0,0,0),(1641,6,0,0,0,0,NULL,0,0,0),(1641,7,0,0,0,0,NULL,0,0,0),(1641,8,0,0,0,0,NULL,0,0,0),(1641,9,0,0,0,0,NULL,0,0,0),(1641,10,0,0,0,0,NULL,0,0,0),(1641,11,0,0,0,0,NULL,0,0,0),(1641,12,0,0,0,0,NULL,0,0,0),(1641,13,0,0,0,0,NULL,0,0,0),(1641,14,0,0,0,0,NULL,0,0,0),(1641,15,0,0,0,0,NULL,0,0,0),(1641,16,0,0,0,0,NULL,0,0,0),(1641,17,0,0,0,0,NULL,0,0,0),(1641,18,0,0,0,0,NULL,0,0,0),(1641,19,0,0,0,0,NULL,0,0,0),(1641,20,0,0,0,0,NULL,0,0,0),(1641,21,0,0,0,0,NULL,0,0,0),(1641,22,0,0,0,0,NULL,0,0,0),(1641,23,0,0,0,0,NULL,0,0,0),(1641,24,0,0,0,0,NULL,0,0,0),(1641,25,0,0,0,0,NULL,0,0,0),(1641,26,0,0,0,0,NULL,0,0,0),(1641,27,0,0,0,0,NULL,0,0,0),(1641,28,0,0,0,0,NULL,0,0,0),(1641,29,0,0,0,0,NULL,0,0,0),(1641,30,0,0,0,0,NULL,0,0,0),(1641,31,0,0,0,0,NULL,0,0,0),(1641,32,0,0,0,0,NULL,0,0,0),(1641,33,0,0,0,0,NULL,0,0,0),(1641,34,0,0,0,0,NULL,0,0,0),(1641,35,0,0,0,0,NULL,0,0,0),(1641,36,0,0,0,0,NULL,0,0,0),(1641,37,0,0,0,0,NULL,0,0,0),(1641,38,0,0,0,0,NULL,0,0,0),(1641,39,0,0,0,0,NULL,0,0,0),(1641,40,0,0,0,0,NULL,0,0,0),(1641,41,0,0,0,0,NULL,0,0,0),(1641,42,0,0,0,0,NULL,0,0,0),(1641,43,0,0,0,0,NULL,0,0,0),(1641,44,0,0,0,0,NULL,0,0,0),(1641,45,0,0,0,0,NULL,0,0,0),(1641,46,0,0,0,0,NULL,0,0,0),(1650,-1,0,0,0,0,NULL,0,0,0),(1650,1,0,0,0,0,NULL,0,0,0),(1650,2,0,0,0,0,NULL,0,0,0),(1650,3,0,0,0,0,NULL,0,0,0),(1650,4,0,0,0,0,NULL,0,0,0),(1650,5,0,0,0,0,NULL,0,0,0),(1650,6,0,0,0,0,NULL,0,0,0),(1650,7,0,0,0,0,NULL,0,0,0),(1650,8,0,0,0,0,NULL,0,0,0),(1650,9,0,0,0,0,NULL,0,0,0),(1650,10,0,0,0,0,NULL,0,0,0),(1650,11,0,0,0,0,NULL,0,0,0),(1650,12,0,0,0,0,NULL,0,0,0),(1650,13,0,0,0,0,NULL,0,0,0),(1650,14,0,0,0,0,NULL,0,0,0),(1650,15,0,0,0,0,NULL,0,0,0),(1650,16,0,0,0,0,NULL,0,0,0),(1650,17,0,0,0,0,NULL,0,0,0),(1650,18,0,0,0,0,NULL,0,0,0),(1650,19,0,0,0,0,NULL,0,0,0),(1650,20,0,0,0,0,NULL,0,0,0),(1650,21,0,0,0,0,NULL,0,0,0),(1650,22,0,0,0,0,NULL,0,0,0),(1650,23,0,0,0,0,NULL,0,0,0),(1650,24,0,0,0,0,NULL,0,0,0),(1650,25,0,0,0,0,NULL,0,0,0),(1650,26,0,0,0,0,NULL,0,0,0),(1650,27,0,0,0,0,NULL,0,0,0),(1650,28,0,0,0,0,NULL,0,0,0),(1650,29,0,0,0,0,NULL,0,0,0),(1650,30,0,0,0,0,NULL,0,0,0),(1650,31,0,0,0,0,NULL,0,0,0),(1650,32,0,0,0,0,NULL,0,0,0),(1650,33,0,0,0,0,NULL,0,0,0),(1650,34,0,0,0,0,NULL,0,0,0),(1650,35,0,0,0,0,NULL,0,0,0),(1650,36,0,0,0,0,NULL,0,0,0),(1650,37,0,0,0,0,NULL,0,0,0),(1650,38,0,0,0,0,NULL,0,0,0),(1650,39,0,0,0,0,NULL,0,0,0),(1650,40,0,0,0,0,NULL,0,0,0),(1650,41,0,0,0,0,NULL,0,0,0),(1650,42,0,0,0,0,NULL,0,0,0),(1650,43,0,0,0,0,NULL,0,0,0),(1650,44,0,0,0,0,NULL,0,0,0),(1650,45,0,0,0,0,NULL,0,0,0),(1650,46,0,0,0,0,NULL,0,0,0),(1651,-1,0,0,0,0,NULL,0,0,0),(1651,1,0,0,0,0,NULL,0,0,0),(1651,2,0,0,0,0,NULL,0,0,0),(1651,3,0,0,0,0,NULL,0,0,0),(1651,4,0,0,0,0,NULL,0,0,0),(1651,5,0,0,0,0,NULL,0,0,0),(1651,6,0,0,0,0,NULL,0,0,0),(1651,7,0,0,0,0,NULL,0,0,0),(1651,8,0,0,0,0,NULL,0,0,0),(1651,9,0,0,0,0,NULL,0,0,0),(1651,10,0,0,0,0,NULL,0,0,0),(1651,11,0,0,0,0,NULL,0,0,0),(1651,12,0,0,0,0,NULL,0,0,0),(1651,13,0,0,0,0,NULL,0,0,0),(1651,14,0,0,0,0,NULL,0,0,0),(1651,15,0,0,0,0,NULL,0,0,0),(1651,16,0,0,0,0,NULL,0,0,0),(1651,17,0,0,0,0,NULL,0,0,0),(1651,18,0,0,0,0,NULL,0,0,0),(1651,19,0,0,0,0,NULL,0,0,0),(1651,20,0,0,0,0,NULL,0,0,0),(1651,21,0,0,0,0,NULL,0,0,0),(1651,22,0,0,0,0,NULL,0,0,0),(1651,23,0,0,0,0,NULL,0,0,0),(1651,24,0,0,0,0,NULL,0,0,0),(1651,25,0,0,0,0,NULL,0,0,0),(1651,26,0,0,0,0,NULL,0,0,0),(1651,27,0,0,0,0,NULL,0,0,0),(1651,28,0,0,0,0,NULL,0,0,0),(1651,29,0,0,0,0,NULL,0,0,0),(1651,30,0,0,0,0,NULL,0,0,0),(1651,31,0,0,0,0,NULL,0,0,0),(1651,32,0,0,0,0,NULL,0,0,0),(1651,33,0,0,0,0,NULL,0,0,0),(1651,34,0,0,0,0,NULL,0,0,0),(1651,35,0,0,0,0,NULL,0,0,0),(1651,36,0,0,0,0,NULL,0,0,0),(1651,37,0,0,0,0,NULL,0,0,0),(1651,38,0,0,0,0,NULL,0,0,0),(1651,39,0,0,0,0,NULL,0,0,0),(1651,40,0,0,0,0,NULL,0,0,0),(1651,41,0,0,0,0,NULL,0,0,0),(1651,42,0,0,0,0,NULL,0,0,0),(1651,43,0,0,0,0,NULL,0,0,0),(1651,44,0,0,0,0,NULL,0,0,0),(1651,45,0,0,0,0,NULL,0,0,0),(1651,46,0,0,0,0,NULL,0,0,0),(1660,-1,0,0,0,0,NULL,0,0,0),(1660,1,0,0,0,0,NULL,0,0,0),(1660,2,0,0,0,0,NULL,0,0,0),(1660,3,0,0,0,0,NULL,0,0,0),(1660,4,0,0,0,0,NULL,0,0,0),(1660,5,0,0,0,0,NULL,0,0,0),(1660,6,0,0,0,0,NULL,0,0,0),(1660,7,0,0,0,0,NULL,0,0,0),(1660,8,0,0,0,0,NULL,0,0,0),(1660,9,0,0,0,0,NULL,0,0,0),(1660,10,0,0,0,0,NULL,0,0,0),(1660,11,0,0,0,0,NULL,0,0,0),(1660,12,0,0,0,0,NULL,0,0,0),(1660,13,0,0,0,0,NULL,0,0,0),(1660,14,0,0,0,0,NULL,0,0,0),(1660,15,0,0,0,0,NULL,0,0,0),(1660,16,0,0,0,0,NULL,0,0,0),(1660,17,0,0,0,0,NULL,0,0,0),(1660,18,0,0,0,0,NULL,0,0,0),(1660,19,0,0,0,0,NULL,0,0,0),(1660,20,0,0,0,0,NULL,0,0,0),(1660,21,0,0,0,0,NULL,0,0,0),(1660,22,0,0,0,0,NULL,0,0,0),(1660,23,0,0,0,0,NULL,0,0,0),(1660,24,0,0,0,0,NULL,0,0,0),(1660,25,0,0,0,0,NULL,0,0,0),(1660,26,0,0,0,0,NULL,0,0,0),(1660,27,0,0,0,0,NULL,0,0,0),(1660,28,0,0,0,0,NULL,0,0,0),(1660,29,0,0,0,0,NULL,0,0,0),(1660,30,0,0,0,0,NULL,0,0,0),(1660,31,0,0,0,0,NULL,0,0,0),(1660,32,0,0,0,0,NULL,0,0,0),(1660,33,0,0,0,0,NULL,0,0,0),(1660,34,0,0,0,0,NULL,0,0,0),(1660,35,0,0,0,0,NULL,0,0,0),(1660,36,0,0,0,0,NULL,0,0,0),(1660,37,0,0,0,0,NULL,0,0,0),(1660,38,0,0,0,0,NULL,0,0,0),(1660,39,0,0,0,0,NULL,0,0,0),(1660,40,0,0,0,0,NULL,0,0,0),(1660,41,0,0,0,0,NULL,0,0,0),(1660,42,0,0,0,0,NULL,0,0,0),(1660,43,0,0,0,0,NULL,0,0,0),(1660,44,0,0,0,0,NULL,0,0,0),(1660,45,0,0,0,0,NULL,0,0,0),(1660,46,0,0,0,0,NULL,0,0,0),(1661,-1,0,0,0,0,NULL,0,0,0),(1661,1,0,0,0,0,NULL,0,0,0),(1661,2,0,0,0,0,NULL,0,0,0),(1661,3,0,0,0,0,NULL,0,0,0),(1661,4,0,0,0,0,NULL,0,0,0),(1661,5,0,0,0,0,NULL,0,0,0),(1661,6,0,0,0,0,NULL,0,0,0),(1661,7,0,0,0,0,NULL,0,0,0),(1661,8,0,0,0,0,NULL,0,0,0),(1661,9,0,0,0,0,NULL,0,0,0),(1661,10,0,0,0,0,NULL,0,0,0),(1661,11,0,0,0,0,NULL,0,0,0),(1661,12,0,0,0,0,NULL,0,0,0),(1661,13,0,0,0,0,NULL,0,0,0),(1661,14,0,0,0,0,NULL,0,0,0),(1661,15,0,0,0,0,NULL,0,0,0),(1661,16,0,0,0,0,NULL,0,0,0),(1661,17,0,0,0,0,NULL,0,0,0),(1661,18,0,0,0,0,NULL,0,0,0),(1661,19,0,0,0,0,NULL,0,0,0),(1661,20,0,0,0,0,NULL,0,0,0),(1661,21,0,0,0,0,NULL,0,0,0),(1661,22,0,0,0,0,NULL,0,0,0),(1661,23,0,0,0,0,NULL,0,0,0),(1661,24,0,0,0,0,NULL,0,0,0),(1661,25,0,0,0,0,NULL,0,0,0),(1661,26,0,0,0,0,NULL,0,0,0),(1661,27,0,0,0,0,NULL,0,0,0),(1661,28,0,0,0,0,NULL,0,0,0),(1661,29,0,0,0,0,NULL,0,0,0),(1661,30,0,0,0,0,NULL,0,0,0),(1661,31,0,0,0,0,NULL,0,0,0),(1661,32,0,0,0,0,NULL,0,0,0),(1661,33,0,0,0,0,NULL,0,0,0),(1661,34,0,0,0,0,NULL,0,0,0),(1661,35,0,0,0,0,NULL,0,0,0),(1661,36,0,0,0,0,NULL,0,0,0),(1661,37,0,0,0,0,NULL,0,0,0),(1661,38,0,0,0,0,NULL,0,0,0),(1661,39,0,0,0,0,NULL,0,0,0),(1661,40,0,0,0,0,NULL,0,0,0),(1661,41,0,0,0,0,NULL,0,0,0),(1661,42,0,0,0,0,NULL,0,0,0),(1661,43,0,0,0,0,NULL,0,0,0),(1661,44,0,0,0,0,NULL,0,0,0),(1661,45,0,0,0,0,NULL,0,0,0),(1661,46,0,0,0,0,NULL,0,0,0),(1680,-1,0,0,0,0,NULL,0,0,0),(1680,1,0,0,0,0,NULL,0,0,0),(1680,2,0,0,0,0,NULL,0,0,0),(1680,3,0,0,0,0,NULL,0,0,0),(1680,4,0,0,0,0,NULL,0,0,0),(1680,5,0,0,0,0,NULL,0,0,0),(1680,6,0,0,0,0,NULL,0,0,0),(1680,7,0,0,0,0,NULL,0,0,0),(1680,8,0,0,0,0,NULL,0,0,0),(1680,9,0,0,0,0,NULL,0,0,0),(1680,10,0,0,0,0,NULL,0,0,0),(1680,11,0,0,0,0,NULL,0,0,0),(1680,12,0,0,0,0,NULL,0,0,0),(1680,13,0,0,0,0,NULL,0,0,0),(1680,14,0,0,0,0,NULL,0,0,0),(1680,15,0,0,0,0,NULL,0,0,0),(1680,16,0,0,0,0,NULL,0,0,0),(1680,17,0,0,0,0,NULL,0,0,0),(1680,18,0,0,0,0,NULL,0,0,0),(1680,19,0,0,0,0,NULL,0,0,0),(1680,20,0,0,0,0,NULL,0,0,0),(1680,21,0,0,0,0,NULL,0,0,0),(1680,22,0,0,0,0,NULL,0,0,0),(1680,23,0,0,0,0,NULL,0,0,0),(1680,24,0,0,0,0,NULL,0,0,0),(1680,25,0,0,0,0,NULL,0,0,0),(1680,26,0,0,0,0,NULL,0,0,0),(1680,27,0,0,0,0,NULL,0,0,0),(1680,28,0,0,0,0,NULL,0,0,0),(1680,29,0,0,0,0,NULL,0,0,0),(1680,30,0,0,0,0,NULL,0,0,0),(1680,31,0,0,0,0,NULL,0,0,0),(1680,32,0,0,0,0,NULL,0,0,0),(1680,33,0,0,0,0,NULL,0,0,0),(1680,34,0,0,0,0,NULL,0,0,0),(1680,35,0,0,0,0,NULL,0,0,0),(1680,36,0,0,0,0,NULL,0,0,0),(1680,37,0,0,0,0,NULL,0,0,0),(1680,38,0,0,0,0,NULL,0,0,0),(1680,39,0,0,0,0,NULL,0,0,0),(1680,40,0,0,0,0,NULL,0,0,0),(1680,41,0,0,0,0,NULL,0,0,0),(1680,42,0,0,0,0,NULL,0,0,0),(1680,43,0,0,0,0,NULL,0,0,0),(1680,44,0,0,0,0,NULL,0,0,0),(1680,45,0,0,0,0,NULL,0,0,0),(1680,46,0,0,0,0,NULL,0,0,0),(1681,-1,0,0,0,0,NULL,0,0,0),(1681,1,0,0,0,0,NULL,0,0,0),(1681,2,0,0,0,0,NULL,0,0,0),(1681,3,0,0,0,0,NULL,0,0,0),(1681,4,0,0,0,0,NULL,0,0,0),(1681,5,0,0,0,0,NULL,0,0,0),(1681,6,0,0,0,0,NULL,0,0,0),(1681,7,0,0,0,0,NULL,0,0,0),(1681,8,0,0,0,0,NULL,0,0,0),(1681,9,0,0,0,0,NULL,0,0,0),(1681,10,0,0,0,0,NULL,0,0,0),(1681,11,0,0,0,0,NULL,0,0,0),(1681,12,0,0,0,0,NULL,0,0,0),(1681,13,0,0,0,0,NULL,0,0,0),(1681,14,0,0,0,0,NULL,0,0,0),(1681,15,0,0,0,0,NULL,0,0,0),(1681,16,0,0,0,0,NULL,0,0,0),(1681,17,0,0,0,0,NULL,0,0,0),(1681,18,0,0,0,0,NULL,0,0,0),(1681,19,0,0,0,0,NULL,0,0,0),(1681,20,0,0,0,0,NULL,0,0,0),(1681,21,0,0,0,0,NULL,0,0,0),(1681,22,0,0,0,0,NULL,0,0,0),(1681,23,0,0,0,0,NULL,0,0,0),(1681,24,0,0,0,0,NULL,0,0,0),(1681,25,0,0,0,0,NULL,0,0,0),(1681,26,0,0,0,0,NULL,0,0,0),(1681,27,0,0,0,0,NULL,0,0,0),(1681,28,0,0,0,0,NULL,0,0,0),(1681,29,0,0,0,0,NULL,0,0,0),(1681,30,0,0,0,0,NULL,0,0,0),(1681,31,0,0,0,0,NULL,0,0,0),(1681,32,0,0,0,0,NULL,0,0,0),(1681,33,0,0,0,0,NULL,0,0,0),(1681,34,0,0,0,0,NULL,0,0,0),(1681,35,0,0,0,0,NULL,0,0,0),(1681,36,0,0,0,0,NULL,0,0,0),(1681,37,0,0,0,0,NULL,0,0,0),(1681,38,0,0,0,0,NULL,0,0,0),(1681,39,0,0,0,0,NULL,0,0,0),(1681,40,0,0,0,0,NULL,0,0,0),(1681,41,0,0,0,0,NULL,0,0,0),(1681,42,0,0,0,0,NULL,0,0,0),(1681,43,0,0,0,0,NULL,0,0,0),(1681,44,0,0,0,0,NULL,0,0,0),(1681,45,0,0,0,0,NULL,0,0,0),(1681,46,0,0,0,0,NULL,0,0,0),(1910,-1,0,0,0,0,NULL,0,0,0),(1910,1,0,0,0,0,NULL,0,0,0),(1910,2,0,0,0,0,NULL,0,0,0),(1910,3,0,0,0,0,NULL,0,0,0),(1910,4,0,0,0,0,NULL,0,0,0),(1910,5,0,0,0,0,NULL,0,0,0),(1910,6,0,0,0,0,NULL,0,0,0),(1910,7,0,0,0,0,NULL,0,0,0),(1910,8,0,0,0,0,NULL,0,0,0),(1910,9,0,0,0,0,NULL,0,0,0),(1910,10,0,0,0,0,NULL,0,0,0),(1910,11,0,0,0,0,NULL,0,0,0),(1910,12,0,0,0,0,NULL,0,0,0),(1910,13,0,0,0,0,NULL,0,0,0),(1910,14,0,0,0,0,NULL,0,0,0),(1910,15,0,0,0,0,NULL,0,0,0),(1910,16,0,0,0,0,NULL,0,0,0),(1910,17,0,0,0,0,NULL,0,0,0),(1910,18,0,0,0,0,NULL,0,0,0),(1910,19,0,0,0,0,NULL,0,0,0),(1910,20,0,0,0,0,NULL,0,0,0),(1910,21,0,0,0,0,NULL,0,0,0),(1910,22,0,0,0,0,NULL,0,0,0),(1910,23,0,0,0,0,NULL,0,0,0),(1910,24,0,0,0,0,NULL,0,0,0),(1910,25,0,0,0,0,NULL,0,0,0),(1910,26,0,0,0,0,NULL,0,0,0),(1910,27,0,0,0,0,NULL,0,0,0),(1910,28,0,0,0,0,NULL,0,0,0),(1910,29,0,0,0,0,NULL,0,0,0),(1910,30,0,0,0,0,NULL,0,0,0),(1910,31,0,0,0,0,NULL,0,0,0),(1910,32,0,0,0,0,NULL,0,0,0),(1910,33,0,0,0,0,NULL,0,0,0),(1910,34,0,0,0,0,NULL,0,0,0),(1910,35,0,0,0,0,NULL,0,0,0),(1910,36,0,0,0,0,NULL,0,0,0),(1910,37,0,0,0,0,NULL,0,0,0),(1910,38,0,0,0,0,NULL,0,0,0),(1910,39,0,0,0,0,NULL,0,0,0),(1910,40,0,0,0,0,NULL,0,0,0),(1910,41,0,0,0,0,NULL,0,0,0),(1910,42,0,0,0,0,NULL,0,0,0),(1910,43,0,0,0,0,NULL,0,0,0),(1910,44,0,0,0,0,NULL,0,0,0),(1910,45,0,0,0,0,NULL,0,0,0),(1910,46,0,0,0,0,NULL,0,0,0),(1911,-1,0,0,0,0,NULL,0,0,0),(1911,1,0,0,0,0,NULL,0,0,0),(1911,2,0,0,0,0,NULL,0,0,0),(1911,3,0,0,0,0,NULL,0,0,0),(1911,4,0,0,0,0,NULL,0,0,0),(1911,5,0,0,0,0,NULL,0,0,0),(1911,6,0,0,0,0,NULL,0,0,0),(1911,7,0,0,0,0,NULL,0,0,0),(1911,8,0,0,0,0,NULL,0,0,0),(1911,9,0,0,0,0,NULL,0,0,0),(1911,10,0,0,0,0,NULL,0,0,0),(1911,11,0,0,0,0,NULL,0,0,0),(1911,12,0,0,0,0,NULL,0,0,0),(1911,13,0,0,0,0,NULL,0,0,0),(1911,14,0,0,0,0,NULL,0,0,0),(1911,15,0,0,0,0,NULL,0,0,0),(1911,16,0,0,0,0,NULL,0,0,0),(1911,17,0,0,0,0,NULL,0,0,0),(1911,18,0,0,0,0,NULL,0,0,0),(1911,19,0,0,0,0,NULL,0,0,0),(1911,20,0,0,0,0,NULL,0,0,0),(1911,21,0,0,0,0,NULL,0,0,0),(1911,22,0,0,0,0,NULL,0,0,0),(1911,23,0,0,0,0,NULL,0,0,0),(1911,24,0,0,0,0,NULL,0,0,0),(1911,25,0,0,0,0,NULL,0,0,0),(1911,26,0,0,0,0,NULL,0,0,0),(1911,27,0,0,0,0,NULL,0,0,0),(1911,28,0,0,0,0,NULL,0,0,0),(1911,29,0,0,0,0,NULL,0,0,0),(1911,30,0,0,0,0,NULL,0,0,0),(1911,31,0,0,0,0,NULL,0,0,0),(1911,32,0,0,0,0,NULL,0,0,0),(1911,33,0,0,0,0,NULL,0,0,0),(1911,34,0,0,0,0,NULL,0,0,0),(1911,35,0,0,0,0,NULL,0,0,0),(1911,36,0,0,0,0,NULL,0,0,0),(1911,37,0,0,0,0,NULL,0,0,0),(1911,38,0,0,0,0,NULL,0,0,0),(1911,39,0,0,0,0,NULL,0,0,0),(1911,40,0,0,0,0,NULL,0,0,0),(1911,41,0,0,0,0,NULL,0,0,0),(1911,42,0,0,0,0,NULL,0,0,0),(1911,43,0,0,0,0,NULL,0,0,0),(1911,44,0,0,0,0,NULL,0,0,0),(1911,45,0,0,0,0,NULL,0,0,0),(1911,46,0,0,0,0,NULL,0,0,0),(2010,-1,0,0,0,0,NULL,0,0,0),(2010,1,0,0,0,0,NULL,0,0,0),(2010,2,0,0,0,0,NULL,0,0,0),(2010,3,0,0,0,0,NULL,0,0,0),(2010,4,0,0,0,0,NULL,0,0,0),(2010,5,0,0,0,0,NULL,0,0,0),(2010,6,0,0,0,0,NULL,0,0,0),(2010,7,0,0,0,0,NULL,0,0,0),(2010,8,0,0,0,0,NULL,0,0,0),(2010,9,0,0,0,0,NULL,0,0,0),(2010,10,0,0,0,0,NULL,0,0,0),(2010,11,0,0,0,0,NULL,0,0,0),(2010,12,0,0,0,0,NULL,0,0,0),(2010,13,0,0,0,0,NULL,0,0,0),(2010,14,0,0,0,0,NULL,0,0,0),(2010,15,0,0,0,0,NULL,0,0,0),(2010,16,0,0,0,0,NULL,0,0,0),(2010,17,0,0,0,0,NULL,0,0,0),(2010,18,0,0,0,0,NULL,0,0,0),(2010,19,0,0,0,0,NULL,0,0,0),(2010,20,0,0,0,0,NULL,0,0,0),(2010,21,0,0,0,0,NULL,0,0,0),(2010,22,0,0,0,0,NULL,0,0,0),(2010,23,0,0,0,0,NULL,0,0,0),(2010,24,0,0,0,0,NULL,0,0,0),(2010,25,0,0,0,0,NULL,0,0,0),(2010,26,0,0,0,0,NULL,0,0,0),(2010,27,0,0,0,0,NULL,0,0,0),(2010,28,0,0,0,0,NULL,0,0,0),(2010,29,0,0,0,0,NULL,0,0,0),(2010,30,0,0,0,0,NULL,0,0,0),(2010,31,0,0,0,0,NULL,0,0,0),(2010,32,0,0,0,0,NULL,0,0,0),(2010,33,0,0,0,0,NULL,0,0,0),(2010,34,0,0,0,0,NULL,0,0,0),(2010,35,0,0,0,0,NULL,0,0,0),(2010,36,0,0,0,0,NULL,0,0,0),(2010,37,0,0,0,0,NULL,0,0,0),(2010,38,0,0,0,0,NULL,0,0,0),(2010,39,0,0,0,0,NULL,0,0,0),(2010,40,0,0,0,0,NULL,0,0,0),(2010,41,0,0,0,0,NULL,0,0,0),(2010,42,0,0,0,0,NULL,0,0,0),(2010,43,0,0,0,0,NULL,0,0,0),(2010,44,0,0,0,0,NULL,0,0,0),(2010,45,0,0,0,0,NULL,0,0,0),(2010,46,0,0,0,0,NULL,0,0,0),(2015,-1,0,0,0,0,NULL,0,0,0),(2015,1,0,0,0,0,NULL,0,0,0),(2015,2,0,0,0,0,NULL,0,0,0),(2015,3,0,0,0,0,NULL,0,0,0),(2015,4,0,0,0,0,NULL,0,0,0),(2015,5,0,0,0,0,NULL,0,0,0),(2015,6,0,0,0,0,NULL,0,0,0),(2015,7,0,0,0,0,NULL,0,0,0),(2015,8,0,0,0,0,NULL,0,0,0),(2015,9,0,0,0,0,NULL,0,0,0),(2015,10,0,0,0,0,NULL,0,0,0),(2015,11,0,0,0,0,NULL,0,0,0),(2015,12,0,0,0,0,NULL,0,0,0),(2015,13,0,0,0,0,NULL,0,0,0),(2015,14,0,0,0,0,NULL,0,0,0),(2015,15,0,0,0,0,NULL,0,0,0),(2015,16,0,0,0,0,NULL,0,0,0),(2015,17,0,0,0,0,NULL,0,0,0),(2015,18,0,0,0,0,NULL,0,0,0),(2015,19,0,0,0,0,NULL,0,0,0),(2015,20,0,0,0,0,NULL,0,0,0),(2015,21,0,0,0,0,NULL,0,0,0),(2015,22,0,0,0,0,NULL,0,0,0),(2015,23,0,0,0,0,NULL,0,0,0),(2015,24,0,0,0,0,NULL,0,0,0),(2015,25,0,0,0,0,NULL,0,0,0),(2015,26,0,0,0,0,NULL,0,0,0),(2015,27,0,0,0,0,NULL,0,0,0),(2015,28,0,0,0,0,NULL,0,0,0),(2015,29,0,0,0,0,NULL,0,0,0),(2015,30,0,0,0,0,NULL,0,0,0),(2015,31,0,0,0,0,NULL,0,0,0),(2015,32,0,0,0,0,NULL,0,0,0),(2015,33,0,0,0,0,NULL,0,0,0),(2015,34,0,0,0,0,NULL,0,0,0),(2015,35,0,0,0,0,NULL,0,0,0),(2015,36,0,0,0,0,NULL,0,0,0),(2015,37,0,0,0,0,NULL,0,0,0),(2015,38,0,0,0,0,NULL,0,0,0),(2015,39,0,0,0,0,NULL,0,0,0),(2015,40,0,0,0,0,NULL,0,0,0),(2015,41,0,0,0,0,NULL,0,0,0),(2015,42,0,0,0,0,NULL,0,0,0),(2015,43,0,0,0,0,NULL,0,0,0),(2015,44,0,0,0,0,NULL,0,0,0),(2015,45,0,0,0,0,NULL,0,0,0),(2015,46,0,0,0,0,NULL,0,0,0),(2020,-1,0,0,0,0,NULL,0,0,0),(2020,1,0,0,0,0,NULL,0,0,0),(2020,2,0,0,0,0,NULL,0,0,0),(2020,3,0,0,0,0,NULL,0,0,0),(2020,4,0,0,0,0,NULL,0,0,0),(2020,5,0,0,0,0,NULL,0,0,0),(2020,6,0,0,0,0,NULL,0,0,0),(2020,7,0,0,0,0,NULL,0,0,0),(2020,8,0,0,0,0,NULL,0,0,0),(2020,9,0,0,0,0,NULL,0,0,0),(2020,10,0,0,0,0,NULL,0,0,0),(2020,11,0,0,0,0,NULL,0,0,0),(2020,12,0,0,0,0,NULL,0,0,0),(2020,13,0,0,0,0,NULL,0,0,0),(2020,14,0,0,0,0,NULL,0,0,0),(2020,15,0,0,0,0,NULL,0,0,0),(2020,16,0,0,0,0,NULL,0,0,0),(2020,17,0,0,0,0,NULL,0,0,0),(2020,18,0,0,0,0,NULL,0,0,0),(2020,19,0,0,0,0,NULL,0,0,0),(2020,20,0,0,0,0,NULL,0,0,0),(2020,21,0,0,0,0,NULL,0,0,0),(2020,22,0,0,0,0,NULL,0,0,0),(2020,23,0,0,0,0,NULL,0,0,0),(2020,24,0,0,0,0,NULL,0,0,0),(2020,25,0,0,0,0,NULL,0,0,0),(2020,26,0,0,0,0,NULL,0,0,0),(2020,27,0,0,0,0,NULL,0,0,0),(2020,28,0,0,0,0,NULL,0,0,0),(2020,29,0,0,0,0,NULL,0,0,0),(2020,30,0,0,0,0,NULL,0,0,0),(2020,31,0,0,0,0,NULL,0,0,0),(2020,32,0,0,0,0,NULL,0,0,0),(2020,33,0,0,0,0,NULL,0,0,0),(2020,34,0,0,0,0,NULL,0,0,0),(2020,35,0,0,0,0,NULL,0,0,0),(2020,36,0,0,0,0,NULL,0,0,0),(2020,37,0,0,0,0,NULL,0,0,0),(2020,38,0,0,0,0,NULL,0,0,0),(2020,39,0,0,0,0,NULL,0,0,0),(2020,40,0,0,0,0,NULL,0,0,0),(2020,41,0,0,0,0,NULL,0,0,0),(2020,42,0,0,0,0,NULL,0,0,0),(2020,43,0,0,0,0,NULL,0,0,0),(2020,44,0,0,0,0,NULL,0,0,0),(2020,45,0,0,0,0,NULL,0,0,0),(2020,46,0,0,0,0,NULL,0,0,0),(2025,-1,0,0,0,0,NULL,0,0,0),(2025,1,0,0,0,0,NULL,0,0,0),(2025,2,0,0,0,0,NULL,0,0,0),(2025,3,0,0,0,0,NULL,0,0,0),(2025,4,0,0,0,0,NULL,0,0,0),(2025,5,0,0,0,0,NULL,0,0,0),(2025,6,0,0,0,0,NULL,0,0,0),(2025,7,0,0,0,0,NULL,0,0,0),(2025,8,0,0,0,0,NULL,0,0,0),(2025,9,0,0,0,0,NULL,0,0,0),(2025,10,0,0,0,0,NULL,0,0,0),(2025,11,0,0,0,0,NULL,0,0,0),(2025,12,0,0,0,0,NULL,0,0,0),(2025,13,0,0,0,0,NULL,0,0,0),(2025,14,0,0,0,0,NULL,0,0,0),(2025,15,0,0,0,0,NULL,0,0,0),(2025,16,0,0,0,0,NULL,0,0,0),(2025,17,0,0,0,0,NULL,0,0,0),(2025,18,0,0,0,0,NULL,0,0,0),(2025,19,0,0,0,0,NULL,0,0,0),(2025,20,0,0,0,0,NULL,0,0,0),(2025,21,0,0,0,0,NULL,0,0,0),(2025,22,0,0,0,0,NULL,0,0,0),(2025,23,0,0,0,0,NULL,0,0,0),(2025,24,0,0,0,0,NULL,0,0,0),(2025,25,0,0,0,0,NULL,0,0,0),(2025,26,0,0,0,0,NULL,0,0,0),(2025,27,0,0,0,0,NULL,0,0,0),(2025,28,0,0,0,0,NULL,0,0,0),(2025,29,0,0,0,0,NULL,0,0,0),(2025,30,0,0,0,0,NULL,0,0,0),(2025,31,0,0,0,0,NULL,0,0,0),(2025,32,0,0,0,0,NULL,0,0,0),(2025,33,0,0,0,0,NULL,0,0,0),(2025,34,0,0,0,0,NULL,0,0,0),(2025,35,0,0,0,0,NULL,0,0,0),(2025,36,0,0,0,0,NULL,0,0,0),(2025,37,0,0,0,0,NULL,0,0,0),(2025,38,0,0,0,0,NULL,0,0,0),(2025,39,0,0,0,0,NULL,0,0,0),(2025,40,0,0,0,0,NULL,0,0,0),(2025,41,0,0,0,0,NULL,0,0,0),(2025,42,0,0,0,0,NULL,0,0,0),(2025,43,0,0,0,0,NULL,0,0,0),(2025,44,0,0,0,0,NULL,0,0,0),(2025,45,0,0,0,0,NULL,0,0,0),(2025,46,0,0,0,0,NULL,0,0,0),(2030,-1,0,0,0,0,NULL,0,0,0),(2030,1,0,0,0,0,NULL,0,0,0),(2030,2,0,0,0,0,NULL,0,0,0),(2030,3,0,0,0,0,NULL,0,0,0),(2030,4,0,0,0,0,NULL,0,0,0),(2030,5,0,0,0,0,NULL,0,0,0),(2030,6,0,0,0,0,NULL,0,0,0),(2030,7,0,0,0,0,NULL,0,0,0),(2030,8,0,0,0,0,NULL,0,0,0),(2030,9,0,0,0,0,NULL,0,0,0),(2030,10,0,0,0,0,NULL,0,0,0),(2030,11,0,0,0,0,NULL,0,0,0),(2030,12,0,0,0,0,NULL,0,0,0),(2030,13,0,0,0,0,NULL,0,0,0),(2030,14,0,0,0,0,NULL,0,0,0),(2030,15,0,0,0,0,NULL,0,0,0),(2030,16,0,0,0,0,NULL,0,0,0),(2030,17,0,0,0,0,NULL,0,0,0),(2030,18,0,0,0,0,NULL,0,0,0),(2030,19,0,0,0,0,NULL,0,0,0),(2030,20,0,0,0,0,NULL,0,0,0),(2030,21,0,0,0,0,NULL,0,0,0),(2030,22,0,0,0,0,NULL,0,0,0),(2030,23,0,0,0,0,NULL,0,0,0),(2030,24,0,0,0,0,NULL,0,0,0),(2030,25,0,0,0,0,NULL,0,0,0),(2030,26,0,0,0,0,NULL,0,0,0),(2030,27,0,0,0,0,NULL,0,0,0),(2030,28,0,0,0,0,NULL,0,0,0),(2030,29,0,0,0,0,NULL,0,0,0),(2030,30,0,0,0,0,NULL,0,0,0),(2030,31,0,0,0,0,NULL,0,0,0),(2030,32,0,0,0,0,NULL,0,0,0),(2030,33,0,0,0,0,NULL,0,0,0),(2030,34,0,0,0,0,NULL,0,0,0),(2030,35,0,0,0,0,NULL,0,0,0),(2030,36,0,0,0,0,NULL,0,0,0),(2030,37,0,0,0,0,NULL,0,0,0),(2030,38,0,0,0,0,NULL,0,0,0),(2030,39,0,0,0,0,NULL,0,0,0),(2030,40,0,0,0,0,NULL,0,0,0),(2030,41,0,0,0,0,NULL,0,0,0),(2030,42,0,0,0,0,NULL,0,0,0),(2030,43,0,0,0,0,NULL,0,0,0),(2030,44,0,0,0,0,NULL,0,0,0),(2030,45,0,0,0,0,NULL,0,0,0),(2030,46,0,0,0,0,NULL,0,0,0),(2050,-1,0,0,0,0,NULL,0,0,0),(2050,1,0,0,0,0,NULL,0,0,0),(2050,2,0,-25.6662,0,0,NULL,0,0,0),(2050,3,0,-0.075,-25.6662,0,NULL,0,0,0),(2050,4,0,0,-25.7412,0,NULL,0,0,0),(2050,5,0,0,-25.7412,0,NULL,0,0,0),(2050,6,0,0,-25.7412,0,NULL,0,0,0),(2050,7,0,0,-25.7412,0,NULL,0,0,0),(2050,8,0,0,-25.7412,0,NULL,0,0,0),(2050,9,0,0,-25.7412,0,NULL,0,0,0),(2050,10,0,0,-25.7412,0,NULL,0,0,0),(2050,11,0,0,-25.7412,0,NULL,0,0,0),(2050,12,0,0,-25.7412,0,NULL,0,0,0),(2050,13,0,0,-25.7412,0,NULL,0,0,0),(2050,14,0,0,-25.7412,0,NULL,0,0,0),(2050,15,0,0,0,0,NULL,0,0,0),(2050,16,0,0,0,0,NULL,0,0,0),(2050,17,0,0,0,0,NULL,0,0,0),(2050,18,0,0,0,0,NULL,0,0,0),(2050,19,0,0,0,0,NULL,0,0,0),(2050,20,0,0,0,0,NULL,0,0,0),(2050,21,0,0,0,0,NULL,0,0,0),(2050,22,0,0,0,0,NULL,0,0,0),(2050,23,0,0,0,0,NULL,0,0,0),(2050,24,0,0,0,0,NULL,0,0,0),(2050,25,0,0,0,0,NULL,0,0,0),(2050,26,0,0,0,0,NULL,0,0,0),(2050,27,0,0,0,0,NULL,0,0,0),(2050,28,0,0,0,0,NULL,0,0,0),(2050,29,0,0,0,0,NULL,0,0,0),(2050,30,0,0,0,0,NULL,0,0,0),(2050,31,0,0,0,0,NULL,0,0,0),(2050,32,0,0,0,0,NULL,0,0,0),(2050,33,0,0,0,0,NULL,0,0,0),(2050,34,0,0,0,0,NULL,0,0,0),(2050,35,0,0,0,0,NULL,0,0,0),(2050,36,0,0,0,0,NULL,0,0,0),(2050,37,0,0,0,0,NULL,0,0,0),(2050,38,0,0,0,0,NULL,0,0,0),(2050,39,0,0,0,0,NULL,0,0,0),(2050,40,0,0,0,0,NULL,0,0,0),(2050,41,0,0,0,0,NULL,0,0,0),(2050,42,0,0,0,0,NULL,0,0,0),(2050,43,0,-0.972,0,0,NULL,0,0,0),(2050,44,0,0,0,0,NULL,0,0,0),(2050,45,0,0,0,0,NULL,0,0,0),(2050,46,0,0,0,0,NULL,0,0,0),(2051,-1,0,0,0,0,NULL,0,0,0),(2051,1,0,0,0,0,NULL,0,0,0),(2051,2,0,0,0,0,NULL,0,0,0),(2051,3,0,0,0,0,NULL,0,0,0),(2051,4,0,0,0,0,NULL,0,0,0),(2051,5,0,0,0,0,NULL,0,0,0),(2051,6,0,0,0,0,NULL,0,0,0),(2051,7,0,0,0,0,NULL,0,0,0),(2051,8,0,0,0,0,NULL,0,0,0),(2051,9,0,0,0,0,NULL,0,0,0),(2051,10,0,0,0,0,NULL,0,0,0),(2051,11,0,0,0,0,NULL,0,0,0),(2051,12,0,0,0,0,NULL,0,0,0),(2051,13,0,0,0,0,NULL,0,0,0),(2051,14,0,0,0,0,NULL,0,0,0),(2051,15,0,0,0,0,NULL,0,0,0),(2051,16,0,0,0,0,NULL,0,0,0),(2051,17,0,0,0,0,NULL,0,0,0),(2051,18,0,0,0,0,NULL,0,0,0),(2051,19,0,0,0,0,NULL,0,0,0),(2051,20,0,0,0,0,NULL,0,0,0),(2051,21,0,0,0,0,NULL,0,0,0),(2051,22,0,0,0,0,NULL,0,0,0),(2051,23,0,0,0,0,NULL,0,0,0),(2051,24,0,0,0,0,NULL,0,0,0),(2051,25,0,0,0,0,NULL,0,0,0),(2051,26,0,0,0,0,NULL,0,0,0),(2051,27,0,0,0,0,NULL,0,0,0),(2051,28,0,0,0,0,NULL,0,0,0),(2051,29,0,0,0,0,NULL,0,0,0),(2051,30,0,0,0,0,NULL,0,0,0),(2051,31,0,0,0,0,NULL,0,0,0),(2051,32,0,0,0,0,NULL,0,0,0),(2051,33,0,0,0,0,NULL,0,0,0),(2051,34,0,0,0,0,NULL,0,0,0),(2051,35,0,0,0,0,NULL,0,0,0),(2051,36,0,0,0,0,NULL,0,0,0),(2051,37,0,0,0,0,NULL,0,0,0),(2051,38,0,0,0,0,NULL,0,0,0),(2051,39,0,0,0,0,NULL,0,0,0),(2051,40,0,0,0,0,NULL,0,0,0),(2051,41,0,0,0,0,NULL,0,0,0),(2051,42,0,0,0,0,NULL,0,0,0),(2051,43,0,0,0,0,NULL,0,0,0),(2051,44,0,0,0,0,NULL,0,0,0),(2051,45,0,0,0,0,NULL,0,0,0),(2051,46,0,0,0,0,NULL,0,0,0),(2055,-1,0,0,0,0,NULL,0,0,0),(2055,1,0,0,0,0,NULL,0,0,0),(2055,2,0,0,0,0,NULL,0,0,0),(2055,3,0,0,0,0,NULL,0,0,0),(2055,4,0,0,0,0,NULL,0,0,0),(2055,5,0,0,0,0,NULL,0,0,0),(2055,6,0,0,0,0,NULL,0,0,0),(2055,7,0,0,0,0,NULL,0,0,0),(2055,8,0,0,0,0,NULL,0,0,0),(2055,9,0,0,0,0,NULL,0,0,0),(2055,10,0,0,0,0,NULL,0,0,0),(2055,11,0,0,0,0,NULL,0,0,0),(2055,12,0,0,0,0,NULL,0,0,0),(2055,13,0,0,0,0,NULL,0,0,0),(2055,14,0,0,0,0,NULL,0,0,0),(2055,15,0,0,0,0,NULL,0,0,0),(2055,16,0,0,0,0,NULL,0,0,0),(2055,17,0,0,0,0,NULL,0,0,0),(2055,18,0,0,0,0,NULL,0,0,0),(2055,19,0,0,0,0,NULL,0,0,0),(2055,20,0,0,0,0,NULL,0,0,0),(2055,21,0,0,0,0,NULL,0,0,0),(2055,22,0,0,0,0,NULL,0,0,0),(2055,23,0,0,0,0,NULL,0,0,0),(2055,24,0,0,0,0,NULL,0,0,0),(2055,25,0,0,0,0,NULL,0,0,0),(2055,26,0,0,0,0,NULL,0,0,0),(2055,27,0,0,0,0,NULL,0,0,0),(2055,28,0,0,0,0,NULL,0,0,0),(2055,29,0,0,0,0,NULL,0,0,0),(2055,30,0,0,0,0,NULL,0,0,0),(2055,31,0,0,0,0,NULL,0,0,0),(2055,32,0,0,0,0,NULL,0,0,0),(2055,33,0,0,0,0,NULL,0,0,0),(2055,34,0,0,0,0,NULL,0,0,0),(2055,35,0,0,0,0,NULL,0,0,0),(2055,36,0,0,0,0,NULL,0,0,0),(2055,37,0,0,0,0,NULL,0,0,0),(2055,38,0,0,0,0,NULL,0,0,0),(2055,39,0,0,0,0,NULL,0,0,0),(2055,40,0,0,0,0,NULL,0,0,0),(2055,41,0,0,0,0,NULL,0,0,0),(2055,42,0,0,0,0,NULL,0,0,0),(2055,43,0,0,0,0,NULL,0,0,0),(2055,44,0,0,0,0,NULL,0,0,0),(2055,45,0,0,0,0,NULL,0,0,0),(2055,46,0,0,0,0,NULL,0,0,0),(2060,-1,0,0,0,0,NULL,0,0,0),(2060,1,0,0,0,0,NULL,0,0,0),(2060,2,0,0,0,0,NULL,0,0,0),(2060,3,0,0,0,0,NULL,0,0,0),(2060,4,0,0,0,0,NULL,0,0,0),(2060,5,0,0,0,0,NULL,0,0,0),(2060,6,0,0,0,0,NULL,0,0,0),(2060,7,0,0,0,0,NULL,0,0,0),(2060,8,0,0,0,0,NULL,0,0,0),(2060,9,0,0,0,0,NULL,0,0,0),(2060,10,0,0,0,0,NULL,0,0,0),(2060,11,0,0,0,0,NULL,0,0,0),(2060,12,0,0,0,0,NULL,0,0,0),(2060,13,0,0,0,0,NULL,0,0,0),(2060,14,0,0,0,0,NULL,0,0,0),(2060,15,0,0,0,0,NULL,0,0,0),(2060,16,0,0,0,0,NULL,0,0,0),(2060,17,0,0,0,0,NULL,0,0,0),(2060,18,0,0,0,0,NULL,0,0,0),(2060,19,0,0,0,0,NULL,0,0,0),(2060,20,0,0,0,0,NULL,0,0,0),(2060,21,0,0,0,0,NULL,0,0,0),(2060,22,0,0,0,0,NULL,0,0,0),(2060,23,0,0,0,0,NULL,0,0,0),(2060,24,0,0,0,0,NULL,0,0,0),(2060,25,0,0,0,0,NULL,0,0,0),(2060,26,0,0,0,0,NULL,0,0,0),(2060,27,0,0,0,0,NULL,0,0,0),(2060,28,0,0,0,0,NULL,0,0,0),(2060,29,0,0,0,0,NULL,0,0,0),(2060,30,0,0,0,0,NULL,0,0,0),(2060,31,0,0,0,0,NULL,0,0,0),(2060,32,0,0,0,0,NULL,0,0,0),(2060,33,0,0,0,0,NULL,0,0,0),(2060,34,0,0,0,0,NULL,0,0,0),(2060,35,0,0,0,0,NULL,0,0,0),(2060,36,0,0,0,0,NULL,0,0,0),(2060,37,0,0,0,0,NULL,0,0,0),(2060,38,0,0,0,0,NULL,0,0,0),(2060,39,0,0,0,0,NULL,0,0,0),(2060,40,0,0,0,0,NULL,0,0,0),(2060,41,0,0,0,0,NULL,0,0,0),(2060,42,0,0,0,0,NULL,0,0,0),(2060,43,0,0,0,0,NULL,0,0,0),(2060,44,0,0,0,0,NULL,0,0,0),(2060,45,0,0,0,0,NULL,0,0,0),(2060,46,0,0,0,0,NULL,0,0,0),(2070,-1,0,0,0,0,NULL,0,0,0),(2070,1,0,0,0,0,NULL,0,0,0),(2070,2,0,0,0,0,NULL,0,0,0),(2070,3,0,0,0,0,NULL,0,0,0),(2070,4,0,0,0,0,NULL,0,0,0),(2070,5,0,0,0,0,NULL,0,0,0),(2070,6,0,0,0,0,NULL,0,0,0),(2070,7,0,0,0,0,NULL,0,0,0),(2070,8,0,0,0,0,NULL,0,0,0),(2070,9,0,0,0,0,NULL,0,0,0),(2070,10,0,0,0,0,NULL,0,0,0),(2070,11,0,0,0,0,NULL,0,0,0),(2070,12,0,0,0,0,NULL,0,0,0),(2070,13,0,0,0,0,NULL,0,0,0),(2070,14,0,0,0,0,NULL,0,0,0),(2070,15,0,0,0,0,NULL,0,0,0),(2070,16,0,0,0,0,NULL,0,0,0),(2070,17,0,0,0,0,NULL,0,0,0),(2070,18,0,0,0,0,NULL,0,0,0),(2070,19,0,0,0,0,NULL,0,0,0),(2070,20,0,0,0,0,NULL,0,0,0),(2070,21,0,0,0,0,NULL,0,0,0),(2070,22,0,0,0,0,NULL,0,0,0),(2070,23,0,0,0,0,NULL,0,0,0),(2070,24,0,0,0,0,NULL,0,0,0),(2070,25,0,0,0,0,NULL,0,0,0),(2070,26,0,0,0,0,NULL,0,0,0),(2070,27,0,0,0,0,NULL,0,0,0),(2070,28,0,0,0,0,NULL,0,0,0),(2070,29,0,0,0,0,NULL,0,0,0),(2070,30,0,0,0,0,NULL,0,0,0),(2070,31,0,0,0,0,NULL,0,0,0),(2070,32,0,0,0,0,NULL,0,0,0),(2070,33,0,0,0,0,NULL,0,0,0),(2070,34,0,0,0,0,NULL,0,0,0),(2070,35,0,0,0,0,NULL,0,0,0),(2070,36,0,0,0,0,NULL,0,0,0),(2070,37,0,0,0,0,NULL,0,0,0),(2070,38,0,0,0,0,NULL,0,0,0),(2070,39,0,0,0,0,NULL,0,0,0),(2070,40,0,0,0,0,NULL,0,0,0),(2070,41,0,0,0,0,NULL,0,0,0),(2070,42,0,0,0,0,NULL,0,0,0),(2070,43,0,0,0,0,NULL,0,0,0),(2070,44,0,0,0,0,NULL,0,0,0),(2070,45,0,0,0,0,NULL,0,0,0),(2070,46,0,0,0,0,NULL,0,0,0),(2080,-1,0,0,0,0,NULL,0,0,0),(2080,1,0,0,0,0,NULL,0,0,0),(2080,2,0,0,0,0,NULL,0,0,0),(2080,3,0,0,0,0,NULL,0,0,0),(2080,4,0,0,0,0,NULL,0,0,0),(2080,5,0,0,0,0,NULL,0,0,0),(2080,6,0,0,0,0,NULL,0,0,0),(2080,7,0,0,0,0,NULL,0,0,0),(2080,8,0,0,0,0,NULL,0,0,0),(2080,9,0,0,0,0,NULL,0,0,0),(2080,10,0,0,0,0,NULL,0,0,0),(2080,11,0,0,0,0,NULL,0,0,0),(2080,12,0,0,0,0,NULL,0,0,0),(2080,13,0,0,0,0,NULL,0,0,0),(2080,14,0,0,0,0,NULL,0,0,0),(2080,15,0,0,0,0,NULL,0,0,0),(2080,16,0,0,0,0,NULL,0,0,0),(2080,17,0,0,0,0,NULL,0,0,0),(2080,18,0,0,0,0,NULL,0,0,0),(2080,19,0,0,0,0,NULL,0,0,0),(2080,20,0,0,0,0,NULL,0,0,0),(2080,21,0,0,0,0,NULL,0,0,0),(2080,22,0,0,0,0,NULL,0,0,0),(2080,23,0,0,0,0,NULL,0,0,0),(2080,24,0,0,0,0,NULL,0,0,0),(2080,25,0,0,0,0,NULL,0,0,0),(2080,26,0,0,0,0,NULL,0,0,0),(2080,27,0,0,0,0,NULL,0,0,0),(2080,28,0,0,0,0,NULL,0,0,0),(2080,29,0,0,0,0,NULL,0,0,0),(2080,30,0,0,0,0,NULL,0,0,0),(2080,31,0,0,0,0,NULL,0,0,0),(2080,32,0,0,0,0,NULL,0,0,0),(2080,33,0,0,0,0,NULL,0,0,0),(2080,34,0,0,0,0,NULL,0,0,0),(2080,35,0,0,0,0,NULL,0,0,0),(2080,36,0,0,0,0,NULL,0,0,0),(2080,37,0,0,0,0,NULL,0,0,0),(2080,38,0,0,0,0,NULL,0,0,0),(2080,39,0,0,0,0,NULL,0,0,0),(2080,40,0,0,0,0,NULL,0,0,0),(2080,41,0,0,0,0,NULL,0,0,0),(2080,42,0,0,0,0,NULL,0,0,0),(2080,43,0,0,0,0,NULL,0,0,0),(2080,44,0,0,0,0,NULL,0,0,0),(2080,45,0,0,0,0,NULL,0,0,0),(2080,46,0,0,0,0,NULL,0,0,0),(2110,-1,0,0,0,0,NULL,0,0,0),(2110,1,0,0,0,0,NULL,0,0,0),(2110,2,0,0,0,0,NULL,0,0,0),(2110,3,0,0,0,0,NULL,0,0,0),(2110,4,0,0,0,0,NULL,0,0,0),(2110,5,0,0,0,0,NULL,0,0,0),(2110,6,0,0,0,0,NULL,0,0,0),(2110,7,0,0,0,0,NULL,0,0,0),(2110,8,0,0,0,0,NULL,0,0,0),(2110,9,0,0,0,0,NULL,0,0,0),(2110,10,0,0,0,0,NULL,0,0,0),(2110,11,0,0,0,0,NULL,0,0,0),(2110,12,0,0,0,0,NULL,0,0,0),(2110,13,0,0,0,0,NULL,0,0,0),(2110,14,0,0,0,0,NULL,0,0,0),(2110,15,0,0,0,0,NULL,0,0,0),(2110,16,0,0,0,0,NULL,0,0,0),(2110,17,0,0,0,0,NULL,0,0,0),(2110,18,0,0,0,0,NULL,0,0,0),(2110,19,0,0,0,0,NULL,0,0,0),(2110,20,0,0,0,0,NULL,0,0,0),(2110,21,0,0,0,0,NULL,0,0,0),(2110,22,0,0,0,0,NULL,0,0,0),(2110,23,0,0,0,0,NULL,0,0,0),(2110,24,0,0,0,0,NULL,0,0,0),(2110,25,0,0,0,0,NULL,0,0,0),(2110,26,0,0,0,0,NULL,0,0,0),(2110,27,0,0,0,0,NULL,0,0,0),(2110,28,0,0,0,0,NULL,0,0,0),(2110,29,0,0,0,0,NULL,0,0,0),(2110,30,0,0,0,0,NULL,0,0,0),(2110,31,0,0,0,0,NULL,0,0,0),(2110,32,0,0,0,0,NULL,0,0,0),(2110,33,0,0,0,0,NULL,0,0,0),(2110,34,0,0,0,0,NULL,0,0,0),(2110,35,0,0,0,0,NULL,0,0,0),(2110,36,0,0,0,0,NULL,0,0,0),(2110,37,0,0,0,0,NULL,0,0,0),(2110,38,0,0,0,0,NULL,0,0,0),(2110,39,0,0,0,0,NULL,0,0,0),(2110,40,0,0,0,0,NULL,0,0,0),(2110,41,0,0,0,0,NULL,0,0,0),(2110,42,0,0,0,0,NULL,0,0,0),(2110,43,0,0,0,0,NULL,0,0,0),(2110,44,0,0,0,0,NULL,0,0,0),(2110,45,0,0,0,0,NULL,0,0,0),(2110,46,0,0,0,0,NULL,0,0,0),(2120,-1,0,0,0,0,NULL,0,0,0),(2120,1,0,0,0,0,NULL,0,0,0),(2120,2,0,0,0,0,NULL,0,0,0),(2120,3,0,0,0,0,NULL,0,0,0),(2120,4,0,0,0,0,NULL,0,0,0),(2120,5,0,0,0,0,NULL,0,0,0),(2120,6,0,0,0,0,NULL,0,0,0),(2120,7,0,0,0,0,NULL,0,0,0),(2120,8,0,0,0,0,NULL,0,0,0),(2120,9,0,0,0,0,NULL,0,0,0),(2120,10,0,0,0,0,NULL,0,0,0),(2120,11,0,0,0,0,NULL,0,0,0),(2120,12,0,0,0,0,NULL,0,0,0),(2120,13,0,0,0,0,NULL,0,0,0),(2120,14,0,0,0,0,NULL,0,0,0),(2120,15,0,0,0,0,NULL,0,0,0),(2120,16,0,0,0,0,NULL,0,0,0),(2120,17,0,0,0,0,NULL,0,0,0),(2120,18,0,0,0,0,NULL,0,0,0),(2120,19,0,0,0,0,NULL,0,0,0),(2120,20,0,0,0,0,NULL,0,0,0),(2120,21,0,0,0,0,NULL,0,0,0),(2120,22,0,0,0,0,NULL,0,0,0),(2120,23,0,0,0,0,NULL,0,0,0),(2120,24,0,0,0,0,NULL,0,0,0),(2120,25,0,0,0,0,NULL,0,0,0),(2120,26,0,0,0,0,NULL,0,0,0),(2120,27,0,0,0,0,NULL,0,0,0),(2120,28,0,0,0,0,NULL,0,0,0),(2120,29,0,0,0,0,NULL,0,0,0),(2120,30,0,0,0,0,NULL,0,0,0),(2120,31,0,0,0,0,NULL,0,0,0),(2120,32,0,0,0,0,NULL,0,0,0),(2120,33,0,0,0,0,NULL,0,0,0),(2120,34,0,0,0,0,NULL,0,0,0),(2120,35,0,0,0,0,NULL,0,0,0),(2120,36,0,0,0,0,NULL,0,0,0),(2120,37,0,0,0,0,NULL,0,0,0),(2120,38,0,0,0,0,NULL,0,0,0),(2120,39,0,0,0,0,NULL,0,0,0),(2120,40,0,0,0,0,NULL,0,0,0),(2120,41,0,0,0,0,NULL,0,0,0),(2120,42,0,0,0,0,NULL,0,0,0),(2120,43,0,0,0,0,NULL,0,0,0),(2120,44,0,0,0,0,NULL,0,0,0),(2120,45,0,0,0,0,NULL,0,0,0),(2120,46,0,0,0,0,NULL,0,0,0),(3100,-1,0,0,0,0,NULL,0,0,0),(3100,1,0,0,0,0,NULL,0,0,0),(3100,2,0,0,0,0,NULL,0,0,0),(3100,3,0,0,0,0,NULL,0,0,0),(3100,4,0,0,0,0,NULL,0,0,0),(3100,5,0,0,0,0,NULL,0,0,0),(3100,6,0,0,0,0,NULL,0,0,0),(3100,7,0,0,0,0,NULL,0,0,0),(3100,8,0,0,0,0,NULL,0,0,0),(3100,9,0,0,0,0,NULL,0,0,0),(3100,10,0,0,0,0,NULL,0,0,0),(3100,11,0,0,0,0,NULL,0,0,0),(3100,12,0,0,0,0,NULL,0,0,0),(3100,13,0,0,0,0,NULL,0,0,0),(3100,14,0,0,0,0,NULL,0,0,0),(3100,15,0,0,0,0,NULL,0,0,0),(3100,16,0,0,0,0,NULL,0,0,0),(3100,17,0,0,0,0,NULL,0,0,0),(3100,18,0,0,0,0,NULL,0,0,0),(3100,19,0,0,0,0,NULL,0,0,0),(3100,20,0,0,0,0,NULL,0,0,0),(3100,21,0,0,0,0,NULL,0,0,0),(3100,22,0,0,0,0,NULL,0,0,0),(3100,23,0,0,0,0,NULL,0,0,0),(3100,24,0,0,0,0,NULL,0,0,0),(3100,25,0,0,0,0,NULL,0,0,0),(3100,26,0,0,0,0,NULL,0,0,0),(3100,27,0,0,0,0,NULL,0,0,0),(3100,28,0,0,0,0,NULL,0,0,0),(3100,29,0,0,0,0,NULL,0,0,0),(3100,30,0,0,0,0,NULL,0,0,0),(3100,31,0,0,0,0,NULL,0,0,0),(3100,32,0,0,0,0,NULL,0,0,0),(3100,33,0,0,0,0,NULL,0,0,0),(3100,34,0,0,0,0,NULL,0,0,0),(3100,35,0,0,0,0,NULL,0,0,0),(3100,36,0,0,0,0,NULL,0,0,0),(3100,37,0,0,0,0,NULL,0,0,0),(3100,38,0,0,0,0,NULL,0,0,0),(3100,39,0,0,0,0,NULL,0,0,0),(3100,40,0,0,0,0,NULL,0,0,0),(3100,41,0,0,0,0,NULL,0,0,0),(3100,42,0,0,0,0,NULL,0,0,0),(3100,43,0,0,0,0,NULL,0,0,0),(3100,44,0,0,0,0,NULL,0,0,0),(3100,45,0,0,0,0,NULL,0,0,0),(3100,46,0,0,0,0,NULL,0,0,0),(3200,-1,0,0,0,0,NULL,0,0,0),(3200,1,0,0,0,0,NULL,0,0,0),(3200,2,0,0,0,0,NULL,0,0,0),(3200,3,0,0,0,0,NULL,0,0,0),(3200,4,0,0,0,0,NULL,0,0,0),(3200,5,0,0,0,0,NULL,0,0,0),(3200,6,0,0,0,0,NULL,0,0,0),(3200,7,0,0,0,0,NULL,0,0,0),(3200,8,0,0,0,0,NULL,0,0,0),(3200,9,0,0,0,0,NULL,0,0,0),(3200,10,0,0,0,0,NULL,0,0,0),(3200,11,0,0,0,0,NULL,0,0,0),(3200,12,0,0,0,0,NULL,0,0,0),(3200,13,0,0,0,0,NULL,0,0,0),(3200,14,0,0,0,0,NULL,0,0,0),(3200,15,0,0,0,0,NULL,0,0,0),(3200,16,0,0,0,0,NULL,0,0,0),(3200,17,0,0,0,0,NULL,0,0,0),(3200,18,0,0,0,0,NULL,0,0,0),(3200,19,0,0,0,0,NULL,0,0,0),(3200,20,0,0,0,0,NULL,0,0,0),(3200,21,0,0,0,0,NULL,0,0,0),(3200,22,0,0,0,0,NULL,0,0,0),(3200,23,0,0,0,0,NULL,0,0,0),(3200,24,0,0,0,0,NULL,0,0,0),(3200,25,0,0,0,0,NULL,0,0,0),(3200,26,0,0,0,0,NULL,0,0,0),(3200,27,0,0,0,0,NULL,0,0,0),(3200,28,0,0,0,0,NULL,0,0,0),(3200,29,0,0,0,0,NULL,0,0,0),(3200,30,0,0,0,0,NULL,0,0,0),(3200,31,0,0,0,0,NULL,0,0,0),(3200,32,0,0,0,0,NULL,0,0,0),(3200,33,0,0,0,0,NULL,0,0,0),(3200,34,0,0,0,0,NULL,0,0,0),(3200,35,0,0,0,0,NULL,0,0,0),(3200,36,0,0,0,0,NULL,0,0,0),(3200,37,0,0,0,0,NULL,0,0,0),(3200,38,0,0,0,0,NULL,0,0,0),(3200,39,0,0,0,0,NULL,0,0,0),(3200,40,0,0,0,0,NULL,0,0,0),(3200,41,0,0,0,0,NULL,0,0,0),(3200,42,0,0,0,0,NULL,0,0,0),(3200,43,0,0,0,0,NULL,0,0,0),(3200,44,0,0,0,0,NULL,0,0,0),(3200,45,0,0,0,0,NULL,0,0,0),(3200,46,0,0,0,0,NULL,0,0,0),(3300,-1,0,0,0,0,NULL,0,0,0),(3300,1,0,0,0,0,NULL,0,0,0),(3300,2,0,0,0,0,NULL,0,0,0),(3300,3,0,0,0,0,NULL,0,0,0),(3300,4,0,0,0,0,NULL,0,0,0),(3300,5,0,0,0,0,NULL,0,0,0),(3300,6,0,0,0,0,NULL,0,0,0),(3300,7,0,0,0,0,NULL,0,0,0),(3300,8,0,0,0,0,NULL,0,0,0),(3300,9,0,0,0,0,NULL,0,0,0),(3300,10,0,0,0,0,NULL,0,0,0),(3300,11,0,0,0,0,NULL,0,0,0),(3300,12,0,0,0,0,NULL,0,0,0),(3300,13,0,0,0,0,NULL,0,0,0),(3300,14,0,0,0,0,NULL,0,0,0),(3300,15,0,0,0,0,NULL,0,0,0),(3300,16,0,0,0,0,NULL,0,0,0),(3300,17,0,0,0,0,NULL,0,0,0),(3300,18,0,0,0,0,NULL,0,0,0),(3300,19,0,0,0,0,NULL,0,0,0),(3300,20,0,0,0,0,NULL,0,0,0),(3300,21,0,0,0,0,NULL,0,0,0),(3300,22,0,0,0,0,NULL,0,0,0),(3300,23,0,0,0,0,NULL,0,0,0),(3300,24,0,0,0,0,NULL,0,0,0),(3300,25,0,0,0,0,NULL,0,0,0),(3300,26,0,0,0,0,NULL,0,0,0),(3300,27,0,0,0,0,NULL,0,0,0),(3300,28,0,0,0,0,NULL,0,0,0),(3300,29,0,0,0,0,NULL,0,0,0),(3300,30,0,0,0,0,NULL,0,0,0),(3300,31,0,0,0,0,NULL,0,0,0),(3300,32,0,0,0,0,NULL,0,0,0),(3300,33,0,0,0,0,NULL,0,0,0),(3300,34,0,0,0,0,NULL,0,0,0),(3300,35,0,0,0,0,NULL,0,0,0),(3300,36,0,0,0,0,NULL,0,0,0),(3300,37,0,0,0,0,NULL,0,0,0),(3300,38,0,0,0,0,NULL,0,0,0),(3300,39,0,0,0,0,NULL,0,0,0),(3300,40,0,0,0,0,NULL,0,0,0),(3300,41,0,0,0,0,NULL,0,0,0),(3300,42,0,0,0,0,NULL,0,0,0),(3300,43,0,0,0,0,NULL,0,0,0),(3300,44,0,0,0,0,NULL,0,0,0),(3300,45,0,0,0,0,NULL,0,0,0),(3300,46,0,0,0,0,NULL,0,0,0),(3400,-1,0,0,0,0,NULL,0,0,0),(3400,1,0,0,0,0,NULL,0,0,0),(3400,2,0,0,0,0,NULL,0,0,0),(3400,3,0,0,0,0,NULL,0,0,0),(3400,4,0,0,0,0,NULL,0,0,0),(3400,5,0,0,0,0,NULL,0,0,0),(3400,6,0,0,0,0,NULL,0,0,0),(3400,7,0,0,0,0,NULL,0,0,0),(3400,8,0,0,0,0,NULL,0,0,0),(3400,9,0,0,0,0,NULL,0,0,0),(3400,10,0,0,0,0,NULL,0,0,0),(3400,11,0,0,0,0,NULL,0,0,0),(3400,12,0,0,0,0,NULL,0,0,0),(3400,13,0,0,0,0,NULL,0,0,0),(3400,14,0,0,0,0,NULL,0,0,0),(3400,15,0,0,0,0,NULL,0,0,0),(3400,16,0,0,0,0,NULL,0,0,0),(3400,17,0,0,0,0,NULL,0,0,0),(3400,18,0,0,0,0,NULL,0,0,0),(3400,19,0,0,0,0,NULL,0,0,0),(3400,20,0,0,0,0,NULL,0,0,0),(3400,21,0,0,0,0,NULL,0,0,0),(3400,22,0,0,0,0,NULL,0,0,0),(3400,23,0,0,0,0,NULL,0,0,0),(3400,24,0,0,0,0,NULL,0,0,0),(3400,25,0,0,0,0,NULL,0,0,0),(3400,26,0,0,0,0,NULL,0,0,0),(3400,27,0,0,0,0,NULL,0,0,0),(3400,28,0,0,0,0,NULL,0,0,0),(3400,29,0,0,0,0,NULL,0,0,0),(3400,30,0,0,0,0,NULL,0,0,0),(3400,31,0,0,0,0,NULL,0,0,0),(3400,32,0,0,0,0,NULL,0,0,0),(3400,33,0,0,0,0,NULL,0,0,0),(3400,34,0,0,0,0,NULL,0,0,0),(3400,35,0,0,0,0,NULL,0,0,0),(3400,36,0,0,0,0,NULL,0,0,0),(3400,37,0,0,0,0,NULL,0,0,0),(3400,38,0,0,0,0,NULL,0,0,0),(3400,39,0,0,0,0,NULL,0,0,0),(3400,40,0,0,0,0,NULL,0,0,0),(3400,41,0,0,0,0,NULL,0,0,0),(3400,42,0,0,0,0,NULL,0,0,0),(3400,43,0,0,0,0,NULL,0,0,0),(3400,44,0,0,0,0,NULL,0,0,0),(3400,45,0,0,0,0,NULL,0,0,0),(3400,46,0,0,0,0,NULL,0,0,0),(3500,-1,0,0,0,0,NULL,0,0,0),(3500,1,0,0,0,0,NULL,0,0,0),(3500,2,0,0,0,0,NULL,0,0,0),(3500,3,0,0,0,0,NULL,0,0,0),(3500,4,0,0,0,0,NULL,0,0,0),(3500,5,0,0,0,0,NULL,0,0,0),(3500,6,0,0,0,0,NULL,0,0,0),(3500,7,0,0,0,0,NULL,0,0,0),(3500,8,0,0,0,0,NULL,0,0,0),(3500,9,0,0,0,0,NULL,0,0,0),(3500,10,0,0,0,0,NULL,0,0,0),(3500,11,0,0,0,0,NULL,0,0,0),(3500,12,0,0,0,0,NULL,0,0,0),(3500,13,0,0,0,0,NULL,0,0,0),(3500,14,0,0,0,0,NULL,0,0,0),(3500,15,0,0,0,0,NULL,0,0,0),(3500,16,0,0,0,0,NULL,0,0,0),(3500,17,0,0,0,0,NULL,0,0,0),(3500,18,0,0,0,0,NULL,0,0,0),(3500,19,0,0,0,0,NULL,0,0,0),(3500,20,0,0,0,0,NULL,0,0,0),(3500,21,0,0,0,0,NULL,0,0,0),(3500,22,0,0,0,0,NULL,0,0,0),(3500,23,0,0,0,0,NULL,0,0,0),(3500,24,0,0,0,0,NULL,0,0,0),(3500,25,0,0,0,0,NULL,0,0,0),(3500,26,0,0,0,0,NULL,0,0,0),(3500,27,0,0,0,0,NULL,0,0,0),(3500,28,0,0,0,0,NULL,0,0,0),(3500,29,0,0,0,0,NULL,0,0,0),(3500,30,0,0,0,0,NULL,0,0,0),(3500,31,0,0,0,0,NULL,0,0,0),(3500,32,0,0,0,0,NULL,0,0,0),(3500,33,0,0,0,0,NULL,0,0,0),(3500,34,0,0,0,0,NULL,0,0,0),(3500,35,0,0,0,0,NULL,0,0,0),(3500,36,0,0,0,0,NULL,0,0,0),(3500,37,0,0,0,0,NULL,0,0,0),(3500,38,0,0,0,0,NULL,0,0,0),(3500,39,0,0,0,0,NULL,0,0,0),(3500,40,0,0,0,0,NULL,0,0,0),(3500,41,0,0,0,0,NULL,0,0,0),(3500,42,0,0,0,0,NULL,0,0,0),(3500,43,0,0,0,0,NULL,0,0,0),(3500,44,0,0,0,0,NULL,0,0,0),(3500,45,0,0,0,0,NULL,0,0,0),(3500,46,0,0,0,0,NULL,0,0,0),(3600,-1,0,0,0,0,NULL,0,0,0),(3600,1,0,0,0,0,NULL,0,0,0),(3600,2,0,0,0,0,NULL,0,0,0),(3600,3,0,0,0,0,NULL,0,0,0),(3600,4,0,0,0,0,NULL,0,0,0),(3600,5,0,0,0,0,NULL,0,0,0),(3600,6,0,0,0,0,NULL,0,0,0),(3600,7,0,0,0,0,NULL,0,0,0),(3600,8,0,0,0,0,NULL,0,0,0),(3600,9,0,0,0,0,NULL,0,0,0),(3600,10,0,0,0,0,NULL,0,0,0),(3600,11,0,0,0,0,NULL,0,0,0),(3600,12,0,0,0,0,NULL,0,0,0),(3600,13,0,0,0,0,NULL,0,0,0),(3600,14,0,0,0,0,NULL,0,0,0),(3600,15,0,0,0,0,NULL,0,0,0),(3600,16,0,0,0,0,NULL,0,0,0),(3600,17,0,0,0,0,NULL,0,0,0),(3600,18,0,0,0,0,NULL,0,0,0),(3600,19,0,0,0,0,NULL,0,0,0),(3600,20,0,0,0,0,NULL,0,0,0),(3600,21,0,0,0,0,NULL,0,0,0),(3600,22,0,0,0,0,NULL,0,0,0),(3600,23,0,0,0,0,NULL,0,0,0),(3600,24,0,0,0,0,NULL,0,0,0),(3600,25,0,0,0,0,NULL,0,0,0),(3600,26,0,0,0,0,NULL,0,0,0),(3600,27,0,0,0,0,NULL,0,0,0),(3600,28,0,0,0,0,NULL,0,0,0),(3600,29,0,0,0,0,NULL,0,0,0),(3600,30,0,0,0,0,NULL,0,0,0),(3600,31,0,0,0,0,NULL,0,0,0),(3600,32,0,0,0,0,NULL,0,0,0),(3600,33,0,0,0,0,NULL,0,0,0),(3600,34,0,0,0,0,NULL,0,0,0),(3600,35,0,0,0,0,NULL,0,0,0),(3600,36,0,0,0,0,NULL,0,0,0),(3600,37,0,0,0,0,NULL,0,0,0),(3600,38,0,0,0,0,NULL,0,0,0),(3600,39,0,0,0,0,NULL,0,0,0),(3600,40,0,0,0,0,NULL,0,0,0),(3600,41,0,0,0,0,NULL,0,0,0),(3600,42,0,0,0,0,NULL,0,0,0),(3600,43,0,0,0,0,NULL,0,0,0),(3600,44,0,0,0,0,NULL,0,0,0),(3600,45,0,0,0,0,NULL,0,0,0),(3600,46,0,0,0,0,NULL,0,0,0),(4100,-1,0,0,0,0,NULL,0,0,0),(4100,1,0,0,0,0,NULL,0,0,0),(4100,2,0,0,0,0,NULL,0,0,0),(4100,3,0,0,0,0,NULL,0,0,0),(4100,4,0,0,0,0,NULL,0,0,0),(4100,5,0,0,0,0,NULL,0,0,0),(4100,6,0,0,0,0,NULL,0,0,0),(4100,7,0,0,0,0,NULL,0,0,0),(4100,8,0,0,0,0,NULL,0,0,0),(4100,9,0,0,0,0,NULL,0,0,0),(4100,10,0,0,0,0,NULL,0,0,0),(4100,11,0,0,0,0,NULL,0,0,0),(4100,12,0,0,0,0,NULL,0,0,0),(4100,13,0,0,0,0,NULL,0,0,0),(4100,14,0,0,0,0,NULL,0,0,0),(4100,15,0,0,0,0,NULL,0,0,0),(4100,16,0,0,0,0,NULL,0,0,0),(4100,17,0,0,0,0,NULL,0,0,0),(4100,18,0,0,0,0,NULL,0,0,0),(4100,19,0,0,0,0,NULL,0,0,0),(4100,20,0,0,0,0,NULL,0,0,0),(4100,21,0,0,0,0,NULL,0,0,0),(4100,22,0,0,0,0,NULL,0,0,0),(4100,23,0,0,0,0,NULL,0,0,0),(4100,24,0,0,0,0,NULL,0,0,0),(4100,25,0,0,0,0,NULL,0,0,0),(4100,26,0,0,0,0,NULL,0,0,0),(4100,27,0,0,0,0,NULL,0,0,0),(4100,28,0,0,0,0,NULL,0,0,0),(4100,29,0,0,0,0,NULL,0,0,0),(4100,30,0,0,0,0,NULL,0,0,0),(4100,31,0,0,0,0,NULL,0,0,0),(4100,32,0,0,0,0,NULL,0,0,0),(4100,33,0,0,0,0,NULL,0,0,0),(4100,34,0,0,0,0,NULL,0,0,0),(4100,35,0,0,0,0,NULL,0,0,0),(4100,36,0,0,0,0,NULL,0,0,0),(4100,37,0,0,0,0,NULL,0,0,0),(4100,38,0,0,0,0,NULL,0,0,0),(4100,39,0,0,0,0,NULL,0,0,0),(4100,40,0,0,0,0,NULL,0,0,0),(4100,41,0,0,0,0,NULL,0,0,0),(4100,42,0,0,0,0,NULL,0,0,0),(4100,43,0,0,0,0,NULL,0,0,0),(4100,44,0,0,0,0,NULL,0,0,0),(4100,45,0,0,0,0,NULL,0,0,0),(4100,46,0,0,0,0,NULL,0,0,0),(4200,-1,0,0,0,0,NULL,0,0,0),(4200,1,0,0,0,0,NULL,0,0,0),(4200,2,0,0,0,0,NULL,0,0,0),(4200,3,0,0,0,0,NULL,0,0,0),(4200,4,0,0,0,0,NULL,0,0,0),(4200,5,0,0,0,0,NULL,0,0,0),(4200,6,0,0,0,0,NULL,0,0,0),(4200,7,0,0,0,0,NULL,0,0,0),(4200,8,0,0,0,0,NULL,0,0,0),(4200,9,0,0,0,0,NULL,0,0,0),(4200,10,0,0,0,0,NULL,0,0,0),(4200,11,0,0,0,0,NULL,0,0,0),(4200,12,0,0,0,0,NULL,0,0,0),(4200,13,0,0,0,0,NULL,0,0,0),(4200,14,0,0,0,0,NULL,0,0,0),(4200,15,0,0,0,0,NULL,0,0,0),(4200,16,0,0,0,0,NULL,0,0,0),(4200,17,0,0,0,0,NULL,0,0,0),(4200,18,0,0,0,0,NULL,0,0,0),(4200,19,0,0,0,0,NULL,0,0,0),(4200,20,0,0,0,0,NULL,0,0,0),(4200,21,0,0,0,0,NULL,0,0,0),(4200,22,0,0,0,0,NULL,0,0,0),(4200,23,0,0,0,0,NULL,0,0,0),(4200,24,0,0,0,0,NULL,0,0,0),(4200,25,0,0,0,0,NULL,0,0,0),(4200,26,0,0,0,0,NULL,0,0,0),(4200,27,0,0,0,0,NULL,0,0,0),(4200,28,0,0,0,0,NULL,0,0,0),(4200,29,0,0,0,0,NULL,0,0,0),(4200,30,0,0,0,0,NULL,0,0,0),(4200,31,0,0,0,0,NULL,0,0,0),(4200,32,0,0,0,0,NULL,0,0,0),(4200,33,0,0,0,0,NULL,0,0,0),(4200,34,0,0,0,0,NULL,0,0,0),(4200,35,0,0,0,0,NULL,0,0,0),(4200,36,0,0,0,0,NULL,0,0,0),(4200,37,0,0,0,0,NULL,0,0,0),(4200,38,0,0,0,0,NULL,0,0,0),(4200,39,0,0,0,0,NULL,0,0,0),(4200,40,0,0,0,0,NULL,0,0,0),(4200,41,0,0,0,0,NULL,0,0,0),(4200,42,0,0,0,0,NULL,0,0,0),(4200,43,0,0,0,0,NULL,0,0,0),(4200,44,0,0,0,0,NULL,0,0,0),(4200,45,0,0,0,0,NULL,0,0,0),(4200,46,0,0,0,0,NULL,0,0,0),(4250,-1,0,0,0,0,NULL,0,0,0),(4250,1,0,0,0,0,NULL,0,0,0),(4250,2,0,0,0,0,NULL,0,0,0),(4250,3,0,0,0,0,NULL,0,0,0),(4250,4,0,0,0,0,NULL,0,0,0),(4250,5,0,0,0,0,NULL,0,0,0),(4250,6,0,0,0,0,NULL,0,0,0),(4250,7,0,0,0,0,NULL,0,0,0),(4250,8,0,0,0,0,NULL,0,0,0),(4250,9,0,0,0,0,NULL,0,0,0),(4250,10,0,0,0,0,NULL,0,0,0),(4250,11,0,0,0,0,NULL,0,0,0),(4250,12,0,0,0,0,NULL,0,0,0),(4250,13,0,0,0,0,NULL,0,0,0),(4250,14,0,0,0,0,NULL,0,0,0),(4250,15,0,0,0,0,NULL,0,0,0),(4250,16,0,0,0,0,NULL,0,0,0),(4250,17,0,0,0,0,NULL,0,0,0),(4250,18,0,0,0,0,NULL,0,0,0),(4250,19,0,0,0,0,NULL,0,0,0),(4250,20,0,0,0,0,NULL,0,0,0),(4250,21,0,0,0,0,NULL,0,0,0),(4250,22,0,0,0,0,NULL,0,0,0),(4250,23,0,0,0,0,NULL,0,0,0),(4250,24,0,0,0,0,NULL,0,0,0),(4250,25,0,0,0,0,NULL,0,0,0),(4250,26,0,0,0,0,NULL,0,0,0),(4250,27,0,0,0,0,NULL,0,0,0),(4250,28,0,0,0,0,NULL,0,0,0),(4250,29,0,0,0,0,NULL,0,0,0),(4250,30,0,0,0,0,NULL,0,0,0),(4250,31,0,0,0,0,NULL,0,0,0),(4250,32,0,0,0,0,NULL,0,0,0),(4250,33,0,0,0,0,NULL,0,0,0),(4250,34,0,0,0,0,NULL,0,0,0),(4250,35,0,0,0,0,NULL,0,0,0),(4250,36,0,0,0,0,NULL,0,0,0),(4250,37,0,0,0,0,NULL,0,0,0),(4250,38,0,0,0,0,NULL,0,0,0),(4250,39,0,0,0,0,NULL,0,0,0),(4250,40,0,0,0,0,NULL,0,0,0),(4250,41,0,0,0,0,NULL,0,0,0),(4250,42,0,0,0,0,NULL,0,0,0),(4250,43,0,0,0,0,NULL,0,0,0),(4250,44,0,0,0,0,NULL,0,0,0),(4250,45,0,0,0,0,NULL,0,0,0),(4250,46,0,0,0,0,NULL,0,0,0),(4300,-1,0,0,0,0,NULL,0,0,0),(4300,1,0,0,0,0,NULL,0,0,0),(4300,2,0,0,0,0,NULL,0,0,0),(4300,3,0,0,0,0,NULL,0,0,0),(4300,4,0,0,0,0,NULL,0,0,0),(4300,5,0,0,0,0,NULL,0,0,0),(4300,6,0,0,0,0,NULL,0,0,0),(4300,7,0,0,0,0,NULL,0,0,0),(4300,8,0,0,0,0,NULL,0,0,0),(4300,9,0,0,0,0,NULL,0,0,0),(4300,10,0,0,0,0,NULL,0,0,0),(4300,11,0,0,0,0,NULL,0,0,0),(4300,12,0,0,0,0,NULL,0,0,0),(4300,13,0,0,0,0,NULL,0,0,0),(4300,14,0,0,0,0,NULL,0,0,0),(4300,15,0,0,0,0,NULL,0,0,0),(4300,16,0,0,0,0,NULL,0,0,0),(4300,17,0,0,0,0,NULL,0,0,0),(4300,18,0,0,0,0,NULL,0,0,0),(4300,19,0,0,0,0,NULL,0,0,0),(4300,20,0,0,0,0,NULL,0,0,0),(4300,21,0,0,0,0,NULL,0,0,0),(4300,22,0,0,0,0,NULL,0,0,0),(4300,23,0,0,0,0,NULL,0,0,0),(4300,24,0,0,0,0,NULL,0,0,0),(4300,25,0,0,0,0,NULL,0,0,0),(4300,26,0,0,0,0,NULL,0,0,0),(4300,27,0,0,0,0,NULL,0,0,0),(4300,28,0,0,0,0,NULL,0,0,0),(4300,29,0,0,0,0,NULL,0,0,0),(4300,30,0,0,0,0,NULL,0,0,0),(4300,31,0,0,0,0,NULL,0,0,0),(4300,32,0,0,0,0,NULL,0,0,0),(4300,33,0,0,0,0,NULL,0,0,0),(4300,34,0,0,0,0,NULL,0,0,0),(4300,35,0,0,0,0,NULL,0,0,0),(4300,36,0,0,0,0,NULL,0,0,0),(4300,37,0,0,0,0,NULL,0,0,0),(4300,38,0,0,0,0,NULL,0,0,0),(4300,39,0,0,0,0,NULL,0,0,0),(4300,40,0,0,0,0,NULL,0,0,0),(4300,41,0,0,0,0,NULL,0,0,0),(4300,42,0,0,0,0,NULL,0,0,0),(4300,43,0,0,0,0,NULL,0,0,0),(4300,44,0,0,0,0,NULL,0,0,0),(4300,45,0,0,0,0,NULL,0,0,0),(4300,46,0,0,0,0,NULL,0,0,0),(4350,-1,0,0,0,0,NULL,0,0,0),(4350,1,0,0,0,0,NULL,0,0,0),(4350,2,0,0,0,0,NULL,0,0,0),(4350,3,0,0,0,0,NULL,0,0,0),(4350,4,0,0,0,0,NULL,0,0,0),(4350,5,0,0,0,0,NULL,0,0,0),(4350,6,0,0,0,0,NULL,0,0,0),(4350,7,0,0,0,0,NULL,0,0,0),(4350,8,0,0,0,0,NULL,0,0,0),(4350,9,0,0,0,0,NULL,0,0,0),(4350,10,0,0,0,0,NULL,0,0,0),(4350,11,0,0,0,0,NULL,0,0,0),(4350,12,0,0,0,0,NULL,0,0,0),(4350,13,0,0,0,0,NULL,0,0,0),(4350,14,0,0,0,0,NULL,0,0,0),(4350,15,0,0,0,0,NULL,0,0,0),(4350,16,0,0,0,0,NULL,0,0,0),(4350,17,0,0,0,0,NULL,0,0,0),(4350,18,0,0,0,0,NULL,0,0,0),(4350,19,0,0,0,0,NULL,0,0,0),(4350,20,0,0,0,0,NULL,0,0,0),(4350,21,0,0,0,0,NULL,0,0,0),(4350,22,0,0,0,0,NULL,0,0,0),(4350,23,0,0,0,0,NULL,0,0,0),(4350,24,0,0,0,0,NULL,0,0,0),(4350,25,0,0,0,0,NULL,0,0,0),(4350,26,0,0,0,0,NULL,0,0,0),(4350,27,0,0,0,0,NULL,0,0,0),(4350,28,0,0,0,0,NULL,0,0,0),(4350,29,0,0,0,0,NULL,0,0,0),(4350,30,0,0,0,0,NULL,0,0,0),(4350,31,0,0,0,0,NULL,0,0,0),(4350,32,0,0,0,0,NULL,0,0,0),(4350,33,0,0,0,0,NULL,0,0,0),(4350,34,0,0,0,0,NULL,0,0,0),(4350,35,0,0,0,0,NULL,0,0,0),(4350,36,0,0,0,0,NULL,0,0,0),(4350,37,0,0,0,0,NULL,0,0,0),(4350,38,0,0,0,0,NULL,0,0,0),(4350,39,0,0,0,0,NULL,0,0,0),(4350,40,0,0,0,0,NULL,0,0,0),(4350,41,0,0,0,0,NULL,0,0,0),(4350,42,0,0,0,0,NULL,0,0,0),(4350,43,0,0,0,0,NULL,0,0,0),(4350,44,0,0,0,0,NULL,0,0,0),(4350,45,0,0,0,0,NULL,0,0,0),(4350,46,0,0,0,0,NULL,0,0,0),(4400,-1,0,0,0,0,NULL,0,0,0),(4400,1,0,0,0,0,NULL,0,0,0),(4400,2,0,0,0,0,NULL,0,0,0),(4400,3,0,0,0,0,NULL,0,0,0),(4400,4,0,0,0,0,NULL,0,0,0),(4400,5,0,0,0,0,NULL,0,0,0),(4400,6,0,0,0,0,NULL,0,0,0),(4400,7,0,0,0,0,NULL,0,0,0),(4400,8,0,0,0,0,NULL,0,0,0),(4400,9,0,0,0,0,NULL,0,0,0),(4400,10,0,0,0,0,NULL,0,0,0),(4400,11,0,0,0,0,NULL,0,0,0),(4400,12,0,0,0,0,NULL,0,0,0),(4400,13,0,0,0,0,NULL,0,0,0),(4400,14,0,0,0,0,NULL,0,0,0),(4400,15,0,0,0,0,NULL,0,0,0),(4400,16,0,0,0,0,NULL,0,0,0),(4400,17,0,0,0,0,NULL,0,0,0),(4400,18,0,0,0,0,NULL,0,0,0),(4400,19,0,0,0,0,NULL,0,0,0),(4400,20,0,0,0,0,NULL,0,0,0),(4400,21,0,0,0,0,NULL,0,0,0),(4400,22,0,0,0,0,NULL,0,0,0),(4400,23,0,0,0,0,NULL,0,0,0),(4400,24,0,0,0,0,NULL,0,0,0),(4400,25,0,0,0,0,NULL,0,0,0),(4400,26,0,0,0,0,NULL,0,0,0),(4400,27,0,0,0,0,NULL,0,0,0),(4400,28,0,0,0,0,NULL,0,0,0),(4400,29,0,0,0,0,NULL,0,0,0),(4400,30,0,0,0,0,NULL,0,0,0),(4400,31,0,0,0,0,NULL,0,0,0),(4400,32,0,0,0,0,NULL,0,0,0),(4400,33,0,0,0,0,NULL,0,0,0),(4400,34,0,0,0,0,NULL,0,0,0),(4400,35,0,0,0,0,NULL,0,0,0),(4400,36,0,0,0,0,NULL,0,0,0),(4400,37,0,0,0,0,NULL,0,0,0),(4400,38,0,0,0,0,NULL,0,0,0),(4400,39,0,0,0,0,NULL,0,0,0),(4400,40,0,0,0,0,NULL,0,0,0),(4400,41,0,0,0,0,NULL,0,0,0),(4400,42,0,0,0,0,NULL,0,0,0),(4400,43,0,0,0,0,NULL,0,0,0),(4400,44,0,0,0,0,NULL,0,0,0),(4400,45,0,0,0,0,NULL,0,0,0),(4400,46,0,0,0,0,NULL,0,0,0),(4450,-1,0,0,0,0,NULL,0,0,0),(4450,1,0,0,0,0,NULL,0,0,0),(4450,2,0,0,0,0,NULL,0,0,0),(4450,3,0,0,0,0,NULL,0,0,0),(4450,4,0,0,0,0,NULL,0,0,0),(4450,5,0,0,0,0,NULL,0,0,0),(4450,6,0,0,0,0,NULL,0,0,0),(4450,7,0,0,0,0,NULL,0,0,0),(4450,8,0,0,0,0,NULL,0,0,0),(4450,9,0,0,0,0,NULL,0,0,0),(4450,10,0,0,0,0,NULL,0,0,0),(4450,11,0,0,0,0,NULL,0,0,0),(4450,12,0,0,0,0,NULL,0,0,0),(4450,13,0,0,0,0,NULL,0,0,0),(4450,14,0,0,0,0,NULL,0,0,0),(4450,15,0,0,0,0,NULL,0,0,0),(4450,16,0,0,0,0,NULL,0,0,0),(4450,17,0,0,0,0,NULL,0,0,0),(4450,18,0,0,0,0,NULL,0,0,0),(4450,19,0,0,0,0,NULL,0,0,0),(4450,20,0,0,0,0,NULL,0,0,0),(4450,21,0,0,0,0,NULL,0,0,0),(4450,22,0,0,0,0,NULL,0,0,0),(4450,23,0,0,0,0,NULL,0,0,0),(4450,24,0,0,0,0,NULL,0,0,0),(4450,25,0,0,0,0,NULL,0,0,0),(4450,26,0,0,0,0,NULL,0,0,0),(4450,27,0,0,0,0,NULL,0,0,0),(4450,28,0,0,0,0,NULL,0,0,0),(4450,29,0,0,0,0,NULL,0,0,0),(4450,30,0,0,0,0,NULL,0,0,0),(4450,31,0,0,0,0,NULL,0,0,0),(4450,32,0,0,0,0,NULL,0,0,0),(4450,33,0,0,0,0,NULL,0,0,0),(4450,34,0,0,0,0,NULL,0,0,0),(4450,35,0,0,0,0,NULL,0,0,0),(4450,36,0,0,0,0,NULL,0,0,0),(4450,37,0,0,0,0,NULL,0,0,0),(4450,38,0,0,0,0,NULL,0,0,0),(4450,39,0,0,0,0,NULL,0,0,0),(4450,40,0,0,0,0,NULL,0,0,0),(4450,41,0,0,0,0,NULL,0,0,0),(4450,42,0,0,0,0,NULL,0,0,0),(4450,43,0,0,0,0,NULL,0,0,0),(4450,44,0,0,0,0,NULL,0,0,0),(4450,45,0,0,0,0,NULL,0,0,0),(4450,46,0,0,0,0,NULL,0,0,0),(4500,-1,0,0,0,0,NULL,0,0,0),(4500,1,0,0,0,0,NULL,0,0,0),(4500,2,0,0,0,0,NULL,0,0,0),(4500,3,0,0,0,0,NULL,0,0,0),(4500,4,0,0,0,0,NULL,0,0,0),(4500,5,0,0,0,0,NULL,0,0,0),(4500,6,0,0,0,0,NULL,0,0,0),(4500,7,0,0,0,0,NULL,0,0,0),(4500,8,0,0,0,0,NULL,0,0,0),(4500,9,0,0,0,0,NULL,0,0,0),(4500,10,0,0,0,0,NULL,0,0,0),(4500,11,0,0,0,0,NULL,0,0,0),(4500,12,0,0,0,0,NULL,0,0,0),(4500,13,0,0,0,0,NULL,0,0,0),(4500,14,0,0,0,0,NULL,0,0,0),(4500,15,0,0,0,0,NULL,0,0,0),(4500,16,0,0,0,0,NULL,0,0,0),(4500,17,0,0,0,0,NULL,0,0,0),(4500,18,0,0,0,0,NULL,0,0,0),(4500,19,0,0,0,0,NULL,0,0,0),(4500,20,0,0,0,0,NULL,0,0,0),(4500,21,0,0,0,0,NULL,0,0,0),(4500,22,0,0,0,0,NULL,0,0,0),(4500,23,0,0,0,0,NULL,0,0,0),(4500,24,0,0,0,0,NULL,0,0,0),(4500,25,0,0,0,0,NULL,0,0,0),(4500,26,0,0,0,0,NULL,0,0,0),(4500,27,0,0,0,0,NULL,0,0,0),(4500,28,0,0,0,0,NULL,0,0,0),(4500,29,0,0,0,0,NULL,0,0,0),(4500,30,0,0,0,0,NULL,0,0,0),(4500,31,0,0,0,0,NULL,0,0,0),(4500,32,0,0,0,0,NULL,0,0,0),(4500,33,0,0,0,0,NULL,0,0,0),(4500,34,0,0,0,0,NULL,0,0,0),(4500,35,0,0,0,0,NULL,0,0,0),(4500,36,0,0,0,0,NULL,0,0,0),(4500,37,0,0,0,0,NULL,0,0,0),(4500,38,0,0,0,0,NULL,0,0,0),(4500,39,0,0,0,0,NULL,0,0,0),(4500,40,0,0,0,0,NULL,0,0,0),(4500,41,0,0,0,0,NULL,0,0,0),(4500,42,0,0,0,0,NULL,0,0,0),(4500,43,0,0,0,0,NULL,0,0,0),(4500,44,0,0,0,0,NULL,0,0,0),(4500,45,0,0,0,0,NULL,0,0,0),(4500,46,0,0,0,0,NULL,0,0,0),(4550,-1,0,0,0,0,NULL,0,0,0),(4550,1,0,0,0,0,NULL,0,0,0),(4550,2,0,-1807.95969976905,0,0,NULL,0,0,0),(4550,3,0,-0.75,-1807.95969976905,0,NULL,0,0,0),(4550,4,0,0,-1808.70969976905,0,NULL,0,0,0),(4550,5,0,0,-1808.70969976905,0,NULL,0,0,0),(4550,6,0,-3546,-1808.70969976905,0,NULL,0,0,0),(4550,7,0,0,-5354.70969976905,0,NULL,0,0,0),(4550,8,0,0,-5354.70969976905,0,NULL,0,0,0),(4550,9,0,0,-5354.70969976905,0,NULL,0,0,0),(4550,10,0,0,-5354.70969976905,0,NULL,0,0,0),(4550,11,0,0,-5354.70969976905,0,NULL,0,0,0),(4550,12,0,0,-5354.70969976905,0,NULL,0,0,0),(4550,13,0,0,-5354.70969976905,0,NULL,0,0,0),(4550,14,0,0,-5354.70969976905,0,NULL,0,0,0),(4550,15,0,0,-3546,0,NULL,0,0,0),(4550,16,0,0,-3546,0,NULL,0,0,0),(4550,17,0,0,-3546,0,NULL,0,0,0),(4550,18,0,0,-3546,0,NULL,0,0,0),(4550,19,0,0,-3546,0,NULL,0,0,0),(4550,20,0,0,-3546,0,NULL,0,0,0),(4550,21,0,0,-3546,0,NULL,0,0,0),(4550,22,0,0,-3546,0,NULL,0,0,0),(4550,23,0,0,-3546,0,NULL,0,0,0),(4550,24,0,0,-3546,0,NULL,0,0,0),(4550,25,0,0,-3546,0,NULL,0,0,0),(4550,26,0,0,-3546,0,NULL,0,0,0),(4550,27,0,0,-3546,0,NULL,0,0,0),(4550,28,0,0,-3546,0,NULL,0,0,0),(4550,29,0,0,-3546,0,NULL,0,0,0),(4550,30,0,0,-3546,0,NULL,0,0,0),(4550,31,0,0,-3546,0,NULL,0,0,0),(4550,32,0,0,-3546,0,NULL,0,0,0),(4550,33,0,0,-3546,0,NULL,0,0,0),(4550,34,0,0,-3546,0,NULL,0,0,0),(4550,35,0,0,-3546,0,NULL,0,0,0),(4550,36,0,0,-3546,0,NULL,0,0,0),(4550,37,0,0,-3546,0,NULL,0,0,0),(4550,38,0,0,-3546,0,NULL,0,0,0),(4550,39,0,0,-3546,0,NULL,0,0,0),(4550,40,0,0,-3546,0,NULL,0,0,0),(4550,41,0,0,-3546,0,NULL,0,0,0),(4550,42,0,0,-3546,0,NULL,0,0,0),(4550,43,0,-72.2,-3546,0,NULL,0,0,0),(4550,44,0,0,0,0,NULL,0,0,0),(4550,45,0,0,0,0,NULL,0,0,0),(4550,46,0,0,0,0,NULL,0,0,0),(4555,-1,0,0,0,0,NULL,0,0,0),(4555,1,0,0,0,0,NULL,0,0,0),(4555,2,0,0,0,0,NULL,0,0,0),(4555,3,0,0,0,0,NULL,0,0,0),(4555,4,0,0,0,0,NULL,0,0,0),(4555,5,0,0,0,0,NULL,0,0,0),(4555,6,0,0,0,0,NULL,0,0,0),(4555,7,0,0,0,0,NULL,0,0,0),(4555,8,0,0,0,0,NULL,0,0,0),(4555,9,0,0,0,0,NULL,0,0,0),(4555,10,0,0,0,0,NULL,0,0,0),(4555,11,0,0,0,0,NULL,0,0,0),(4555,12,0,0,0,0,NULL,0,0,0),(4555,13,0,0,0,0,NULL,0,0,0),(4555,14,0,0,0,0,NULL,0,0,0),(4555,15,0,0,0,0,NULL,0,0,0),(4555,16,0,0,0,0,NULL,0,0,0),(4555,17,0,0,0,0,NULL,0,0,0),(4555,18,0,0,0,0,NULL,0,0,0),(4555,19,0,0,0,0,NULL,0,0,0),(4555,20,0,0,0,0,NULL,0,0,0),(4555,21,0,0,0,0,NULL,0,0,0),(4555,22,0,0,0,0,NULL,0,0,0),(4555,23,0,0,0,0,NULL,0,0,0),(4555,24,0,0,0,0,NULL,0,0,0),(4555,25,0,0,0,0,NULL,0,0,0),(4555,26,0,0,0,0,NULL,0,0,0),(4555,27,0,0,0,0,NULL,0,0,0),(4555,28,0,0,0,0,NULL,0,0,0),(4555,29,0,0,0,0,NULL,0,0,0),(4555,30,0,0,0,0,NULL,0,0,0),(4555,31,0,0,0,0,NULL,0,0,0),(4555,32,0,0,0,0,NULL,0,0,0),(4555,33,0,0,0,0,NULL,0,0,0),(4555,34,0,0,0,0,NULL,0,0,0),(4555,35,0,0,0,0,NULL,0,0,0),(4555,36,0,0,0,0,NULL,0,0,0),(4555,37,0,0,0,0,NULL,0,0,0),(4555,38,0,0,0,0,NULL,0,0,0),(4555,39,0,0,0,0,NULL,0,0,0),(4555,40,0,0,0,0,NULL,0,0,0),(4555,41,0,0,0,0,NULL,0,0,0),(4555,42,0,0,0,0,NULL,0,0,0),(4555,43,0,0,0,0,NULL,0,0,0),(4555,44,0,0,0,0,NULL,0,0,0),(4555,45,0,0,0,0,NULL,0,0,0),(4555,46,0,0,0,0,NULL,0,0,0),(4605,-1,0,0,0,0,NULL,0,0,0),(4605,1,0,0,0,0,NULL,0,0,0),(4605,2,0,0,0,0,NULL,0,0,0),(4605,3,0,0,0,0,NULL,0,0,0),(4605,4,0,0,0,0,NULL,0,0,0),(4605,5,0,0,0,0,NULL,0,0,0),(4605,6,0,0,0,0,NULL,0,0,0),(4605,7,0,0,0,0,NULL,0,0,0),(4605,8,0,0,0,0,NULL,0,0,0),(4605,9,0,0,0,0,NULL,0,0,0),(4605,10,0,0,0,0,NULL,0,0,0),(4605,11,0,0,0,0,NULL,0,0,0),(4605,12,0,0,0,0,NULL,0,0,0),(4605,13,0,0,0,0,NULL,0,0,0),(4605,14,0,0,0,0,NULL,0,0,0),(4605,15,0,0,0,0,NULL,0,0,0),(4605,16,0,0,0,0,NULL,0,0,0),(4605,17,0,0,0,0,NULL,0,0,0),(4605,18,0,0,0,0,NULL,0,0,0),(4605,19,0,0,0,0,NULL,0,0,0),(4605,20,0,0,0,0,NULL,0,0,0),(4605,21,0,0,0,0,NULL,0,0,0),(4605,22,0,0,0,0,NULL,0,0,0),(4605,23,0,0,0,0,NULL,0,0,0),(4605,24,0,0,0,0,NULL,0,0,0),(4605,25,0,0,0,0,NULL,0,0,0),(4605,26,0,0,0,0,NULL,0,0,0),(4605,27,0,0,0,0,NULL,0,0,0),(4605,28,0,0,0,0,NULL,0,0,0),(4605,29,0,0,0,0,NULL,0,0,0),(4605,30,0,0,0,0,NULL,0,0,0),(4605,31,0,0,0,0,NULL,0,0,0),(4605,32,0,0,0,0,NULL,0,0,0),(4605,33,0,0,0,0,NULL,0,0,0),(4605,34,0,0,0,0,NULL,0,0,0),(4605,35,0,0,0,0,NULL,0,0,0),(4605,36,0,0,0,0,NULL,0,0,0),(4605,37,0,0,0,0,NULL,0,0,0),(4605,38,0,0,0,0,NULL,0,0,0),(4605,39,0,0,0,0,NULL,0,0,0),(4605,40,0,0,0,0,NULL,0,0,0),(4605,41,0,0,0,0,NULL,0,0,0),(4605,42,0,0,0,0,NULL,0,0,0),(4605,43,0,0,0,0,NULL,0,0,0),(4605,44,0,0,0,0,NULL,0,0,0),(4605,45,0,0,0,0,NULL,0,0,0),(4605,46,0,0,0,0,NULL,0,0,0),(4610,-1,0,0,0,0,NULL,0,0,0),(4610,1,0,0,0,0,NULL,0,0,0),(4610,2,0,0,0,0,NULL,0,0,0),(4610,3,0,0,0,0,NULL,0,0,0),(4610,4,0,0,0,0,NULL,0,0,0),(4610,5,0,0,0,0,NULL,0,0,0),(4610,6,0,0,0,0,NULL,0,0,0),(4610,7,0,0,0,0,NULL,0,0,0),(4610,8,0,0,0,0,NULL,0,0,0),(4610,9,0,0,0,0,NULL,0,0,0),(4610,10,0,0,0,0,NULL,0,0,0),(4610,11,0,0,0,0,NULL,0,0,0),(4610,12,0,0,0,0,NULL,0,0,0),(4610,13,0,0,0,0,NULL,0,0,0),(4610,14,0,0,0,0,NULL,0,0,0),(4610,15,0,0,0,0,NULL,0,0,0),(4610,16,0,0,0,0,NULL,0,0,0),(4610,17,0,0,0,0,NULL,0,0,0),(4610,18,0,0,0,0,NULL,0,0,0),(4610,19,0,0,0,0,NULL,0,0,0),(4610,20,0,0,0,0,NULL,0,0,0),(4610,21,0,0,0,0,NULL,0,0,0),(4610,22,0,0,0,0,NULL,0,0,0),(4610,23,0,0,0,0,NULL,0,0,0),(4610,24,0,0,0,0,NULL,0,0,0),(4610,25,0,0,0,0,NULL,0,0,0),(4610,26,0,0,0,0,NULL,0,0,0),(4610,27,0,0,0,0,NULL,0,0,0),(4610,28,0,0,0,0,NULL,0,0,0),(4610,29,0,0,0,0,NULL,0,0,0),(4610,30,0,0,0,0,NULL,0,0,0),(4610,31,0,0,0,0,NULL,0,0,0),(4610,32,0,0,0,0,NULL,0,0,0),(4610,33,0,0,0,0,NULL,0,0,0),(4610,34,0,0,0,0,NULL,0,0,0),(4610,35,0,0,0,0,NULL,0,0,0),(4610,36,0,0,0,0,NULL,0,0,0),(4610,37,0,0,0,0,NULL,0,0,0),(4610,38,0,0,0,0,NULL,0,0,0),(4610,39,0,0,0,0,NULL,0,0,0),(4610,40,0,0,0,0,NULL,0,0,0),(4610,41,0,0,0,0,NULL,0,0,0),(4610,42,0,0,0,0,NULL,0,0,0),(4610,43,0,0,0,0,NULL,0,0,0),(4610,44,0,0,0,0,NULL,0,0,0),(4610,45,0,0,0,0,NULL,0,0,0),(4610,46,0,0,0,0,NULL,0,0,0),(4615,-1,0,0,0,0,NULL,0,0,0),(4615,1,0,0,0,0,NULL,0,0,0),(4615,2,0,0,0,0,NULL,0,0,0),(4615,3,0,0,0,0,NULL,0,0,0),(4615,4,0,0,0,0,NULL,0,0,0),(4615,5,0,0,0,0,NULL,0,0,0),(4615,6,0,0,0,0,NULL,0,0,0),(4615,7,0,0,0,0,NULL,0,0,0),(4615,8,0,0,0,0,NULL,0,0,0),(4615,9,0,0,0,0,NULL,0,0,0),(4615,10,0,0,0,0,NULL,0,0,0),(4615,11,0,0,0,0,NULL,0,0,0),(4615,12,0,0,0,0,NULL,0,0,0),(4615,13,0,0,0,0,NULL,0,0,0),(4615,14,0,0,0,0,NULL,0,0,0),(4615,15,0,0,0,0,NULL,0,0,0),(4615,16,0,0,0,0,NULL,0,0,0),(4615,17,0,0,0,0,NULL,0,0,0),(4615,18,0,0,0,0,NULL,0,0,0),(4615,19,0,0,0,0,NULL,0,0,0),(4615,20,0,0,0,0,NULL,0,0,0),(4615,21,0,0,0,0,NULL,0,0,0),(4615,22,0,0,0,0,NULL,0,0,0),(4615,23,0,0,0,0,NULL,0,0,0),(4615,24,0,0,0,0,NULL,0,0,0),(4615,25,0,0,0,0,NULL,0,0,0),(4615,26,0,0,0,0,NULL,0,0,0),(4615,27,0,0,0,0,NULL,0,0,0),(4615,28,0,0,0,0,NULL,0,0,0),(4615,29,0,0,0,0,NULL,0,0,0),(4615,30,0,0,0,0,NULL,0,0,0),(4615,31,0,0,0,0,NULL,0,0,0),(4615,32,0,0,0,0,NULL,0,0,0),(4615,33,0,0,0,0,NULL,0,0,0),(4615,34,0,0,0,0,NULL,0,0,0),(4615,35,0,0,0,0,NULL,0,0,0),(4615,36,0,0,0,0,NULL,0,0,0),(4615,37,0,0,0,0,NULL,0,0,0),(4615,38,0,0,0,0,NULL,0,0,0),(4615,39,0,0,0,0,NULL,0,0,0),(4615,40,0,0,0,0,NULL,0,0,0),(4615,41,0,0,0,0,NULL,0,0,0),(4615,42,0,0,0,0,NULL,0,0,0),(4615,43,0,0,0,0,NULL,0,0,0),(4615,44,0,0,0,0,NULL,0,0,0),(4615,45,0,0,0,0,NULL,0,0,0),(4615,46,0,0,0,0,NULL,0,0,0),(4620,-1,0,0,0,0,NULL,0,0,0),(4620,1,0,0,0,0,NULL,0,0,0),(4620,2,0,0,0,0,NULL,0,0,0),(4620,3,0,0,0,0,NULL,0,0,0),(4620,4,0,0,0,0,NULL,0,0,0),(4620,5,0,0,0,0,NULL,0,0,0),(4620,6,0,0,0,0,NULL,0,0,0),(4620,7,0,0,0,0,NULL,0,0,0),(4620,8,0,0,0,0,NULL,0,0,0),(4620,9,0,0,0,0,NULL,0,0,0),(4620,10,0,0,0,0,NULL,0,0,0),(4620,11,0,0,0,0,NULL,0,0,0),(4620,12,0,0,0,0,NULL,0,0,0),(4620,13,0,0,0,0,NULL,0,0,0),(4620,14,0,0,0,0,NULL,0,0,0),(4620,15,0,0,0,0,NULL,0,0,0),(4620,16,0,0,0,0,NULL,0,0,0),(4620,17,0,0,0,0,NULL,0,0,0),(4620,18,0,0,0,0,NULL,0,0,0),(4620,19,0,0,0,0,NULL,0,0,0),(4620,20,0,0,0,0,NULL,0,0,0),(4620,21,0,0,0,0,NULL,0,0,0),(4620,22,0,0,0,0,NULL,0,0,0),(4620,23,0,0,0,0,NULL,0,0,0),(4620,24,0,0,0,0,NULL,0,0,0),(4620,25,0,0,0,0,NULL,0,0,0),(4620,26,0,0,0,0,NULL,0,0,0),(4620,27,0,0,0,0,NULL,0,0,0),(4620,28,0,0,0,0,NULL,0,0,0),(4620,29,0,0,0,0,NULL,0,0,0),(4620,30,0,0,0,0,NULL,0,0,0),(4620,31,0,0,0,0,NULL,0,0,0),(4620,32,0,0,0,0,NULL,0,0,0),(4620,33,0,0,0,0,NULL,0,0,0),(4620,34,0,0,0,0,NULL,0,0,0),(4620,35,0,0,0,0,NULL,0,0,0),(4620,36,0,0,0,0,NULL,0,0,0),(4620,37,0,0,0,0,NULL,0,0,0),(4620,38,0,0,0,0,NULL,0,0,0),(4620,39,0,0,0,0,NULL,0,0,0),(4620,40,0,0,0,0,NULL,0,0,0),(4620,41,0,0,0,0,NULL,0,0,0),(4620,42,0,0,0,0,NULL,0,0,0),(4620,43,0,0,0,0,NULL,0,0,0),(4620,44,0,0,0,0,NULL,0,0,0),(4620,45,0,0,0,0,NULL,0,0,0),(4620,46,0,0,0,0,NULL,0,0,0),(4625,-1,0,0,0,0,NULL,0,0,0),(4625,1,0,0,0,0,NULL,0,0,0),(4625,2,0,0,0,0,NULL,0,0,0),(4625,3,0,0,0,0,NULL,0,0,0),(4625,4,0,0,0,0,NULL,0,0,0),(4625,5,0,0,0,0,NULL,0,0,0),(4625,6,0,0,0,0,NULL,0,0,0),(4625,7,0,0,0,0,NULL,0,0,0),(4625,8,0,0,0,0,NULL,0,0,0),(4625,9,0,0,0,0,NULL,0,0,0),(4625,10,0,0,0,0,NULL,0,0,0),(4625,11,0,0,0,0,NULL,0,0,0),(4625,12,0,0,0,0,NULL,0,0,0),(4625,13,0,0,0,0,NULL,0,0,0),(4625,14,0,0,0,0,NULL,0,0,0),(4625,15,0,0,0,0,NULL,0,0,0),(4625,16,0,0,0,0,NULL,0,0,0),(4625,17,0,0,0,0,NULL,0,0,0),(4625,18,0,0,0,0,NULL,0,0,0),(4625,19,0,0,0,0,NULL,0,0,0),(4625,20,0,0,0,0,NULL,0,0,0),(4625,21,0,0,0,0,NULL,0,0,0),(4625,22,0,0,0,0,NULL,0,0,0),(4625,23,0,0,0,0,NULL,0,0,0),(4625,24,0,0,0,0,NULL,0,0,0),(4625,25,0,0,0,0,NULL,0,0,0),(4625,26,0,0,0,0,NULL,0,0,0),(4625,27,0,0,0,0,NULL,0,0,0),(4625,28,0,0,0,0,NULL,0,0,0),(4625,29,0,0,0,0,NULL,0,0,0),(4625,30,0,0,0,0,NULL,0,0,0),(4625,31,0,0,0,0,NULL,0,0,0),(4625,32,0,0,0,0,NULL,0,0,0),(4625,33,0,0,0,0,NULL,0,0,0),(4625,34,0,0,0,0,NULL,0,0,0),(4625,35,0,0,0,0,NULL,0,0,0),(4625,36,0,0,0,0,NULL,0,0,0),(4625,37,0,0,0,0,NULL,0,0,0),(4625,38,0,0,0,0,NULL,0,0,0),(4625,39,0,0,0,0,NULL,0,0,0),(4625,40,0,0,0,0,NULL,0,0,0),(4625,41,0,0,0,0,NULL,0,0,0),(4625,42,0,0,0,0,NULL,0,0,0),(4625,43,0,0,0,0,NULL,0,0,0),(4625,44,0,0,0,0,NULL,0,0,0),(4625,45,0,0,0,0,NULL,0,0,0),(4625,46,0,0,0,0,NULL,0,0,0),(4630,-1,0,0,0,0,NULL,0,0,0),(4630,1,0,0,0,0,NULL,0,0,0),(4630,2,0,0,0,0,NULL,0,0,0),(4630,3,0,0,0,0,NULL,0,0,0),(4630,4,0,0,0,0,NULL,0,0,0),(4630,5,0,0,0,0,NULL,0,0,0),(4630,6,0,0,0,0,NULL,0,0,0),(4630,7,0,0,0,0,NULL,0,0,0),(4630,8,0,0,0,0,NULL,0,0,0),(4630,9,0,0,0,0,NULL,0,0,0),(4630,10,0,0,0,0,NULL,0,0,0),(4630,11,0,0,0,0,NULL,0,0,0),(4630,12,0,0,0,0,NULL,0,0,0),(4630,13,0,0,0,0,NULL,0,0,0),(4630,14,0,0,0,0,NULL,0,0,0),(4630,15,0,0,0,0,NULL,0,0,0),(4630,16,0,0,0,0,NULL,0,0,0),(4630,17,0,0,0,0,NULL,0,0,0),(4630,18,0,0,0,0,NULL,0,0,0),(4630,19,0,0,0,0,NULL,0,0,0),(4630,20,0,0,0,0,NULL,0,0,0),(4630,21,0,0,0,0,NULL,0,0,0),(4630,22,0,0,0,0,NULL,0,0,0),(4630,23,0,0,0,0,NULL,0,0,0),(4630,24,0,0,0,0,NULL,0,0,0),(4630,25,0,0,0,0,NULL,0,0,0),(4630,26,0,0,0,0,NULL,0,0,0),(4630,27,0,0,0,0,NULL,0,0,0),(4630,28,0,0,0,0,NULL,0,0,0),(4630,29,0,0,0,0,NULL,0,0,0),(4630,30,0,0,0,0,NULL,0,0,0),(4630,31,0,0,0,0,NULL,0,0,0),(4630,32,0,0,0,0,NULL,0,0,0),(4630,33,0,0,0,0,NULL,0,0,0),(4630,34,0,0,0,0,NULL,0,0,0),(4630,35,0,0,0,0,NULL,0,0,0),(4630,36,0,0,0,0,NULL,0,0,0),(4630,37,0,0,0,0,NULL,0,0,0),(4630,38,0,0,0,0,NULL,0,0,0),(4630,39,0,0,0,0,NULL,0,0,0),(4630,40,0,0,0,0,NULL,0,0,0),(4630,41,0,0,0,0,NULL,0,0,0),(4630,42,0,0,0,0,NULL,0,0,0),(4630,43,0,0,0,0,NULL,0,0,0),(4630,44,0,0,0,0,NULL,0,0,0),(4630,45,0,0,0,0,NULL,0,0,0),(4630,46,0,0,0,0,NULL,0,0,0),(4635,-1,0,0,0,0,NULL,0,0,0),(4635,1,0,0,0,0,NULL,0,0,0),(4635,2,0,0,0,0,NULL,0,0,0),(4635,3,0,0,0,0,NULL,0,0,0),(4635,4,0,0,0,0,NULL,0,0,0),(4635,5,0,0,0,0,NULL,0,0,0),(4635,6,0,0,0,0,NULL,0,0,0),(4635,7,0,0,0,0,NULL,0,0,0),(4635,8,0,0,0,0,NULL,0,0,0),(4635,9,0,0,0,0,NULL,0,0,0),(4635,10,0,0,0,0,NULL,0,0,0),(4635,11,0,0,0,0,NULL,0,0,0),(4635,12,0,0,0,0,NULL,0,0,0),(4635,13,0,0,0,0,NULL,0,0,0),(4635,14,0,0,0,0,NULL,0,0,0),(4635,15,0,0,0,0,NULL,0,0,0),(4635,16,0,0,0,0,NULL,0,0,0),(4635,17,0,0,0,0,NULL,0,0,0),(4635,18,0,0,0,0,NULL,0,0,0),(4635,19,0,0,0,0,NULL,0,0,0),(4635,20,0,0,0,0,NULL,0,0,0),(4635,21,0,0,0,0,NULL,0,0,0),(4635,22,0,0,0,0,NULL,0,0,0),(4635,23,0,0,0,0,NULL,0,0,0),(4635,24,0,0,0,0,NULL,0,0,0),(4635,25,0,0,0,0,NULL,0,0,0),(4635,26,0,0,0,0,NULL,0,0,0),(4635,27,0,0,0,0,NULL,0,0,0),(4635,28,0,0,0,0,NULL,0,0,0),(4635,29,0,0,0,0,NULL,0,0,0),(4635,30,0,0,0,0,NULL,0,0,0),(4635,31,0,0,0,0,NULL,0,0,0),(4635,32,0,0,0,0,NULL,0,0,0),(4635,33,0,0,0,0,NULL,0,0,0),(4635,34,0,0,0,0,NULL,0,0,0),(4635,35,0,0,0,0,NULL,0,0,0),(4635,36,0,0,0,0,NULL,0,0,0),(4635,37,0,0,0,0,NULL,0,0,0),(4635,38,0,0,0,0,NULL,0,0,0),(4635,39,0,0,0,0,NULL,0,0,0),(4635,40,0,0,0,0,NULL,0,0,0),(4635,41,0,0,0,0,NULL,0,0,0),(4635,42,0,0,0,0,NULL,0,0,0),(4635,43,0,0,0,0,NULL,0,0,0),(4635,44,0,0,0,0,NULL,0,0,0),(4635,45,0,0,0,0,NULL,0,0,0),(4635,46,0,0,0,0,NULL,0,0,0),(4650,-1,0,0,0,0,NULL,0,0,0),(4650,1,0,0,0,0,NULL,0,0,0),(4650,2,0,0,0,0,NULL,0,0,0),(4650,3,0,0,0,0,NULL,0,0,0),(4650,4,0,0,0,0,NULL,0,0,0),(4650,5,0,0,0,0,NULL,0,0,0),(4650,6,0,0,0,0,NULL,0,0,0),(4650,7,0,0,0,0,NULL,0,0,0),(4650,8,0,0,0,0,NULL,0,0,0),(4650,9,0,0,0,0,NULL,0,0,0),(4650,10,0,0,0,0,NULL,0,0,0),(4650,11,0,0,0,0,NULL,0,0,0),(4650,12,0,0,0,0,NULL,0,0,0),(4650,13,0,0,0,0,NULL,0,0,0),(4650,14,0,0,0,0,NULL,0,0,0),(4650,15,0,0,0,0,NULL,0,0,0),(4650,16,0,0,0,0,NULL,0,0,0),(4650,17,0,0,0,0,NULL,0,0,0),(4650,18,0,0,0,0,NULL,0,0,0),(4650,19,0,0,0,0,NULL,0,0,0),(4650,20,0,0,0,0,NULL,0,0,0),(4650,21,0,0,0,0,NULL,0,0,0),(4650,22,0,0,0,0,NULL,0,0,0),(4650,23,0,0,0,0,NULL,0,0,0),(4650,24,0,0,0,0,NULL,0,0,0),(4650,25,0,0,0,0,NULL,0,0,0),(4650,26,0,0,0,0,NULL,0,0,0),(4650,27,0,0,0,0,NULL,0,0,0),(4650,28,0,0,0,0,NULL,0,0,0),(4650,29,0,0,0,0,NULL,0,0,0),(4650,30,0,0,0,0,NULL,0,0,0),(4650,31,0,0,0,0,NULL,0,0,0),(4650,32,0,0,0,0,NULL,0,0,0),(4650,33,0,0,0,0,NULL,0,0,0),(4650,34,0,0,0,0,NULL,0,0,0),(4650,35,0,0,0,0,NULL,0,0,0),(4650,36,0,0,0,0,NULL,0,0,0),(4650,37,0,0,0,0,NULL,0,0,0),(4650,38,0,0,0,0,NULL,0,0,0),(4650,39,0,0,0,0,NULL,0,0,0),(4650,40,0,0,0,0,NULL,0,0,0),(4650,41,0,0,0,0,NULL,0,0,0),(4650,42,0,0,0,0,NULL,0,0,0),(4650,43,0,0,0,0,NULL,0,0,0),(4650,44,0,0,0,0,NULL,0,0,0),(4650,45,0,0,0,0,NULL,0,0,0),(4650,46,0,0,0,0,NULL,0,0,0),(4705,-1,0,0,0,0,NULL,0,0,0),(4705,1,0,0,0,0,NULL,0,0,0),(4705,2,0,0,0,0,NULL,0,0,0),(4705,3,0,0,0,0,NULL,0,0,0),(4705,4,0,0,0,0,NULL,0,0,0),(4705,5,0,0,0,0,NULL,0,0,0),(4705,6,0,0,0,0,NULL,0,0,0),(4705,7,0,0,0,0,NULL,0,0,0),(4705,8,0,0,0,0,NULL,0,0,0),(4705,9,0,0,0,0,NULL,0,0,0),(4705,10,0,0,0,0,NULL,0,0,0),(4705,11,0,0,0,0,NULL,0,0,0),(4705,12,0,0,0,0,NULL,0,0,0),(4705,13,0,0,0,0,NULL,0,0,0),(4705,14,0,0,0,0,NULL,0,0,0),(4705,15,0,0,0,0,NULL,0,0,0),(4705,16,0,0,0,0,NULL,0,0,0),(4705,17,0,0,0,0,NULL,0,0,0),(4705,18,0,0,0,0,NULL,0,0,0),(4705,19,0,0,0,0,NULL,0,0,0),(4705,20,0,0,0,0,NULL,0,0,0),(4705,21,0,0,0,0,NULL,0,0,0),(4705,22,0,0,0,0,NULL,0,0,0),(4705,23,0,0,0,0,NULL,0,0,0),(4705,24,0,0,0,0,NULL,0,0,0),(4705,25,0,0,0,0,NULL,0,0,0),(4705,26,0,0,0,0,NULL,0,0,0),(4705,27,0,0,0,0,NULL,0,0,0),(4705,28,0,0,0,0,NULL,0,0,0),(4705,29,0,0,0,0,NULL,0,0,0),(4705,30,0,0,0,0,NULL,0,0,0),(4705,31,0,0,0,0,NULL,0,0,0),(4705,32,0,0,0,0,NULL,0,0,0),(4705,33,0,0,0,0,NULL,0,0,0),(4705,34,0,0,0,0,NULL,0,0,0),(4705,35,0,0,0,0,NULL,0,0,0),(4705,36,0,0,0,0,NULL,0,0,0),(4705,37,0,0,0,0,NULL,0,0,0),(4705,38,0,0,0,0,NULL,0,0,0),(4705,39,0,0,0,0,NULL,0,0,0),(4705,40,0,0,0,0,NULL,0,0,0),(4705,41,0,0,0,0,NULL,0,0,0),(4705,42,0,0,0,0,NULL,0,0,0),(4705,43,0,0,0,0,NULL,0,0,0),(4705,44,0,0,0,0,NULL,0,0,0),(4705,45,0,0,0,0,NULL,0,0,0),(4705,46,0,0,0,0,NULL,0,0,0),(4710,-1,0,0,0,0,NULL,0,0,0),(4710,1,0,0,0,0,NULL,0,0,0),(4710,2,0,0,0,0,NULL,0,0,0),(4710,3,0,0,0,0,NULL,0,0,0),(4710,4,0,0,0,0,NULL,0,0,0),(4710,5,0,0,0,0,NULL,0,0,0),(4710,6,0,0,0,0,NULL,0,0,0),(4710,7,0,0,0,0,NULL,0,0,0),(4710,8,0,0,0,0,NULL,0,0,0),(4710,9,0,0,0,0,NULL,0,0,0),(4710,10,0,0,0,0,NULL,0,0,0),(4710,11,0,0,0,0,NULL,0,0,0),(4710,12,0,0,0,0,NULL,0,0,0),(4710,13,0,0,0,0,NULL,0,0,0),(4710,14,0,0,0,0,NULL,0,0,0),(4710,15,0,0,0,0,NULL,0,0,0),(4710,16,0,0,0,0,NULL,0,0,0),(4710,17,0,0,0,0,NULL,0,0,0),(4710,18,0,0,0,0,NULL,0,0,0),(4710,19,0,0,0,0,NULL,0,0,0),(4710,20,0,0,0,0,NULL,0,0,0),(4710,21,0,0,0,0,NULL,0,0,0),(4710,22,0,0,0,0,NULL,0,0,0),(4710,23,0,0,0,0,NULL,0,0,0),(4710,24,0,0,0,0,NULL,0,0,0),(4710,25,0,0,0,0,NULL,0,0,0),(4710,26,0,0,0,0,NULL,0,0,0),(4710,27,0,0,0,0,NULL,0,0,0),(4710,28,0,0,0,0,NULL,0,0,0),(4710,29,0,0,0,0,NULL,0,0,0),(4710,30,0,0,0,0,NULL,0,0,0),(4710,31,0,0,0,0,NULL,0,0,0),(4710,32,0,0,0,0,NULL,0,0,0),(4710,33,0,0,0,0,NULL,0,0,0),(4710,34,0,0,0,0,NULL,0,0,0),(4710,35,0,0,0,0,NULL,0,0,0),(4710,36,0,0,0,0,NULL,0,0,0),(4710,37,0,0,0,0,NULL,0,0,0),(4710,38,0,0,0,0,NULL,0,0,0),(4710,39,0,0,0,0,NULL,0,0,0),(4710,40,0,0,0,0,NULL,0,0,0),(4710,41,0,0,0,0,NULL,0,0,0),(4710,42,0,0,0,0,NULL,0,0,0),(4710,43,0,0,0,0,NULL,0,0,0),(4710,44,0,0,0,0,NULL,0,0,0),(4710,45,0,0,0,0,NULL,0,0,0),(4710,46,0,0,0,0,NULL,0,0,0),(4720,-1,0,0,0,0,NULL,0,0,0),(4720,1,0,0,0,0,NULL,0,0,0),(4720,2,0,0,0,0,NULL,0,0,0),(4720,3,0,0,0,0,NULL,0,0,0),(4720,4,0,0,0,0,NULL,0,0,0),(4720,5,0,0,0,0,NULL,0,0,0),(4720,6,0,0,0,0,NULL,0,0,0),(4720,7,0,0,0,0,NULL,0,0,0),(4720,8,0,0,0,0,NULL,0,0,0),(4720,9,0,0,0,0,NULL,0,0,0),(4720,10,0,0,0,0,NULL,0,0,0),(4720,11,0,0,0,0,NULL,0,0,0),(4720,12,0,0,0,0,NULL,0,0,0),(4720,13,0,0,0,0,NULL,0,0,0),(4720,14,0,0,0,0,NULL,0,0,0),(4720,15,0,0,0,0,NULL,0,0,0),(4720,16,0,0,0,0,NULL,0,0,0),(4720,17,0,0,0,0,NULL,0,0,0),(4720,18,0,0,0,0,NULL,0,0,0),(4720,19,0,0,0,0,NULL,0,0,0),(4720,20,0,0,0,0,NULL,0,0,0),(4720,21,0,0,0,0,NULL,0,0,0),(4720,22,0,0,0,0,NULL,0,0,0),(4720,23,0,0,0,0,NULL,0,0,0),(4720,24,0,0,0,0,NULL,0,0,0),(4720,25,0,0,0,0,NULL,0,0,0),(4720,26,0,0,0,0,NULL,0,0,0),(4720,27,0,0,0,0,NULL,0,0,0),(4720,28,0,0,0,0,NULL,0,0,0),(4720,29,0,0,0,0,NULL,0,0,0),(4720,30,0,0,0,0,NULL,0,0,0),(4720,31,0,0,0,0,NULL,0,0,0),(4720,32,0,0,0,0,NULL,0,0,0),(4720,33,0,0,0,0,NULL,0,0,0),(4720,34,0,0,0,0,NULL,0,0,0),(4720,35,0,0,0,0,NULL,0,0,0),(4720,36,0,0,0,0,NULL,0,0,0),(4720,37,0,0,0,0,NULL,0,0,0),(4720,38,0,0,0,0,NULL,0,0,0),(4720,39,0,0,0,0,NULL,0,0,0),(4720,40,0,0,0,0,NULL,0,0,0),(4720,41,0,0,0,0,NULL,0,0,0),(4720,42,0,0,0,0,NULL,0,0,0),(4720,43,0,0,0,0,NULL,0,0,0),(4720,44,0,0,0,0,NULL,0,0,0),(4720,45,0,0,0,0,NULL,0,0,0),(4720,46,0,0,0,0,NULL,0,0,0),(5100,-1,0,0,0,0,NULL,0,0,0),(5100,1,0,0,0,0,NULL,0,0,0),(5100,2,0,0,0,0,NULL,0,0,0),(5100,3,0,0,0,0,NULL,0,0,0),(5100,4,0,0,0,0,NULL,0,0,0),(5100,5,0,0,0,0,NULL,0,0,0),(5100,6,0,0,0,0,NULL,0,0,0),(5100,7,0,0,0,0,NULL,0,0,0),(5100,8,0,0,0,0,NULL,0,0,0),(5100,9,0,0,0,0,NULL,0,0,0),(5100,10,0,0,0,0,NULL,0,0,0),(5100,11,0,0,0,0,NULL,0,0,0),(5100,12,0,0,0,0,NULL,0,0,0),(5100,13,0,0,0,0,NULL,0,0,0),(5100,14,0,0,0,0,NULL,0,0,0),(5100,15,0,0,0,0,NULL,0,0,0),(5100,16,0,0,0,0,NULL,0,0,0),(5100,17,0,0,0,0,NULL,0,0,0),(5100,18,0,0,0,0,NULL,0,0,0),(5100,19,0,0,0,0,NULL,0,0,0),(5100,20,0,0,0,0,NULL,0,0,0),(5100,21,0,0,0,0,NULL,0,0,0),(5100,22,0,0,0,0,NULL,0,0,0),(5100,23,0,0,0,0,NULL,0,0,0),(5100,24,0,0,0,0,NULL,0,0,0),(5100,25,0,0,0,0,NULL,0,0,0),(5100,26,0,0,0,0,NULL,0,0,0),(5100,27,0,0,0,0,NULL,0,0,0),(5100,28,0,0,0,0,NULL,0,0,0),(5100,29,0,0,0,0,NULL,0,0,0),(5100,30,0,0,0,0,NULL,0,0,0),(5100,31,0,0,0,0,NULL,0,0,0),(5100,32,0,0,0,0,NULL,0,0,0),(5100,33,0,0,0,0,NULL,0,0,0),(5100,34,0,0,0,0,NULL,0,0,0),(5100,35,0,0,0,0,NULL,0,0,0),(5100,36,0,0,0,0,NULL,0,0,0),(5100,37,0,0,0,0,NULL,0,0,0),(5100,38,0,0,0,0,NULL,0,0,0),(5100,39,0,0,0,0,NULL,0,0,0),(5100,40,0,0,0,0,NULL,0,0,0),(5100,41,0,0,0,0,NULL,0,0,0),(5100,42,0,0,0,0,NULL,0,0,0),(5100,43,0,0,0,0,NULL,0,0,0),(5100,44,0,0,0,0,NULL,0,0,0),(5100,45,0,0,0,0,NULL,0,0,0),(5100,46,0,0,0,0,NULL,0,0,0),(5200,-1,0,0,0,0,NULL,0,0,0),(5200,1,0,0,0,0,NULL,0,0,0),(5200,2,0,0,0,0,NULL,0,0,0),(5200,3,0,0,0,0,NULL,0,0,0),(5200,4,0,0,0,0,NULL,0,0,0),(5200,5,0,0,0,0,NULL,0,0,0),(5200,6,0,0,0,0,NULL,0,0,0),(5200,7,0,0,0,0,NULL,0,0,0),(5200,8,0,0,0,0,NULL,0,0,0),(5200,9,0,0,0,0,NULL,0,0,0),(5200,10,0,0,0,0,NULL,0,0,0),(5200,11,0,0,0,0,NULL,0,0,0),(5200,12,0,0,0,0,NULL,0,0,0),(5200,13,0,0,0,0,NULL,0,0,0),(5200,14,0,0,0,0,NULL,0,0,0),(5200,15,0,0,0,0,NULL,0,0,0),(5200,16,0,0,0,0,NULL,0,0,0),(5200,17,0,0,0,0,NULL,0,0,0),(5200,18,0,0,0,0,NULL,0,0,0),(5200,19,0,0,0,0,NULL,0,0,0),(5200,20,0,0,0,0,NULL,0,0,0),(5200,21,0,0,0,0,NULL,0,0,0),(5200,22,0,0,0,0,NULL,0,0,0),(5200,23,0,0,0,0,NULL,0,0,0),(5200,24,0,0,0,0,NULL,0,0,0),(5200,25,0,0,0,0,NULL,0,0,0),(5200,26,0,0,0,0,NULL,0,0,0),(5200,27,0,0,0,0,NULL,0,0,0),(5200,28,0,0,0,0,NULL,0,0,0),(5200,29,0,0,0,0,NULL,0,0,0),(5200,30,0,0,0,0,NULL,0,0,0),(5200,31,0,0,0,0,NULL,0,0,0),(5200,32,0,0,0,0,NULL,0,0,0),(5200,33,0,0,0,0,NULL,0,0,0),(5200,34,0,0,0,0,NULL,0,0,0),(5200,35,0,0,0,0,NULL,0,0,0),(5200,36,0,0,0,0,NULL,0,0,0),(5200,37,0,0,0,0,NULL,0,0,0),(5200,38,0,0,0,0,NULL,0,0,0),(5200,39,0,0,0,0,NULL,0,0,0),(5200,40,0,0,0,0,NULL,0,0,0),(5200,41,0,0,0,0,NULL,0,0,0),(5200,42,0,0,0,0,NULL,0,0,0),(5200,43,0,0,0,0,NULL,0,0,0),(5200,44,0,0,0,0,NULL,0,0,0),(5200,45,0,0,0,0,NULL,0,0,0),(5200,46,0,0,0,0,NULL,0,0,0),(5300,-1,0,0,0,0,NULL,0,0,0),(5300,1,0,0,0,0,NULL,0,0,0),(5300,2,0,0,0,0,NULL,0,0,0),(5300,3,0,0,0,0,NULL,0,0,0),(5300,4,0,0,0,0,NULL,0,0,0),(5300,5,0,0,0,0,NULL,0,0,0),(5300,6,0,0,0,0,NULL,0,0,0),(5300,7,0,0,0,0,NULL,0,0,0),(5300,8,0,0,0,0,NULL,0,0,0),(5300,9,0,0,0,0,NULL,0,0,0),(5300,10,0,0,0,0,NULL,0,0,0),(5300,11,0,0,0,0,NULL,0,0,0),(5300,12,0,0,0,0,NULL,0,0,0),(5300,13,0,0,0,0,NULL,0,0,0),(5300,14,0,0,0,0,NULL,0,0,0),(5300,15,0,0,0,0,NULL,0,0,0),(5300,16,0,0,0,0,NULL,0,0,0),(5300,17,0,0,0,0,NULL,0,0,0),(5300,18,0,0,0,0,NULL,0,0,0),(5300,19,0,0,0,0,NULL,0,0,0),(5300,20,0,0,0,0,NULL,0,0,0),(5300,21,0,0,0,0,NULL,0,0,0),(5300,22,0,0,0,0,NULL,0,0,0),(5300,23,0,0,0,0,NULL,0,0,0),(5300,24,0,0,0,0,NULL,0,0,0),(5300,25,0,0,0,0,NULL,0,0,0),(5300,26,0,0,0,0,NULL,0,0,0),(5300,27,0,0,0,0,NULL,0,0,0),(5300,28,0,0,0,0,NULL,0,0,0),(5300,29,0,0,0,0,NULL,0,0,0),(5300,30,0,0,0,0,NULL,0,0,0),(5300,31,0,0,0,0,NULL,0,0,0),(5300,32,0,0,0,0,NULL,0,0,0),(5300,33,0,0,0,0,NULL,0,0,0),(5300,34,0,0,0,0,NULL,0,0,0),(5300,35,0,0,0,0,NULL,0,0,0),(5300,36,0,0,0,0,NULL,0,0,0),(5300,37,0,0,0,0,NULL,0,0,0),(5300,38,0,0,0,0,NULL,0,0,0),(5300,39,0,0,0,0,NULL,0,0,0),(5300,40,0,0,0,0,NULL,0,0,0),(5300,41,0,0,0,0,NULL,0,0,0),(5300,42,0,0,0,0,NULL,0,0,0),(5300,43,0,0,0,0,NULL,0,0,0),(5300,44,0,0,0,0,NULL,0,0,0),(5300,45,0,0,0,0,NULL,0,0,0),(5300,46,0,0,0,0,NULL,0,0,0),(5400,-1,0,0,0,0,NULL,0,0,0),(5400,1,0,0,0,0,NULL,0,0,0),(5400,2,0,0,0,0,NULL,0,0,0),(5400,3,0,0,0,0,NULL,0,0,0),(5400,4,0,0,0,0,NULL,0,0,0),(5400,5,0,0,0,0,NULL,0,0,0),(5400,6,0,0,0,0,NULL,0,0,0),(5400,7,0,0,0,0,NULL,0,0,0),(5400,8,0,0,0,0,NULL,0,0,0),(5400,9,0,0,0,0,NULL,0,0,0),(5400,10,0,0,0,0,NULL,0,0,0),(5400,11,0,0,0,0,NULL,0,0,0),(5400,12,0,0,0,0,NULL,0,0,0),(5400,13,0,0,0,0,NULL,0,0,0),(5400,14,0,0,0,0,NULL,0,0,0),(5400,15,0,0,0,0,NULL,0,0,0),(5400,16,0,0,0,0,NULL,0,0,0),(5400,17,0,0,0,0,NULL,0,0,0),(5400,18,0,0,0,0,NULL,0,0,0),(5400,19,0,0,0,0,NULL,0,0,0),(5400,20,0,0,0,0,NULL,0,0,0),(5400,21,0,0,0,0,NULL,0,0,0),(5400,22,0,0,0,0,NULL,0,0,0),(5400,23,0,0,0,0,NULL,0,0,0),(5400,24,0,0,0,0,NULL,0,0,0),(5400,25,0,0,0,0,NULL,0,0,0),(5400,26,0,0,0,0,NULL,0,0,0),(5400,27,0,0,0,0,NULL,0,0,0),(5400,28,0,0,0,0,NULL,0,0,0),(5400,29,0,0,0,0,NULL,0,0,0),(5400,30,0,0,0,0,NULL,0,0,0),(5400,31,0,0,0,0,NULL,0,0,0),(5400,32,0,0,0,0,NULL,0,0,0),(5400,33,0,0,0,0,NULL,0,0,0),(5400,34,0,0,0,0,NULL,0,0,0),(5400,35,0,0,0,0,NULL,0,0,0),(5400,36,0,0,0,0,NULL,0,0,0),(5400,37,0,0,0,0,NULL,0,0,0),(5400,38,0,0,0,0,NULL,0,0,0),(5400,39,0,0,0,0,NULL,0,0,0),(5400,40,0,0,0,0,NULL,0,0,0),(5400,41,0,0,0,0,NULL,0,0,0),(5400,42,0,0,0,0,NULL,0,0,0),(5400,43,0,0,0,0,NULL,0,0,0),(5400,44,0,0,0,0,NULL,0,0,0),(5400,45,0,0,0,0,NULL,0,0,0),(5400,46,0,0,0,0,NULL,0,0,0),(5410,-1,0,0,0,0,NULL,0,0,0),(5410,1,0,0,0,0,NULL,0,0,0),(5410,2,0,0,0,0,NULL,0,0,0),(5410,3,0,0,0,0,NULL,0,0,0),(5410,4,0,0,0,0,NULL,0,0,0),(5410,5,0,0,0,0,NULL,0,0,0),(5410,6,0,0,0,0,NULL,0,0,0),(5410,7,0,0,0,0,NULL,0,0,0),(5410,8,0,0,0,0,NULL,0,0,0),(5410,9,0,0,0,0,NULL,0,0,0),(5410,10,0,0,0,0,NULL,0,0,0),(5410,11,0,0,0,0,NULL,0,0,0),(5410,12,0,0,0,0,NULL,0,0,0),(5410,13,0,0,0,0,NULL,0,0,0),(5410,14,0,0,0,0,NULL,0,0,0),(5410,15,0,0,0,0,NULL,0,0,0),(5410,16,0,0,0,0,NULL,0,0,0),(5410,17,0,0,0,0,NULL,0,0,0),(5410,18,0,0,0,0,NULL,0,0,0),(5410,19,0,0,0,0,NULL,0,0,0),(5410,20,0,0,0,0,NULL,0,0,0),(5410,21,0,0,0,0,NULL,0,0,0),(5410,22,0,0,0,0,NULL,0,0,0),(5410,23,0,0,0,0,NULL,0,0,0),(5410,24,0,0,0,0,NULL,0,0,0),(5410,25,0,0,0,0,NULL,0,0,0),(5410,26,0,0,0,0,NULL,0,0,0),(5410,27,0,0,0,0,NULL,0,0,0),(5410,28,0,0,0,0,NULL,0,0,0),(5410,29,0,0,0,0,NULL,0,0,0),(5410,30,0,0,0,0,NULL,0,0,0),(5410,31,0,0,0,0,NULL,0,0,0),(5410,32,0,0,0,0,NULL,0,0,0),(5410,33,0,0,0,0,NULL,0,0,0),(5410,34,0,0,0,0,NULL,0,0,0),(5410,35,0,0,0,0,NULL,0,0,0),(5410,36,0,0,0,0,NULL,0,0,0),(5410,37,0,0,0,0,NULL,0,0,0),(5410,38,0,0,0,0,NULL,0,0,0),(5410,39,0,0,0,0,NULL,0,0,0),(5410,40,0,0,0,0,NULL,0,0,0),(5410,41,0,0,0,0,NULL,0,0,0),(5410,42,0,0,0,0,NULL,0,0,0),(5410,43,0,0,0,0,NULL,0,0,0),(5410,44,0,0,0,0,NULL,0,0,0),(5410,45,0,0,0,0,NULL,0,0,0),(5410,46,0,0,0,0,NULL,0,0,0),(5420,-1,0,0,0,0,NULL,0,0,0),(5420,1,0,0,0,0,NULL,0,0,0),(5420,2,0,0,0,0,NULL,0,0,0),(5420,3,0,0,0,0,NULL,0,0,0),(5420,4,0,0,0,0,NULL,0,0,0),(5420,5,0,0,0,0,NULL,0,0,0),(5420,6,0,0,0,0,NULL,0,0,0),(5420,7,0,0,0,0,NULL,0,0,0),(5420,8,0,0,0,0,NULL,0,0,0),(5420,9,0,0,0,0,NULL,0,0,0),(5420,10,0,0,0,0,NULL,0,0,0),(5420,11,0,0,0,0,NULL,0,0,0),(5420,12,0,0,0,0,NULL,0,0,0),(5420,13,0,0,0,0,NULL,0,0,0),(5420,14,0,0,0,0,NULL,0,0,0),(5420,15,0,0,0,0,NULL,0,0,0),(5420,16,0,0,0,0,NULL,0,0,0),(5420,17,0,0,0,0,NULL,0,0,0),(5420,18,0,0,0,0,NULL,0,0,0),(5420,19,0,0,0,0,NULL,0,0,0),(5420,20,0,0,0,0,NULL,0,0,0),(5420,21,0,0,0,0,NULL,0,0,0),(5420,22,0,0,0,0,NULL,0,0,0),(5420,23,0,0,0,0,NULL,0,0,0),(5420,24,0,0,0,0,NULL,0,0,0),(5420,25,0,0,0,0,NULL,0,0,0),(5420,26,0,0,0,0,NULL,0,0,0),(5420,27,0,0,0,0,NULL,0,0,0),(5420,28,0,0,0,0,NULL,0,0,0),(5420,29,0,0,0,0,NULL,0,0,0),(5420,30,0,0,0,0,NULL,0,0,0),(5420,31,0,0,0,0,NULL,0,0,0),(5420,32,0,0,0,0,NULL,0,0,0),(5420,33,0,0,0,0,NULL,0,0,0),(5420,34,0,0,0,0,NULL,0,0,0),(5420,35,0,0,0,0,NULL,0,0,0),(5420,36,0,0,0,0,NULL,0,0,0),(5420,37,0,0,0,0,NULL,0,0,0),(5420,38,0,0,0,0,NULL,0,0,0),(5420,39,0,0,0,0,NULL,0,0,0),(5420,40,0,0,0,0,NULL,0,0,0),(5420,41,0,0,0,0,NULL,0,0,0),(5420,42,0,0,0,0,NULL,0,0,0),(5420,43,0,0,0,0,NULL,0,0,0),(5420,44,0,0,0,0,NULL,0,0,0),(5420,45,0,0,0,0,NULL,0,0,0),(5420,46,0,0,0,0,NULL,0,0,0),(5430,-1,0,0,0,0,NULL,0,0,0),(5430,1,0,0,0,0,NULL,0,0,0),(5430,2,0,0,0,0,NULL,0,0,0),(5430,3,0,0,0,0,NULL,0,0,0),(5430,4,0,0,0,0,NULL,0,0,0),(5430,5,0,0,0,0,NULL,0,0,0),(5430,6,0,0,0,0,NULL,0,0,0),(5430,7,0,0,0,0,NULL,0,0,0),(5430,8,0,0,0,0,NULL,0,0,0),(5430,9,0,0,0,0,NULL,0,0,0),(5430,10,0,0,0,0,NULL,0,0,0),(5430,11,0,0,0,0,NULL,0,0,0),(5430,12,0,0,0,0,NULL,0,0,0),(5430,13,0,0,0,0,NULL,0,0,0),(5430,14,0,0,0,0,NULL,0,0,0),(5430,15,0,0,0,0,NULL,0,0,0),(5430,16,0,0,0,0,NULL,0,0,0),(5430,17,0,0,0,0,NULL,0,0,0),(5430,18,0,0,0,0,NULL,0,0,0),(5430,19,0,0,0,0,NULL,0,0,0),(5430,20,0,0,0,0,NULL,0,0,0),(5430,21,0,0,0,0,NULL,0,0,0),(5430,22,0,0,0,0,NULL,0,0,0),(5430,23,0,0,0,0,NULL,0,0,0),(5430,24,0,0,0,0,NULL,0,0,0),(5430,25,0,0,0,0,NULL,0,0,0),(5430,26,0,0,0,0,NULL,0,0,0),(5430,27,0,0,0,0,NULL,0,0,0),(5430,28,0,0,0,0,NULL,0,0,0),(5430,29,0,0,0,0,NULL,0,0,0),(5430,30,0,0,0,0,NULL,0,0,0),(5430,31,0,0,0,0,NULL,0,0,0),(5430,32,0,0,0,0,NULL,0,0,0),(5430,33,0,0,0,0,NULL,0,0,0),(5430,34,0,0,0,0,NULL,0,0,0),(5430,35,0,0,0,0,NULL,0,0,0),(5430,36,0,0,0,0,NULL,0,0,0),(5430,37,0,0,0,0,NULL,0,0,0),(5430,38,0,0,0,0,NULL,0,0,0),(5430,39,0,0,0,0,NULL,0,0,0),(5430,40,0,0,0,0,NULL,0,0,0),(5430,41,0,0,0,0,NULL,0,0,0),(5430,42,0,0,0,0,NULL,0,0,0),(5430,43,0,0,0,0,NULL,0,0,0),(5430,44,0,0,0,0,NULL,0,0,0),(5430,45,0,0,0,0,NULL,0,0,0),(5430,46,0,0,0,0,NULL,0,0,0),(5440,-1,0,0,0,0,NULL,0,0,0),(5440,1,0,0,0,0,NULL,0,0,0),(5440,2,0,0,0,0,NULL,0,0,0),(5440,3,0,0,0,0,NULL,0,0,0),(5440,4,0,0,0,0,NULL,0,0,0),(5440,5,0,0,0,0,NULL,0,0,0),(5440,6,0,0,0,0,NULL,0,0,0),(5440,7,0,0,0,0,NULL,0,0,0),(5440,8,0,0,0,0,NULL,0,0,0),(5440,9,0,0,0,0,NULL,0,0,0),(5440,10,0,0,0,0,NULL,0,0,0),(5440,11,0,0,0,0,NULL,0,0,0),(5440,12,0,0,0,0,NULL,0,0,0),(5440,13,0,0,0,0,NULL,0,0,0),(5440,14,0,0,0,0,NULL,0,0,0),(5440,15,0,0,0,0,NULL,0,0,0),(5440,16,0,0,0,0,NULL,0,0,0),(5440,17,0,0,0,0,NULL,0,0,0),(5440,18,0,0,0,0,NULL,0,0,0),(5440,19,0,0,0,0,NULL,0,0,0),(5440,20,0,0,0,0,NULL,0,0,0),(5440,21,0,0,0,0,NULL,0,0,0),(5440,22,0,0,0,0,NULL,0,0,0),(5440,23,0,0,0,0,NULL,0,0,0),(5440,24,0,0,0,0,NULL,0,0,0),(5440,25,0,0,0,0,NULL,0,0,0),(5440,26,0,0,0,0,NULL,0,0,0),(5440,27,0,0,0,0,NULL,0,0,0),(5440,28,0,0,0,0,NULL,0,0,0),(5440,29,0,0,0,0,NULL,0,0,0),(5440,30,0,0,0,0,NULL,0,0,0),(5440,31,0,0,0,0,NULL,0,0,0),(5440,32,0,0,0,0,NULL,0,0,0),(5440,33,0,0,0,0,NULL,0,0,0),(5440,34,0,0,0,0,NULL,0,0,0),(5440,35,0,0,0,0,NULL,0,0,0),(5440,36,0,0,0,0,NULL,0,0,0),(5440,37,0,0,0,0,NULL,0,0,0),(5440,38,0,0,0,0,NULL,0,0,0),(5440,39,0,0,0,0,NULL,0,0,0),(5440,40,0,0,0,0,NULL,0,0,0),(5440,41,0,0,0,0,NULL,0,0,0),(5440,42,0,0,0,0,NULL,0,0,0),(5440,43,0,0,0,0,NULL,0,0,0),(5440,44,0,0,0,0,NULL,0,0,0),(5440,45,0,0,0,0,NULL,0,0,0),(5440,46,0,0,0,0,NULL,0,0,0),(5500,-1,0,0,0,0,NULL,0,0,0),(5500,1,0,0,0,0,NULL,0,0,0),(5500,2,0,0,0,0,NULL,0,0,0),(5500,3,0,0,0,0,NULL,0,0,0),(5500,4,0,0,0,0,NULL,0,0,0),(5500,5,0,0,0,0,NULL,0,0,0),(5500,6,0,0,0,0,NULL,0,0,0),(5500,7,0,0,0,0,NULL,0,0,0),(5500,8,0,0,0,0,NULL,0,0,0),(5500,9,0,0,0,0,NULL,0,0,0),(5500,10,0,0,0,0,NULL,0,0,0),(5500,11,0,0,0,0,NULL,0,0,0),(5500,12,0,0,0,0,NULL,0,0,0),(5500,13,0,0,0,0,NULL,0,0,0),(5500,14,0,0,0,0,NULL,0,0,0),(5500,15,0,0,0,0,NULL,0,0,0),(5500,16,0,0,0,0,NULL,0,0,0),(5500,17,0,0,0,0,NULL,0,0,0),(5500,18,0,0,0,0,NULL,0,0,0),(5500,19,0,0,0,0,NULL,0,0,0),(5500,20,0,0,0,0,NULL,0,0,0),(5500,21,0,0,0,0,NULL,0,0,0),(5500,22,0,0,0,0,NULL,0,0,0),(5500,23,0,0,0,0,NULL,0,0,0),(5500,24,0,0,0,0,NULL,0,0,0),(5500,25,0,0,0,0,NULL,0,0,0),(5500,26,0,0,0,0,NULL,0,0,0),(5500,27,0,0,0,0,NULL,0,0,0),(5500,28,0,0,0,0,NULL,0,0,0),(5500,29,0,0,0,0,NULL,0,0,0),(5500,30,0,0,0,0,NULL,0,0,0),(5500,31,0,0,0,0,NULL,0,0,0),(5500,32,0,0,0,0,NULL,0,0,0),(5500,33,0,0,0,0,NULL,0,0,0),(5500,34,0,0,0,0,NULL,0,0,0),(5500,35,0,0,0,0,NULL,0,0,0),(5500,36,0,0,0,0,NULL,0,0,0),(5500,37,0,0,0,0,NULL,0,0,0),(5500,38,0,0,0,0,NULL,0,0,0),(5500,39,0,0,0,0,NULL,0,0,0),(5500,40,0,0,0,0,NULL,0,0,0),(5500,41,0,0,0,0,NULL,0,0,0),(5500,42,0,0,0,0,NULL,0,0,0),(5500,43,0,0,0,0,NULL,0,0,0),(5500,44,0,0,0,0,NULL,0,0,0),(5500,45,0,0,0,0,NULL,0,0,0),(5500,46,0,0,0,0,NULL,0,0,0),(5501,-1,0,0,0,0,NULL,0,0,0),(5501,1,0,0,0,0,NULL,0,0,0),(5501,2,0,0,0,0,NULL,0,0,0),(5501,3,0,0,0,0,NULL,0,0,0),(5501,4,0,0,0,0,NULL,0,0,0),(5501,5,0,0,0,0,NULL,0,0,0),(5501,6,0,0,0,0,NULL,0,0,0),(5501,7,0,0,0,0,NULL,0,0,0),(5501,8,0,0,0,0,NULL,0,0,0),(5501,9,0,0,0,0,NULL,0,0,0),(5501,10,0,0,0,0,NULL,0,0,0),(5501,11,0,0,0,0,NULL,0,0,0),(5501,12,0,0,0,0,NULL,0,0,0),(5501,13,0,0,0,0,NULL,0,0,0),(5501,14,0,0,0,0,NULL,0,0,0),(5501,15,0,0,0,0,NULL,0,0,0),(5501,16,0,0,0,0,NULL,0,0,0),(5501,17,0,0,0,0,NULL,0,0,0),(5501,18,0,0,0,0,NULL,0,0,0),(5501,19,0,0,0,0,NULL,0,0,0),(5501,20,0,0,0,0,NULL,0,0,0),(5501,21,0,0,0,0,NULL,0,0,0),(5501,22,0,0,0,0,NULL,0,0,0),(5501,23,0,0,0,0,NULL,0,0,0),(5501,24,0,0,0,0,NULL,0,0,0),(5501,25,0,0,0,0,NULL,0,0,0),(5501,26,0,0,0,0,NULL,0,0,0),(5501,27,0,0,0,0,NULL,0,0,0),(5501,28,0,0,0,0,NULL,0,0,0),(5501,29,0,0,0,0,NULL,0,0,0),(5501,30,0,0,0,0,NULL,0,0,0),(5501,31,0,0,0,0,NULL,0,0,0),(5501,32,0,0,0,0,NULL,0,0,0),(5501,33,0,0,0,0,NULL,0,0,0),(5501,34,0,0,0,0,NULL,0,0,0),(5501,35,0,0,0,0,NULL,0,0,0),(5501,36,0,0,0,0,NULL,0,0,0),(5501,37,0,0,0,0,NULL,0,0,0),(5501,38,0,0,0,0,NULL,0,0,0),(5501,39,0,0,0,0,NULL,0,0,0),(5501,40,0,0,0,0,NULL,0,0,0),(5501,41,0,0,0,0,NULL,0,0,0),(5501,42,0,0,0,0,NULL,0,0,0),(5501,43,0,0,0,0,NULL,0,0,0),(5501,44,0,0,0,0,NULL,0,0,0),(5501,45,0,0,0,0,NULL,0,0,0),(5501,46,0,0,0,0,NULL,0,0,0),(5510,-1,0,0,0,0,NULL,0,0,0),(5510,1,0,0,0,0,NULL,0,0,0),(5510,2,0,0,0,0,NULL,0,0,0),(5510,3,0,0,0,0,NULL,0,0,0),(5510,4,0,0,0,0,NULL,0,0,0),(5510,5,0,0,0,0,NULL,0,0,0),(5510,6,0,0,0,0,NULL,0,0,0),(5510,7,0,0,0,0,NULL,0,0,0),(5510,8,0,0,0,0,NULL,0,0,0),(5510,9,0,0,0,0,NULL,0,0,0),(5510,10,0,0,0,0,NULL,0,0,0),(5510,11,0,0,0,0,NULL,0,0,0),(5510,12,0,0,0,0,NULL,0,0,0),(5510,13,0,0,0,0,NULL,0,0,0),(5510,14,0,0,0,0,NULL,0,0,0),(5510,15,0,0,0,0,NULL,0,0,0),(5510,16,0,0,0,0,NULL,0,0,0),(5510,17,0,0,0,0,NULL,0,0,0),(5510,18,0,0,0,0,NULL,0,0,0),(5510,19,0,0,0,0,NULL,0,0,0),(5510,20,0,0,0,0,NULL,0,0,0),(5510,21,0,0,0,0,NULL,0,0,0),(5510,22,0,0,0,0,NULL,0,0,0),(5510,23,0,0,0,0,NULL,0,0,0),(5510,24,0,0,0,0,NULL,0,0,0),(5510,25,0,0,0,0,NULL,0,0,0),(5510,26,0,0,0,0,NULL,0,0,0),(5510,27,0,0,0,0,NULL,0,0,0),(5510,28,0,0,0,0,NULL,0,0,0),(5510,29,0,0,0,0,NULL,0,0,0),(5510,30,0,0,0,0,NULL,0,0,0),(5510,31,0,0,0,0,NULL,0,0,0),(5510,32,0,0,0,0,NULL,0,0,0),(5510,33,0,0,0,0,NULL,0,0,0),(5510,34,0,0,0,0,NULL,0,0,0),(5510,35,0,0,0,0,NULL,0,0,0),(5510,36,0,0,0,0,NULL,0,0,0),(5510,37,0,0,0,0,NULL,0,0,0),(5510,38,0,0,0,0,NULL,0,0,0),(5510,39,0,0,0,0,NULL,0,0,0),(5510,40,0,0,0,0,NULL,0,0,0),(5510,41,0,0,0,0,NULL,0,0,0),(5510,42,0,0,0,0,NULL,0,0,0),(5510,43,0,0,0,0,NULL,0,0,0),(5510,44,0,0,0,0,NULL,0,0,0),(5510,45,0,0,0,0,NULL,0,0,0),(5510,46,0,0,0,0,NULL,0,0,0),(5511,-1,0,0,0,0,NULL,0,0,0),(5511,1,0,0,0,0,NULL,0,0,0),(5511,2,0,0,0,0,NULL,0,0,0),(5511,3,0,0,0,0,NULL,0,0,0),(5511,4,0,0,0,0,NULL,0,0,0),(5511,5,0,0,0,0,NULL,0,0,0),(5511,6,0,0,0,0,NULL,0,0,0),(5511,7,0,0,0,0,NULL,0,0,0),(5511,8,0,0,0,0,NULL,0,0,0),(5511,9,0,0,0,0,NULL,0,0,0),(5511,10,0,0,0,0,NULL,0,0,0),(5511,11,0,0,0,0,NULL,0,0,0),(5511,12,0,0,0,0,NULL,0,0,0),(5511,13,0,0,0,0,NULL,0,0,0),(5511,14,0,0,0,0,NULL,0,0,0),(5511,15,0,0,0,0,NULL,0,0,0),(5511,16,0,0,0,0,NULL,0,0,0),(5511,17,0,0,0,0,NULL,0,0,0),(5511,18,0,0,0,0,NULL,0,0,0),(5511,19,0,0,0,0,NULL,0,0,0),(5511,20,0,0,0,0,NULL,0,0,0),(5511,21,0,0,0,0,NULL,0,0,0),(5511,22,0,0,0,0,NULL,0,0,0),(5511,23,0,0,0,0,NULL,0,0,0),(5511,24,0,0,0,0,NULL,0,0,0),(5511,25,0,0,0,0,NULL,0,0,0),(5511,26,0,0,0,0,NULL,0,0,0),(5511,27,0,0,0,0,NULL,0,0,0),(5511,28,0,0,0,0,NULL,0,0,0),(5511,29,0,0,0,0,NULL,0,0,0),(5511,30,0,0,0,0,NULL,0,0,0),(5511,31,0,0,0,0,NULL,0,0,0),(5511,32,0,0,0,0,NULL,0,0,0),(5511,33,0,0,0,0,NULL,0,0,0),(5511,34,0,0,0,0,NULL,0,0,0),(5511,35,0,0,0,0,NULL,0,0,0),(5511,36,0,0,0,0,NULL,0,0,0),(5511,37,0,0,0,0,NULL,0,0,0),(5511,38,0,0,0,0,NULL,0,0,0),(5511,39,0,0,0,0,NULL,0,0,0),(5511,40,0,0,0,0,NULL,0,0,0),(5511,41,0,0,0,0,NULL,0,0,0),(5511,42,0,0,0,0,NULL,0,0,0),(5511,43,0,0,0,0,NULL,0,0,0),(5511,44,0,0,0,0,NULL,0,0,0),(5511,45,0,0,0,0,NULL,0,0,0),(5511,46,0,0,0,0,NULL,0,0,0),(5520,-1,0,0,0,0,NULL,0,0,0),(5520,1,0,0,0,0,NULL,0,0,0),(5520,2,0,0,0,0,NULL,0,0,0),(5520,3,0,0,0,0,NULL,0,0,0),(5520,4,0,0,0,0,NULL,0,0,0),(5520,5,0,0,0,0,NULL,0,0,0),(5520,6,0,0,0,0,NULL,0,0,0),(5520,7,0,0,0,0,NULL,0,0,0),(5520,8,0,0,0,0,NULL,0,0,0),(5520,9,0,0,0,0,NULL,0,0,0),(5520,10,0,0,0,0,NULL,0,0,0),(5520,11,0,0,0,0,NULL,0,0,0),(5520,12,0,0,0,0,NULL,0,0,0),(5520,13,0,0,0,0,NULL,0,0,0),(5520,14,0,0,0,0,NULL,0,0,0),(5520,15,0,0,0,0,NULL,0,0,0),(5520,16,0,0,0,0,NULL,0,0,0),(5520,17,0,0,0,0,NULL,0,0,0),(5520,18,0,0,0,0,NULL,0,0,0),(5520,19,0,0,0,0,NULL,0,0,0),(5520,20,0,0,0,0,NULL,0,0,0),(5520,21,0,0,0,0,NULL,0,0,0),(5520,22,0,0,0,0,NULL,0,0,0),(5520,23,0,0,0,0,NULL,0,0,0),(5520,24,0,0,0,0,NULL,0,0,0),(5520,25,0,0,0,0,NULL,0,0,0),(5520,26,0,0,0,0,NULL,0,0,0),(5520,27,0,0,0,0,NULL,0,0,0),(5520,28,0,0,0,0,NULL,0,0,0),(5520,29,0,0,0,0,NULL,0,0,0),(5520,30,0,0,0,0,NULL,0,0,0),(5520,31,0,0,0,0,NULL,0,0,0),(5520,32,0,0,0,0,NULL,0,0,0),(5520,33,0,0,0,0,NULL,0,0,0),(5520,34,0,0,0,0,NULL,0,0,0),(5520,35,0,0,0,0,NULL,0,0,0),(5520,36,0,0,0,0,NULL,0,0,0),(5520,37,0,0,0,0,NULL,0,0,0),(5520,38,0,0,0,0,NULL,0,0,0),(5520,39,0,0,0,0,NULL,0,0,0),(5520,40,0,0,0,0,NULL,0,0,0),(5520,41,0,0,0,0,NULL,0,0,0),(5520,42,0,0,0,0,NULL,0,0,0),(5520,43,0,0,0,0,NULL,0,0,0),(5520,44,0,0,0,0,NULL,0,0,0),(5520,45,0,0,0,0,NULL,0,0,0),(5520,46,0,0,0,0,NULL,0,0,0),(5521,-1,0,0,0,0,NULL,0,0,0),(5521,1,0,0,0,0,NULL,0,0,0),(5521,2,0,0,0,0,NULL,0,0,0),(5521,3,0,0,0,0,NULL,0,0,0),(5521,4,0,0,0,0,NULL,0,0,0),(5521,5,0,0,0,0,NULL,0,0,0),(5521,6,0,0,0,0,NULL,0,0,0),(5521,7,0,0,0,0,NULL,0,0,0),(5521,8,0,0,0,0,NULL,0,0,0),(5521,9,0,0,0,0,NULL,0,0,0),(5521,10,0,0,0,0,NULL,0,0,0),(5521,11,0,0,0,0,NULL,0,0,0),(5521,12,0,0,0,0,NULL,0,0,0),(5521,13,0,0,0,0,NULL,0,0,0),(5521,14,0,0,0,0,NULL,0,0,0),(5521,15,0,0,0,0,NULL,0,0,0),(5521,16,0,0,0,0,NULL,0,0,0),(5521,17,0,0,0,0,NULL,0,0,0),(5521,18,0,0,0,0,NULL,0,0,0),(5521,19,0,0,0,0,NULL,0,0,0),(5521,20,0,0,0,0,NULL,0,0,0),(5521,21,0,0,0,0,NULL,0,0,0),(5521,22,0,0,0,0,NULL,0,0,0),(5521,23,0,0,0,0,NULL,0,0,0),(5521,24,0,0,0,0,NULL,0,0,0),(5521,25,0,0,0,0,NULL,0,0,0),(5521,26,0,0,0,0,NULL,0,0,0),(5521,27,0,0,0,0,NULL,0,0,0),(5521,28,0,0,0,0,NULL,0,0,0),(5521,29,0,0,0,0,NULL,0,0,0),(5521,30,0,0,0,0,NULL,0,0,0),(5521,31,0,0,0,0,NULL,0,0,0),(5521,32,0,0,0,0,NULL,0,0,0),(5521,33,0,0,0,0,NULL,0,0,0),(5521,34,0,0,0,0,NULL,0,0,0),(5521,35,0,0,0,0,NULL,0,0,0),(5521,36,0,0,0,0,NULL,0,0,0),(5521,37,0,0,0,0,NULL,0,0,0),(5521,38,0,0,0,0,NULL,0,0,0),(5521,39,0,0,0,0,NULL,0,0,0),(5521,40,0,0,0,0,NULL,0,0,0),(5521,41,0,0,0,0,NULL,0,0,0),(5521,42,0,0,0,0,NULL,0,0,0),(5521,43,0,0,0,0,NULL,0,0,0),(5521,44,0,0,0,0,NULL,0,0,0),(5521,45,0,0,0,0,NULL,0,0,0),(5521,46,0,0,0,0,NULL,0,0,0),(5530,-1,0,0,0,0,NULL,0,0,0),(5530,1,0,0,0,0,NULL,0,0,0),(5530,2,0,0,0,0,NULL,0,0,0),(5530,3,0,0,0,0,NULL,0,0,0),(5530,4,0,0,0,0,NULL,0,0,0),(5530,5,0,0,0,0,NULL,0,0,0),(5530,6,0,0,0,0,NULL,0,0,0),(5530,7,0,0,0,0,NULL,0,0,0),(5530,8,0,0,0,0,NULL,0,0,0),(5530,9,0,0,0,0,NULL,0,0,0),(5530,10,0,0,0,0,NULL,0,0,0),(5530,11,0,0,0,0,NULL,0,0,0),(5530,12,0,0,0,0,NULL,0,0,0),(5530,13,0,0,0,0,NULL,0,0,0),(5530,14,0,0,0,0,NULL,0,0,0),(5530,15,0,0,0,0,NULL,0,0,0),(5530,16,0,0,0,0,NULL,0,0,0),(5530,17,0,0,0,0,NULL,0,0,0),(5530,18,0,0,0,0,NULL,0,0,0),(5530,19,0,0,0,0,NULL,0,0,0),(5530,20,0,0,0,0,NULL,0,0,0),(5530,21,0,0,0,0,NULL,0,0,0),(5530,22,0,0,0,0,NULL,0,0,0),(5530,23,0,0,0,0,NULL,0,0,0),(5530,24,0,0,0,0,NULL,0,0,0),(5530,25,0,0,0,0,NULL,0,0,0),(5530,26,0,0,0,0,NULL,0,0,0),(5530,27,0,0,0,0,NULL,0,0,0),(5530,28,0,0,0,0,NULL,0,0,0),(5530,29,0,0,0,0,NULL,0,0,0),(5530,30,0,0,0,0,NULL,0,0,0),(5530,31,0,0,0,0,NULL,0,0,0),(5530,32,0,0,0,0,NULL,0,0,0),(5530,33,0,0,0,0,NULL,0,0,0),(5530,34,0,0,0,0,NULL,0,0,0),(5530,35,0,0,0,0,NULL,0,0,0),(5530,36,0,0,0,0,NULL,0,0,0),(5530,37,0,0,0,0,NULL,0,0,0),(5530,38,0,0,0,0,NULL,0,0,0),(5530,39,0,0,0,0,NULL,0,0,0),(5530,40,0,0,0,0,NULL,0,0,0),(5530,41,0,0,0,0,NULL,0,0,0),(5530,42,0,0,0,0,NULL,0,0,0),(5530,43,0,0,0,0,NULL,0,0,0),(5530,44,0,0,0,0,NULL,0,0,0),(5530,45,0,0,0,0,NULL,0,0,0),(5530,46,0,0,0,0,NULL,0,0,0),(5531,-1,0,0,0,0,NULL,0,0,0),(5531,1,0,0,0,0,NULL,0,0,0),(5531,2,0,-225,0,0,NULL,0,0,0),(5531,3,0,-0.5,-225,0,NULL,0,0,0),(5531,4,0,0,-225.5,0,NULL,0,0,0),(5531,5,0,0,-225.5,0,NULL,0,0,0),(5531,6,0,-28,-225.5,0,NULL,0,0,0),(5531,7,0,0,-253.5,0,NULL,0,0,0),(5531,8,0,0,-253.5,0,NULL,0,0,0),(5531,9,0,0,-253.5,0,NULL,0,0,0),(5531,10,0,0,-253.5,0,NULL,0,0,0),(5531,11,0,0,-253.5,0,NULL,0,0,0),(5531,12,0,0,-253.5,0,NULL,0,0,0),(5531,13,0,0,-253.5,0,NULL,0,0,0),(5531,14,0,0,-253.5,0,NULL,0,0,0),(5531,15,0,0,-28,0,NULL,0,0,0),(5531,16,0,0,-28,0,NULL,0,0,0),(5531,17,0,0,-28,0,NULL,0,0,0),(5531,18,0,0,-28,0,NULL,0,0,0),(5531,19,0,0,-28,0,NULL,0,0,0),(5531,20,0,0,-28,0,NULL,0,0,0),(5531,21,0,0,-28,0,NULL,0,0,0),(5531,22,0,0,-28,0,NULL,0,0,0),(5531,23,0,0,-28,0,NULL,0,0,0),(5531,24,0,0,-28,0,NULL,0,0,0),(5531,25,0,0,-28,0,NULL,0,0,0),(5531,26,0,0,-28,0,NULL,0,0,0),(5531,27,0,0,-28,0,NULL,0,0,0),(5531,28,0,0,-28,0,NULL,0,0,0),(5531,29,0,0,-28,0,NULL,0,0,0),(5531,30,0,0,-28,0,NULL,0,0,0),(5531,31,0,0,-28,0,NULL,0,0,0),(5531,32,0,0,-28,0,NULL,0,0,0),(5531,33,0,0,-28,0,NULL,0,0,0),(5531,34,0,0,-28,0,NULL,0,0,0),(5531,35,0,0,-28,0,NULL,0,0,0),(5531,36,0,0,-28,0,NULL,0,0,0),(5531,37,0,0,-28,0,NULL,0,0,0),(5531,38,0,0,-28,0,NULL,0,0,0),(5531,39,0,0,-28,0,NULL,0,0,0),(5531,40,0,0,-28,0,NULL,0,0,0),(5531,41,0,0,-28,0,NULL,0,0,0),(5531,42,0,0,-28,0,NULL,0,0,0),(5531,43,0,-28,-28,0,NULL,0,0,0),(5531,44,0,0,0,0,NULL,0,0,0),(5531,45,0,0,0,0,NULL,0,0,0),(5531,46,0,0,0,0,NULL,0,0,0),(5540,-1,0,0,0,0,NULL,0,0,0),(5540,1,0,0,0,0,NULL,0,0,0),(5540,2,0,0,0,0,NULL,0,0,0),(5540,3,0,0,0,0,NULL,0,0,0),(5540,4,0,0,0,0,NULL,0,0,0),(5540,5,0,0,0,0,NULL,0,0,0),(5540,6,0,0,0,0,NULL,0,0,0),(5540,7,0,0,0,0,NULL,0,0,0),(5540,8,0,0,0,0,NULL,0,0,0),(5540,9,0,0,0,0,NULL,0,0,0),(5540,10,0,0,0,0,NULL,0,0,0),(5540,11,0,0,0,0,NULL,0,0,0),(5540,12,0,0,0,0,NULL,0,0,0),(5540,13,0,0,0,0,NULL,0,0,0),(5540,14,0,0,0,0,NULL,0,0,0),(5540,15,0,0,0,0,NULL,0,0,0),(5540,16,0,0,0,0,NULL,0,0,0),(5540,17,0,0,0,0,NULL,0,0,0),(5540,18,0,0,0,0,NULL,0,0,0),(5540,19,0,0,0,0,NULL,0,0,0),(5540,20,0,0,0,0,NULL,0,0,0),(5540,21,0,0,0,0,NULL,0,0,0),(5540,22,0,0,0,0,NULL,0,0,0),(5540,23,0,0,0,0,NULL,0,0,0),(5540,24,0,0,0,0,NULL,0,0,0),(5540,25,0,0,0,0,NULL,0,0,0),(5540,26,0,0,0,0,NULL,0,0,0),(5540,27,0,0,0,0,NULL,0,0,0),(5540,28,0,0,0,0,NULL,0,0,0),(5540,29,0,0,0,0,NULL,0,0,0),(5540,30,0,0,0,0,NULL,0,0,0),(5540,31,0,0,0,0,NULL,0,0,0),(5540,32,0,0,0,0,NULL,0,0,0),(5540,33,0,0,0,0,NULL,0,0,0),(5540,34,0,0,0,0,NULL,0,0,0),(5540,35,0,0,0,0,NULL,0,0,0),(5540,36,0,0,0,0,NULL,0,0,0),(5540,37,0,0,0,0,NULL,0,0,0),(5540,38,0,0,0,0,NULL,0,0,0),(5540,39,0,0,0,0,NULL,0,0,0),(5540,40,0,0,0,0,NULL,0,0,0),(5540,41,0,0,0,0,NULL,0,0,0),(5540,42,0,0,0,0,NULL,0,0,0),(5540,43,0,0,0,0,NULL,0,0,0),(5540,44,0,0,0,0,NULL,0,0,0),(5540,45,0,0,0,0,NULL,0,0,0),(5540,46,0,0,0,0,NULL,0,0,0),(5560,-1,0,0,0,0,NULL,0,0,0),(5560,1,0,0,0,0,NULL,0,0,0),(5560,2,0,0,0,0,NULL,0,0,0),(5560,3,0,0,0,0,NULL,0,0,0),(5560,4,0,0,0,0,NULL,0,0,0),(5560,5,0,0,0,0,NULL,0,0,0),(5560,6,0,0,0,0,NULL,0,0,0),(5560,7,0,0,0,0,NULL,0,0,0),(5560,8,0,0,0,0,NULL,0,0,0),(5560,9,0,0,0,0,NULL,0,0,0),(5560,10,0,0,0,0,NULL,0,0,0),(5560,11,0,0,0,0,NULL,0,0,0),(5560,12,0,0,0,0,NULL,0,0,0),(5560,13,0,0,0,0,NULL,0,0,0),(5560,14,0,0,0,0,NULL,0,0,0),(5560,15,0,0,0,0,NULL,0,0,0),(5560,16,0,0,0,0,NULL,0,0,0),(5560,17,0,0,0,0,NULL,0,0,0),(5560,18,0,0,0,0,NULL,0,0,0),(5560,19,0,0,0,0,NULL,0,0,0),(5560,20,0,0,0,0,NULL,0,0,0),(5560,21,0,0,0,0,NULL,0,0,0),(5560,22,0,0,0,0,NULL,0,0,0),(5560,23,0,0,0,0,NULL,0,0,0),(5560,24,0,0,0,0,NULL,0,0,0),(5560,25,0,0,0,0,NULL,0,0,0),(5560,26,0,0,0,0,NULL,0,0,0),(5560,27,0,0,0,0,NULL,0,0,0),(5560,28,0,0,0,0,NULL,0,0,0),(5560,29,0,0,0,0,NULL,0,0,0),(5560,30,0,0,0,0,NULL,0,0,0),(5560,31,0,0,0,0,NULL,0,0,0),(5560,32,0,0,0,0,NULL,0,0,0),(5560,33,0,0,0,0,NULL,0,0,0),(5560,34,0,0,0,0,NULL,0,0,0),(5560,35,0,0,0,0,NULL,0,0,0),(5560,36,0,0,0,0,NULL,0,0,0),(5560,37,0,0,0,0,NULL,0,0,0),(5560,38,0,0,0,0,NULL,0,0,0),(5560,39,0,0,0,0,NULL,0,0,0),(5560,40,0,0,0,0,NULL,0,0,0),(5560,41,0,0,0,0,NULL,0,0,0),(5560,42,0,0,0,0,NULL,0,0,0),(5560,43,0,0,0,0,NULL,0,0,0),(5560,44,0,0,0,0,NULL,0,0,0),(5560,45,0,0,0,0,NULL,0,0,0),(5560,46,0,0,0,0,NULL,0,0,0),(6010,-1,0,0,0,0,NULL,0,0,0),(6010,1,0,0,0,0,NULL,0,0,0),(6010,2,0,0,0,0,NULL,0,0,0),(6010,3,0,0,0,0,NULL,0,0,0),(6010,4,0,0,0,0,NULL,0,0,0),(6010,5,0,0,0,0,NULL,0,0,0),(6010,6,0,0,0,0,NULL,0,0,0),(6010,7,0,0,0,0,NULL,0,0,0),(6010,8,0,0,0,0,NULL,0,0,0),(6010,9,0,0,0,0,NULL,0,0,0),(6010,10,0,0,0,0,NULL,0,0,0),(6010,11,0,0,0,0,NULL,0,0,0),(6010,12,0,0,0,0,NULL,0,0,0),(6010,13,0,0,0,0,NULL,0,0,0),(6010,14,0,0,0,0,NULL,0,0,0),(6010,15,0,0,0,0,NULL,0,0,0),(6010,16,0,0,0,0,NULL,0,0,0),(6010,17,0,0,0,0,NULL,0,0,0),(6010,18,0,0,0,0,NULL,0,0,0),(6010,19,0,0,0,0,NULL,0,0,0),(6010,20,0,0,0,0,NULL,0,0,0),(6010,21,0,0,0,0,NULL,0,0,0),(6010,22,0,0,0,0,NULL,0,0,0),(6010,23,0,0,0,0,NULL,0,0,0),(6010,24,0,0,0,0,NULL,0,0,0),(6010,25,0,0,0,0,NULL,0,0,0),(6010,26,0,0,0,0,NULL,0,0,0),(6010,27,0,0,0,0,NULL,0,0,0),(6010,28,0,0,0,0,NULL,0,0,0),(6010,29,0,0,0,0,NULL,0,0,0),(6010,30,0,0,0,0,NULL,0,0,0),(6010,31,0,0,0,0,NULL,0,0,0),(6010,32,0,0,0,0,NULL,0,0,0),(6010,33,0,0,0,0,NULL,0,0,0),(6010,34,0,0,0,0,NULL,0,0,0),(6010,35,0,0,0,0,NULL,0,0,0),(6010,36,0,0,0,0,NULL,0,0,0),(6010,37,0,0,0,0,NULL,0,0,0),(6010,38,0,0,0,0,NULL,0,0,0),(6010,39,0,0,0,0,NULL,0,0,0),(6010,40,0,0,0,0,NULL,0,0,0),(6010,41,0,0,0,0,NULL,0,0,0),(6010,42,0,0,0,0,NULL,0,0,0),(6010,43,0,0,0,0,NULL,0,0,0),(6010,44,0,0,0,0,NULL,0,0,0),(6010,45,0,0,0,0,NULL,0,0,0),(6010,46,0,0,0,0,NULL,0,0,0),(6050,-1,0,0,0,0,NULL,0,0,0),(6050,1,0,0,0,0,NULL,0,0,0),(6050,2,0,0,0,0,NULL,0,0,0),(6050,3,0,0,0,0,NULL,0,0,0),(6050,4,0,0,0,0,NULL,0,0,0),(6050,5,0,0,0,0,NULL,0,0,0),(6050,6,0,0,0,0,NULL,0,0,0),(6050,7,0,0,0,0,NULL,0,0,0),(6050,8,0,0,0,0,NULL,0,0,0),(6050,9,0,0,0,0,NULL,0,0,0),(6050,10,0,0,0,0,NULL,0,0,0),(6050,11,0,0,0,0,NULL,0,0,0),(6050,12,0,0,0,0,NULL,0,0,0),(6050,13,0,0,0,0,NULL,0,0,0),(6050,14,0,0,0,0,NULL,0,0,0),(6050,15,0,0,0,0,NULL,0,0,0),(6050,16,0,0,0,0,NULL,0,0,0),(6050,17,0,0,0,0,NULL,0,0,0),(6050,18,0,0,0,0,NULL,0,0,0),(6050,19,0,0,0,0,NULL,0,0,0),(6050,20,0,0,0,0,NULL,0,0,0),(6050,21,0,0,0,0,NULL,0,0,0),(6050,22,0,0,0,0,NULL,0,0,0),(6050,23,0,0,0,0,NULL,0,0,0),(6050,24,0,0,0,0,NULL,0,0,0),(6050,25,0,0,0,0,NULL,0,0,0),(6050,26,0,0,0,0,NULL,0,0,0),(6050,27,0,0,0,0,NULL,0,0,0),(6050,28,0,0,0,0,NULL,0,0,0),(6050,29,0,0,0,0,NULL,0,0,0),(6050,30,0,0,0,0,NULL,0,0,0),(6050,31,0,0,0,0,NULL,0,0,0),(6050,32,0,0,0,0,NULL,0,0,0),(6050,33,0,0,0,0,NULL,0,0,0),(6050,34,0,0,0,0,NULL,0,0,0),(6050,35,0,0,0,0,NULL,0,0,0),(6050,36,0,0,0,0,NULL,0,0,0),(6050,37,0,0,0,0,NULL,0,0,0),(6050,38,0,0,0,0,NULL,0,0,0),(6050,39,0,0,0,0,NULL,0,0,0),(6050,40,0,0,0,0,NULL,0,0,0),(6050,41,0,0,0,0,NULL,0,0,0),(6050,42,0,0,0,0,NULL,0,0,0),(6050,43,0,0,0,0,NULL,0,0,0),(6050,44,0,0,0,0,NULL,0,0,0),(6050,45,0,0,0,0,NULL,0,0,0),(6050,46,0,0,0,0,NULL,0,0,0),(6060,-1,0,0,0,0,NULL,0,0,0),(6060,1,0,0,0,0,NULL,0,0,0),(6060,2,0,0,0,0,NULL,0,0,0),(6060,3,0,0,0,0,NULL,0,0,0),(6060,4,0,0,0,0,NULL,0,0,0),(6060,5,0,0,0,0,NULL,0,0,0),(6060,6,0,0,0,0,NULL,0,0,0),(6060,7,0,0,0,0,NULL,0,0,0),(6060,8,0,0,0,0,NULL,0,0,0),(6060,9,0,0,0,0,NULL,0,0,0),(6060,10,0,0,0,0,NULL,0,0,0),(6060,11,0,0,0,0,NULL,0,0,0),(6060,12,0,0,0,0,NULL,0,0,0),(6060,13,0,0,0,0,NULL,0,0,0),(6060,14,0,0,0,0,NULL,0,0,0),(6060,15,0,0,0,0,NULL,0,0,0),(6060,16,0,0,0,0,NULL,0,0,0),(6060,17,0,0,0,0,NULL,0,0,0),(6060,18,0,0,0,0,NULL,0,0,0),(6060,19,0,0,0,0,NULL,0,0,0),(6060,20,0,0,0,0,NULL,0,0,0),(6060,21,0,0,0,0,NULL,0,0,0),(6060,22,0,0,0,0,NULL,0,0,0),(6060,23,0,0,0,0,NULL,0,0,0),(6060,24,0,0,0,0,NULL,0,0,0),(6060,25,0,0,0,0,NULL,0,0,0),(6060,26,0,0,0,0,NULL,0,0,0),(6060,27,0,0,0,0,NULL,0,0,0),(6060,28,0,0,0,0,NULL,0,0,0),(6060,29,0,0,0,0,NULL,0,0,0),(6060,30,0,0,0,0,NULL,0,0,0),(6060,31,0,0,0,0,NULL,0,0,0),(6060,32,0,0,0,0,NULL,0,0,0),(6060,33,0,0,0,0,NULL,0,0,0),(6060,34,0,0,0,0,NULL,0,0,0),(6060,35,0,0,0,0,NULL,0,0,0),(6060,36,0,0,0,0,NULL,0,0,0),(6060,37,0,0,0,0,NULL,0,0,0),(6060,38,0,0,0,0,NULL,0,0,0),(6060,39,0,0,0,0,NULL,0,0,0),(6060,40,0,0,0,0,NULL,0,0,0),(6060,41,0,0,0,0,NULL,0,0,0),(6060,42,0,0,0,0,NULL,0,0,0),(6060,43,0,0,0,0,NULL,0,0,0),(6060,44,0,0,0,0,NULL,0,0,0),(6060,45,0,0,0,0,NULL,0,0,0),(6060,46,0,0,0,0,NULL,0,0,0),(6100,-1,0,0,0,0,NULL,0,0,0),(6100,1,0,0,0,0,NULL,0,0,0),(6100,2,0,0,0,0,NULL,0,0,0),(6100,3,0,0,0,0,NULL,0,0,0),(6100,4,0,0,0,0,NULL,0,0,0),(6100,5,0,0,0,0,NULL,0,0,0),(6100,6,0,0,0,0,NULL,0,0,0),(6100,7,0,0,0,0,NULL,0,0,0),(6100,8,0,0,0,0,NULL,0,0,0),(6100,9,0,0,0,0,NULL,0,0,0),(6100,10,0,0,0,0,NULL,0,0,0),(6100,11,0,0,0,0,NULL,0,0,0),(6100,12,0,0,0,0,NULL,0,0,0),(6100,13,0,0,0,0,NULL,0,0,0),(6100,14,0,0,0,0,NULL,0,0,0),(6100,15,0,0,0,0,NULL,0,0,0),(6100,16,0,0,0,0,NULL,0,0,0),(6100,17,0,0,0,0,NULL,0,0,0),(6100,18,0,0,0,0,NULL,0,0,0),(6100,19,0,0,0,0,NULL,0,0,0),(6100,20,0,0,0,0,NULL,0,0,0),(6100,21,0,0,0,0,NULL,0,0,0),(6100,22,0,0,0,0,NULL,0,0,0),(6100,23,0,0,0,0,NULL,0,0,0),(6100,24,0,0,0,0,NULL,0,0,0),(6100,25,0,0,0,0,NULL,0,0,0),(6100,26,0,0,0,0,NULL,0,0,0),(6100,27,0,0,0,0,NULL,0,0,0),(6100,28,0,0,0,0,NULL,0,0,0),(6100,29,0,0,0,0,NULL,0,0,0),(6100,30,0,0,0,0,NULL,0,0,0),(6100,31,0,0,0,0,NULL,0,0,0),(6100,32,0,0,0,0,NULL,0,0,0),(6100,33,0,0,0,0,NULL,0,0,0),(6100,34,0,0,0,0,NULL,0,0,0),(6100,35,0,0,0,0,NULL,0,0,0),(6100,36,0,0,0,0,NULL,0,0,0),(6100,37,0,0,0,0,NULL,0,0,0),(6100,38,0,0,0,0,NULL,0,0,0),(6100,39,0,0,0,0,NULL,0,0,0),(6100,40,0,0,0,0,NULL,0,0,0),(6100,41,0,0,0,0,NULL,0,0,0),(6100,42,0,0,0,0,NULL,0,0,0),(6100,43,0,0,0,0,NULL,0,0,0),(6100,44,0,0,0,0,NULL,0,0,0),(6100,45,0,0,0,0,NULL,0,0,0),(6100,46,0,0,0,0,NULL,0,0,0),(6120,-1,0,0,0,0,NULL,0,0,0),(6120,1,0,0,0,0,NULL,0,0,0),(6120,2,0,0,0,0,NULL,0,0,0),(6120,3,0,0,0,0,NULL,0,0,0),(6120,4,0,0,0,0,NULL,0,0,0),(6120,5,0,0,0,0,NULL,0,0,0),(6120,6,0,0,0,0,NULL,0,0,0),(6120,7,0,0,0,0,NULL,0,0,0),(6120,8,0,0,0,0,NULL,0,0,0),(6120,9,0,0,0,0,NULL,0,0,0),(6120,10,0,0,0,0,NULL,0,0,0),(6120,11,0,0,0,0,NULL,0,0,0),(6120,12,0,0,0,0,NULL,0,0,0),(6120,13,0,0,0,0,NULL,0,0,0),(6120,14,0,0,0,0,NULL,0,0,0),(6120,15,0,0,0,0,NULL,0,0,0),(6120,16,0,0,0,0,NULL,0,0,0),(6120,17,0,0,0,0,NULL,0,0,0),(6120,18,0,0,0,0,NULL,0,0,0),(6120,19,0,0,0,0,NULL,0,0,0),(6120,20,0,0,0,0,NULL,0,0,0),(6120,21,0,0,0,0,NULL,0,0,0),(6120,22,0,0,0,0,NULL,0,0,0),(6120,23,0,0,0,0,NULL,0,0,0),(6120,24,0,0,0,0,NULL,0,0,0),(6120,25,0,0,0,0,NULL,0,0,0),(6120,26,0,0,0,0,NULL,0,0,0),(6120,27,0,0,0,0,NULL,0,0,0),(6120,28,0,0,0,0,NULL,0,0,0),(6120,29,0,0,0,0,NULL,0,0,0),(6120,30,0,0,0,0,NULL,0,0,0),(6120,31,0,0,0,0,NULL,0,0,0),(6120,32,0,0,0,0,NULL,0,0,0),(6120,33,0,0,0,0,NULL,0,0,0),(6120,34,0,0,0,0,NULL,0,0,0),(6120,35,0,0,0,0,NULL,0,0,0),(6120,36,0,0,0,0,NULL,0,0,0),(6120,37,0,0,0,0,NULL,0,0,0),(6120,38,0,0,0,0,NULL,0,0,0),(6120,39,0,0,0,0,NULL,0,0,0),(6120,40,0,0,0,0,NULL,0,0,0),(6120,41,0,0,0,0,NULL,0,0,0),(6120,42,0,0,0,0,NULL,0,0,0),(6120,43,0,0,0,0,NULL,0,0,0),(6120,44,0,0,0,0,NULL,0,0,0),(6120,45,0,0,0,0,NULL,0,0,0),(6120,46,0,0,0,0,NULL,0,0,0),(6200,-1,0,0,0,0,NULL,0,0,0),(6200,1,0,0,0,0,NULL,0,0,0),(6200,2,0,0,0,0,NULL,0,0,0),(6200,3,0,0,0,0,NULL,0,0,0),(6200,4,0,0,0,0,NULL,0,0,0),(6200,5,0,0,0,0,NULL,0,0,0),(6200,6,0,0,0,0,NULL,0,0,0),(6200,7,0,0,0,0,NULL,0,0,0),(6200,8,0,0,0,0,NULL,0,0,0),(6200,9,0,0,0,0,NULL,0,0,0),(6200,10,0,0,0,0,NULL,0,0,0),(6200,11,0,0,0,0,NULL,0,0,0),(6200,12,0,0,0,0,NULL,0,0,0),(6200,13,0,0,0,0,NULL,0,0,0),(6200,14,0,0,0,0,NULL,0,0,0),(6200,15,0,0,0,0,NULL,0,0,0),(6200,16,0,0,0,0,NULL,0,0,0),(6200,17,0,0,0,0,NULL,0,0,0),(6200,18,0,0,0,0,NULL,0,0,0),(6200,19,0,0,0,0,NULL,0,0,0),(6200,20,0,0,0,0,NULL,0,0,0),(6200,21,0,0,0,0,NULL,0,0,0),(6200,22,0,0,0,0,NULL,0,0,0),(6200,23,0,0,0,0,NULL,0,0,0),(6200,24,0,0,0,0,NULL,0,0,0),(6200,25,0,0,0,0,NULL,0,0,0),(6200,26,0,0,0,0,NULL,0,0,0),(6200,27,0,0,0,0,NULL,0,0,0),(6200,28,0,0,0,0,NULL,0,0,0),(6200,29,0,0,0,0,NULL,0,0,0),(6200,30,0,0,0,0,NULL,0,0,0),(6200,31,0,0,0,0,NULL,0,0,0),(6200,32,0,0,0,0,NULL,0,0,0),(6200,33,0,0,0,0,NULL,0,0,0),(6200,34,0,0,0,0,NULL,0,0,0),(6200,35,0,0,0,0,NULL,0,0,0),(6200,36,0,0,0,0,NULL,0,0,0),(6200,37,0,0,0,0,NULL,0,0,0),(6200,38,0,0,0,0,NULL,0,0,0),(6200,39,0,0,0,0,NULL,0,0,0),(6200,40,0,0,0,0,NULL,0,0,0),(6200,41,0,0,0,0,NULL,0,0,0),(6200,42,0,0,0,0,NULL,0,0,0),(6200,43,0,0,0,0,NULL,0,0,0),(6200,44,0,0,0,0,NULL,0,0,0),(6200,45,0,0,0,0,NULL,0,0,0),(6200,46,0,0,0,0,NULL,0,0,0),(6210,-1,0,0,0,0,NULL,0,0,0),(6210,1,0,0,0,0,NULL,0,0,0),(6210,2,0,0,0,0,NULL,0,0,0),(6210,3,0,0,0,0,NULL,0,0,0),(6210,4,0,0,0,0,NULL,0,0,0),(6210,5,0,0,0,0,NULL,0,0,0),(6210,6,0,0,0,0,NULL,0,0,0),(6210,7,0,0,0,0,NULL,0,0,0),(6210,8,0,0,0,0,NULL,0,0,0),(6210,9,0,0,0,0,NULL,0,0,0),(6210,10,0,0,0,0,NULL,0,0,0),(6210,11,0,0,0,0,NULL,0,0,0),(6210,12,0,0,0,0,NULL,0,0,0),(6210,13,0,0,0,0,NULL,0,0,0),(6210,14,0,0,0,0,NULL,0,0,0),(6210,15,0,0,0,0,NULL,0,0,0),(6210,16,0,0,0,0,NULL,0,0,0),(6210,17,0,0,0,0,NULL,0,0,0),(6210,18,0,0,0,0,NULL,0,0,0),(6210,19,0,0,0,0,NULL,0,0,0),(6210,20,0,0,0,0,NULL,0,0,0),(6210,21,0,0,0,0,NULL,0,0,0),(6210,22,0,0,0,0,NULL,0,0,0),(6210,23,0,0,0,0,NULL,0,0,0),(6210,24,0,0,0,0,NULL,0,0,0),(6210,25,0,0,0,0,NULL,0,0,0),(6210,26,0,0,0,0,NULL,0,0,0),(6210,27,0,0,0,0,NULL,0,0,0),(6210,28,0,0,0,0,NULL,0,0,0),(6210,29,0,0,0,0,NULL,0,0,0),(6210,30,0,0,0,0,NULL,0,0,0),(6210,31,0,0,0,0,NULL,0,0,0),(6210,32,0,0,0,0,NULL,0,0,0),(6210,33,0,0,0,0,NULL,0,0,0),(6210,34,0,0,0,0,NULL,0,0,0),(6210,35,0,0,0,0,NULL,0,0,0),(6210,36,0,0,0,0,NULL,0,0,0),(6210,37,0,0,0,0,NULL,0,0,0),(6210,38,0,0,0,0,NULL,0,0,0),(6210,39,0,0,0,0,NULL,0,0,0),(6210,40,0,0,0,0,NULL,0,0,0),(6210,41,0,0,0,0,NULL,0,0,0),(6210,42,0,0,0,0,NULL,0,0,0),(6210,43,0,0,0,0,NULL,0,0,0),(6210,44,0,0,0,0,NULL,0,0,0),(6210,45,0,0,0,0,NULL,0,0,0),(6210,46,0,0,0,0,NULL,0,0,0),(6305,-1,0,0,0,0,NULL,0,0,0),(6305,1,0,0,0,0,NULL,0,0,0),(6305,2,0,0,0,0,NULL,0,0,0),(6305,3,0,0,0,0,NULL,0,0,0),(6305,4,0,0,0,0,NULL,0,0,0),(6305,5,0,0,0,0,NULL,0,0,0),(6305,6,0,0,0,0,NULL,0,0,0),(6305,7,0,0,0,0,NULL,0,0,0),(6305,8,0,0,0,0,NULL,0,0,0),(6305,9,0,0,0,0,NULL,0,0,0),(6305,10,0,0,0,0,NULL,0,0,0),(6305,11,0,0,0,0,NULL,0,0,0),(6305,12,0,0,0,0,NULL,0,0,0),(6305,13,0,0,0,0,NULL,0,0,0),(6305,14,0,0,0,0,NULL,0,0,0),(6305,15,0,0,0,0,NULL,0,0,0),(6305,16,0,0,0,0,NULL,0,0,0),(6305,17,0,0,0,0,NULL,0,0,0),(6305,18,0,0,0,0,NULL,0,0,0),(6305,19,0,0,0,0,NULL,0,0,0),(6305,20,0,0,0,0,NULL,0,0,0),(6305,21,0,0,0,0,NULL,0,0,0),(6305,22,0,0,0,0,NULL,0,0,0),(6305,23,0,0,0,0,NULL,0,0,0),(6305,24,0,0,0,0,NULL,0,0,0),(6305,25,0,0,0,0,NULL,0,0,0),(6305,26,0,0,0,0,NULL,0,0,0),(6305,27,0,0,0,0,NULL,0,0,0),(6305,28,0,0,0,0,NULL,0,0,0),(6305,29,0,0,0,0,NULL,0,0,0),(6305,30,0,0,0,0,NULL,0,0,0),(6305,31,0,0,0,0,NULL,0,0,0),(6305,32,0,0,0,0,NULL,0,0,0),(6305,33,0,0,0,0,NULL,0,0,0),(6305,34,0,0,0,0,NULL,0,0,0),(6305,35,0,0,0,0,NULL,0,0,0),(6305,36,0,0,0,0,NULL,0,0,0),(6305,37,0,0,0,0,NULL,0,0,0),(6305,38,0,0,0,0,NULL,0,0,0),(6305,39,0,0,0,0,NULL,0,0,0),(6305,40,0,0,0,0,NULL,0,0,0),(6305,41,0,0,0,0,NULL,0,0,0),(6305,42,0,0,0,0,NULL,0,0,0),(6305,43,0,0,0,0,NULL,0,0,0),(6305,44,0,0,0,0,NULL,0,0,0),(6305,45,0,0,0,0,NULL,0,0,0),(6305,46,0,0,0,0,NULL,0,0,0),(6310,-1,0,0,0,0,NULL,0,0,0),(6310,1,0,0,0,0,NULL,0,0,0),(6310,2,0,0,0,0,NULL,0,0,0),(6310,3,0,0,0,0,NULL,0,0,0),(6310,4,0,0,0,0,NULL,0,0,0),(6310,5,0,0,0,0,NULL,0,0,0),(6310,6,0,0,0,0,NULL,0,0,0),(6310,7,0,0,0,0,NULL,0,0,0),(6310,8,0,0,0,0,NULL,0,0,0),(6310,9,0,0,0,0,NULL,0,0,0),(6310,10,0,0,0,0,NULL,0,0,0),(6310,11,0,0,0,0,NULL,0,0,0),(6310,12,0,0,0,0,NULL,0,0,0),(6310,13,0,0,0,0,NULL,0,0,0),(6310,14,0,0,0,0,NULL,0,0,0),(6310,15,0,0,0,0,NULL,0,0,0),(6310,16,0,0,0,0,NULL,0,0,0),(6310,17,0,0,0,0,NULL,0,0,0),(6310,18,0,0,0,0,NULL,0,0,0),(6310,19,0,0,0,0,NULL,0,0,0),(6310,20,0,0,0,0,NULL,0,0,0),(6310,21,0,0,0,0,NULL,0,0,0),(6310,22,0,0,0,0,NULL,0,0,0),(6310,23,0,0,0,0,NULL,0,0,0),(6310,24,0,0,0,0,NULL,0,0,0),(6310,25,0,0,0,0,NULL,0,0,0),(6310,26,0,0,0,0,NULL,0,0,0),(6310,27,0,0,0,0,NULL,0,0,0),(6310,28,0,0,0,0,NULL,0,0,0),(6310,29,0,0,0,0,NULL,0,0,0),(6310,30,0,0,0,0,NULL,0,0,0),(6310,31,0,0,0,0,NULL,0,0,0),(6310,32,0,0,0,0,NULL,0,0,0),(6310,33,0,0,0,0,NULL,0,0,0),(6310,34,0,0,0,0,NULL,0,0,0),(6310,35,0,0,0,0,NULL,0,0,0),(6310,36,0,0,0,0,NULL,0,0,0),(6310,37,0,0,0,0,NULL,0,0,0),(6310,38,0,0,0,0,NULL,0,0,0),(6310,39,0,0,0,0,NULL,0,0,0),(6310,40,0,0,0,0,NULL,0,0,0),(6310,41,0,0,0,0,NULL,0,0,0),(6310,42,0,0,0,0,NULL,0,0,0),(6310,43,0,0,0,0,NULL,0,0,0),(6310,44,0,0,0,0,NULL,0,0,0),(6310,45,0,0,0,0,NULL,0,0,0),(6310,46,0,0,0,0,NULL,0,0,0),(6315,-1,0,0,0,0,NULL,0,0,0),(6315,1,0,0,0,0,NULL,0,0,0),(6315,2,0,0,0,0,NULL,0,0,0),(6315,3,0,0,0,0,NULL,0,0,0),(6315,4,0,0,0,0,NULL,0,0,0),(6315,5,0,0,0,0,NULL,0,0,0),(6315,6,0,0,0,0,NULL,0,0,0),(6315,7,0,0,0,0,NULL,0,0,0),(6315,8,0,0,0,0,NULL,0,0,0),(6315,9,0,0,0,0,NULL,0,0,0),(6315,10,0,0,0,0,NULL,0,0,0),(6315,11,0,0,0,0,NULL,0,0,0),(6315,12,0,0,0,0,NULL,0,0,0),(6315,13,0,0,0,0,NULL,0,0,0),(6315,14,0,0,0,0,NULL,0,0,0),(6315,15,0,0,0,0,NULL,0,0,0),(6315,16,0,0,0,0,NULL,0,0,0),(6315,17,0,0,0,0,NULL,0,0,0),(6315,18,0,0,0,0,NULL,0,0,0),(6315,19,0,0,0,0,NULL,0,0,0),(6315,20,0,0,0,0,NULL,0,0,0),(6315,21,0,0,0,0,NULL,0,0,0),(6315,22,0,0,0,0,NULL,0,0,0),(6315,23,0,0,0,0,NULL,0,0,0),(6315,24,0,0,0,0,NULL,0,0,0),(6315,25,0,0,0,0,NULL,0,0,0),(6315,26,0,0,0,0,NULL,0,0,0),(6315,27,0,0,0,0,NULL,0,0,0),(6315,28,0,0,0,0,NULL,0,0,0),(6315,29,0,0,0,0,NULL,0,0,0),(6315,30,0,0,0,0,NULL,0,0,0),(6315,31,0,0,0,0,NULL,0,0,0),(6315,32,0,0,0,0,NULL,0,0,0),(6315,33,0,0,0,0,NULL,0,0,0),(6315,34,0,0,0,0,NULL,0,0,0),(6315,35,0,0,0,0,NULL,0,0,0),(6315,36,0,0,0,0,NULL,0,0,0),(6315,37,0,0,0,0,NULL,0,0,0),(6315,38,0,0,0,0,NULL,0,0,0),(6315,39,0,0,0,0,NULL,0,0,0),(6315,40,0,0,0,0,NULL,0,0,0),(6315,41,0,0,0,0,NULL,0,0,0),(6315,42,0,0,0,0,NULL,0,0,0),(6315,43,0,0,0,0,NULL,0,0,0),(6315,44,0,0,0,0,NULL,0,0,0),(6315,45,0,0,0,0,NULL,0,0,0),(6315,46,0,0,0,0,NULL,0,0,0),(6320,-1,0,0,0,0,NULL,0,0,0),(6320,1,0,0,0,0,NULL,0,0,0),(6320,2,0,0,0,0,NULL,0,0,0),(6320,3,0,0,0,0,NULL,0,0,0),(6320,4,0,0,0,0,NULL,0,0,0),(6320,5,0,0,0,0,NULL,0,0,0),(6320,6,0,0,0,0,NULL,0,0,0),(6320,7,0,0,0,0,NULL,0,0,0),(6320,8,0,0,0,0,NULL,0,0,0),(6320,9,0,0,0,0,NULL,0,0,0),(6320,10,0,0,0,0,NULL,0,0,0),(6320,11,0,0,0,0,NULL,0,0,0),(6320,12,0,0,0,0,NULL,0,0,0),(6320,13,0,0,0,0,NULL,0,0,0),(6320,14,0,0,0,0,NULL,0,0,0),(6320,15,0,0,0,0,NULL,0,0,0),(6320,16,0,0,0,0,NULL,0,0,0),(6320,17,0,0,0,0,NULL,0,0,0),(6320,18,0,0,0,0,NULL,0,0,0),(6320,19,0,0,0,0,NULL,0,0,0),(6320,20,0,0,0,0,NULL,0,0,0),(6320,21,0,0,0,0,NULL,0,0,0),(6320,22,0,0,0,0,NULL,0,0,0),(6320,23,0,0,0,0,NULL,0,0,0),(6320,24,0,0,0,0,NULL,0,0,0),(6320,25,0,0,0,0,NULL,0,0,0),(6320,26,0,0,0,0,NULL,0,0,0),(6320,27,0,0,0,0,NULL,0,0,0),(6320,28,0,0,0,0,NULL,0,0,0),(6320,29,0,0,0,0,NULL,0,0,0),(6320,30,0,0,0,0,NULL,0,0,0),(6320,31,0,0,0,0,NULL,0,0,0),(6320,32,0,0,0,0,NULL,0,0,0),(6320,33,0,0,0,0,NULL,0,0,0),(6320,34,0,0,0,0,NULL,0,0,0),(6320,35,0,0,0,0,NULL,0,0,0),(6320,36,0,0,0,0,NULL,0,0,0),(6320,37,0,0,0,0,NULL,0,0,0),(6320,38,0,0,0,0,NULL,0,0,0),(6320,39,0,0,0,0,NULL,0,0,0),(6320,40,0,0,0,0,NULL,0,0,0),(6320,41,0,0,0,0,NULL,0,0,0),(6320,42,0,0,0,0,NULL,0,0,0),(6320,43,0,0,0,0,NULL,0,0,0),(6320,44,0,0,0,0,NULL,0,0,0),(6320,45,0,0,0,0,NULL,0,0,0),(6320,46,0,0,0,0,NULL,0,0,0),(6400,-1,0,0,0,0,NULL,0,0,0),(6400,1,0,0,0,0,NULL,0,0,0),(6400,2,0,0,0,0,NULL,0,0,0),(6400,3,0,0,0,0,NULL,0,0,0),(6400,4,0,0,0,0,NULL,0,0,0),(6400,5,0,0,0,0,NULL,0,0,0),(6400,6,0,0,0,0,NULL,0,0,0),(6400,7,0,0,0,0,NULL,0,0,0),(6400,8,0,0,0,0,NULL,0,0,0),(6400,9,0,0,0,0,NULL,0,0,0),(6400,10,0,0,0,0,NULL,0,0,0),(6400,11,0,0,0,0,NULL,0,0,0),(6400,12,0,0,0,0,NULL,0,0,0),(6400,13,0,0,0,0,NULL,0,0,0),(6400,14,0,0,0,0,NULL,0,0,0),(6400,15,0,0,0,0,NULL,0,0,0),(6400,16,0,0,0,0,NULL,0,0,0),(6400,17,0,0,0,0,NULL,0,0,0),(6400,18,0,0,0,0,NULL,0,0,0),(6400,19,0,0,0,0,NULL,0,0,0),(6400,20,0,0,0,0,NULL,0,0,0),(6400,21,0,0,0,0,NULL,0,0,0),(6400,22,0,0,0,0,NULL,0,0,0),(6400,23,0,0,0,0,NULL,0,0,0),(6400,24,0,0,0,0,NULL,0,0,0),(6400,25,0,0,0,0,NULL,0,0,0),(6400,26,0,0,0,0,NULL,0,0,0),(6400,27,0,0,0,0,NULL,0,0,0),(6400,28,0,0,0,0,NULL,0,0,0),(6400,29,0,0,0,0,NULL,0,0,0),(6400,30,0,0,0,0,NULL,0,0,0),(6400,31,0,0,0,0,NULL,0,0,0),(6400,32,0,0,0,0,NULL,0,0,0),(6400,33,0,0,0,0,NULL,0,0,0),(6400,34,0,0,0,0,NULL,0,0,0),(6400,35,0,0,0,0,NULL,0,0,0),(6400,36,0,0,0,0,NULL,0,0,0),(6400,37,0,0,0,0,NULL,0,0,0),(6400,38,0,0,0,0,NULL,0,0,0),(6400,39,0,0,0,0,NULL,0,0,0),(6400,40,0,0,0,0,NULL,0,0,0),(6400,41,0,0,0,0,NULL,0,0,0),(6400,42,0,0,0,0,NULL,0,0,0),(6400,43,0,0,0,0,NULL,0,0,0),(6400,44,0,0,0,0,NULL,0,0,0),(6400,45,0,0,0,0,NULL,0,0,0),(6400,46,0,0,0,0,NULL,0,0,0),(6430,-1,0,0,0,0,NULL,0,0,0),(6430,1,0,0,0,0,NULL,0,0,0),(6430,2,0,0,0,0,NULL,0,0,0),(6430,3,0,0,0,0,NULL,0,0,0),(6430,4,0,0,0,0,NULL,0,0,0),(6430,5,0,0,0,0,NULL,0,0,0),(6430,6,0,0,0,0,NULL,0,0,0),(6430,7,0,0,0,0,NULL,0,0,0),(6430,8,0,0,0,0,NULL,0,0,0),(6430,9,0,0,0,0,NULL,0,0,0),(6430,10,0,0,0,0,NULL,0,0,0),(6430,11,0,0,0,0,NULL,0,0,0),(6430,12,0,0,0,0,NULL,0,0,0),(6430,13,0,0,0,0,NULL,0,0,0),(6430,14,0,0,0,0,NULL,0,0,0),(6430,15,0,0,0,0,NULL,0,0,0),(6430,16,0,0,0,0,NULL,0,0,0),(6430,17,0,0,0,0,NULL,0,0,0),(6430,18,0,0,0,0,NULL,0,0,0),(6430,19,0,0,0,0,NULL,0,0,0),(6430,20,0,0,0,0,NULL,0,0,0),(6430,21,0,0,0,0,NULL,0,0,0),(6430,22,0,0,0,0,NULL,0,0,0),(6430,23,0,0,0,0,NULL,0,0,0),(6430,24,0,0,0,0,NULL,0,0,0),(6430,25,0,0,0,0,NULL,0,0,0),(6430,26,0,0,0,0,NULL,0,0,0),(6430,27,0,0,0,0,NULL,0,0,0),(6430,28,0,0,0,0,NULL,0,0,0),(6430,29,0,0,0,0,NULL,0,0,0),(6430,30,0,0,0,0,NULL,0,0,0),(6430,31,0,0,0,0,NULL,0,0,0),(6430,32,0,0,0,0,NULL,0,0,0),(6430,33,0,0,0,0,NULL,0,0,0),(6430,34,0,0,0,0,NULL,0,0,0),(6430,35,0,0,0,0,NULL,0,0,0),(6430,36,0,0,0,0,NULL,0,0,0),(6430,37,0,0,0,0,NULL,0,0,0),(6430,38,0,0,0,0,NULL,0,0,0),(6430,39,0,0,0,0,NULL,0,0,0),(6430,40,0,0,0,0,NULL,0,0,0),(6430,41,0,0,0,0,NULL,0,0,0),(6430,42,0,0,0,0,NULL,0,0,0),(6430,43,0,0,0,0,NULL,0,0,0),(6430,44,0,0,0,0,NULL,0,0,0),(6430,45,0,0,0,0,NULL,0,0,0),(6430,46,0,0,0,0,NULL,0,0,0),(6450,-1,0,0,0,0,NULL,0,0,0),(6450,1,0,0,0,0,NULL,0,0,0),(6450,2,0,0,0,0,NULL,0,0,0),(6450,3,0,0,0,0,NULL,0,0,0),(6450,4,0,0,0,0,NULL,0,0,0),(6450,5,0,0,0,0,NULL,0,0,0),(6450,6,0,0,0,0,NULL,0,0,0),(6450,7,0,0,0,0,NULL,0,0,0),(6450,8,0,0,0,0,NULL,0,0,0),(6450,9,0,0,0,0,NULL,0,0,0),(6450,10,0,0,0,0,NULL,0,0,0),(6450,11,0,0,0,0,NULL,0,0,0),(6450,12,0,0,0,0,NULL,0,0,0),(6450,13,0,0,0,0,NULL,0,0,0),(6450,14,0,0,0,0,NULL,0,0,0),(6450,15,0,0,0,0,NULL,0,0,0),(6450,16,0,0,0,0,NULL,0,0,0),(6450,17,0,0,0,0,NULL,0,0,0),(6450,18,0,0,0,0,NULL,0,0,0),(6450,19,0,0,0,0,NULL,0,0,0),(6450,20,0,0,0,0,NULL,0,0,0),(6450,21,0,0,0,0,NULL,0,0,0),(6450,22,0,0,0,0,NULL,0,0,0),(6450,23,0,0,0,0,NULL,0,0,0),(6450,24,0,0,0,0,NULL,0,0,0),(6450,25,0,0,0,0,NULL,0,0,0),(6450,26,0,0,0,0,NULL,0,0,0),(6450,27,0,0,0,0,NULL,0,0,0),(6450,28,0,0,0,0,NULL,0,0,0),(6450,29,0,0,0,0,NULL,0,0,0),(6450,30,0,0,0,0,NULL,0,0,0),(6450,31,0,0,0,0,NULL,0,0,0),(6450,32,0,0,0,0,NULL,0,0,0),(6450,33,0,0,0,0,NULL,0,0,0),(6450,34,0,0,0,0,NULL,0,0,0),(6450,35,0,0,0,0,NULL,0,0,0),(6450,36,0,0,0,0,NULL,0,0,0),(6450,37,0,0,0,0,NULL,0,0,0),(6450,38,0,0,0,0,NULL,0,0,0),(6450,39,0,0,0,0,NULL,0,0,0),(6450,40,0,0,0,0,NULL,0,0,0),(6450,41,0,0,0,0,NULL,0,0,0),(6450,42,0,0,0,0,NULL,0,0,0),(6450,43,0,0,0,0,NULL,0,0,0),(6450,44,0,0,0,0,NULL,0,0,0),(6450,45,0,0,0,0,NULL,0,0,0),(6450,46,0,0,0,0,NULL,0,0,0),(6500,-1,0,0,0,0,NULL,0,0,0),(6500,1,0,0,0,0,NULL,0,0,0),(6500,2,0,0,0,0,NULL,0,0,0),(6500,3,0,0,0,0,NULL,0,0,0),(6500,4,0,0,0,0,NULL,0,0,0),(6500,5,0,0,0,0,NULL,0,0,0),(6500,6,0,0,0,0,NULL,0,0,0),(6500,7,0,0,0,0,NULL,0,0,0),(6500,8,0,0,0,0,NULL,0,0,0),(6500,9,0,0,0,0,NULL,0,0,0),(6500,10,0,0,0,0,NULL,0,0,0),(6500,11,0,0,0,0,NULL,0,0,0),(6500,12,0,0,0,0,NULL,0,0,0),(6500,13,0,0,0,0,NULL,0,0,0),(6500,14,0,0,0,0,NULL,0,0,0),(6500,15,0,0,0,0,NULL,0,0,0),(6500,16,0,0,0,0,NULL,0,0,0),(6500,17,0,0,0,0,NULL,0,0,0),(6500,18,0,0,0,0,NULL,0,0,0),(6500,19,0,0,0,0,NULL,0,0,0),(6500,20,0,0,0,0,NULL,0,0,0),(6500,21,0,0,0,0,NULL,0,0,0),(6500,22,0,0,0,0,NULL,0,0,0),(6500,23,0,0,0,0,NULL,0,0,0),(6500,24,0,0,0,0,NULL,0,0,0),(6500,25,0,0,0,0,NULL,0,0,0),(6500,26,0,0,0,0,NULL,0,0,0),(6500,27,0,0,0,0,NULL,0,0,0),(6500,28,0,0,0,0,NULL,0,0,0),(6500,29,0,0,0,0,NULL,0,0,0),(6500,30,0,0,0,0,NULL,0,0,0),(6500,31,0,0,0,0,NULL,0,0,0),(6500,32,0,0,0,0,NULL,0,0,0),(6500,33,0,0,0,0,NULL,0,0,0),(6500,34,0,0,0,0,NULL,0,0,0),(6500,35,0,0,0,0,NULL,0,0,0),(6500,36,0,0,0,0,NULL,0,0,0),(6500,37,0,0,0,0,NULL,0,0,0),(6500,38,0,0,0,0,NULL,0,0,0),(6500,39,0,0,0,0,NULL,0,0,0),(6500,40,0,0,0,0,NULL,0,0,0),(6500,41,0,0,0,0,NULL,0,0,0),(6500,42,0,0,0,0,NULL,0,0,0),(6500,43,0,0,0,0,NULL,0,0,0),(6500,44,0,0,0,0,NULL,0,0,0),(6500,45,0,0,0,0,NULL,0,0,0),(6500,46,0,0,0,0,NULL,0,0,0),(6550,-1,0,0,0,0,NULL,0,0,0),(6550,1,0,0,0,0,NULL,0,0,0),(6550,2,0,0,0,0,NULL,0,0,0),(6550,3,0,0,0,0,NULL,0,0,0),(6550,4,0,0,0,0,NULL,0,0,0),(6550,5,0,0,0,0,NULL,0,0,0),(6550,6,0,0,0,0,NULL,0,0,0),(6550,7,0,0,0,0,NULL,0,0,0),(6550,8,0,0,0,0,NULL,0,0,0),(6550,9,0,0,0,0,NULL,0,0,0),(6550,10,0,0,0,0,NULL,0,0,0),(6550,11,0,0,0,0,NULL,0,0,0),(6550,12,0,0,0,0,NULL,0,0,0),(6550,13,0,0,0,0,NULL,0,0,0),(6550,14,0,0,0,0,NULL,0,0,0),(6550,15,0,0,0,0,NULL,0,0,0),(6550,16,0,0,0,0,NULL,0,0,0),(6550,17,0,0,0,0,NULL,0,0,0),(6550,18,0,0,0,0,NULL,0,0,0),(6550,19,0,0,0,0,NULL,0,0,0),(6550,20,0,0,0,0,NULL,0,0,0),(6550,21,0,0,0,0,NULL,0,0,0),(6550,22,0,0,0,0,NULL,0,0,0),(6550,23,0,0,0,0,NULL,0,0,0),(6550,24,0,0,0,0,NULL,0,0,0),(6550,25,0,0,0,0,NULL,0,0,0),(6550,26,0,0,0,0,NULL,0,0,0),(6550,27,0,0,0,0,NULL,0,0,0),(6550,28,0,0,0,0,NULL,0,0,0),(6550,29,0,0,0,0,NULL,0,0,0),(6550,30,0,0,0,0,NULL,0,0,0),(6550,31,0,0,0,0,NULL,0,0,0),(6550,32,0,0,0,0,NULL,0,0,0),(6550,33,0,0,0,0,NULL,0,0,0),(6550,34,0,0,0,0,NULL,0,0,0),(6550,35,0,0,0,0,NULL,0,0,0),(6550,36,0,0,0,0,NULL,0,0,0),(6550,37,0,0,0,0,NULL,0,0,0),(6550,38,0,0,0,0,NULL,0,0,0),(6550,39,0,0,0,0,NULL,0,0,0),(6550,40,0,0,0,0,NULL,0,0,0),(6550,41,0,0,0,0,NULL,0,0,0),(6550,42,0,0,0,0,NULL,0,0,0),(6550,43,0,0,0,0,NULL,0,0,0),(6550,44,0,0,0,0,NULL,0,0,0),(6550,45,0,0,0,0,NULL,0,0,0),(6550,46,0,0,0,0,NULL,0,0,0),(6560,-1,0,0,0,0,NULL,0,0,0),(6560,1,0,0,0,0,NULL,0,0,0),(6560,2,0,0,0,0,NULL,0,0,0),(6560,3,0,0,0,0,NULL,0,0,0),(6560,4,0,0,0,0,NULL,0,0,0),(6560,5,0,0,0,0,NULL,0,0,0),(6560,6,0,0,0,0,NULL,0,0,0),(6560,7,0,0,0,0,NULL,0,0,0),(6560,8,0,0,0,0,NULL,0,0,0),(6560,9,0,0,0,0,NULL,0,0,0),(6560,10,0,0,0,0,NULL,0,0,0),(6560,11,0,0,0,0,NULL,0,0,0),(6560,12,0,0,0,0,NULL,0,0,0),(6560,13,0,0,0,0,NULL,0,0,0),(6560,14,0,0,0,0,NULL,0,0,0),(6560,15,0,0,0,0,NULL,0,0,0),(6560,16,0,0,0,0,NULL,0,0,0),(6560,17,0,0,0,0,NULL,0,0,0),(6560,18,0,0,0,0,NULL,0,0,0),(6560,19,0,0,0,0,NULL,0,0,0),(6560,20,0,0,0,0,NULL,0,0,0),(6560,21,0,0,0,0,NULL,0,0,0),(6560,22,0,0,0,0,NULL,0,0,0),(6560,23,0,0,0,0,NULL,0,0,0),(6560,24,0,0,0,0,NULL,0,0,0),(6560,25,0,0,0,0,NULL,0,0,0),(6560,26,0,0,0,0,NULL,0,0,0),(6560,27,0,0,0,0,NULL,0,0,0),(6560,28,0,0,0,0,NULL,0,0,0),(6560,29,0,0,0,0,NULL,0,0,0),(6560,30,0,0,0,0,NULL,0,0,0),(6560,31,0,0,0,0,NULL,0,0,0),(6560,32,0,0,0,0,NULL,0,0,0),(6560,33,0,0,0,0,NULL,0,0,0),(6560,34,0,0,0,0,NULL,0,0,0),(6560,35,0,0,0,0,NULL,0,0,0),(6560,36,0,0,0,0,NULL,0,0,0),(6560,37,0,0,0,0,NULL,0,0,0),(6560,38,0,0,0,0,NULL,0,0,0),(6560,39,0,0,0,0,NULL,0,0,0),(6560,40,0,0,0,0,NULL,0,0,0),(6560,41,0,0,0,0,NULL,0,0,0),(6560,42,0,0,0,0,NULL,0,0,0),(6560,43,0,0,0,0,NULL,0,0,0),(6560,44,0,0,0,0,NULL,0,0,0),(6560,45,0,0,0,0,NULL,0,0,0),(6560,46,0,0,0,0,NULL,0,0,0),(6570,-1,0,0,0,0,NULL,0,0,0),(6570,1,0,0,0,0,NULL,0,0,0),(6570,2,0,0,0,0,NULL,0,0,0),(6570,3,0,0,0,0,NULL,0,0,0),(6570,4,0,0,0,0,NULL,0,0,0),(6570,5,0,0,0,0,NULL,0,0,0),(6570,6,0,0,0,0,NULL,0,0,0),(6570,7,0,0,0,0,NULL,0,0,0),(6570,8,0,0,0,0,NULL,0,0,0),(6570,9,0,0,0,0,NULL,0,0,0),(6570,10,0,0,0,0,NULL,0,0,0),(6570,11,0,0,0,0,NULL,0,0,0),(6570,12,0,0,0,0,NULL,0,0,0),(6570,13,0,0,0,0,NULL,0,0,0),(6570,14,0,0,0,0,NULL,0,0,0),(6570,15,0,0,0,0,NULL,0,0,0),(6570,16,0,0,0,0,NULL,0,0,0),(6570,17,0,0,0,0,NULL,0,0,0),(6570,18,0,0,0,0,NULL,0,0,0),(6570,19,0,0,0,0,NULL,0,0,0),(6570,20,0,0,0,0,NULL,0,0,0),(6570,21,0,0,0,0,NULL,0,0,0),(6570,22,0,0,0,0,NULL,0,0,0),(6570,23,0,0,0,0,NULL,0,0,0),(6570,24,0,0,0,0,NULL,0,0,0),(6570,25,0,0,0,0,NULL,0,0,0),(6570,26,0,0,0,0,NULL,0,0,0),(6570,27,0,0,0,0,NULL,0,0,0),(6570,28,0,0,0,0,NULL,0,0,0),(6570,29,0,0,0,0,NULL,0,0,0),(6570,30,0,0,0,0,NULL,0,0,0),(6570,31,0,0,0,0,NULL,0,0,0),(6570,32,0,0,0,0,NULL,0,0,0),(6570,33,0,0,0,0,NULL,0,0,0),(6570,34,0,0,0,0,NULL,0,0,0),(6570,35,0,0,0,0,NULL,0,0,0),(6570,36,0,0,0,0,NULL,0,0,0),(6570,37,0,0,0,0,NULL,0,0,0),(6570,38,0,0,0,0,NULL,0,0,0),(6570,39,0,0,0,0,NULL,0,0,0),(6570,40,0,0,0,0,NULL,0,0,0),(6570,41,0,0,0,0,NULL,0,0,0),(6570,42,0,0,0,0,NULL,0,0,0),(6570,43,0,0,0,0,NULL,0,0,0),(6570,44,0,0,0,0,NULL,0,0,0),(6570,45,0,0,0,0,NULL,0,0,0),(6570,46,0,0,0,0,NULL,0,0,0),(6580,-1,0,0,0,0,NULL,0,0,0),(6580,1,0,0,0,0,NULL,0,0,0),(6580,2,0,0,0,0,NULL,0,0,0),(6580,3,0,0,0,0,NULL,0,0,0),(6580,4,0,0,0,0,NULL,0,0,0),(6580,5,0,0,0,0,NULL,0,0,0),(6580,6,0,0,0,0,NULL,0,0,0),(6580,7,0,0,0,0,NULL,0,0,0),(6580,8,0,0,0,0,NULL,0,0,0),(6580,9,0,0,0,0,NULL,0,0,0),(6580,10,0,0,0,0,NULL,0,0,0),(6580,11,0,0,0,0,NULL,0,0,0),(6580,12,0,0,0,0,NULL,0,0,0),(6580,13,0,0,0,0,NULL,0,0,0),(6580,14,0,0,0,0,NULL,0,0,0),(6580,15,0,0,0,0,NULL,0,0,0),(6580,16,0,0,0,0,NULL,0,0,0),(6580,17,0,0,0,0,NULL,0,0,0),(6580,18,0,0,0,0,NULL,0,0,0),(6580,19,0,0,0,0,NULL,0,0,0),(6580,20,0,0,0,0,NULL,0,0,0),(6580,21,0,0,0,0,NULL,0,0,0),(6580,22,0,0,0,0,NULL,0,0,0),(6580,23,0,0,0,0,NULL,0,0,0),(6580,24,0,0,0,0,NULL,0,0,0),(6580,25,0,0,0,0,NULL,0,0,0),(6580,26,0,0,0,0,NULL,0,0,0),(6580,27,0,0,0,0,NULL,0,0,0),(6580,28,0,0,0,0,NULL,0,0,0),(6580,29,0,0,0,0,NULL,0,0,0),(6580,30,0,0,0,0,NULL,0,0,0),(6580,31,0,0,0,0,NULL,0,0,0),(6580,32,0,0,0,0,NULL,0,0,0),(6580,33,0,0,0,0,NULL,0,0,0),(6580,34,0,0,0,0,NULL,0,0,0),(6580,35,0,0,0,0,NULL,0,0,0),(6580,36,0,0,0,0,NULL,0,0,0),(6580,37,0,0,0,0,NULL,0,0,0),(6580,38,0,0,0,0,NULL,0,0,0),(6580,39,0,0,0,0,NULL,0,0,0),(6580,40,0,0,0,0,NULL,0,0,0),(6580,41,0,0,0,0,NULL,0,0,0),(6580,42,0,0,0,0,NULL,0,0,0),(6580,43,0,0,0,0,NULL,0,0,0),(6580,44,0,0,0,0,NULL,0,0,0),(6580,45,0,0,0,0,NULL,0,0,0),(6580,46,0,0,0,0,NULL,0,0,0),(6600,-1,0,0,0,0,NULL,0,0,0),(6600,1,0,0,0,0,NULL,0,0,0),(6600,2,0,0,0,0,NULL,0,0,0),(6600,3,0,0,0,0,NULL,0,0,0),(6600,4,0,0,0,0,NULL,0,0,0),(6600,5,0,0,0,0,NULL,0,0,0),(6600,6,0,0,0,0,NULL,0,0,0),(6600,7,0,0,0,0,NULL,0,0,0),(6600,8,0,0,0,0,NULL,0,0,0),(6600,9,0,0,0,0,NULL,0,0,0),(6600,10,0,0,0,0,NULL,0,0,0),(6600,11,0,0,0,0,NULL,0,0,0),(6600,12,0,0,0,0,NULL,0,0,0),(6600,13,0,0,0,0,NULL,0,0,0),(6600,14,0,0,0,0,NULL,0,0,0),(6600,15,0,0,0,0,NULL,0,0,0),(6600,16,0,0,0,0,NULL,0,0,0),(6600,17,0,0,0,0,NULL,0,0,0),(6600,18,0,0,0,0,NULL,0,0,0),(6600,19,0,0,0,0,NULL,0,0,0),(6600,20,0,0,0,0,NULL,0,0,0),(6600,21,0,0,0,0,NULL,0,0,0),(6600,22,0,0,0,0,NULL,0,0,0),(6600,23,0,0,0,0,NULL,0,0,0),(6600,24,0,0,0,0,NULL,0,0,0),(6600,25,0,0,0,0,NULL,0,0,0),(6600,26,0,0,0,0,NULL,0,0,0),(6600,27,0,0,0,0,NULL,0,0,0),(6600,28,0,0,0,0,NULL,0,0,0),(6600,29,0,0,0,0,NULL,0,0,0),(6600,30,0,0,0,0,NULL,0,0,0),(6600,31,0,0,0,0,NULL,0,0,0),(6600,32,0,0,0,0,NULL,0,0,0),(6600,33,0,0,0,0,NULL,0,0,0),(6600,34,0,0,0,0,NULL,0,0,0),(6600,35,0,0,0,0,NULL,0,0,0),(6600,36,0,0,0,0,NULL,0,0,0),(6600,37,0,0,0,0,NULL,0,0,0),(6600,38,0,0,0,0,NULL,0,0,0),(6600,39,0,0,0,0,NULL,0,0,0),(6600,40,0,0,0,0,NULL,0,0,0),(6600,41,0,0,0,0,NULL,0,0,0),(6600,42,0,0,0,0,NULL,0,0,0),(6600,43,0,0,0,0,NULL,0,0,0),(6600,44,0,0,0,0,NULL,0,0,0),(6600,45,0,0,0,0,NULL,0,0,0),(6600,46,0,0,0,0,NULL,0,0,0),(6610,-1,0,0,0,0,NULL,0,0,0),(6610,1,0,0,0,0,NULL,0,0,0),(6610,2,0,0,0,0,NULL,0,0,0),(6610,3,0,0,0,0,NULL,0,0,0),(6610,4,0,0,0,0,NULL,0,0,0),(6610,5,0,0,0,0,NULL,0,0,0),(6610,6,0,0,0,0,NULL,0,0,0),(6610,7,0,0,0,0,NULL,0,0,0),(6610,8,0,0,0,0,NULL,0,0,0),(6610,9,0,0,0,0,NULL,0,0,0),(6610,10,0,0,0,0,NULL,0,0,0),(6610,11,0,0,0,0,NULL,0,0,0),(6610,12,0,0,0,0,NULL,0,0,0),(6610,13,0,0,0,0,NULL,0,0,0),(6610,14,0,0,0,0,NULL,0,0,0),(6610,15,0,0,0,0,NULL,0,0,0),(6610,16,0,0,0,0,NULL,0,0,0),(6610,17,0,0,0,0,NULL,0,0,0),(6610,18,0,0,0,0,NULL,0,0,0),(6610,19,0,0,0,0,NULL,0,0,0),(6610,20,0,0,0,0,NULL,0,0,0),(6610,21,0,0,0,0,NULL,0,0,0),(6610,22,0,0,0,0,NULL,0,0,0),(6610,23,0,0,0,0,NULL,0,0,0),(6610,24,0,0,0,0,NULL,0,0,0),(6610,25,0,0,0,0,NULL,0,0,0),(6610,26,0,0,0,0,NULL,0,0,0),(6610,27,0,0,0,0,NULL,0,0,0),(6610,28,0,0,0,0,NULL,0,0,0),(6610,29,0,0,0,0,NULL,0,0,0),(6610,30,0,0,0,0,NULL,0,0,0),(6610,31,0,0,0,0,NULL,0,0,0),(6610,32,0,0,0,0,NULL,0,0,0),(6610,33,0,0,0,0,NULL,0,0,0),(6610,34,0,0,0,0,NULL,0,0,0),(6610,35,0,0,0,0,NULL,0,0,0),(6610,36,0,0,0,0,NULL,0,0,0),(6610,37,0,0,0,0,NULL,0,0,0),(6610,38,0,0,0,0,NULL,0,0,0),(6610,39,0,0,0,0,NULL,0,0,0),(6610,40,0,0,0,0,NULL,0,0,0),(6610,41,0,0,0,0,NULL,0,0,0),(6610,42,0,0,0,0,NULL,0,0,0),(6610,43,0,0,0,0,NULL,0,0,0),(6610,44,0,0,0,0,NULL,0,0,0),(6610,45,0,0,0,0,NULL,0,0,0),(6610,46,0,0,0,0,NULL,0,0,0),(6615,-1,0,0,0,0,NULL,0,0,0),(6615,1,0,0,0,0,NULL,0,0,0),(6615,2,0,0,0,0,NULL,0,0,0),(6615,3,0,0,0,0,NULL,0,0,0),(6615,4,0,0,0,0,NULL,0,0,0),(6615,5,0,0,0,0,NULL,0,0,0),(6615,6,0,0,0,0,NULL,0,0,0),(6615,7,0,0,0,0,NULL,0,0,0),(6615,8,0,0,0,0,NULL,0,0,0),(6615,9,0,0,0,0,NULL,0,0,0),(6615,10,0,0,0,0,NULL,0,0,0),(6615,11,0,0,0,0,NULL,0,0,0),(6615,12,0,0,0,0,NULL,0,0,0),(6615,13,0,0,0,0,NULL,0,0,0),(6615,14,0,0,0,0,NULL,0,0,0),(6615,15,0,0,0,0,NULL,0,0,0),(6615,16,0,0,0,0,NULL,0,0,0),(6615,17,0,0,0,0,NULL,0,0,0),(6615,18,0,0,0,0,NULL,0,0,0),(6615,19,0,0,0,0,NULL,0,0,0),(6615,20,0,0,0,0,NULL,0,0,0),(6615,21,0,0,0,0,NULL,0,0,0),(6615,22,0,0,0,0,NULL,0,0,0),(6615,23,0,0,0,0,NULL,0,0,0),(6615,24,0,0,0,0,NULL,0,0,0),(6615,25,0,0,0,0,NULL,0,0,0),(6615,26,0,0,0,0,NULL,0,0,0),(6615,27,0,0,0,0,NULL,0,0,0),(6615,28,0,0,0,0,NULL,0,0,0),(6615,29,0,0,0,0,NULL,0,0,0),(6615,30,0,0,0,0,NULL,0,0,0),(6615,31,0,0,0,0,NULL,0,0,0),(6615,32,0,0,0,0,NULL,0,0,0),(6615,33,0,0,0,0,NULL,0,0,0),(6615,34,0,0,0,0,NULL,0,0,0),(6615,35,0,0,0,0,NULL,0,0,0),(6615,36,0,0,0,0,NULL,0,0,0),(6615,37,0,0,0,0,NULL,0,0,0),(6615,38,0,0,0,0,NULL,0,0,0),(6615,39,0,0,0,0,NULL,0,0,0),(6615,40,0,0,0,0,NULL,0,0,0),(6615,41,0,0,0,0,NULL,0,0,0),(6615,42,0,0,0,0,NULL,0,0,0),(6615,43,0,0,0,0,NULL,0,0,0),(6615,44,0,0,0,0,NULL,0,0,0),(6615,45,0,0,0,0,NULL,0,0,0),(6615,46,0,0,0,0,NULL,0,0,0),(6620,-1,0,0,0,0,NULL,0,0,0),(6620,1,0,0,0,0,NULL,0,0,0),(6620,2,0,0,0,0,NULL,0,0,0),(6620,3,0,0,0,0,NULL,0,0,0),(6620,4,0,0,0,0,NULL,0,0,0),(6620,5,0,0,0,0,NULL,0,0,0),(6620,6,0,0,0,0,NULL,0,0,0),(6620,7,0,0,0,0,NULL,0,0,0),(6620,8,0,0,0,0,NULL,0,0,0),(6620,9,0,0,0,0,NULL,0,0,0),(6620,10,0,0,0,0,NULL,0,0,0),(6620,11,0,0,0,0,NULL,0,0,0),(6620,12,0,0,0,0,NULL,0,0,0),(6620,13,0,0,0,0,NULL,0,0,0),(6620,14,0,0,0,0,NULL,0,0,0),(6620,15,0,0,0,0,NULL,0,0,0),(6620,16,0,0,0,0,NULL,0,0,0),(6620,17,0,0,0,0,NULL,0,0,0),(6620,18,0,0,0,0,NULL,0,0,0),(6620,19,0,0,0,0,NULL,0,0,0),(6620,20,0,0,0,0,NULL,0,0,0),(6620,21,0,0,0,0,NULL,0,0,0),(6620,22,0,0,0,0,NULL,0,0,0),(6620,23,0,0,0,0,NULL,0,0,0),(6620,24,0,0,0,0,NULL,0,0,0),(6620,25,0,0,0,0,NULL,0,0,0),(6620,26,0,0,0,0,NULL,0,0,0),(6620,27,0,0,0,0,NULL,0,0,0),(6620,28,0,0,0,0,NULL,0,0,0),(6620,29,0,0,0,0,NULL,0,0,0),(6620,30,0,0,0,0,NULL,0,0,0),(6620,31,0,0,0,0,NULL,0,0,0),(6620,32,0,0,0,0,NULL,0,0,0),(6620,33,0,0,0,0,NULL,0,0,0),(6620,34,0,0,0,0,NULL,0,0,0),(6620,35,0,0,0,0,NULL,0,0,0),(6620,36,0,0,0,0,NULL,0,0,0),(6620,37,0,0,0,0,NULL,0,0,0),(6620,38,0,0,0,0,NULL,0,0,0),(6620,39,0,0,0,0,NULL,0,0,0),(6620,40,0,0,0,0,NULL,0,0,0),(6620,41,0,0,0,0,NULL,0,0,0),(6620,42,0,0,0,0,NULL,0,0,0),(6620,43,0,0,0,0,NULL,0,0,0),(6620,44,0,0,0,0,NULL,0,0,0),(6620,45,0,0,0,0,NULL,0,0,0),(6620,46,0,0,0,0,NULL,0,0,0),(6630,-1,0,0,0,0,NULL,0,0,0),(6630,1,0,0,0,0,NULL,0,0,0),(6630,2,0,0,0,0,NULL,0,0,0),(6630,3,0,0,0,0,NULL,0,0,0),(6630,4,0,0,0,0,NULL,0,0,0),(6630,5,0,0,0,0,NULL,0,0,0),(6630,6,0,0,0,0,NULL,0,0,0),(6630,7,0,0,0,0,NULL,0,0,0),(6630,8,0,0,0,0,NULL,0,0,0),(6630,9,0,0,0,0,NULL,0,0,0),(6630,10,0,0,0,0,NULL,0,0,0),(6630,11,0,0,0,0,NULL,0,0,0),(6630,12,0,0,0,0,NULL,0,0,0),(6630,13,0,0,0,0,NULL,0,0,0),(6630,14,0,0,0,0,NULL,0,0,0),(6630,15,0,0,0,0,NULL,0,0,0),(6630,16,0,0,0,0,NULL,0,0,0),(6630,17,0,0,0,0,NULL,0,0,0),(6630,18,0,0,0,0,NULL,0,0,0),(6630,19,0,0,0,0,NULL,0,0,0),(6630,20,0,0,0,0,NULL,0,0,0),(6630,21,0,0,0,0,NULL,0,0,0),(6630,22,0,0,0,0,NULL,0,0,0),(6630,23,0,0,0,0,NULL,0,0,0),(6630,24,0,0,0,0,NULL,0,0,0),(6630,25,0,0,0,0,NULL,0,0,0),(6630,26,0,0,0,0,NULL,0,0,0),(6630,27,0,0,0,0,NULL,0,0,0),(6630,28,0,0,0,0,NULL,0,0,0),(6630,29,0,0,0,0,NULL,0,0,0),(6630,30,0,0,0,0,NULL,0,0,0),(6630,31,0,0,0,0,NULL,0,0,0),(6630,32,0,0,0,0,NULL,0,0,0),(6630,33,0,0,0,0,NULL,0,0,0),(6630,34,0,0,0,0,NULL,0,0,0),(6630,35,0,0,0,0,NULL,0,0,0),(6630,36,0,0,0,0,NULL,0,0,0),(6630,37,0,0,0,0,NULL,0,0,0),(6630,38,0,0,0,0,NULL,0,0,0),(6630,39,0,0,0,0,NULL,0,0,0),(6630,40,0,0,0,0,NULL,0,0,0),(6630,41,0,0,0,0,NULL,0,0,0),(6630,42,0,0,0,0,NULL,0,0,0),(6630,43,0,0,0,0,NULL,0,0,0),(6630,44,0,0,0,0,NULL,0,0,0),(6630,45,0,0,0,0,NULL,0,0,0),(6630,46,0,0,0,0,NULL,0,0,0),(6640,-1,0,0,0,0,NULL,0,0,0),(6640,1,0,0,0,0,NULL,0,0,0),(6640,2,0,0,0,0,NULL,0,0,0),(6640,3,0,0,0,0,NULL,0,0,0),(6640,4,0,0,0,0,NULL,0,0,0),(6640,5,0,0,0,0,NULL,0,0,0),(6640,6,0,0,0,0,NULL,0,0,0),(6640,7,0,0,0,0,NULL,0,0,0),(6640,8,0,0,0,0,NULL,0,0,0),(6640,9,0,0,0,0,NULL,0,0,0),(6640,10,0,0,0,0,NULL,0,0,0),(6640,11,0,0,0,0,NULL,0,0,0),(6640,12,0,0,0,0,NULL,0,0,0),(6640,13,0,0,0,0,NULL,0,0,0),(6640,14,0,0,0,0,NULL,0,0,0),(6640,15,0,0,0,0,NULL,0,0,0),(6640,16,0,0,0,0,NULL,0,0,0),(6640,17,0,0,0,0,NULL,0,0,0),(6640,18,0,0,0,0,NULL,0,0,0),(6640,19,0,0,0,0,NULL,0,0,0),(6640,20,0,0,0,0,NULL,0,0,0),(6640,21,0,0,0,0,NULL,0,0,0),(6640,22,0,0,0,0,NULL,0,0,0),(6640,23,0,0,0,0,NULL,0,0,0),(6640,24,0,0,0,0,NULL,0,0,0),(6640,25,0,0,0,0,NULL,0,0,0),(6640,26,0,0,0,0,NULL,0,0,0),(6640,27,0,0,0,0,NULL,0,0,0),(6640,28,0,0,0,0,NULL,0,0,0),(6640,29,0,0,0,0,NULL,0,0,0),(6640,30,0,0,0,0,NULL,0,0,0),(6640,31,0,0,0,0,NULL,0,0,0),(6640,32,0,0,0,0,NULL,0,0,0),(6640,33,0,0,0,0,NULL,0,0,0),(6640,34,0,0,0,0,NULL,0,0,0),(6640,35,0,0,0,0,NULL,0,0,0),(6640,36,0,0,0,0,NULL,0,0,0),(6640,37,0,0,0,0,NULL,0,0,0),(6640,38,0,0,0,0,NULL,0,0,0),(6640,39,0,0,0,0,NULL,0,0,0),(6640,40,0,0,0,0,NULL,0,0,0),(6640,41,0,0,0,0,NULL,0,0,0),(6640,42,0,0,0,0,NULL,0,0,0),(6640,43,0,0,0,0,NULL,0,0,0),(6640,44,0,0,0,0,NULL,0,0,0),(6640,45,0,0,0,0,NULL,0,0,0),(6640,46,0,0,0,0,NULL,0,0,0),(6650,-1,0,0,0,0,NULL,0,0,0),(6650,1,0,0,0,0,NULL,0,0,0),(6650,2,0,0,0,0,NULL,0,0,0),(6650,3,0,0,0,0,NULL,0,0,0),(6650,4,0,0,0,0,NULL,0,0,0),(6650,5,0,0,0,0,NULL,0,0,0),(6650,6,0,0,0,0,NULL,0,0,0),(6650,7,0,0,0,0,NULL,0,0,0),(6650,8,0,0,0,0,NULL,0,0,0),(6650,9,0,0,0,0,NULL,0,0,0),(6650,10,0,0,0,0,NULL,0,0,0),(6650,11,0,0,0,0,NULL,0,0,0),(6650,12,0,0,0,0,NULL,0,0,0),(6650,13,0,0,0,0,NULL,0,0,0),(6650,14,0,0,0,0,NULL,0,0,0),(6650,15,0,0,0,0,NULL,0,0,0),(6650,16,0,0,0,0,NULL,0,0,0),(6650,17,0,0,0,0,NULL,0,0,0),(6650,18,0,0,0,0,NULL,0,0,0),(6650,19,0,0,0,0,NULL,0,0,0),(6650,20,0,0,0,0,NULL,0,0,0),(6650,21,0,0,0,0,NULL,0,0,0),(6650,22,0,0,0,0,NULL,0,0,0),(6650,23,0,0,0,0,NULL,0,0,0),(6650,24,0,0,0,0,NULL,0,0,0),(6650,25,0,0,0,0,NULL,0,0,0),(6650,26,0,0,0,0,NULL,0,0,0),(6650,27,0,0,0,0,NULL,0,0,0),(6650,28,0,0,0,0,NULL,0,0,0),(6650,29,0,0,0,0,NULL,0,0,0),(6650,30,0,0,0,0,NULL,0,0,0),(6650,31,0,0,0,0,NULL,0,0,0),(6650,32,0,0,0,0,NULL,0,0,0),(6650,33,0,0,0,0,NULL,0,0,0),(6650,34,0,0,0,0,NULL,0,0,0),(6650,35,0,0,0,0,NULL,0,0,0),(6650,36,0,0,0,0,NULL,0,0,0),(6650,37,0,0,0,0,NULL,0,0,0),(6650,38,0,0,0,0,NULL,0,0,0),(6650,39,0,0,0,0,NULL,0,0,0),(6650,40,0,0,0,0,NULL,0,0,0),(6650,41,0,0,0,0,NULL,0,0,0),(6650,42,0,0,0,0,NULL,0,0,0),(6650,43,0,0,0,0,NULL,0,0,0),(6650,44,0,0,0,0,NULL,0,0,0),(6650,45,0,0,0,0,NULL,0,0,0),(6650,46,0,0,0,0,NULL,0,0,0),(6660,-1,0,0,0,0,NULL,0,0,0),(6660,1,0,0,0,0,NULL,0,0,0),(6660,2,0,0,0,0,NULL,0,0,0),(6660,3,0,0,0,0,NULL,0,0,0),(6660,4,0,0,0,0,NULL,0,0,0),(6660,5,0,0,0,0,NULL,0,0,0),(6660,6,0,0,0,0,NULL,0,0,0),(6660,7,0,0,0,0,NULL,0,0,0),(6660,8,0,0,0,0,NULL,0,0,0),(6660,9,0,0,0,0,NULL,0,0,0),(6660,10,0,0,0,0,NULL,0,0,0),(6660,11,0,0,0,0,NULL,0,0,0),(6660,12,0,0,0,0,NULL,0,0,0),(6660,13,0,0,0,0,NULL,0,0,0),(6660,14,0,0,0,0,NULL,0,0,0),(6660,15,0,0,0,0,NULL,0,0,0),(6660,16,0,0,0,0,NULL,0,0,0),(6660,17,0,0,0,0,NULL,0,0,0),(6660,18,0,0,0,0,NULL,0,0,0),(6660,19,0,0,0,0,NULL,0,0,0),(6660,20,0,0,0,0,NULL,0,0,0),(6660,21,0,0,0,0,NULL,0,0,0),(6660,22,0,0,0,0,NULL,0,0,0),(6660,23,0,0,0,0,NULL,0,0,0),(6660,24,0,0,0,0,NULL,0,0,0),(6660,25,0,0,0,0,NULL,0,0,0),(6660,26,0,0,0,0,NULL,0,0,0),(6660,27,0,0,0,0,NULL,0,0,0),(6660,28,0,0,0,0,NULL,0,0,0),(6660,29,0,0,0,0,NULL,0,0,0),(6660,30,0,0,0,0,NULL,0,0,0),(6660,31,0,0,0,0,NULL,0,0,0),(6660,32,0,0,0,0,NULL,0,0,0),(6660,33,0,0,0,0,NULL,0,0,0),(6660,34,0,0,0,0,NULL,0,0,0),(6660,35,0,0,0,0,NULL,0,0,0),(6660,36,0,0,0,0,NULL,0,0,0),(6660,37,0,0,0,0,NULL,0,0,0),(6660,38,0,0,0,0,NULL,0,0,0),(6660,39,0,0,0,0,NULL,0,0,0),(6660,40,0,0,0,0,NULL,0,0,0),(6660,41,0,0,0,0,NULL,0,0,0),(6660,42,0,0,0,0,NULL,0,0,0),(6660,43,0,0,0,0,NULL,0,0,0),(6660,44,0,0,0,0,NULL,0,0,0),(6660,45,0,0,0,0,NULL,0,0,0),(6660,46,0,0,0,0,NULL,0,0,0),(6670,-1,0,0,0,0,NULL,0,0,0),(6670,1,0,0,0,0,NULL,0,0,0),(6670,2,0,0,0,0,NULL,0,0,0),(6670,3,0,0,0,0,NULL,0,0,0),(6670,4,0,0,0,0,NULL,0,0,0),(6670,5,0,0,0,0,NULL,0,0,0),(6670,6,0,0,0,0,NULL,0,0,0),(6670,7,0,0,0,0,NULL,0,0,0),(6670,8,0,0,0,0,NULL,0,0,0),(6670,9,0,0,0,0,NULL,0,0,0),(6670,10,0,0,0,0,NULL,0,0,0),(6670,11,0,0,0,0,NULL,0,0,0),(6670,12,0,0,0,0,NULL,0,0,0),(6670,13,0,0,0,0,NULL,0,0,0),(6670,14,0,0,0,0,NULL,0,0,0),(6670,15,0,0,0,0,NULL,0,0,0),(6670,16,0,0,0,0,NULL,0,0,0),(6670,17,0,0,0,0,NULL,0,0,0),(6670,18,0,0,0,0,NULL,0,0,0),(6670,19,0,0,0,0,NULL,0,0,0),(6670,20,0,0,0,0,NULL,0,0,0),(6670,21,0,0,0,0,NULL,0,0,0),(6670,22,0,0,0,0,NULL,0,0,0),(6670,23,0,0,0,0,NULL,0,0,0),(6670,24,0,0,0,0,NULL,0,0,0),(6670,25,0,0,0,0,NULL,0,0,0),(6670,26,0,0,0,0,NULL,0,0,0),(6670,27,0,0,0,0,NULL,0,0,0),(6670,28,0,0,0,0,NULL,0,0,0),(6670,29,0,0,0,0,NULL,0,0,0),(6670,30,0,0,0,0,NULL,0,0,0),(6670,31,0,0,0,0,NULL,0,0,0),(6670,32,0,0,0,0,NULL,0,0,0),(6670,33,0,0,0,0,NULL,0,0,0),(6670,34,0,0,0,0,NULL,0,0,0),(6670,35,0,0,0,0,NULL,0,0,0),(6670,36,0,0,0,0,NULL,0,0,0),(6670,37,0,0,0,0,NULL,0,0,0),(6670,38,0,0,0,0,NULL,0,0,0),(6670,39,0,0,0,0,NULL,0,0,0),(6670,40,0,0,0,0,NULL,0,0,0),(6670,41,0,0,0,0,NULL,0,0,0),(6670,42,0,0,0,0,NULL,0,0,0),(6670,43,0,0,0,0,NULL,0,0,0),(6670,44,0,0,0,0,NULL,0,0,0),(6670,45,0,0,0,0,NULL,0,0,0),(6670,46,0,0,0,0,NULL,0,0,0),(6680,-1,0,0,0,0,NULL,0,0,0),(6680,1,0,0,0,0,NULL,0,0,0),(6680,2,0,0,0,0,NULL,0,0,0),(6680,3,0,0,0,0,NULL,0,0,0),(6680,4,0,0,0,0,NULL,0,0,0),(6680,5,0,0,0,0,NULL,0,0,0),(6680,6,0,0,0,0,NULL,0,0,0),(6680,7,0,0,0,0,NULL,0,0,0),(6680,8,0,0,0,0,NULL,0,0,0),(6680,9,0,0,0,0,NULL,0,0,0),(6680,10,0,0,0,0,NULL,0,0,0),(6680,11,0,0,0,0,NULL,0,0,0),(6680,12,0,0,0,0,NULL,0,0,0),(6680,13,0,0,0,0,NULL,0,0,0),(6680,14,0,0,0,0,NULL,0,0,0),(6680,15,0,0,0,0,NULL,0,0,0),(6680,16,0,0,0,0,NULL,0,0,0),(6680,17,0,0,0,0,NULL,0,0,0),(6680,18,0,0,0,0,NULL,0,0,0),(6680,19,0,0,0,0,NULL,0,0,0),(6680,20,0,0,0,0,NULL,0,0,0),(6680,21,0,0,0,0,NULL,0,0,0),(6680,22,0,0,0,0,NULL,0,0,0),(6680,23,0,0,0,0,NULL,0,0,0),(6680,24,0,0,0,0,NULL,0,0,0),(6680,25,0,0,0,0,NULL,0,0,0),(6680,26,0,0,0,0,NULL,0,0,0),(6680,27,0,0,0,0,NULL,0,0,0),(6680,28,0,0,0,0,NULL,0,0,0),(6680,29,0,0,0,0,NULL,0,0,0),(6680,30,0,0,0,0,NULL,0,0,0),(6680,31,0,0,0,0,NULL,0,0,0),(6680,32,0,0,0,0,NULL,0,0,0),(6680,33,0,0,0,0,NULL,0,0,0),(6680,34,0,0,0,0,NULL,0,0,0),(6680,35,0,0,0,0,NULL,0,0,0),(6680,36,0,0,0,0,NULL,0,0,0),(6680,37,0,0,0,0,NULL,0,0,0),(6680,38,0,0,0,0,NULL,0,0,0),(6680,39,0,0,0,0,NULL,0,0,0),(6680,40,0,0,0,0,NULL,0,0,0),(6680,41,0,0,0,0,NULL,0,0,0),(6680,42,0,0,0,0,NULL,0,0,0),(6680,43,0,0,0,0,NULL,0,0,0),(6680,44,0,0,0,0,NULL,0,0,0),(6680,45,0,0,0,0,NULL,0,0,0),(6680,46,0,0,0,0,NULL,0,0,0),(6690,-1,0,0,0,0,NULL,0,0,0),(6690,1,0,0,0,0,NULL,0,0,0),(6690,2,0,0,0,0,NULL,0,0,0),(6690,3,0,0,0,0,NULL,0,0,0),(6690,4,0,0,0,0,NULL,0,0,0),(6690,5,0,0,0,0,NULL,0,0,0),(6690,6,0,0,0,0,NULL,0,0,0),(6690,7,0,0,0,0,NULL,0,0,0),(6690,8,0,0,0,0,NULL,0,0,0),(6690,9,0,0,0,0,NULL,0,0,0),(6690,10,0,0,0,0,NULL,0,0,0),(6690,11,0,0,0,0,NULL,0,0,0),(6690,12,0,0,0,0,NULL,0,0,0),(6690,13,0,0,0,0,NULL,0,0,0),(6690,14,0,0,0,0,NULL,0,0,0),(6690,15,0,0,0,0,NULL,0,0,0),(6690,16,0,0,0,0,NULL,0,0,0),(6690,17,0,0,0,0,NULL,0,0,0),(6690,18,0,0,0,0,NULL,0,0,0),(6690,19,0,0,0,0,NULL,0,0,0),(6690,20,0,0,0,0,NULL,0,0,0),(6690,21,0,0,0,0,NULL,0,0,0),(6690,22,0,0,0,0,NULL,0,0,0),(6690,23,0,0,0,0,NULL,0,0,0),(6690,24,0,0,0,0,NULL,0,0,0),(6690,25,0,0,0,0,NULL,0,0,0),(6690,26,0,0,0,0,NULL,0,0,0),(6690,27,0,0,0,0,NULL,0,0,0),(6690,28,0,0,0,0,NULL,0,0,0),(6690,29,0,0,0,0,NULL,0,0,0),(6690,30,0,0,0,0,NULL,0,0,0),(6690,31,0,0,0,0,NULL,0,0,0),(6690,32,0,0,0,0,NULL,0,0,0),(6690,33,0,0,0,0,NULL,0,0,0),(6690,34,0,0,0,0,NULL,0,0,0),(6690,35,0,0,0,0,NULL,0,0,0),(6690,36,0,0,0,0,NULL,0,0,0),(6690,37,0,0,0,0,NULL,0,0,0),(6690,38,0,0,0,0,NULL,0,0,0),(6690,39,0,0,0,0,NULL,0,0,0),(6690,40,0,0,0,0,NULL,0,0,0),(6690,41,0,0,0,0,NULL,0,0,0),(6690,42,0,0,0,0,NULL,0,0,0),(6690,43,0,0,0,0,NULL,0,0,0),(6690,44,0,0,0,0,NULL,0,0,0),(6690,45,0,0,0,0,NULL,0,0,0),(6690,46,0,0,0,0,NULL,0,0,0),(6700,-1,0,0,0,0,NULL,0,0,0),(6700,1,0,0,0,0,NULL,0,0,0),(6700,2,0,0,0,0,NULL,0,0,0),(6700,3,0,0,0,0,NULL,0,0,0),(6700,4,0,0,0,0,NULL,0,0,0),(6700,5,0,0,0,0,NULL,0,0,0),(6700,6,0,0,0,0,NULL,0,0,0),(6700,7,0,0,0,0,NULL,0,0,0),(6700,8,0,0,0,0,NULL,0,0,0),(6700,9,0,0,0,0,NULL,0,0,0),(6700,10,0,0,0,0,NULL,0,0,0),(6700,11,0,0,0,0,NULL,0,0,0),(6700,12,0,0,0,0,NULL,0,0,0),(6700,13,0,0,0,0,NULL,0,0,0),(6700,14,0,0,0,0,NULL,0,0,0),(6700,15,0,0,0,0,NULL,0,0,0),(6700,16,0,0,0,0,NULL,0,0,0),(6700,17,0,0,0,0,NULL,0,0,0),(6700,18,0,0,0,0,NULL,0,0,0),(6700,19,0,0,0,0,NULL,0,0,0),(6700,20,0,0,0,0,NULL,0,0,0),(6700,21,0,0,0,0,NULL,0,0,0),(6700,22,0,0,0,0,NULL,0,0,0),(6700,23,0,0,0,0,NULL,0,0,0),(6700,24,0,0,0,0,NULL,0,0,0),(6700,25,0,0,0,0,NULL,0,0,0),(6700,26,0,0,0,0,NULL,0,0,0),(6700,27,0,0,0,0,NULL,0,0,0),(6700,28,0,0,0,0,NULL,0,0,0),(6700,29,0,0,0,0,NULL,0,0,0),(6700,30,0,0,0,0,NULL,0,0,0),(6700,31,0,0,0,0,NULL,0,0,0),(6700,32,0,0,0,0,NULL,0,0,0),(6700,33,0,0,0,0,NULL,0,0,0),(6700,34,0,0,0,0,NULL,0,0,0),(6700,35,0,0,0,0,NULL,0,0,0),(6700,36,0,0,0,0,NULL,0,0,0),(6700,37,0,0,0,0,NULL,0,0,0),(6700,38,0,0,0,0,NULL,0,0,0),(6700,39,0,0,0,0,NULL,0,0,0),(6700,40,0,0,0,0,NULL,0,0,0),(6700,41,0,0,0,0,NULL,0,0,0),(6700,42,0,0,0,0,NULL,0,0,0),(6700,43,0,0,0,0,NULL,0,0,0),(6700,44,0,0,0,0,NULL,0,0,0),(6700,45,0,0,0,0,NULL,0,0,0),(6700,46,0,0,0,0,NULL,0,0,0),(6710,-1,0,0,0,0,NULL,0,0,0),(6710,1,0,0,0,0,NULL,0,0,0),(6710,2,0,0,0,0,NULL,0,0,0),(6710,3,0,0,0,0,NULL,0,0,0),(6710,4,0,0,0,0,NULL,0,0,0),(6710,5,0,0,0,0,NULL,0,0,0),(6710,6,0,0,0,0,NULL,0,0,0),(6710,7,0,0,0,0,NULL,0,0,0),(6710,8,0,0,0,0,NULL,0,0,0),(6710,9,0,0,0,0,NULL,0,0,0),(6710,10,0,0,0,0,NULL,0,0,0),(6710,11,0,0,0,0,NULL,0,0,0),(6710,12,0,0,0,0,NULL,0,0,0),(6710,13,0,0,0,0,NULL,0,0,0),(6710,14,0,0,0,0,NULL,0,0,0),(6710,15,0,0,0,0,NULL,0,0,0),(6710,16,0,0,0,0,NULL,0,0,0),(6710,17,0,0,0,0,NULL,0,0,0),(6710,18,0,0,0,0,NULL,0,0,0),(6710,19,0,0,0,0,NULL,0,0,0),(6710,20,0,0,0,0,NULL,0,0,0),(6710,21,0,0,0,0,NULL,0,0,0),(6710,22,0,0,0,0,NULL,0,0,0),(6710,23,0,0,0,0,NULL,0,0,0),(6710,24,0,0,0,0,NULL,0,0,0),(6710,25,0,0,0,0,NULL,0,0,0),(6710,26,0,0,0,0,NULL,0,0,0),(6710,27,0,0,0,0,NULL,0,0,0),(6710,28,0,0,0,0,NULL,0,0,0),(6710,29,0,0,0,0,NULL,0,0,0),(6710,30,0,0,0,0,NULL,0,0,0),(6710,31,0,0,0,0,NULL,0,0,0),(6710,32,0,0,0,0,NULL,0,0,0),(6710,33,0,0,0,0,NULL,0,0,0),(6710,34,0,0,0,0,NULL,0,0,0),(6710,35,0,0,0,0,NULL,0,0,0),(6710,36,0,0,0,0,NULL,0,0,0),(6710,37,0,0,0,0,NULL,0,0,0),(6710,38,0,0,0,0,NULL,0,0,0),(6710,39,0,0,0,0,NULL,0,0,0),(6710,40,0,0,0,0,NULL,0,0,0),(6710,41,0,0,0,0,NULL,0,0,0),(6710,42,0,0,0,0,NULL,0,0,0),(6710,43,0,0,0,0,NULL,0,0,0),(6710,44,0,0,0,0,NULL,0,0,0),(6710,45,0,0,0,0,NULL,0,0,0),(6710,46,0,0,0,0,NULL,0,0,0),(6720,-1,0,0,0,0,NULL,0,0,0),(6720,1,0,0,0,0,NULL,0,0,0),(6720,2,0,0,0,0,NULL,0,0,0),(6720,3,0,0,0,0,NULL,0,0,0),(6720,4,0,0,0,0,NULL,0,0,0),(6720,5,0,0,0,0,NULL,0,0,0),(6720,6,0,0,0,0,NULL,0,0,0),(6720,7,0,0,0,0,NULL,0,0,0),(6720,8,0,0,0,0,NULL,0,0,0),(6720,9,0,0,0,0,NULL,0,0,0),(6720,10,0,0,0,0,NULL,0,0,0),(6720,11,0,0,0,0,NULL,0,0,0),(6720,12,0,0,0,0,NULL,0,0,0),(6720,13,0,0,0,0,NULL,0,0,0),(6720,14,0,0,0,0,NULL,0,0,0),(6720,15,0,0,0,0,NULL,0,0,0),(6720,16,0,0,0,0,NULL,0,0,0),(6720,17,0,0,0,0,NULL,0,0,0),(6720,18,0,0,0,0,NULL,0,0,0),(6720,19,0,0,0,0,NULL,0,0,0),(6720,20,0,0,0,0,NULL,0,0,0),(6720,21,0,0,0,0,NULL,0,0,0),(6720,22,0,0,0,0,NULL,0,0,0),(6720,23,0,0,0,0,NULL,0,0,0),(6720,24,0,0,0,0,NULL,0,0,0),(6720,25,0,0,0,0,NULL,0,0,0),(6720,26,0,0,0,0,NULL,0,0,0),(6720,27,0,0,0,0,NULL,0,0,0),(6720,28,0,0,0,0,NULL,0,0,0),(6720,29,0,0,0,0,NULL,0,0,0),(6720,30,0,0,0,0,NULL,0,0,0),(6720,31,0,0,0,0,NULL,0,0,0),(6720,32,0,0,0,0,NULL,0,0,0),(6720,33,0,0,0,0,NULL,0,0,0),(6720,34,0,0,0,0,NULL,0,0,0),(6720,35,0,0,0,0,NULL,0,0,0),(6720,36,0,0,0,0,NULL,0,0,0),(6720,37,0,0,0,0,NULL,0,0,0),(6720,38,0,0,0,0,NULL,0,0,0),(6720,39,0,0,0,0,NULL,0,0,0),(6720,40,0,0,0,0,NULL,0,0,0),(6720,41,0,0,0,0,NULL,0,0,0),(6720,42,0,0,0,0,NULL,0,0,0),(6720,43,0,0,0,0,NULL,0,0,0),(6720,44,0,0,0,0,NULL,0,0,0),(6720,45,0,0,0,0,NULL,0,0,0),(6720,46,0,0,0,0,NULL,0,0,0),(6760,-1,0,0,0,0,NULL,0,0,0),(6760,1,0,0,0,0,NULL,0,0,0),(6760,2,0,0,0,0,NULL,0,0,0),(6760,3,0,0,0,0,NULL,0,0,0),(6760,4,0,0,0,0,NULL,0,0,0),(6760,5,0,0,0,0,NULL,0,0,0),(6760,6,0,0,0,0,NULL,0,0,0),(6760,7,0,0,0,0,NULL,0,0,0),(6760,8,0,0,0,0,NULL,0,0,0),(6760,9,0,0,0,0,NULL,0,0,0),(6760,10,0,0,0,0,NULL,0,0,0),(6760,11,0,0,0,0,NULL,0,0,0),(6760,12,0,0,0,0,NULL,0,0,0),(6760,13,0,0,0,0,NULL,0,0,0),(6760,14,0,0,0,0,NULL,0,0,0),(6760,15,0,0,0,0,NULL,0,0,0),(6760,16,0,0,0,0,NULL,0,0,0),(6760,17,0,0,0,0,NULL,0,0,0),(6760,18,0,0,0,0,NULL,0,0,0),(6760,19,0,0,0,0,NULL,0,0,0),(6760,20,0,0,0,0,NULL,0,0,0),(6760,21,0,0,0,0,NULL,0,0,0),(6760,22,0,0,0,0,NULL,0,0,0),(6760,23,0,0,0,0,NULL,0,0,0),(6760,24,0,0,0,0,NULL,0,0,0),(6760,25,0,0,0,0,NULL,0,0,0),(6760,26,0,0,0,0,NULL,0,0,0),(6760,27,0,0,0,0,NULL,0,0,0),(6760,28,0,0,0,0,NULL,0,0,0),(6760,29,0,0,0,0,NULL,0,0,0),(6760,30,0,0,0,0,NULL,0,0,0),(6760,31,0,0,0,0,NULL,0,0,0),(6760,32,0,0,0,0,NULL,0,0,0),(6760,33,0,0,0,0,NULL,0,0,0),(6760,34,0,0,0,0,NULL,0,0,0),(6760,35,0,0,0,0,NULL,0,0,0),(6760,36,0,0,0,0,NULL,0,0,0),(6760,37,0,0,0,0,NULL,0,0,0),(6760,38,0,0,0,0,NULL,0,0,0),(6760,39,0,0,0,0,NULL,0,0,0),(6760,40,0,0,0,0,NULL,0,0,0),(6760,41,0,0,0,0,NULL,0,0,0),(6760,42,0,0,0,0,NULL,0,0,0),(6760,43,0,0,0,0,NULL,0,0,0),(6760,44,0,0,0,0,NULL,0,0,0),(6760,45,0,0,0,0,NULL,0,0,0),(6760,46,0,0,0,0,NULL,0,0,0),(7100,-1,0,0,0,0,NULL,0,0,0),(7100,1,0,0,0,0,NULL,0,0,0),(7100,2,0,0,0,0,NULL,0,0,0),(7100,3,0,0,0,0,NULL,0,0,0),(7100,4,0,0,0,0,NULL,0,0,0),(7100,5,0,0,0,0,NULL,0,0,0),(7100,6,0,0,0,0,NULL,0,0,0),(7100,7,0,0,0,0,NULL,0,0,0),(7100,8,0,0,0,0,NULL,0,0,0),(7100,9,0,0,0,0,NULL,0,0,0),(7100,10,0,0,0,0,NULL,0,0,0),(7100,11,0,0,0,0,NULL,0,0,0),(7100,12,0,0,0,0,NULL,0,0,0),(7100,13,0,0,0,0,NULL,0,0,0),(7100,14,0,0,0,0,NULL,0,0,0),(7100,15,0,0,0,0,NULL,0,0,0),(7100,16,0,0,0,0,NULL,0,0,0),(7100,17,0,0,0,0,NULL,0,0,0),(7100,18,0,0,0,0,NULL,0,0,0),(7100,19,0,0,0,0,NULL,0,0,0),(7100,20,0,0,0,0,NULL,0,0,0),(7100,21,0,0,0,0,NULL,0,0,0),(7100,22,0,0,0,0,NULL,0,0,0),(7100,23,0,0,0,0,NULL,0,0,0),(7100,24,0,0,0,0,NULL,0,0,0),(7100,25,0,0,0,0,NULL,0,0,0),(7100,26,0,0,0,0,NULL,0,0,0),(7100,27,0,0,0,0,NULL,0,0,0),(7100,28,0,0,0,0,NULL,0,0,0),(7100,29,0,0,0,0,NULL,0,0,0),(7100,30,0,0,0,0,NULL,0,0,0),(7100,31,0,0,0,0,NULL,0,0,0),(7100,32,0,0,0,0,NULL,0,0,0),(7100,33,0,0,0,0,NULL,0,0,0),(7100,34,0,0,0,0,NULL,0,0,0),(7100,35,0,0,0,0,NULL,0,0,0),(7100,36,0,0,0,0,NULL,0,0,0),(7100,37,0,0,0,0,NULL,0,0,0),(7100,38,0,0,0,0,NULL,0,0,0),(7100,39,0,0,0,0,NULL,0,0,0),(7100,40,0,0,0,0,NULL,0,0,0),(7100,41,0,0,0,0,NULL,0,0,0),(7100,42,0,0,0,0,NULL,0,0,0),(7100,43,0,0,0,0,NULL,0,0,0),(7100,44,0,0,0,0,NULL,0,0,0),(7100,45,0,0,0,0,NULL,0,0,0),(7100,46,0,0,0,0,NULL,0,0,0),(7200,-1,0,0,0,0,NULL,0,0,0),(7200,1,0,0,0,0,NULL,0,0,0),(7200,2,0,0,0,0,NULL,0,0,0),(7200,3,0,0,0,0,NULL,0,0,0),(7200,4,0,0,0,0,NULL,0,0,0),(7200,5,0,0,0,0,NULL,0,0,0),(7200,6,0,0,0,0,NULL,0,0,0),(7200,7,0,0,0,0,NULL,0,0,0),(7200,8,0,0,0,0,NULL,0,0,0),(7200,9,0,0,0,0,NULL,0,0,0),(7200,10,0,0,0,0,NULL,0,0,0),(7200,11,0,0,0,0,NULL,0,0,0),(7200,12,0,0,0,0,NULL,0,0,0),(7200,13,0,0,0,0,NULL,0,0,0),(7200,14,0,0,0,0,NULL,0,0,0),(7200,15,0,0,0,0,NULL,0,0,0),(7200,16,0,0,0,0,NULL,0,0,0),(7200,17,0,0,0,0,NULL,0,0,0),(7200,18,0,0,0,0,NULL,0,0,0),(7200,19,0,0,0,0,NULL,0,0,0),(7200,20,0,0,0,0,NULL,0,0,0),(7200,21,0,0,0,0,NULL,0,0,0),(7200,22,0,0,0,0,NULL,0,0,0),(7200,23,0,0,0,0,NULL,0,0,0),(7200,24,0,0,0,0,NULL,0,0,0),(7200,25,0,0,0,0,NULL,0,0,0),(7200,26,0,0,0,0,NULL,0,0,0),(7200,27,0,0,0,0,NULL,0,0,0),(7200,28,0,0,0,0,NULL,0,0,0),(7200,29,0,0,0,0,NULL,0,0,0),(7200,30,0,0,0,0,NULL,0,0,0),(7200,31,0,0,0,0,NULL,0,0,0),(7200,32,0,0,0,0,NULL,0,0,0),(7200,33,0,0,0,0,NULL,0,0,0),(7200,34,0,0,0,0,NULL,0,0,0),(7200,35,0,0,0,0,NULL,0,0,0),(7200,36,0,0,0,0,NULL,0,0,0),(7200,37,0,0,0,0,NULL,0,0,0),(7200,38,0,0,0,0,NULL,0,0,0),(7200,39,0,0,0,0,NULL,0,0,0),(7200,40,0,0,0,0,NULL,0,0,0),(7200,41,0,0,0,0,NULL,0,0,0),(7200,42,0,0,0,0,NULL,0,0,0),(7200,43,0,0,0,0,NULL,0,0,0),(7200,44,0,0,0,0,NULL,0,0,0),(7200,45,0,0,0,0,NULL,0,0,0),(7200,46,0,0,0,0,NULL,0,0,0),(7210,-1,0,0,0,0,NULL,0,0,0),(7210,1,0,0,0,0,NULL,0,0,0),(7210,2,0,0,0,0,NULL,0,0,0),(7210,3,0,0,0,0,NULL,0,0,0),(7210,4,0,0,0,0,NULL,0,0,0),(7210,5,0,0,0,0,NULL,0,0,0),(7210,6,0,0,0,0,NULL,0,0,0),(7210,7,0,0,0,0,NULL,0,0,0),(7210,8,0,0,0,0,NULL,0,0,0),(7210,9,0,0,0,0,NULL,0,0,0),(7210,10,0,0,0,0,NULL,0,0,0),(7210,11,0,0,0,0,NULL,0,0,0),(7210,12,0,0,0,0,NULL,0,0,0),(7210,13,0,0,0,0,NULL,0,0,0),(7210,14,0,0,0,0,NULL,0,0,0),(7210,15,0,0,0,0,NULL,0,0,0),(7210,16,0,0,0,0,NULL,0,0,0),(7210,17,0,0,0,0,NULL,0,0,0),(7210,18,0,0,0,0,NULL,0,0,0),(7210,19,0,0,0,0,NULL,0,0,0),(7210,20,0,0,0,0,NULL,0,0,0),(7210,21,0,0,0,0,NULL,0,0,0),(7210,22,0,0,0,0,NULL,0,0,0),(7210,23,0,0,0,0,NULL,0,0,0),(7210,24,0,0,0,0,NULL,0,0,0),(7210,25,0,0,0,0,NULL,0,0,0),(7210,26,0,0,0,0,NULL,0,0,0),(7210,27,0,0,0,0,NULL,0,0,0),(7210,28,0,0,0,0,NULL,0,0,0),(7210,29,0,0,0,0,NULL,0,0,0),(7210,30,0,0,0,0,NULL,0,0,0),(7210,31,0,0,0,0,NULL,0,0,0),(7210,32,0,0,0,0,NULL,0,0,0),(7210,33,0,0,0,0,NULL,0,0,0),(7210,34,0,0,0,0,NULL,0,0,0),(7210,35,0,0,0,0,NULL,0,0,0),(7210,36,0,0,0,0,NULL,0,0,0),(7210,37,0,0,0,0,NULL,0,0,0),(7210,38,0,0,0,0,NULL,0,0,0),(7210,39,0,0,0,0,NULL,0,0,0),(7210,40,0,0,0,0,NULL,0,0,0),(7210,41,0,0,0,0,NULL,0,0,0),(7210,42,0,0,0,0,NULL,0,0,0),(7210,43,0,0,0,0,NULL,0,0,0),(7210,44,0,0,0,0,NULL,0,0,0),(7210,45,0,0,0,0,NULL,0,0,0),(7210,46,0,0,0,0,NULL,0,0,0),(7220,-1,0,0,0,0,NULL,0,0,0),(7220,1,0,0,0,0,NULL,0,0,0),(7220,2,0,0,0,0,NULL,0,0,0),(7220,3,0,0,0,0,NULL,0,0,0),(7220,4,0,0,0,0,NULL,0,0,0),(7220,5,0,0,0,0,NULL,0,0,0),(7220,6,0,0,0,0,NULL,0,0,0),(7220,7,0,0,0,0,NULL,0,0,0),(7220,8,0,0,0,0,NULL,0,0,0),(7220,9,0,0,0,0,NULL,0,0,0),(7220,10,0,0,0,0,NULL,0,0,0),(7220,11,0,0,0,0,NULL,0,0,0),(7220,12,0,0,0,0,NULL,0,0,0),(7220,13,0,0,0,0,NULL,0,0,0),(7220,14,0,0,0,0,NULL,0,0,0),(7220,15,0,0,0,0,NULL,0,0,0),(7220,16,0,0,0,0,NULL,0,0,0),(7220,17,0,0,0,0,NULL,0,0,0),(7220,18,0,0,0,0,NULL,0,0,0),(7220,19,0,0,0,0,NULL,0,0,0),(7220,20,0,0,0,0,NULL,0,0,0),(7220,21,0,0,0,0,NULL,0,0,0),(7220,22,0,0,0,0,NULL,0,0,0),(7220,23,0,0,0,0,NULL,0,0,0),(7220,24,0,0,0,0,NULL,0,0,0),(7220,25,0,0,0,0,NULL,0,0,0),(7220,26,0,0,0,0,NULL,0,0,0),(7220,27,0,0,0,0,NULL,0,0,0),(7220,28,0,0,0,0,NULL,0,0,0),(7220,29,0,0,0,0,NULL,0,0,0),(7220,30,0,0,0,0,NULL,0,0,0),(7220,31,0,0,0,0,NULL,0,0,0),(7220,32,0,0,0,0,NULL,0,0,0),(7220,33,0,0,0,0,NULL,0,0,0),(7220,34,0,0,0,0,NULL,0,0,0),(7220,35,0,0,0,0,NULL,0,0,0),(7220,36,0,0,0,0,NULL,0,0,0),(7220,37,0,0,0,0,NULL,0,0,0),(7220,38,0,0,0,0,NULL,0,0,0),(7220,39,0,0,0,0,NULL,0,0,0),(7220,40,0,0,0,0,NULL,0,0,0),(7220,41,0,0,0,0,NULL,0,0,0),(7220,42,0,0,0,0,NULL,0,0,0),(7220,43,0,0,0,0,NULL,0,0,0),(7220,44,0,0,0,0,NULL,0,0,0),(7220,45,0,0,0,0,NULL,0,0,0),(7220,46,0,0,0,0,NULL,0,0,0),(7225,-1,0,0,0,0,NULL,0,0,0),(7225,1,0,0,0,0,NULL,0,0,0),(7225,2,0,0,0,0,NULL,0,0,0),(7225,3,0,0,0,0,NULL,0,0,0),(7225,4,0,0,0,0,NULL,0,0,0),(7225,5,0,0,0,0,NULL,0,0,0),(7225,6,0,0,0,0,NULL,0,0,0),(7225,7,0,0,0,0,NULL,0,0,0),(7225,8,0,0,0,0,NULL,0,0,0),(7225,9,0,0,0,0,NULL,0,0,0),(7225,10,0,0,0,0,NULL,0,0,0),(7225,11,0,0,0,0,NULL,0,0,0),(7225,12,0,0,0,0,NULL,0,0,0),(7225,13,0,0,0,0,NULL,0,0,0),(7225,14,0,0,0,0,NULL,0,0,0),(7225,15,0,0,0,0,NULL,0,0,0),(7225,16,0,0,0,0,NULL,0,0,0),(7225,17,0,0,0,0,NULL,0,0,0),(7225,18,0,0,0,0,NULL,0,0,0),(7225,19,0,0,0,0,NULL,0,0,0),(7225,20,0,0,0,0,NULL,0,0,0),(7225,21,0,0,0,0,NULL,0,0,0),(7225,22,0,0,0,0,NULL,0,0,0),(7225,23,0,0,0,0,NULL,0,0,0),(7225,24,0,0,0,0,NULL,0,0,0),(7225,25,0,0,0,0,NULL,0,0,0),(7225,26,0,0,0,0,NULL,0,0,0),(7225,27,0,0,0,0,NULL,0,0,0),(7225,28,0,0,0,0,NULL,0,0,0),(7225,29,0,0,0,0,NULL,0,0,0),(7225,30,0,0,0,0,NULL,0,0,0),(7225,31,0,0,0,0,NULL,0,0,0),(7225,32,0,0,0,0,NULL,0,0,0),(7225,33,0,0,0,0,NULL,0,0,0),(7225,34,0,0,0,0,NULL,0,0,0),(7225,35,0,0,0,0,NULL,0,0,0),(7225,36,0,0,0,0,NULL,0,0,0),(7225,37,0,0,0,0,NULL,0,0,0),(7225,38,0,0,0,0,NULL,0,0,0),(7225,39,0,0,0,0,NULL,0,0,0),(7225,40,0,0,0,0,NULL,0,0,0),(7225,41,0,0,0,0,NULL,0,0,0),(7225,42,0,0,0,0,NULL,0,0,0),(7225,43,0,0,0,0,NULL,0,0,0),(7225,44,0,0,0,0,NULL,0,0,0),(7225,45,0,0,0,0,NULL,0,0,0),(7225,46,0,0,0,0,NULL,0,0,0),(7300,-1,0,0,0,0,NULL,0,0,0),(7300,1,0,0,0,0,NULL,0,0,0),(7300,2,0,0,0,0,NULL,0,0,0),(7300,3,0,0,0,0,NULL,0,0,0),(7300,4,0,0,0,0,NULL,0,0,0),(7300,5,0,0,0,0,NULL,0,0,0),(7300,6,0,0,0,0,NULL,0,0,0),(7300,7,0,0,0,0,NULL,0,0,0),(7300,8,0,0,0,0,NULL,0,0,0),(7300,9,0,0,0,0,NULL,0,0,0),(7300,10,0,0,0,0,NULL,0,0,0),(7300,11,0,0,0,0,NULL,0,0,0),(7300,12,0,0,0,0,NULL,0,0,0),(7300,13,0,0,0,0,NULL,0,0,0),(7300,14,0,0,0,0,NULL,0,0,0),(7300,15,0,0,0,0,NULL,0,0,0),(7300,16,0,0,0,0,NULL,0,0,0),(7300,17,0,0,0,0,NULL,0,0,0),(7300,18,0,0,0,0,NULL,0,0,0),(7300,19,0,0,0,0,NULL,0,0,0),(7300,20,0,0,0,0,NULL,0,0,0),(7300,21,0,0,0,0,NULL,0,0,0),(7300,22,0,0,0,0,NULL,0,0,0),(7300,23,0,0,0,0,NULL,0,0,0),(7300,24,0,0,0,0,NULL,0,0,0),(7300,25,0,0,0,0,NULL,0,0,0),(7300,26,0,0,0,0,NULL,0,0,0),(7300,27,0,0,0,0,NULL,0,0,0),(7300,28,0,0,0,0,NULL,0,0,0),(7300,29,0,0,0,0,NULL,0,0,0),(7300,30,0,0,0,0,NULL,0,0,0),(7300,31,0,0,0,0,NULL,0,0,0),(7300,32,0,0,0,0,NULL,0,0,0),(7300,33,0,0,0,0,NULL,0,0,0),(7300,34,0,0,0,0,NULL,0,0,0),(7300,35,0,0,0,0,NULL,0,0,0),(7300,36,0,0,0,0,NULL,0,0,0),(7300,37,0,0,0,0,NULL,0,0,0),(7300,38,0,0,0,0,NULL,0,0,0),(7300,39,0,0,0,0,NULL,0,0,0),(7300,40,0,0,0,0,NULL,0,0,0),(7300,41,0,0,0,0,NULL,0,0,0),(7300,42,0,0,0,0,NULL,0,0,0),(7300,43,0,0,0,0,NULL,0,0,0),(7300,44,0,0,0,0,NULL,0,0,0),(7300,45,0,0,0,0,NULL,0,0,0),(7300,46,0,0,0,0,NULL,0,0,0),(7305,-1,0,0,0,0,NULL,0,0,0),(7305,1,0,0,0,0,NULL,0,0,0),(7305,2,0,0,0,0,NULL,0,0,0),(7305,3,0,0,0,0,NULL,0,0,0),(7305,4,0,0,0,0,NULL,0,0,0),(7305,5,0,0,0,0,NULL,0,0,0),(7305,6,0,0,0,0,NULL,0,0,0),(7305,7,0,0,0,0,NULL,0,0,0),(7305,8,0,0,0,0,NULL,0,0,0),(7305,9,0,0,0,0,NULL,0,0,0),(7305,10,0,0,0,0,NULL,0,0,0),(7305,11,0,0,0,0,NULL,0,0,0),(7305,12,0,0,0,0,NULL,0,0,0),(7305,13,0,0,0,0,NULL,0,0,0),(7305,14,0,0,0,0,NULL,0,0,0),(7305,15,0,0,0,0,NULL,0,0,0),(7305,16,0,0,0,0,NULL,0,0,0),(7305,17,0,0,0,0,NULL,0,0,0),(7305,18,0,0,0,0,NULL,0,0,0),(7305,19,0,0,0,0,NULL,0,0,0),(7305,20,0,0,0,0,NULL,0,0,0),(7305,21,0,0,0,0,NULL,0,0,0),(7305,22,0,0,0,0,NULL,0,0,0),(7305,23,0,0,0,0,NULL,0,0,0),(7305,24,0,0,0,0,NULL,0,0,0),(7305,25,0,0,0,0,NULL,0,0,0),(7305,26,0,0,0,0,NULL,0,0,0),(7305,27,0,0,0,0,NULL,0,0,0),(7305,28,0,0,0,0,NULL,0,0,0),(7305,29,0,0,0,0,NULL,0,0,0),(7305,30,0,0,0,0,NULL,0,0,0),(7305,31,0,0,0,0,NULL,0,0,0),(7305,32,0,0,0,0,NULL,0,0,0),(7305,33,0,0,0,0,NULL,0,0,0),(7305,34,0,0,0,0,NULL,0,0,0),(7305,35,0,0,0,0,NULL,0,0,0),(7305,36,0,0,0,0,NULL,0,0,0),(7305,37,0,0,0,0,NULL,0,0,0),(7305,38,0,0,0,0,NULL,0,0,0),(7305,39,0,0,0,0,NULL,0,0,0),(7305,40,0,0,0,0,NULL,0,0,0),(7305,41,0,0,0,0,NULL,0,0,0),(7305,42,0,0,0,0,NULL,0,0,0),(7305,43,0,0,0,0,NULL,0,0,0),(7305,44,0,0,0,0,NULL,0,0,0),(7305,45,0,0,0,0,NULL,0,0,0),(7305,46,0,0,0,0,NULL,0,0,0),(7310,-1,0,0,0,0,NULL,0,0,0),(7310,1,0,0,0,0,NULL,0,0,0),(7310,2,0,0,0,0,NULL,0,0,0),(7310,3,0,0,0,0,NULL,0,0,0),(7310,4,0,0,0,0,NULL,0,0,0),(7310,5,0,0,0,0,NULL,0,0,0),(7310,6,0,0,0,0,NULL,0,0,0),(7310,7,0,0,0,0,NULL,0,0,0),(7310,8,0,0,0,0,NULL,0,0,0),(7310,9,0,0,0,0,NULL,0,0,0),(7310,10,0,0,0,0,NULL,0,0,0),(7310,11,0,0,0,0,NULL,0,0,0),(7310,12,0,0,0,0,NULL,0,0,0),(7310,13,0,0,0,0,NULL,0,0,0),(7310,14,0,0,0,0,NULL,0,0,0),(7310,15,0,0,0,0,NULL,0,0,0),(7310,16,0,0,0,0,NULL,0,0,0),(7310,17,0,0,0,0,NULL,0,0,0),(7310,18,0,0,0,0,NULL,0,0,0),(7310,19,0,0,0,0,NULL,0,0,0),(7310,20,0,0,0,0,NULL,0,0,0),(7310,21,0,0,0,0,NULL,0,0,0),(7310,22,0,0,0,0,NULL,0,0,0),(7310,23,0,0,0,0,NULL,0,0,0),(7310,24,0,0,0,0,NULL,0,0,0),(7310,25,0,0,0,0,NULL,0,0,0),(7310,26,0,0,0,0,NULL,0,0,0),(7310,27,0,0,0,0,NULL,0,0,0),(7310,28,0,0,0,0,NULL,0,0,0),(7310,29,0,0,0,0,NULL,0,0,0),(7310,30,0,0,0,0,NULL,0,0,0),(7310,31,0,0,0,0,NULL,0,0,0),(7310,32,0,0,0,0,NULL,0,0,0),(7310,33,0,0,0,0,NULL,0,0,0),(7310,34,0,0,0,0,NULL,0,0,0),(7310,35,0,0,0,0,NULL,0,0,0),(7310,36,0,0,0,0,NULL,0,0,0),(7310,37,0,0,0,0,NULL,0,0,0),(7310,38,0,0,0,0,NULL,0,0,0),(7310,39,0,0,0,0,NULL,0,0,0),(7310,40,0,0,0,0,NULL,0,0,0),(7310,41,0,0,0,0,NULL,0,0,0),(7310,42,0,0,0,0,NULL,0,0,0),(7310,43,0,0,0,0,NULL,0,0,0),(7310,44,0,0,0,0,NULL,0,0,0),(7310,45,0,0,0,0,NULL,0,0,0),(7310,46,0,0,0,0,NULL,0,0,0),(7320,-1,0,0,0,0,NULL,0,0,0),(7320,1,0,0,0,0,NULL,0,0,0),(7320,2,0,0,0,0,NULL,0,0,0),(7320,3,0,0,0,0,NULL,0,0,0),(7320,4,0,0,0,0,NULL,0,0,0),(7320,5,0,0,0,0,NULL,0,0,0),(7320,6,0,0,0,0,NULL,0,0,0),(7320,7,0,0,0,0,NULL,0,0,0),(7320,8,0,0,0,0,NULL,0,0,0),(7320,9,0,0,0,0,NULL,0,0,0),(7320,10,0,0,0,0,NULL,0,0,0),(7320,11,0,0,0,0,NULL,0,0,0),(7320,12,0,0,0,0,NULL,0,0,0),(7320,13,0,0,0,0,NULL,0,0,0),(7320,14,0,0,0,0,NULL,0,0,0),(7320,15,0,0,0,0,NULL,0,0,0),(7320,16,0,0,0,0,NULL,0,0,0),(7320,17,0,0,0,0,NULL,0,0,0),(7320,18,0,0,0,0,NULL,0,0,0),(7320,19,0,0,0,0,NULL,0,0,0),(7320,20,0,0,0,0,NULL,0,0,0),(7320,21,0,0,0,0,NULL,0,0,0),(7320,22,0,0,0,0,NULL,0,0,0),(7320,23,0,0,0,0,NULL,0,0,0),(7320,24,0,0,0,0,NULL,0,0,0),(7320,25,0,0,0,0,NULL,0,0,0),(7320,26,0,0,0,0,NULL,0,0,0),(7320,27,0,0,0,0,NULL,0,0,0),(7320,28,0,0,0,0,NULL,0,0,0),(7320,29,0,0,0,0,NULL,0,0,0),(7320,30,0,0,0,0,NULL,0,0,0),(7320,31,0,0,0,0,NULL,0,0,0),(7320,32,0,0,0,0,NULL,0,0,0),(7320,33,0,0,0,0,NULL,0,0,0),(7320,34,0,0,0,0,NULL,0,0,0),(7320,35,0,0,0,0,NULL,0,0,0),(7320,36,0,0,0,0,NULL,0,0,0),(7320,37,0,0,0,0,NULL,0,0,0),(7320,38,0,0,0,0,NULL,0,0,0),(7320,39,0,0,0,0,NULL,0,0,0),(7320,40,0,0,0,0,NULL,0,0,0),(7320,41,0,0,0,0,NULL,0,0,0),(7320,42,0,0,0,0,NULL,0,0,0),(7320,43,0,0,0,0,NULL,0,0,0),(7320,44,0,0,0,0,NULL,0,0,0),(7320,45,0,0,0,0,NULL,0,0,0),(7320,46,0,0,0,0,NULL,0,0,0),(7520,-1,0,0,0,0,NULL,0,0,0),(7520,1,0,0,0,0,NULL,0,0,0),(7520,2,0,0,0,0,NULL,0,0,0),(7520,3,0,0,0,0,NULL,0,0,0),(7520,4,0,0,0,0,NULL,0,0,0),(7520,5,0,0,0,0,NULL,0,0,0),(7520,6,0,0,0,0,NULL,0,0,0),(7520,7,0,0,0,0,NULL,0,0,0),(7520,8,0,0,0,0,NULL,0,0,0),(7520,9,0,0,0,0,NULL,0,0,0),(7520,10,0,0,0,0,NULL,0,0,0),(7520,11,0,0,0,0,NULL,0,0,0),(7520,12,0,0,0,0,NULL,0,0,0),(7520,13,0,0,0,0,NULL,0,0,0),(7520,14,0,0,0,0,NULL,0,0,0),(7520,15,0,0,0,0,NULL,0,0,0),(7520,16,0,0,0,0,NULL,0,0,0),(7520,17,0,0,0,0,NULL,0,0,0),(7520,18,0,0,0,0,NULL,0,0,0),(7520,19,0,0,0,0,NULL,0,0,0),(7520,20,0,0,0,0,NULL,0,0,0),(7520,21,0,0,0,0,NULL,0,0,0),(7520,22,0,0,0,0,NULL,0,0,0),(7520,23,0,0,0,0,NULL,0,0,0),(7520,24,0,0,0,0,NULL,0,0,0),(7520,25,0,0,0,0,NULL,0,0,0),(7520,26,0,0,0,0,NULL,0,0,0),(7520,27,0,0,0,0,NULL,0,0,0),(7520,28,0,0,0,0,NULL,0,0,0),(7520,29,0,0,0,0,NULL,0,0,0),(7520,30,0,0,0,0,NULL,0,0,0),(7520,31,0,0,0,0,NULL,0,0,0),(7520,32,0,0,0,0,NULL,0,0,0),(7520,33,0,0,0,0,NULL,0,0,0),(7520,34,0,0,0,0,NULL,0,0,0),(7520,35,0,0,0,0,NULL,0,0,0),(7520,36,0,0,0,0,NULL,0,0,0),(7520,37,0,0,0,0,NULL,0,0,0),(7520,38,0,0,0,0,NULL,0,0,0),(7520,39,0,0,0,0,NULL,0,0,0),(7520,40,0,0,0,0,NULL,0,0,0),(7520,41,0,0,0,0,NULL,0,0,0),(7520,42,0,0,0,0,NULL,0,0,0),(7520,43,0,0,0,0,NULL,0,0,0),(7520,44,0,0,0,0,NULL,0,0,0),(7520,45,0,0,0,0,NULL,0,0,0),(7520,46,0,0,0,0,NULL,0,0,0),(7530,-1,0,0,0,0,NULL,0,0,0),(7530,1,0,0,0,0,NULL,0,0,0),(7530,2,0,0,0,0,NULL,0,0,0),(7530,3,0,0,0,0,NULL,0,0,0),(7530,4,0,0,0,0,NULL,0,0,0),(7530,5,0,0,0,0,NULL,0,0,0),(7530,6,0,0,0,0,NULL,0,0,0),(7530,7,0,0,0,0,NULL,0,0,0),(7530,8,0,0,0,0,NULL,0,0,0),(7530,9,0,0,0,0,NULL,0,0,0),(7530,10,0,0,0,0,NULL,0,0,0),(7530,11,0,0,0,0,NULL,0,0,0),(7530,12,0,0,0,0,NULL,0,0,0),(7530,13,0,0,0,0,NULL,0,0,0),(7530,14,0,0,0,0,NULL,0,0,0),(7530,15,0,0,0,0,NULL,0,0,0),(7530,16,0,0,0,0,NULL,0,0,0),(7530,17,0,0,0,0,NULL,0,0,0),(7530,18,0,0,0,0,NULL,0,0,0),(7530,19,0,0,0,0,NULL,0,0,0),(7530,20,0,0,0,0,NULL,0,0,0),(7530,21,0,0,0,0,NULL,0,0,0),(7530,22,0,0,0,0,NULL,0,0,0),(7530,23,0,0,0,0,NULL,0,0,0),(7530,24,0,0,0,0,NULL,0,0,0),(7530,25,0,0,0,0,NULL,0,0,0),(7530,26,0,0,0,0,NULL,0,0,0),(7530,27,0,0,0,0,NULL,0,0,0),(7530,28,0,0,0,0,NULL,0,0,0),(7530,29,0,0,0,0,NULL,0,0,0),(7530,30,0,0,0,0,NULL,0,0,0),(7530,31,0,0,0,0,NULL,0,0,0),(7530,32,0,0,0,0,NULL,0,0,0),(7530,33,0,0,0,0,NULL,0,0,0),(7530,34,0,0,0,0,NULL,0,0,0),(7530,35,0,0,0,0,NULL,0,0,0),(7530,36,0,0,0,0,NULL,0,0,0),(7530,37,0,0,0,0,NULL,0,0,0),(7530,38,0,0,0,0,NULL,0,0,0),(7530,39,0,0,0,0,NULL,0,0,0),(7530,40,0,0,0,0,NULL,0,0,0),(7530,41,0,0,0,0,NULL,0,0,0),(7530,42,0,0,0,0,NULL,0,0,0),(7530,43,0,0,0,0,NULL,0,0,0),(7530,44,0,0,0,0,NULL,0,0,0),(7530,45,0,0,0,0,NULL,0,0,0),(7530,46,0,0,0,0,NULL,0,0,0),(7600,-1,0,0,0,0,NULL,0,0,0),(7600,1,0,0,0,0,NULL,0,0,0),(7600,2,0,0,0,0,NULL,0,0,0),(7600,3,0,0,0,0,NULL,0,0,0),(7600,4,0,0,0,0,NULL,0,0,0),(7600,5,0,0,0,0,NULL,0,0,0),(7600,6,0,0,0,0,NULL,0,0,0),(7600,7,0,0,0,0,NULL,0,0,0),(7600,8,0,0,0,0,NULL,0,0,0),(7600,9,0,0,0,0,NULL,0,0,0),(7600,10,0,0,0,0,NULL,0,0,0),(7600,11,0,0,0,0,NULL,0,0,0),(7600,12,0,0,0,0,NULL,0,0,0),(7600,13,0,0,0,0,NULL,0,0,0),(7600,14,0,0,0,0,NULL,0,0,0),(7600,15,0,0,0,0,NULL,0,0,0),(7600,16,0,0,0,0,NULL,0,0,0),(7600,17,0,0,0,0,NULL,0,0,0),(7600,18,0,0,0,0,NULL,0,0,0),(7600,19,0,0,0,0,NULL,0,0,0),(7600,20,0,0,0,0,NULL,0,0,0),(7600,21,0,0,0,0,NULL,0,0,0),(7600,22,0,0,0,0,NULL,0,0,0),(7600,23,0,0,0,0,NULL,0,0,0),(7600,24,0,0,0,0,NULL,0,0,0),(7600,25,0,0,0,0,NULL,0,0,0),(7600,26,0,0,0,0,NULL,0,0,0),(7600,27,0,0,0,0,NULL,0,0,0),(7600,28,0,0,0,0,NULL,0,0,0),(7600,29,0,0,0,0,NULL,0,0,0),(7600,30,0,0,0,0,NULL,0,0,0),(7600,31,0,0,0,0,NULL,0,0,0),(7600,32,0,0,0,0,NULL,0,0,0),(7600,33,0,0,0,0,NULL,0,0,0),(7600,34,0,0,0,0,NULL,0,0,0),(7600,35,0,0,0,0,NULL,0,0,0),(7600,36,0,0,0,0,NULL,0,0,0),(7600,37,0,0,0,0,NULL,0,0,0),(7600,38,0,0,0,0,NULL,0,0,0),(7600,39,0,0,0,0,NULL,0,0,0),(7600,40,0,0,0,0,NULL,0,0,0),(7600,41,0,0,0,0,NULL,0,0,0),(7600,42,0,0,0,0,NULL,0,0,0),(7600,43,0,0,0,0,NULL,0,0,0),(7600,44,0,0,0,0,NULL,0,0,0),(7600,45,0,0,0,0,NULL,0,0,0),(7600,46,0,0,0,0,NULL,0,0,0),(7660,-1,0,0,0,0,NULL,0,0,0),(7660,1,0,0,0,0,NULL,0,0,0),(7660,2,0,0,0,0,NULL,0,0,0),(7660,3,0,0,0,0,NULL,0,0,0),(7660,4,0,0,0,0,NULL,0,0,0),(7660,5,0,0,0,0,NULL,0,0,0),(7660,6,0,0,0,0,NULL,0,0,0),(7660,7,0,0,0,0,NULL,0,0,0),(7660,8,0,0,0,0,NULL,0,0,0),(7660,9,0,0,0,0,NULL,0,0,0),(7660,10,0,0,0,0,NULL,0,0,0),(7660,11,0,0,0,0,NULL,0,0,0),(7660,12,0,0,0,0,NULL,0,0,0),(7660,13,0,0,0,0,NULL,0,0,0),(7660,14,0,0,0,0,NULL,0,0,0),(7660,15,0,0,0,0,NULL,0,0,0),(7660,16,0,0,0,0,NULL,0,0,0),(7660,17,0,0,0,0,NULL,0,0,0),(7660,18,0,0,0,0,NULL,0,0,0),(7660,19,0,0,0,0,NULL,0,0,0),(7660,20,0,0,0,0,NULL,0,0,0),(7660,21,0,0,0,0,NULL,0,0,0),(7660,22,0,0,0,0,NULL,0,0,0),(7660,23,0,0,0,0,NULL,0,0,0),(7660,24,0,0,0,0,NULL,0,0,0),(7660,25,0,0,0,0,NULL,0,0,0),(7660,26,0,0,0,0,NULL,0,0,0),(7660,27,0,0,0,0,NULL,0,0,0),(7660,28,0,0,0,0,NULL,0,0,0),(7660,29,0,0,0,0,NULL,0,0,0),(7660,30,0,0,0,0,NULL,0,0,0),(7660,31,0,0,0,0,NULL,0,0,0),(7660,32,0,0,0,0,NULL,0,0,0),(7660,33,0,0,0,0,NULL,0,0,0),(7660,34,0,0,0,0,NULL,0,0,0),(7660,35,0,0,0,0,NULL,0,0,0),(7660,36,0,0,0,0,NULL,0,0,0),(7660,37,0,0,0,0,NULL,0,0,0),(7660,38,0,0,0,0,NULL,0,0,0),(7660,39,0,0,0,0,NULL,0,0,0),(7660,40,0,0,0,0,NULL,0,0,0),(7660,41,0,0,0,0,NULL,0,0,0),(7660,42,0,0,0,0,NULL,0,0,0),(7660,43,0,0,0,0,NULL,0,0,0),(7660,44,0,0,0,0,NULL,0,0,0),(7660,45,0,0,0,0,NULL,0,0,0),(7660,46,0,0,0,0,NULL,0,0,0),(7670,-1,0,0,0,0,NULL,0,0,0),(7670,1,0,0,0,0,NULL,0,0,0),(7670,2,0,0,0,0,NULL,0,0,0),(7670,3,0,0,0,0,NULL,0,0,0),(7670,4,0,0,0,0,NULL,0,0,0),(7670,5,0,0,0,0,NULL,0,0,0),(7670,6,0,0,0,0,NULL,0,0,0),(7670,7,0,0,0,0,NULL,0,0,0),(7670,8,0,0,0,0,NULL,0,0,0),(7670,9,0,0,0,0,NULL,0,0,0),(7670,10,0,0,0,0,NULL,0,0,0),(7670,11,0,0,0,0,NULL,0,0,0),(7670,12,0,0,0,0,NULL,0,0,0),(7670,13,0,0,0,0,NULL,0,0,0),(7670,14,0,0,0,0,NULL,0,0,0),(7670,15,0,0,0,0,NULL,0,0,0),(7670,16,0,0,0,0,NULL,0,0,0),(7670,17,0,0,0,0,NULL,0,0,0),(7670,18,0,0,0,0,NULL,0,0,0),(7670,19,0,0,0,0,NULL,0,0,0),(7670,20,0,0,0,0,NULL,0,0,0),(7670,21,0,0,0,0,NULL,0,0,0),(7670,22,0,0,0,0,NULL,0,0,0),(7670,23,0,0,0,0,NULL,0,0,0),(7670,24,0,0,0,0,NULL,0,0,0),(7670,25,0,0,0,0,NULL,0,0,0),(7670,26,0,0,0,0,NULL,0,0,0),(7670,27,0,0,0,0,NULL,0,0,0),(7670,28,0,0,0,0,NULL,0,0,0),(7670,29,0,0,0,0,NULL,0,0,0),(7670,30,0,0,0,0,NULL,0,0,0),(7670,31,0,0,0,0,NULL,0,0,0),(7670,32,0,0,0,0,NULL,0,0,0),(7670,33,0,0,0,0,NULL,0,0,0),(7670,34,0,0,0,0,NULL,0,0,0),(7670,35,0,0,0,0,NULL,0,0,0),(7670,36,0,0,0,0,NULL,0,0,0),(7670,37,0,0,0,0,NULL,0,0,0),(7670,38,0,0,0,0,NULL,0,0,0),(7670,39,0,0,0,0,NULL,0,0,0),(7670,40,0,0,0,0,NULL,0,0,0),(7670,41,0,0,0,0,NULL,0,0,0),(7670,42,0,0,0,0,NULL,0,0,0),(7670,43,0,0,0,0,NULL,0,0,0),(7670,44,0,0,0,0,NULL,0,0,0),(7670,45,0,0,0,0,NULL,0,0,0),(7670,46,0,0,0,0,NULL,0,0,0),(8010,-1,0,0,0,0,NULL,0,0,0),(8010,1,0,0,0,0,NULL,0,0,0),(8010,2,0,0,0,0,NULL,0,0,0),(8010,3,0,0,0,0,NULL,0,0,0),(8010,4,0,0,0,0,NULL,0,0,0),(8010,5,0,0,0,0,NULL,0,0,0),(8010,6,0,0,0,0,NULL,0,0,0),(8010,7,0,0,0,0,NULL,0,0,0),(8010,8,0,0,0,0,NULL,0,0,0),(8010,9,0,0,0,0,NULL,0,0,0),(8010,10,0,0,0,0,NULL,0,0,0),(8010,11,0,0,0,0,NULL,0,0,0),(8010,12,0,0,0,0,NULL,0,0,0),(8010,13,0,0,0,0,NULL,0,0,0),(8010,14,0,0,0,0,NULL,0,0,0),(8010,15,0,0,0,0,NULL,0,0,0),(8010,16,0,0,0,0,NULL,0,0,0),(8010,17,0,0,0,0,NULL,0,0,0),(8010,18,0,0,0,0,NULL,0,0,0),(8010,19,0,0,0,0,NULL,0,0,0),(8010,20,0,0,0,0,NULL,0,0,0),(8010,21,0,0,0,0,NULL,0,0,0),(8010,22,0,0,0,0,NULL,0,0,0),(8010,23,0,0,0,0,NULL,0,0,0),(8010,24,0,0,0,0,NULL,0,0,0),(8010,25,0,0,0,0,NULL,0,0,0),(8010,26,0,0,0,0,NULL,0,0,0),(8010,27,0,0,0,0,NULL,0,0,0),(8010,28,0,0,0,0,NULL,0,0,0),(8010,29,0,0,0,0,NULL,0,0,0),(8010,30,0,0,0,0,NULL,0,0,0),(8010,31,0,0,0,0,NULL,0,0,0),(8010,32,0,0,0,0,NULL,0,0,0),(8010,33,0,0,0,0,NULL,0,0,0),(8010,34,0,0,0,0,NULL,0,0,0),(8010,35,0,0,0,0,NULL,0,0,0),(8010,36,0,0,0,0,NULL,0,0,0),(8010,37,0,0,0,0,NULL,0,0,0),(8010,38,0,0,0,0,NULL,0,0,0),(8010,39,0,0,0,0,NULL,0,0,0),(8010,40,0,0,0,0,NULL,0,0,0),(8010,41,0,0,0,0,NULL,0,0,0),(8010,42,0,0,0,0,NULL,0,0,0),(8010,43,0,0,0,0,NULL,0,0,0),(8010,44,0,0,0,0,NULL,0,0,0),(8010,45,0,0,0,0,NULL,0,0,0),(8010,46,0,0,0,0,NULL,0,0,0),(8030,-1,0,0,0,0,NULL,0,0,0),(8030,1,0,0,0,0,NULL,0,0,0),(8030,2,0,0,0,0,NULL,0,0,0),(8030,3,0,0,0,0,NULL,0,0,0),(8030,4,0,0,0,0,NULL,0,0,0),(8030,5,0,0,0,0,NULL,0,0,0),(8030,6,0,0,0,0,NULL,0,0,0),(8030,7,0,0,0,0,NULL,0,0,0),(8030,8,0,0,0,0,NULL,0,0,0),(8030,9,0,0,0,0,NULL,0,0,0),(8030,10,0,0,0,0,NULL,0,0,0),(8030,11,0,0,0,0,NULL,0,0,0),(8030,12,0,0,0,0,NULL,0,0,0),(8030,13,0,0,0,0,NULL,0,0,0),(8030,14,0,0,0,0,NULL,0,0,0),(8030,15,0,0,0,0,NULL,0,0,0),(8030,16,0,0,0,0,NULL,0,0,0),(8030,17,0,0,0,0,NULL,0,0,0),(8030,18,0,0,0,0,NULL,0,0,0),(8030,19,0,0,0,0,NULL,0,0,0),(8030,20,0,0,0,0,NULL,0,0,0),(8030,21,0,0,0,0,NULL,0,0,0),(8030,22,0,0,0,0,NULL,0,0,0),(8030,23,0,0,0,0,NULL,0,0,0),(8030,24,0,0,0,0,NULL,0,0,0),(8030,25,0,0,0,0,NULL,0,0,0),(8030,26,0,0,0,0,NULL,0,0,0),(8030,27,0,0,0,0,NULL,0,0,0),(8030,28,0,0,0,0,NULL,0,0,0),(8030,29,0,0,0,0,NULL,0,0,0),(8030,30,0,0,0,0,NULL,0,0,0),(8030,31,0,0,0,0,NULL,0,0,0),(8030,32,0,0,0,0,NULL,0,0,0),(8030,33,0,0,0,0,NULL,0,0,0),(8030,34,0,0,0,0,NULL,0,0,0),(8030,35,0,0,0,0,NULL,0,0,0),(8030,36,0,0,0,0,NULL,0,0,0),(8030,37,0,0,0,0,NULL,0,0,0),(8030,38,0,0,0,0,NULL,0,0,0),(8030,39,0,0,0,0,NULL,0,0,0),(8030,40,0,0,0,0,NULL,0,0,0),(8030,41,0,0,0,0,NULL,0,0,0),(8030,42,0,0,0,0,NULL,0,0,0),(8030,43,0,0,0,0,NULL,0,0,0),(8030,44,0,0,0,0,NULL,0,0,0),(8030,45,0,0,0,0,NULL,0,0,0),(8030,46,0,0,0,0,NULL,0,0,0),(8040,-1,0,0,0,0,NULL,0,0,0),(8040,1,0,0,0,0,NULL,0,0,0),(8040,2,0,0,0,0,NULL,0,0,0),(8040,3,0,0,0,0,NULL,0,0,0),(8040,4,0,0,0,0,NULL,0,0,0),(8040,5,0,0,0,0,NULL,0,0,0),(8040,6,0,0,0,0,NULL,0,0,0),(8040,7,0,0,0,0,NULL,0,0,0),(8040,8,0,0,0,0,NULL,0,0,0),(8040,9,0,0,0,0,NULL,0,0,0),(8040,10,0,0,0,0,NULL,0,0,0),(8040,11,0,0,0,0,NULL,0,0,0),(8040,12,0,0,0,0,NULL,0,0,0),(8040,13,0,0,0,0,NULL,0,0,0),(8040,14,0,0,0,0,NULL,0,0,0),(8040,15,0,0,0,0,NULL,0,0,0),(8040,16,0,0,0,0,NULL,0,0,0),(8040,17,0,0,0,0,NULL,0,0,0),(8040,18,0,0,0,0,NULL,0,0,0),(8040,19,0,0,0,0,NULL,0,0,0),(8040,20,0,0,0,0,NULL,0,0,0),(8040,21,0,0,0,0,NULL,0,0,0),(8040,22,0,0,0,0,NULL,0,0,0),(8040,23,0,0,0,0,NULL,0,0,0),(8040,24,0,0,0,0,NULL,0,0,0),(8040,25,0,0,0,0,NULL,0,0,0),(8040,26,0,0,0,0,NULL,0,0,0),(8040,27,0,0,0,0,NULL,0,0,0),(8040,28,0,0,0,0,NULL,0,0,0),(8040,29,0,0,0,0,NULL,0,0,0),(8040,30,0,0,0,0,NULL,0,0,0),(8040,31,0,0,0,0,NULL,0,0,0),(8040,32,0,0,0,0,NULL,0,0,0),(8040,33,0,0,0,0,NULL,0,0,0),(8040,34,0,0,0,0,NULL,0,0,0),(8040,35,0,0,0,0,NULL,0,0,0),(8040,36,0,0,0,0,NULL,0,0,0),(8040,37,0,0,0,0,NULL,0,0,0),(8040,38,0,0,0,0,NULL,0,0,0),(8040,39,0,0,0,0,NULL,0,0,0),(8040,40,0,0,0,0,NULL,0,0,0),(8040,41,0,0,0,0,NULL,0,0,0),(8040,42,0,0,0,0,NULL,0,0,0),(8040,43,0,0,0,0,NULL,0,0,0),(8040,44,0,0,0,0,NULL,0,0,0),(8040,45,0,0,0,0,NULL,0,0,0),(8040,46,0,0,0,0,NULL,0,0,0),(8050,-1,0,0,0,0,NULL,0,0,0),(8050,1,0,0,0,0,NULL,0,0,0),(8050,2,0,0,0,0,NULL,0,0,0),(8050,3,0,0,0,0,NULL,0,0,0),(8050,4,0,0,0,0,NULL,0,0,0),(8050,5,0,0,0,0,NULL,0,0,0),(8050,6,0,0,0,0,NULL,0,0,0),(8050,7,0,0,0,0,NULL,0,0,0),(8050,8,0,0,0,0,NULL,0,0,0),(8050,9,0,0,0,0,NULL,0,0,0),(8050,10,0,0,0,0,NULL,0,0,0),(8050,11,0,0,0,0,NULL,0,0,0),(8050,12,0,0,0,0,NULL,0,0,0),(8050,13,0,0,0,0,NULL,0,0,0),(8050,14,0,0,0,0,NULL,0,0,0),(8050,15,0,0,0,0,NULL,0,0,0),(8050,16,0,0,0,0,NULL,0,0,0),(8050,17,0,0,0,0,NULL,0,0,0),(8050,18,0,0,0,0,NULL,0,0,0),(8050,19,0,0,0,0,NULL,0,0,0),(8050,20,0,0,0,0,NULL,0,0,0),(8050,21,0,0,0,0,NULL,0,0,0),(8050,22,0,0,0,0,NULL,0,0,0),(8050,23,0,0,0,0,NULL,0,0,0),(8050,24,0,0,0,0,NULL,0,0,0),(8050,25,0,0,0,0,NULL,0,0,0),(8050,26,0,0,0,0,NULL,0,0,0),(8050,27,0,0,0,0,NULL,0,0,0),(8050,28,0,0,0,0,NULL,0,0,0),(8050,29,0,0,0,0,NULL,0,0,0),(8050,30,0,0,0,0,NULL,0,0,0),(8050,31,0,0,0,0,NULL,0,0,0),(8050,32,0,0,0,0,NULL,0,0,0),(8050,33,0,0,0,0,NULL,0,0,0),(8050,34,0,0,0,0,NULL,0,0,0),(8050,35,0,0,0,0,NULL,0,0,0),(8050,36,0,0,0,0,NULL,0,0,0),(8050,37,0,0,0,0,NULL,0,0,0),(8050,38,0,0,0,0,NULL,0,0,0),(8050,39,0,0,0,0,NULL,0,0,0),(8050,40,0,0,0,0,NULL,0,0,0),(8050,41,0,0,0,0,NULL,0,0,0),(8050,42,0,0,0,0,NULL,0,0,0),(8050,43,0,0,0,0,NULL,0,0,0),(8050,44,0,0,0,0,NULL,0,0,0),(8050,45,0,0,0,0,NULL,0,0,0),(8050,46,0,0,0,0,NULL,0,0,0),(8060,-1,0,0,0,0,NULL,0,0,0),(8060,1,0,0,0,0,NULL,0,0,0),(8060,2,0,0,0,0,NULL,0,0,0),(8060,3,0,0,0,0,NULL,0,0,0),(8060,4,0,0,0,0,NULL,0,0,0),(8060,5,0,0,0,0,NULL,0,0,0),(8060,6,0,0,0,0,NULL,0,0,0),(8060,7,0,0,0,0,NULL,0,0,0),(8060,8,0,0,0,0,NULL,0,0,0),(8060,9,0,0,0,0,NULL,0,0,0),(8060,10,0,0,0,0,NULL,0,0,0),(8060,11,0,0,0,0,NULL,0,0,0),(8060,12,0,0,0,0,NULL,0,0,0),(8060,13,0,0,0,0,NULL,0,0,0),(8060,14,0,0,0,0,NULL,0,0,0),(8060,15,0,0,0,0,NULL,0,0,0),(8060,16,0,0,0,0,NULL,0,0,0),(8060,17,0,0,0,0,NULL,0,0,0),(8060,18,0,0,0,0,NULL,0,0,0),(8060,19,0,0,0,0,NULL,0,0,0),(8060,20,0,0,0,0,NULL,0,0,0),(8060,21,0,0,0,0,NULL,0,0,0),(8060,22,0,0,0,0,NULL,0,0,0),(8060,23,0,0,0,0,NULL,0,0,0),(8060,24,0,0,0,0,NULL,0,0,0),(8060,25,0,0,0,0,NULL,0,0,0),(8060,26,0,0,0,0,NULL,0,0,0),(8060,27,0,0,0,0,NULL,0,0,0),(8060,28,0,0,0,0,NULL,0,0,0),(8060,29,0,0,0,0,NULL,0,0,0),(8060,30,0,0,0,0,NULL,0,0,0),(8060,31,0,0,0,0,NULL,0,0,0),(8060,32,0,0,0,0,NULL,0,0,0),(8060,33,0,0,0,0,NULL,0,0,0),(8060,34,0,0,0,0,NULL,0,0,0),(8060,35,0,0,0,0,NULL,0,0,0),(8060,36,0,0,0,0,NULL,0,0,0),(8060,37,0,0,0,0,NULL,0,0,0),(8060,38,0,0,0,0,NULL,0,0,0),(8060,39,0,0,0,0,NULL,0,0,0),(8060,40,0,0,0,0,NULL,0,0,0),(8060,41,0,0,0,0,NULL,0,0,0),(8060,42,0,0,0,0,NULL,0,0,0),(8060,43,0,0,0,0,NULL,0,0,0),(8060,44,0,0,0,0,NULL,0,0,0),(8060,45,0,0,0,0,NULL,0,0,0),(8060,46,0,0,0,0,NULL,0,0,0),(8070,-1,0,0,0,0,NULL,0,0,0),(8070,1,0,0,0,0,NULL,0,0,0),(8070,2,0,0,0,0,NULL,0,0,0),(8070,3,0,0,0,0,NULL,0,0,0),(8070,4,0,0,0,0,NULL,0,0,0),(8070,5,0,0,0,0,NULL,0,0,0),(8070,6,0,0,0,0,NULL,0,0,0),(8070,7,0,0,0,0,NULL,0,0,0),(8070,8,0,0,0,0,NULL,0,0,0),(8070,9,0,0,0,0,NULL,0,0,0),(8070,10,0,0,0,0,NULL,0,0,0),(8070,11,0,0,0,0,NULL,0,0,0),(8070,12,0,0,0,0,NULL,0,0,0),(8070,13,0,0,0,0,NULL,0,0,0),(8070,14,0,0,0,0,NULL,0,0,0),(8070,15,0,0,0,0,NULL,0,0,0),(8070,16,0,0,0,0,NULL,0,0,0),(8070,17,0,0,0,0,NULL,0,0,0),(8070,18,0,0,0,0,NULL,0,0,0),(8070,19,0,0,0,0,NULL,0,0,0),(8070,20,0,0,0,0,NULL,0,0,0),(8070,21,0,0,0,0,NULL,0,0,0),(8070,22,0,0,0,0,NULL,0,0,0),(8070,23,0,0,0,0,NULL,0,0,0),(8070,24,0,0,0,0,NULL,0,0,0),(8070,25,0,0,0,0,NULL,0,0,0),(8070,26,0,0,0,0,NULL,0,0,0),(8070,27,0,0,0,0,NULL,0,0,0),(8070,28,0,0,0,0,NULL,0,0,0),(8070,29,0,0,0,0,NULL,0,0,0),(8070,30,0,0,0,0,NULL,0,0,0),(8070,31,0,0,0,0,NULL,0,0,0),(8070,32,0,0,0,0,NULL,0,0,0),(8070,33,0,0,0,0,NULL,0,0,0),(8070,34,0,0,0,0,NULL,0,0,0),(8070,35,0,0,0,0,NULL,0,0,0),(8070,36,0,0,0,0,NULL,0,0,0),(8070,37,0,0,0,0,NULL,0,0,0),(8070,38,0,0,0,0,NULL,0,0,0),(8070,39,0,0,0,0,NULL,0,0,0),(8070,40,0,0,0,0,NULL,0,0,0),(8070,41,0,0,0,0,NULL,0,0,0),(8070,42,0,0,0,0,NULL,0,0,0),(8070,43,0,0,0,0,NULL,0,0,0),(8070,44,0,0,0,0,NULL,0,0,0),(8070,45,0,0,0,0,NULL,0,0,0),(8070,46,0,0,0,0,NULL,0,0,0),(8080,-1,0,0,0,0,NULL,0,0,0),(8080,1,0,0,0,0,NULL,0,0,0),(8080,2,0,0,0,0,NULL,0,0,0),(8080,3,0,0,0,0,NULL,0,0,0),(8080,4,0,0,0,0,NULL,0,0,0),(8080,5,0,0,0,0,NULL,0,0,0),(8080,6,0,0,0,0,NULL,0,0,0),(8080,7,0,0,0,0,NULL,0,0,0),(8080,8,0,0,0,0,NULL,0,0,0),(8080,9,0,0,0,0,NULL,0,0,0),(8080,10,0,0,0,0,NULL,0,0,0),(8080,11,0,0,0,0,NULL,0,0,0),(8080,12,0,0,0,0,NULL,0,0,0),(8080,13,0,0,0,0,NULL,0,0,0),(8080,14,0,0,0,0,NULL,0,0,0),(8080,15,0,0,0,0,NULL,0,0,0),(8080,16,0,0,0,0,NULL,0,0,0),(8080,17,0,0,0,0,NULL,0,0,0),(8080,18,0,0,0,0,NULL,0,0,0),(8080,19,0,0,0,0,NULL,0,0,0),(8080,20,0,0,0,0,NULL,0,0,0),(8080,21,0,0,0,0,NULL,0,0,0),(8080,22,0,0,0,0,NULL,0,0,0),(8080,23,0,0,0,0,NULL,0,0,0),(8080,24,0,0,0,0,NULL,0,0,0),(8080,25,0,0,0,0,NULL,0,0,0),(8080,26,0,0,0,0,NULL,0,0,0),(8080,27,0,0,0,0,NULL,0,0,0),(8080,28,0,0,0,0,NULL,0,0,0),(8080,29,0,0,0,0,NULL,0,0,0),(8080,30,0,0,0,0,NULL,0,0,0),(8080,31,0,0,0,0,NULL,0,0,0),(8080,32,0,0,0,0,NULL,0,0,0),(8080,33,0,0,0,0,NULL,0,0,0),(8080,34,0,0,0,0,NULL,0,0,0),(8080,35,0,0,0,0,NULL,0,0,0),(8080,36,0,0,0,0,NULL,0,0,0),(8080,37,0,0,0,0,NULL,0,0,0),(8080,38,0,0,0,0,NULL,0,0,0),(8080,39,0,0,0,0,NULL,0,0,0),(8080,40,0,0,0,0,NULL,0,0,0),(8080,41,0,0,0,0,NULL,0,0,0),(8080,42,0,0,0,0,NULL,0,0,0),(8080,43,0,0,0,0,NULL,0,0,0),(8080,44,0,0,0,0,NULL,0,0,0),(8080,45,0,0,0,0,NULL,0,0,0),(8080,46,0,0,0,0,NULL,0,0,0),(8110,-1,0,0,0,0,NULL,0,0,0),(8110,1,0,0,0,0,NULL,0,0,0),(8110,2,0,0,0,0,NULL,0,0,0),(8110,3,0,0,0,0,NULL,0,0,0),(8110,4,0,0,0,0,NULL,0,0,0),(8110,5,0,0,0,0,NULL,0,0,0),(8110,6,0,0,0,0,NULL,0,0,0),(8110,7,0,0,0,0,NULL,0,0,0),(8110,8,0,0,0,0,NULL,0,0,0),(8110,9,0,0,0,0,NULL,0,0,0),(8110,10,0,0,0,0,NULL,0,0,0),(8110,11,0,0,0,0,NULL,0,0,0),(8110,12,0,0,0,0,NULL,0,0,0),(8110,13,0,0,0,0,NULL,0,0,0),(8110,14,0,0,0,0,NULL,0,0,0),(8110,15,0,0,0,0,NULL,0,0,0),(8110,16,0,0,0,0,NULL,0,0,0),(8110,17,0,0,0,0,NULL,0,0,0),(8110,18,0,0,0,0,NULL,0,0,0),(8110,19,0,0,0,0,NULL,0,0,0),(8110,20,0,0,0,0,NULL,0,0,0),(8110,21,0,0,0,0,NULL,0,0,0),(8110,22,0,0,0,0,NULL,0,0,0),(8110,23,0,0,0,0,NULL,0,0,0),(8110,24,0,0,0,0,NULL,0,0,0),(8110,25,0,0,0,0,NULL,0,0,0),(8110,26,0,0,0,0,NULL,0,0,0),(8110,27,0,0,0,0,NULL,0,0,0),(8110,28,0,0,0,0,NULL,0,0,0),(8110,29,0,0,0,0,NULL,0,0,0),(8110,30,0,0,0,0,NULL,0,0,0),(8110,31,0,0,0,0,NULL,0,0,0),(8110,32,0,0,0,0,NULL,0,0,0),(8110,33,0,0,0,0,NULL,0,0,0),(8110,34,0,0,0,0,NULL,0,0,0),(8110,35,0,0,0,0,NULL,0,0,0),(8110,36,0,0,0,0,NULL,0,0,0),(8110,37,0,0,0,0,NULL,0,0,0),(8110,38,0,0,0,0,NULL,0,0,0),(8110,39,0,0,0,0,NULL,0,0,0),(8110,40,0,0,0,0,NULL,0,0,0),(8110,41,0,0,0,0,NULL,0,0,0),(8110,42,0,0,0,0,NULL,0,0,0),(8110,43,0,0,0,0,NULL,0,0,0),(8110,44,0,0,0,0,NULL,0,0,0),(8110,45,0,0,0,0,NULL,0,0,0),(8110,46,0,0,0,0,NULL,0,0,0),(8120,-1,0,0,0,0,NULL,0,0,0),(8120,1,0,0,0,0,NULL,0,0,0),(8120,2,0,0,0,0,NULL,0,0,0),(8120,3,0,0,0,0,NULL,0,0,0),(8120,4,0,0,0,0,NULL,0,0,0),(8120,5,0,0,0,0,NULL,0,0,0),(8120,6,0,0,0,0,NULL,0,0,0),(8120,7,0,0,0,0,NULL,0,0,0),(8120,8,0,0,0,0,NULL,0,0,0),(8120,9,0,0,0,0,NULL,0,0,0),(8120,10,0,0,0,0,NULL,0,0,0),(8120,11,0,0,0,0,NULL,0,0,0),(8120,12,0,0,0,0,NULL,0,0,0),(8120,13,0,0,0,0,NULL,0,0,0),(8120,14,0,0,0,0,NULL,0,0,0),(8120,15,0,0,0,0,NULL,0,0,0),(8120,16,0,0,0,0,NULL,0,0,0),(8120,17,0,0,0,0,NULL,0,0,0),(8120,18,0,0,0,0,NULL,0,0,0),(8120,19,0,0,0,0,NULL,0,0,0),(8120,20,0,0,0,0,NULL,0,0,0),(8120,21,0,0,0,0,NULL,0,0,0),(8120,22,0,0,0,0,NULL,0,0,0),(8120,23,0,0,0,0,NULL,0,0,0),(8120,24,0,0,0,0,NULL,0,0,0),(8120,25,0,0,0,0,NULL,0,0,0),(8120,26,0,0,0,0,NULL,0,0,0),(8120,27,0,0,0,0,NULL,0,0,0),(8120,28,0,0,0,0,NULL,0,0,0),(8120,29,0,0,0,0,NULL,0,0,0),(8120,30,0,0,0,0,NULL,0,0,0),(8120,31,0,0,0,0,NULL,0,0,0),(8120,32,0,0,0,0,NULL,0,0,0),(8120,33,0,0,0,0,NULL,0,0,0),(8120,34,0,0,0,0,NULL,0,0,0),(8120,35,0,0,0,0,NULL,0,0,0),(8120,36,0,0,0,0,NULL,0,0,0),(8120,37,0,0,0,0,NULL,0,0,0),(8120,38,0,0,0,0,NULL,0,0,0),(8120,39,0,0,0,0,NULL,0,0,0),(8120,40,0,0,0,0,NULL,0,0,0),(8120,41,0,0,0,0,NULL,0,0,0),(8120,42,0,0,0,0,NULL,0,0,0),(8120,43,0,0,0,0,NULL,0,0,0),(8120,44,0,0,0,0,NULL,0,0,0),(8120,45,0,0,0,0,NULL,0,0,0),(8120,46,0,0,0,0,NULL,0,0,0),(8130,-1,0,0,0,0,NULL,0,0,0),(8130,1,0,0,0,0,NULL,0,0,0),(8130,2,0,0,0,0,NULL,0,0,0),(8130,3,0,0,0,0,NULL,0,0,0),(8130,4,0,0,0,0,NULL,0,0,0),(8130,5,0,0,0,0,NULL,0,0,0),(8130,6,0,0,0,0,NULL,0,0,0),(8130,7,0,0,0,0,NULL,0,0,0),(8130,8,0,0,0,0,NULL,0,0,0),(8130,9,0,0,0,0,NULL,0,0,0),(8130,10,0,0,0,0,NULL,0,0,0),(8130,11,0,0,0,0,NULL,0,0,0),(8130,12,0,0,0,0,NULL,0,0,0),(8130,13,0,0,0,0,NULL,0,0,0),(8130,14,0,0,0,0,NULL,0,0,0),(8130,15,0,0,0,0,NULL,0,0,0),(8130,16,0,0,0,0,NULL,0,0,0),(8130,17,0,0,0,0,NULL,0,0,0),(8130,18,0,0,0,0,NULL,0,0,0),(8130,19,0,0,0,0,NULL,0,0,0),(8130,20,0,0,0,0,NULL,0,0,0),(8130,21,0,0,0,0,NULL,0,0,0),(8130,22,0,0,0,0,NULL,0,0,0),(8130,23,0,0,0,0,NULL,0,0,0),(8130,24,0,0,0,0,NULL,0,0,0),(8130,25,0,0,0,0,NULL,0,0,0),(8130,26,0,0,0,0,NULL,0,0,0),(8130,27,0,0,0,0,NULL,0,0,0),(8130,28,0,0,0,0,NULL,0,0,0),(8130,29,0,0,0,0,NULL,0,0,0),(8130,30,0,0,0,0,NULL,0,0,0),(8130,31,0,0,0,0,NULL,0,0,0),(8130,32,0,0,0,0,NULL,0,0,0),(8130,33,0,0,0,0,NULL,0,0,0),(8130,34,0,0,0,0,NULL,0,0,0),(8130,35,0,0,0,0,NULL,0,0,0),(8130,36,0,0,0,0,NULL,0,0,0),(8130,37,0,0,0,0,NULL,0,0,0),(8130,38,0,0,0,0,NULL,0,0,0),(8130,39,0,0,0,0,NULL,0,0,0),(8130,40,0,0,0,0,NULL,0,0,0),(8130,41,0,0,0,0,NULL,0,0,0),(8130,42,0,0,0,0,NULL,0,0,0),(8130,43,0,0,0,0,NULL,0,0,0),(8130,44,0,0,0,0,NULL,0,0,0),(8130,45,0,0,0,0,NULL,0,0,0),(8130,46,0,0,0,0,NULL,0,0,0),(8140,-1,0,0,0,0,NULL,0,0,0),(8140,1,0,0,0,0,NULL,0,0,0),(8140,2,0,0,0,0,NULL,0,0,0),(8140,3,0,0,0,0,NULL,0,0,0),(8140,4,0,0,0,0,NULL,0,0,0),(8140,5,0,0,0,0,NULL,0,0,0),(8140,6,0,0,0,0,NULL,0,0,0),(8140,7,0,0,0,0,NULL,0,0,0),(8140,8,0,0,0,0,NULL,0,0,0),(8140,9,0,0,0,0,NULL,0,0,0),(8140,10,0,0,0,0,NULL,0,0,0),(8140,11,0,0,0,0,NULL,0,0,0),(8140,12,0,0,0,0,NULL,0,0,0),(8140,13,0,0,0,0,NULL,0,0,0),(8140,14,0,0,0,0,NULL,0,0,0),(8140,15,0,0,0,0,NULL,0,0,0),(8140,16,0,0,0,0,NULL,0,0,0),(8140,17,0,0,0,0,NULL,0,0,0),(8140,18,0,0,0,0,NULL,0,0,0),(8140,19,0,0,0,0,NULL,0,0,0),(8140,20,0,0,0,0,NULL,0,0,0),(8140,21,0,0,0,0,NULL,0,0,0),(8140,22,0,0,0,0,NULL,0,0,0),(8140,23,0,0,0,0,NULL,0,0,0),(8140,24,0,0,0,0,NULL,0,0,0),(8140,25,0,0,0,0,NULL,0,0,0),(8140,26,0,0,0,0,NULL,0,0,0),(8140,27,0,0,0,0,NULL,0,0,0),(8140,28,0,0,0,0,NULL,0,0,0),(8140,29,0,0,0,0,NULL,0,0,0),(8140,30,0,0,0,0,NULL,0,0,0),(8140,31,0,0,0,0,NULL,0,0,0),(8140,32,0,0,0,0,NULL,0,0,0),(8140,33,0,0,0,0,NULL,0,0,0),(8140,34,0,0,0,0,NULL,0,0,0),(8140,35,0,0,0,0,NULL,0,0,0),(8140,36,0,0,0,0,NULL,0,0,0),(8140,37,0,0,0,0,NULL,0,0,0),(8140,38,0,0,0,0,NULL,0,0,0),(8140,39,0,0,0,0,NULL,0,0,0),(8140,40,0,0,0,0,NULL,0,0,0),(8140,41,0,0,0,0,NULL,0,0,0),(8140,42,0,0,0,0,NULL,0,0,0),(8140,43,0,0,0,0,NULL,0,0,0),(8140,44,0,0,0,0,NULL,0,0,0),(8140,45,0,0,0,0,NULL,0,0,0),(8140,46,0,0,0,0,NULL,0,0,0),(8150,-1,0,0,0,0,NULL,0,0,0),(8150,1,0,0,0,0,NULL,0,0,0),(8150,2,0,0,0,0,NULL,0,0,0),(8150,3,0,0,0,0,NULL,0,0,0),(8150,4,0,0,0,0,NULL,0,0,0),(8150,5,0,0,0,0,NULL,0,0,0),(8150,6,0,0,0,0,NULL,0,0,0),(8150,7,0,0,0,0,NULL,0,0,0),(8150,8,0,0,0,0,NULL,0,0,0),(8150,9,0,0,0,0,NULL,0,0,0),(8150,10,0,0,0,0,NULL,0,0,0),(8150,11,0,0,0,0,NULL,0,0,0),(8150,12,0,0,0,0,NULL,0,0,0),(8150,13,0,0,0,0,NULL,0,0,0),(8150,14,0,0,0,0,NULL,0,0,0),(8150,15,0,0,0,0,NULL,0,0,0),(8150,16,0,0,0,0,NULL,0,0,0),(8150,17,0,0,0,0,NULL,0,0,0),(8150,18,0,0,0,0,NULL,0,0,0),(8150,19,0,0,0,0,NULL,0,0,0),(8150,20,0,0,0,0,NULL,0,0,0),(8150,21,0,0,0,0,NULL,0,0,0),(8150,22,0,0,0,0,NULL,0,0,0),(8150,23,0,0,0,0,NULL,0,0,0),(8150,24,0,0,0,0,NULL,0,0,0),(8150,25,0,0,0,0,NULL,0,0,0),(8150,26,0,0,0,0,NULL,0,0,0),(8150,27,0,0,0,0,NULL,0,0,0),(8150,28,0,0,0,0,NULL,0,0,0),(8150,29,0,0,0,0,NULL,0,0,0),(8150,30,0,0,0,0,NULL,0,0,0),(8150,31,0,0,0,0,NULL,0,0,0),(8150,32,0,0,0,0,NULL,0,0,0),(8150,33,0,0,0,0,NULL,0,0,0),(8150,34,0,0,0,0,NULL,0,0,0),(8150,35,0,0,0,0,NULL,0,0,0),(8150,36,0,0,0,0,NULL,0,0,0),(8150,37,0,0,0,0,NULL,0,0,0),(8150,38,0,0,0,0,NULL,0,0,0),(8150,39,0,0,0,0,NULL,0,0,0),(8150,40,0,0,0,0,NULL,0,0,0),(8150,41,0,0,0,0,NULL,0,0,0),(8150,42,0,0,0,0,NULL,0,0,0),(8150,43,0,0,0,0,NULL,0,0,0),(8150,44,0,0,0,0,NULL,0,0,0),(8150,45,0,0,0,0,NULL,0,0,0),(8150,46,0,0,0,0,NULL,0,0,0),(8160,-1,0,0,0,0,NULL,0,0,0),(8160,1,0,0,0,0,NULL,0,0,0),(8160,2,0,0,0,0,NULL,0,0,0),(8160,3,0,0,0,0,NULL,0,0,0),(8160,4,0,0,0,0,NULL,0,0,0),(8160,5,0,0,0,0,NULL,0,0,0),(8160,6,0,0,0,0,NULL,0,0,0),(8160,7,0,0,0,0,NULL,0,0,0),(8160,8,0,0,0,0,NULL,0,0,0),(8160,9,0,0,0,0,NULL,0,0,0),(8160,10,0,0,0,0,NULL,0,0,0),(8160,11,0,0,0,0,NULL,0,0,0),(8160,12,0,0,0,0,NULL,0,0,0),(8160,13,0,0,0,0,NULL,0,0,0),(8160,14,0,0,0,0,NULL,0,0,0),(8160,15,0,0,0,0,NULL,0,0,0),(8160,16,0,0,0,0,NULL,0,0,0),(8160,17,0,0,0,0,NULL,0,0,0),(8160,18,0,0,0,0,NULL,0,0,0),(8160,19,0,0,0,0,NULL,0,0,0),(8160,20,0,0,0,0,NULL,0,0,0),(8160,21,0,0,0,0,NULL,0,0,0),(8160,22,0,0,0,0,NULL,0,0,0),(8160,23,0,0,0,0,NULL,0,0,0),(8160,24,0,0,0,0,NULL,0,0,0),(8160,25,0,0,0,0,NULL,0,0,0),(8160,26,0,0,0,0,NULL,0,0,0),(8160,27,0,0,0,0,NULL,0,0,0),(8160,28,0,0,0,0,NULL,0,0,0),(8160,29,0,0,0,0,NULL,0,0,0),(8160,30,0,0,0,0,NULL,0,0,0),(8160,31,0,0,0,0,NULL,0,0,0),(8160,32,0,0,0,0,NULL,0,0,0),(8160,33,0,0,0,0,NULL,0,0,0),(8160,34,0,0,0,0,NULL,0,0,0),(8160,35,0,0,0,0,NULL,0,0,0),(8160,36,0,0,0,0,NULL,0,0,0),(8160,37,0,0,0,0,NULL,0,0,0),(8160,38,0,0,0,0,NULL,0,0,0),(8160,39,0,0,0,0,NULL,0,0,0),(8160,40,0,0,0,0,NULL,0,0,0),(8160,41,0,0,0,0,NULL,0,0,0),(8160,42,0,0,0,0,NULL,0,0,0),(8160,43,0,0,0,0,NULL,0,0,0),(8160,44,0,0,0,0,NULL,0,0,0),(8160,45,0,0,0,0,NULL,0,0,0),(8160,46,0,0,0,0,NULL,0,0,0),(8210,-1,0,0,0,0,NULL,0,0,0),(8210,1,0,0,0,0,NULL,0,0,0),(8210,2,0,0,0,0,NULL,0,0,0),(8210,3,0,0,0,0,NULL,0,0,0),(8210,4,0,0,0,0,NULL,0,0,0),(8210,5,0,0,0,0,NULL,0,0,0),(8210,6,0,0,0,0,NULL,0,0,0),(8210,7,0,0,0,0,NULL,0,0,0),(8210,8,0,0,0,0,NULL,0,0,0),(8210,9,0,0,0,0,NULL,0,0,0),(8210,10,0,0,0,0,NULL,0,0,0),(8210,11,0,0,0,0,NULL,0,0,0),(8210,12,0,0,0,0,NULL,0,0,0),(8210,13,0,0,0,0,NULL,0,0,0),(8210,14,0,0,0,0,NULL,0,0,0),(8210,15,0,0,0,0,NULL,0,0,0),(8210,16,0,0,0,0,NULL,0,0,0),(8210,17,0,0,0,0,NULL,0,0,0),(8210,18,0,0,0,0,NULL,0,0,0),(8210,19,0,0,0,0,NULL,0,0,0),(8210,20,0,0,0,0,NULL,0,0,0),(8210,21,0,0,0,0,NULL,0,0,0),(8210,22,0,0,0,0,NULL,0,0,0),(8210,23,0,0,0,0,NULL,0,0,0),(8210,24,0,0,0,0,NULL,0,0,0),(8210,25,0,0,0,0,NULL,0,0,0),(8210,26,0,0,0,0,NULL,0,0,0),(8210,27,0,0,0,0,NULL,0,0,0),(8210,28,0,0,0,0,NULL,0,0,0),(8210,29,0,0,0,0,NULL,0,0,0),(8210,30,0,0,0,0,NULL,0,0,0),(8210,31,0,0,0,0,NULL,0,0,0),(8210,32,0,0,0,0,NULL,0,0,0),(8210,33,0,0,0,0,NULL,0,0,0),(8210,34,0,0,0,0,NULL,0,0,0),(8210,35,0,0,0,0,NULL,0,0,0),(8210,36,0,0,0,0,NULL,0,0,0),(8210,37,0,0,0,0,NULL,0,0,0),(8210,38,0,0,0,0,NULL,0,0,0),(8210,39,0,0,0,0,NULL,0,0,0),(8210,40,0,0,0,0,NULL,0,0,0),(8210,41,0,0,0,0,NULL,0,0,0),(8210,42,0,0,0,0,NULL,0,0,0),(8210,43,0,0,0,0,NULL,0,0,0),(8210,44,0,0,0,0,NULL,0,0,0),(8210,45,0,0,0,0,NULL,0,0,0),(8210,46,0,0,0,0,NULL,0,0,0),(8230,-1,0,0,0,0,NULL,0,0,0),(8230,1,0,0,0,0,NULL,0,0,0),(8230,2,0,0,0,0,NULL,0,0,0),(8230,3,0,0,0,0,NULL,0,0,0),(8230,4,0,0,0,0,NULL,0,0,0),(8230,5,0,0,0,0,NULL,0,0,0),(8230,6,0,0,0,0,NULL,0,0,0),(8230,7,0,0,0,0,NULL,0,0,0),(8230,8,0,0,0,0,NULL,0,0,0),(8230,9,0,0,0,0,NULL,0,0,0),(8230,10,0,0,0,0,NULL,0,0,0),(8230,11,0,0,0,0,NULL,0,0,0),(8230,12,0,0,0,0,NULL,0,0,0),(8230,13,0,0,0,0,NULL,0,0,0),(8230,14,0,0,0,0,NULL,0,0,0),(8230,15,0,0,0,0,NULL,0,0,0),(8230,16,0,0,0,0,NULL,0,0,0),(8230,17,0,0,0,0,NULL,0,0,0),(8230,18,0,0,0,0,NULL,0,0,0),(8230,19,0,0,0,0,NULL,0,0,0),(8230,20,0,0,0,0,NULL,0,0,0),(8230,21,0,0,0,0,NULL,0,0,0),(8230,22,0,0,0,0,NULL,0,0,0),(8230,23,0,0,0,0,NULL,0,0,0),(8230,24,0,0,0,0,NULL,0,0,0),(8230,25,0,0,0,0,NULL,0,0,0),(8230,26,0,0,0,0,NULL,0,0,0),(8230,27,0,0,0,0,NULL,0,0,0),(8230,28,0,0,0,0,NULL,0,0,0),(8230,29,0,0,0,0,NULL,0,0,0),(8230,30,0,0,0,0,NULL,0,0,0),(8230,31,0,0,0,0,NULL,0,0,0),(8230,32,0,0,0,0,NULL,0,0,0),(8230,33,0,0,0,0,NULL,0,0,0),(8230,34,0,0,0,0,NULL,0,0,0),(8230,35,0,0,0,0,NULL,0,0,0),(8230,36,0,0,0,0,NULL,0,0,0),(8230,37,0,0,0,0,NULL,0,0,0),(8230,38,0,0,0,0,NULL,0,0,0),(8230,39,0,0,0,0,NULL,0,0,0),(8230,40,0,0,0,0,NULL,0,0,0),(8230,41,0,0,0,0,NULL,0,0,0),(8230,42,0,0,0,0,NULL,0,0,0),(8230,43,0,0,0,0,NULL,0,0,0),(8230,44,0,0,0,0,NULL,0,0,0),(8230,45,0,0,0,0,NULL,0,0,0),(8230,46,0,0,0,0,NULL,0,0,0),(8240,-1,0,0,0,0,NULL,0,0,0),(8240,1,0,0,0,0,NULL,0,0,0),(8240,2,0,0,0,0,NULL,0,0,0),(8240,3,0,0,0,0,NULL,0,0,0),(8240,4,0,0,0,0,NULL,0,0,0),(8240,5,0,0,0,0,NULL,0,0,0),(8240,6,0,0,0,0,NULL,0,0,0),(8240,7,0,0,0,0,NULL,0,0,0),(8240,8,0,0,0,0,NULL,0,0,0),(8240,9,0,0,0,0,NULL,0,0,0),(8240,10,0,0,0,0,NULL,0,0,0),(8240,11,0,0,0,0,NULL,0,0,0),(8240,12,0,0,0,0,NULL,0,0,0),(8240,13,0,0,0,0,NULL,0,0,0),(8240,14,0,0,0,0,NULL,0,0,0),(8240,15,0,0,0,0,NULL,0,0,0),(8240,16,0,0,0,0,NULL,0,0,0),(8240,17,0,0,0,0,NULL,0,0,0),(8240,18,0,0,0,0,NULL,0,0,0),(8240,19,0,0,0,0,NULL,0,0,0),(8240,20,0,0,0,0,NULL,0,0,0),(8240,21,0,0,0,0,NULL,0,0,0),(8240,22,0,0,0,0,NULL,0,0,0),(8240,23,0,0,0,0,NULL,0,0,0),(8240,24,0,0,0,0,NULL,0,0,0),(8240,25,0,0,0,0,NULL,0,0,0),(8240,26,0,0,0,0,NULL,0,0,0),(8240,27,0,0,0,0,NULL,0,0,0),(8240,28,0,0,0,0,NULL,0,0,0),(8240,29,0,0,0,0,NULL,0,0,0),(8240,30,0,0,0,0,NULL,0,0,0),(8240,31,0,0,0,0,NULL,0,0,0),(8240,32,0,0,0,0,NULL,0,0,0),(8240,33,0,0,0,0,NULL,0,0,0),(8240,34,0,0,0,0,NULL,0,0,0),(8240,35,0,0,0,0,NULL,0,0,0),(8240,36,0,0,0,0,NULL,0,0,0),(8240,37,0,0,0,0,NULL,0,0,0),(8240,38,0,0,0,0,NULL,0,0,0),(8240,39,0,0,0,0,NULL,0,0,0),(8240,40,0,0,0,0,NULL,0,0,0),(8240,41,0,0,0,0,NULL,0,0,0),(8240,42,0,0,0,0,NULL,0,0,0),(8240,43,0,0,0,0,NULL,0,0,0),(8240,44,0,0,0,0,NULL,0,0,0),(8240,45,0,0,0,0,NULL,0,0,0),(8240,46,0,0,0,0,NULL,0,0,0),(8250,-1,0,0,0,0,NULL,0,0,0),(8250,1,0,0,0,0,NULL,0,0,0),(8250,2,0,0,0,0,NULL,0,0,0),(8250,3,0,0,0,0,NULL,0,0,0),(8250,4,0,0,0,0,NULL,0,0,0),(8250,5,0,0,0,0,NULL,0,0,0),(8250,6,0,0,0,0,NULL,0,0,0),(8250,7,0,0,0,0,NULL,0,0,0),(8250,8,0,0,0,0,NULL,0,0,0),(8250,9,0,0,0,0,NULL,0,0,0),(8250,10,0,0,0,0,NULL,0,0,0),(8250,11,0,0,0,0,NULL,0,0,0),(8250,12,0,0,0,0,NULL,0,0,0),(8250,13,0,0,0,0,NULL,0,0,0),(8250,14,0,0,0,0,NULL,0,0,0),(8250,15,0,0,0,0,NULL,0,0,0),(8250,16,0,0,0,0,NULL,0,0,0),(8250,17,0,0,0,0,NULL,0,0,0),(8250,18,0,0,0,0,NULL,0,0,0),(8250,19,0,0,0,0,NULL,0,0,0),(8250,20,0,0,0,0,NULL,0,0,0),(8250,21,0,0,0,0,NULL,0,0,0),(8250,22,0,0,0,0,NULL,0,0,0),(8250,23,0,0,0,0,NULL,0,0,0),(8250,24,0,0,0,0,NULL,0,0,0),(8250,25,0,0,0,0,NULL,0,0,0),(8250,26,0,0,0,0,NULL,0,0,0),(8250,27,0,0,0,0,NULL,0,0,0),(8250,28,0,0,0,0,NULL,0,0,0),(8250,29,0,0,0,0,NULL,0,0,0),(8250,30,0,0,0,0,NULL,0,0,0),(8250,31,0,0,0,0,NULL,0,0,0),(8250,32,0,0,0,0,NULL,0,0,0),(8250,33,0,0,0,0,NULL,0,0,0),(8250,34,0,0,0,0,NULL,0,0,0),(8250,35,0,0,0,0,NULL,0,0,0),(8250,36,0,0,0,0,NULL,0,0,0),(8250,37,0,0,0,0,NULL,0,0,0),(8250,38,0,0,0,0,NULL,0,0,0),(8250,39,0,0,0,0,NULL,0,0,0),(8250,40,0,0,0,0,NULL,0,0,0),(8250,41,0,0,0,0,NULL,0,0,0),(8250,42,0,0,0,0,NULL,0,0,0),(8250,43,0,0,0,0,NULL,0,0,0),(8250,44,0,0,0,0,NULL,0,0,0),(8250,45,0,0,0,0,NULL,0,0,0),(8250,46,0,0,0,0,NULL,0,0,0),(8260,-1,0,0,0,0,NULL,0,0,0),(8260,1,0,0,0,0,NULL,0,0,0),(8260,2,0,0,0,0,NULL,0,0,0),(8260,3,0,0,0,0,NULL,0,0,0),(8260,4,0,0,0,0,NULL,0,0,0),(8260,5,0,0,0,0,NULL,0,0,0),(8260,6,0,0,0,0,NULL,0,0,0),(8260,7,0,0,0,0,NULL,0,0,0),(8260,8,0,0,0,0,NULL,0,0,0),(8260,9,0,0,0,0,NULL,0,0,0),(8260,10,0,0,0,0,NULL,0,0,0),(8260,11,0,0,0,0,NULL,0,0,0),(8260,12,0,0,0,0,NULL,0,0,0),(8260,13,0,0,0,0,NULL,0,0,0),(8260,14,0,0,0,0,NULL,0,0,0),(8260,15,0,0,0,0,NULL,0,0,0),(8260,16,0,0,0,0,NULL,0,0,0),(8260,17,0,0,0,0,NULL,0,0,0),(8260,18,0,0,0,0,NULL,0,0,0),(8260,19,0,0,0,0,NULL,0,0,0),(8260,20,0,0,0,0,NULL,0,0,0),(8260,21,0,0,0,0,NULL,0,0,0),(8260,22,0,0,0,0,NULL,0,0,0),(8260,23,0,0,0,0,NULL,0,0,0),(8260,24,0,0,0,0,NULL,0,0,0),(8260,25,0,0,0,0,NULL,0,0,0),(8260,26,0,0,0,0,NULL,0,0,0),(8260,27,0,0,0,0,NULL,0,0,0),(8260,28,0,0,0,0,NULL,0,0,0),(8260,29,0,0,0,0,NULL,0,0,0),(8260,30,0,0,0,0,NULL,0,0,0),(8260,31,0,0,0,0,NULL,0,0,0),(8260,32,0,0,0,0,NULL,0,0,0),(8260,33,0,0,0,0,NULL,0,0,0),(8260,34,0,0,0,0,NULL,0,0,0),(8260,35,0,0,0,0,NULL,0,0,0),(8260,36,0,0,0,0,NULL,0,0,0),(8260,37,0,0,0,0,NULL,0,0,0),(8260,38,0,0,0,0,NULL,0,0,0),(8260,39,0,0,0,0,NULL,0,0,0),(8260,40,0,0,0,0,NULL,0,0,0),(8260,41,0,0,0,0,NULL,0,0,0),(8260,42,0,0,0,0,NULL,0,0,0),(8260,43,0,0,0,0,NULL,0,0,0),(8260,44,0,0,0,0,NULL,0,0,0),(8260,45,0,0,0,0,NULL,0,0,0),(8260,46,0,0,0,0,NULL,0,0,0),(8280,-1,0,0,0,0,NULL,0,0,0),(8280,1,0,0,0,0,NULL,0,0,0),(8280,2,0,0,0,0,NULL,0,0,0),(8280,3,0,0,0,0,NULL,0,0,0),(8280,4,0,0,0,0,NULL,0,0,0),(8280,5,0,0,0,0,NULL,0,0,0),(8280,6,0,0,0,0,NULL,0,0,0),(8280,7,0,0,0,0,NULL,0,0,0),(8280,8,0,0,0,0,NULL,0,0,0),(8280,9,0,0,0,0,NULL,0,0,0),(8280,10,0,0,0,0,NULL,0,0,0),(8280,11,0,0,0,0,NULL,0,0,0),(8280,12,0,0,0,0,NULL,0,0,0),(8280,13,0,0,0,0,NULL,0,0,0),(8280,14,0,0,0,0,NULL,0,0,0),(8280,15,0,0,0,0,NULL,0,0,0),(8280,16,0,0,0,0,NULL,0,0,0),(8280,17,0,0,0,0,NULL,0,0,0),(8280,18,0,0,0,0,NULL,0,0,0),(8280,19,0,0,0,0,NULL,0,0,0),(8280,20,0,0,0,0,NULL,0,0,0),(8280,21,0,0,0,0,NULL,0,0,0),(8280,22,0,0,0,0,NULL,0,0,0),(8280,23,0,0,0,0,NULL,0,0,0),(8280,24,0,0,0,0,NULL,0,0,0),(8280,25,0,0,0,0,NULL,0,0,0),(8280,26,0,0,0,0,NULL,0,0,0),(8280,27,0,0,0,0,NULL,0,0,0),(8280,28,0,0,0,0,NULL,0,0,0),(8280,29,0,0,0,0,NULL,0,0,0),(8280,30,0,0,0,0,NULL,0,0,0),(8280,31,0,0,0,0,NULL,0,0,0),(8280,32,0,0,0,0,NULL,0,0,0),(8280,33,0,0,0,0,NULL,0,0,0),(8280,34,0,0,0,0,NULL,0,0,0),(8280,35,0,0,0,0,NULL,0,0,0),(8280,36,0,0,0,0,NULL,0,0,0),(8280,37,0,0,0,0,NULL,0,0,0),(8280,38,0,0,0,0,NULL,0,0,0),(8280,39,0,0,0,0,NULL,0,0,0),(8280,40,0,0,0,0,NULL,0,0,0),(8280,41,0,0,0,0,NULL,0,0,0),(8280,42,0,0,0,0,NULL,0,0,0),(8280,43,0,0,0,0,NULL,0,0,0),(8280,44,0,0,0,0,NULL,0,0,0),(8280,45,0,0,0,0,NULL,0,0,0),(8280,46,0,0,0,0,NULL,0,0,0),(8290,-1,0,0,0,0,NULL,0,0,0),(8290,1,0,0,0,0,NULL,0,0,0),(8290,2,0,0,0,0,NULL,0,0,0),(8290,3,0,0,0,0,NULL,0,0,0),(8290,4,0,0,0,0,NULL,0,0,0),(8290,5,0,0,0,0,NULL,0,0,0),(8290,6,0,0,0,0,NULL,0,0,0),(8290,7,0,0,0,0,NULL,0,0,0),(8290,8,0,0,0,0,NULL,0,0,0),(8290,9,0,0,0,0,NULL,0,0,0),(8290,10,0,0,0,0,NULL,0,0,0),(8290,11,0,0,0,0,NULL,0,0,0),(8290,12,0,0,0,0,NULL,0,0,0),(8290,13,0,0,0,0,NULL,0,0,0),(8290,14,0,0,0,0,NULL,0,0,0),(8290,15,0,0,0,0,NULL,0,0,0),(8290,16,0,0,0,0,NULL,0,0,0),(8290,17,0,0,0,0,NULL,0,0,0),(8290,18,0,0,0,0,NULL,0,0,0),(8290,19,0,0,0,0,NULL,0,0,0),(8290,20,0,0,0,0,NULL,0,0,0),(8290,21,0,0,0,0,NULL,0,0,0),(8290,22,0,0,0,0,NULL,0,0,0),(8290,23,0,0,0,0,NULL,0,0,0),(8290,24,0,0,0,0,NULL,0,0,0),(8290,25,0,0,0,0,NULL,0,0,0),(8290,26,0,0,0,0,NULL,0,0,0),(8290,27,0,0,0,0,NULL,0,0,0),(8290,28,0,0,0,0,NULL,0,0,0),(8290,29,0,0,0,0,NULL,0,0,0),(8290,30,0,0,0,0,NULL,0,0,0),(8290,31,0,0,0,0,NULL,0,0,0),(8290,32,0,0,0,0,NULL,0,0,0),(8290,33,0,0,0,0,NULL,0,0,0),(8290,34,0,0,0,0,NULL,0,0,0),(8290,35,0,0,0,0,NULL,0,0,0),(8290,36,0,0,0,0,NULL,0,0,0),(8290,37,0,0,0,0,NULL,0,0,0),(8290,38,0,0,0,0,NULL,0,0,0),(8290,39,0,0,0,0,NULL,0,0,0),(8290,40,0,0,0,0,NULL,0,0,0),(8290,41,0,0,0,0,NULL,0,0,0),(8290,42,0,0,0,0,NULL,0,0,0),(8290,43,0,0,0,0,NULL,0,0,0),(8290,44,0,0,0,0,NULL,0,0,0),(8290,45,0,0,0,0,NULL,0,0,0),(8290,46,0,0,0,0,NULL,0,0,0),(8300,-1,0,0,0,0,NULL,0,0,0),(8300,1,0,0,0,0,NULL,0,0,0),(8300,2,0,0,0,0,NULL,0,0,0),(8300,3,0,0,0,0,NULL,0,0,0),(8300,4,0,0,0,0,NULL,0,0,0),(8300,5,0,0,0,0,NULL,0,0,0),(8300,6,0,0,0,0,NULL,0,0,0),(8300,7,0,0,0,0,NULL,0,0,0),(8300,8,0,0,0,0,NULL,0,0,0),(8300,9,0,0,0,0,NULL,0,0,0),(8300,10,0,0,0,0,NULL,0,0,0),(8300,11,0,0,0,0,NULL,0,0,0),(8300,12,0,0,0,0,NULL,0,0,0),(8300,13,0,0,0,0,NULL,0,0,0),(8300,14,0,0,0,0,NULL,0,0,0),(8300,15,0,0,0,0,NULL,0,0,0),(8300,16,0,0,0,0,NULL,0,0,0),(8300,17,0,0,0,0,NULL,0,0,0),(8300,18,0,0,0,0,NULL,0,0,0),(8300,19,0,0,0,0,NULL,0,0,0),(8300,20,0,0,0,0,NULL,0,0,0),(8300,21,0,0,0,0,NULL,0,0,0),(8300,22,0,0,0,0,NULL,0,0,0),(8300,23,0,0,0,0,NULL,0,0,0),(8300,24,0,0,0,0,NULL,0,0,0),(8300,25,0,0,0,0,NULL,0,0,0),(8300,26,0,0,0,0,NULL,0,0,0),(8300,27,0,0,0,0,NULL,0,0,0),(8300,28,0,0,0,0,NULL,0,0,0),(8300,29,0,0,0,0,NULL,0,0,0),(8300,30,0,0,0,0,NULL,0,0,0),(8300,31,0,0,0,0,NULL,0,0,0),(8300,32,0,0,0,0,NULL,0,0,0),(8300,33,0,0,0,0,NULL,0,0,0),(8300,34,0,0,0,0,NULL,0,0,0),(8300,35,0,0,0,0,NULL,0,0,0),(8300,36,0,0,0,0,NULL,0,0,0),(8300,37,0,0,0,0,NULL,0,0,0),(8300,38,0,0,0,0,NULL,0,0,0),(8300,39,0,0,0,0,NULL,0,0,0),(8300,40,0,0,0,0,NULL,0,0,0),(8300,41,0,0,0,0,NULL,0,0,0),(8300,42,0,0,0,0,NULL,0,0,0),(8300,43,0,0,0,0,NULL,0,0,0),(8300,44,0,0,0,0,NULL,0,0,0),(8300,45,0,0,0,0,NULL,0,0,0),(8300,46,0,0,0,0,NULL,0,0,0),(8310,-1,0,0,0,0,NULL,0,0,0),(8310,1,0,0,0,0,NULL,0,0,0),(8310,2,0,0,0,0,NULL,0,0,0),(8310,3,0,0,0,0,NULL,0,0,0),(8310,4,0,0,0,0,NULL,0,0,0),(8310,5,0,0,0,0,NULL,0,0,0),(8310,6,0,0,0,0,NULL,0,0,0),(8310,7,0,0,0,0,NULL,0,0,0),(8310,8,0,0,0,0,NULL,0,0,0),(8310,9,0,0,0,0,NULL,0,0,0),(8310,10,0,0,0,0,NULL,0,0,0),(8310,11,0,0,0,0,NULL,0,0,0),(8310,12,0,0,0,0,NULL,0,0,0),(8310,13,0,0,0,0,NULL,0,0,0),(8310,14,0,0,0,0,NULL,0,0,0),(8310,15,0,0,0,0,NULL,0,0,0),(8310,16,0,0,0,0,NULL,0,0,0),(8310,17,0,0,0,0,NULL,0,0,0),(8310,18,0,0,0,0,NULL,0,0,0),(8310,19,0,0,0,0,NULL,0,0,0),(8310,20,0,0,0,0,NULL,0,0,0),(8310,21,0,0,0,0,NULL,0,0,0),(8310,22,0,0,0,0,NULL,0,0,0),(8310,23,0,0,0,0,NULL,0,0,0),(8310,24,0,0,0,0,NULL,0,0,0),(8310,25,0,0,0,0,NULL,0,0,0),(8310,26,0,0,0,0,NULL,0,0,0),(8310,27,0,0,0,0,NULL,0,0,0),(8310,28,0,0,0,0,NULL,0,0,0),(8310,29,0,0,0,0,NULL,0,0,0),(8310,30,0,0,0,0,NULL,0,0,0),(8310,31,0,0,0,0,NULL,0,0,0),(8310,32,0,0,0,0,NULL,0,0,0),(8310,33,0,0,0,0,NULL,0,0,0),(8310,34,0,0,0,0,NULL,0,0,0),(8310,35,0,0,0,0,NULL,0,0,0),(8310,36,0,0,0,0,NULL,0,0,0),(8310,37,0,0,0,0,NULL,0,0,0),(8310,38,0,0,0,0,NULL,0,0,0),(8310,39,0,0,0,0,NULL,0,0,0),(8310,40,0,0,0,0,NULL,0,0,0),(8310,41,0,0,0,0,NULL,0,0,0),(8310,42,0,0,0,0,NULL,0,0,0),(8310,43,0,0,0,0,NULL,0,0,0),(8310,44,0,0,0,0,NULL,0,0,0),(8310,45,0,0,0,0,NULL,0,0,0),(8310,46,0,0,0,0,NULL,0,0,0),(8320,-1,0,0,0,0,NULL,0,0,0),(8320,1,0,0,0,0,NULL,0,0,0),(8320,2,0,0,0,0,NULL,0,0,0),(8320,3,0,0,0,0,NULL,0,0,0),(8320,4,0,0,0,0,NULL,0,0,0),(8320,5,0,0,0,0,NULL,0,0,0),(8320,6,0,0,0,0,NULL,0,0,0),(8320,7,0,0,0,0,NULL,0,0,0),(8320,8,0,0,0,0,NULL,0,0,0),(8320,9,0,0,0,0,NULL,0,0,0),(8320,10,0,0,0,0,NULL,0,0,0),(8320,11,0,0,0,0,NULL,0,0,0),(8320,12,0,0,0,0,NULL,0,0,0),(8320,13,0,0,0,0,NULL,0,0,0),(8320,14,0,0,0,0,NULL,0,0,0),(8320,15,0,0,0,0,NULL,0,0,0),(8320,16,0,0,0,0,NULL,0,0,0),(8320,17,0,0,0,0,NULL,0,0,0),(8320,18,0,0,0,0,NULL,0,0,0),(8320,19,0,0,0,0,NULL,0,0,0),(8320,20,0,0,0,0,NULL,0,0,0),(8320,21,0,0,0,0,NULL,0,0,0),(8320,22,0,0,0,0,NULL,0,0,0),(8320,23,0,0,0,0,NULL,0,0,0),(8320,24,0,0,0,0,NULL,0,0,0),(8320,25,0,0,0,0,NULL,0,0,0),(8320,26,0,0,0,0,NULL,0,0,0),(8320,27,0,0,0,0,NULL,0,0,0),(8320,28,0,0,0,0,NULL,0,0,0),(8320,29,0,0,0,0,NULL,0,0,0),(8320,30,0,0,0,0,NULL,0,0,0),(8320,31,0,0,0,0,NULL,0,0,0),(8320,32,0,0,0,0,NULL,0,0,0),(8320,33,0,0,0,0,NULL,0,0,0),(8320,34,0,0,0,0,NULL,0,0,0),(8320,35,0,0,0,0,NULL,0,0,0),(8320,36,0,0,0,0,NULL,0,0,0),(8320,37,0,0,0,0,NULL,0,0,0),(8320,38,0,0,0,0,NULL,0,0,0),(8320,39,0,0,0,0,NULL,0,0,0),(8320,40,0,0,0,0,NULL,0,0,0),(8320,41,0,0,0,0,NULL,0,0,0),(8320,42,0,0,0,0,NULL,0,0,0),(8320,43,0,0,0,0,NULL,0,0,0),(8320,44,0,0,0,0,NULL,0,0,0),(8320,45,0,0,0,0,NULL,0,0,0),(8320,46,0,0,0,0,NULL,0,0,0),(8330,-1,0,0,0,0,NULL,0,0,0),(8330,1,0,0,0,0,NULL,0,0,0),(8330,2,0,0,0,0,NULL,0,0,0),(8330,3,0,0,0,0,NULL,0,0,0),(8330,4,0,0,0,0,NULL,0,0,0),(8330,5,0,0,0,0,NULL,0,0,0),(8330,6,0,0,0,0,NULL,0,0,0),(8330,7,0,0,0,0,NULL,0,0,0),(8330,8,0,0,0,0,NULL,0,0,0),(8330,9,0,0,0,0,NULL,0,0,0),(8330,10,0,0,0,0,NULL,0,0,0),(8330,11,0,0,0,0,NULL,0,0,0),(8330,12,0,0,0,0,NULL,0,0,0),(8330,13,0,0,0,0,NULL,0,0,0),(8330,14,0,0,0,0,NULL,0,0,0),(8330,15,0,0,0,0,NULL,0,0,0),(8330,16,0,0,0,0,NULL,0,0,0),(8330,17,0,0,0,0,NULL,0,0,0),(8330,18,0,0,0,0,NULL,0,0,0),(8330,19,0,0,0,0,NULL,0,0,0),(8330,20,0,0,0,0,NULL,0,0,0),(8330,21,0,0,0,0,NULL,0,0,0),(8330,22,0,0,0,0,NULL,0,0,0),(8330,23,0,0,0,0,NULL,0,0,0),(8330,24,0,0,0,0,NULL,0,0,0),(8330,25,0,0,0,0,NULL,0,0,0),(8330,26,0,0,0,0,NULL,0,0,0),(8330,27,0,0,0,0,NULL,0,0,0),(8330,28,0,0,0,0,NULL,0,0,0),(8330,29,0,0,0,0,NULL,0,0,0),(8330,30,0,0,0,0,NULL,0,0,0),(8330,31,0,0,0,0,NULL,0,0,0),(8330,32,0,0,0,0,NULL,0,0,0),(8330,33,0,0,0,0,NULL,0,0,0),(8330,34,0,0,0,0,NULL,0,0,0),(8330,35,0,0,0,0,NULL,0,0,0),(8330,36,0,0,0,0,NULL,0,0,0),(8330,37,0,0,0,0,NULL,0,0,0),(8330,38,0,0,0,0,NULL,0,0,0),(8330,39,0,0,0,0,NULL,0,0,0),(8330,40,0,0,0,0,NULL,0,0,0),(8330,41,0,0,0,0,NULL,0,0,0),(8330,42,0,0,0,0,NULL,0,0,0),(8330,43,0,0,0,0,NULL,0,0,0),(8330,44,0,0,0,0,NULL,0,0,0),(8330,45,0,0,0,0,NULL,0,0,0),(8330,46,0,0,0,0,NULL,0,0,0),(8340,-1,0,0,0,0,NULL,0,0,0),(8340,1,0,0,0,0,NULL,0,0,0),(8340,2,0,0,0,0,NULL,0,0,0),(8340,3,0,0,0,0,NULL,0,0,0),(8340,4,0,0,0,0,NULL,0,0,0),(8340,5,0,0,0,0,NULL,0,0,0),(8340,6,0,0,0,0,NULL,0,0,0),(8340,7,0,0,0,0,NULL,0,0,0),(8340,8,0,0,0,0,NULL,0,0,0),(8340,9,0,0,0,0,NULL,0,0,0),(8340,10,0,0,0,0,NULL,0,0,0),(8340,11,0,0,0,0,NULL,0,0,0),(8340,12,0,0,0,0,NULL,0,0,0),(8340,13,0,0,0,0,NULL,0,0,0),(8340,14,0,0,0,0,NULL,0,0,0),(8340,15,0,0,0,0,NULL,0,0,0),(8340,16,0,0,0,0,NULL,0,0,0),(8340,17,0,0,0,0,NULL,0,0,0),(8340,18,0,0,0,0,NULL,0,0,0),(8340,19,0,0,0,0,NULL,0,0,0),(8340,20,0,0,0,0,NULL,0,0,0),(8340,21,0,0,0,0,NULL,0,0,0),(8340,22,0,0,0,0,NULL,0,0,0),(8340,23,0,0,0,0,NULL,0,0,0),(8340,24,0,0,0,0,NULL,0,0,0),(8340,25,0,0,0,0,NULL,0,0,0),(8340,26,0,0,0,0,NULL,0,0,0),(8340,27,0,0,0,0,NULL,0,0,0),(8340,28,0,0,0,0,NULL,0,0,0),(8340,29,0,0,0,0,NULL,0,0,0),(8340,30,0,0,0,0,NULL,0,0,0),(8340,31,0,0,0,0,NULL,0,0,0),(8340,32,0,0,0,0,NULL,0,0,0),(8340,33,0,0,0,0,NULL,0,0,0),(8340,34,0,0,0,0,NULL,0,0,0),(8340,35,0,0,0,0,NULL,0,0,0),(8340,36,0,0,0,0,NULL,0,0,0),(8340,37,0,0,0,0,NULL,0,0,0),(8340,38,0,0,0,0,NULL,0,0,0),(8340,39,0,0,0,0,NULL,0,0,0),(8340,40,0,0,0,0,NULL,0,0,0),(8340,41,0,0,0,0,NULL,0,0,0),(8340,42,0,0,0,0,NULL,0,0,0),(8340,43,0,0,0,0,NULL,0,0,0),(8340,44,0,0,0,0,NULL,0,0,0),(8340,45,0,0,0,0,NULL,0,0,0),(8340,46,0,0,0,0,NULL,0,0,0),(8370,-1,0,0,0,0,NULL,0,0,0),(8370,1,0,0,0,0,NULL,0,0,0),(8370,2,0,0,0,0,NULL,0,0,0),(8370,3,0,0,0,0,NULL,0,0,0),(8370,4,0,0,0,0,NULL,0,0,0),(8370,5,0,0,0,0,NULL,0,0,0),(8370,6,0,0,0,0,NULL,0,0,0),(8370,7,0,0,0,0,NULL,0,0,0),(8370,8,0,0,0,0,NULL,0,0,0),(8370,9,0,0,0,0,NULL,0,0,0),(8370,10,0,0,0,0,NULL,0,0,0),(8370,11,0,0,0,0,NULL,0,0,0),(8370,12,0,0,0,0,NULL,0,0,0),(8370,13,0,0,0,0,NULL,0,0,0),(8370,14,0,0,0,0,NULL,0,0,0),(8370,15,0,0,0,0,NULL,0,0,0),(8370,16,0,0,0,0,NULL,0,0,0),(8370,17,0,0,0,0,NULL,0,0,0),(8370,18,0,0,0,0,NULL,0,0,0),(8370,19,0,0,0,0,NULL,0,0,0),(8370,20,0,0,0,0,NULL,0,0,0),(8370,21,0,0,0,0,NULL,0,0,0),(8370,22,0,0,0,0,NULL,0,0,0),(8370,23,0,0,0,0,NULL,0,0,0),(8370,24,0,0,0,0,NULL,0,0,0),(8370,25,0,0,0,0,NULL,0,0,0),(8370,26,0,0,0,0,NULL,0,0,0),(8370,27,0,0,0,0,NULL,0,0,0),(8370,28,0,0,0,0,NULL,0,0,0),(8370,29,0,0,0,0,NULL,0,0,0),(8370,30,0,0,0,0,NULL,0,0,0),(8370,31,0,0,0,0,NULL,0,0,0),(8370,32,0,0,0,0,NULL,0,0,0),(8370,33,0,0,0,0,NULL,0,0,0),(8370,34,0,0,0,0,NULL,0,0,0),(8370,35,0,0,0,0,NULL,0,0,0),(8370,36,0,0,0,0,NULL,0,0,0),(8370,37,0,0,0,0,NULL,0,0,0),(8370,38,0,0,0,0,NULL,0,0,0),(8370,39,0,0,0,0,NULL,0,0,0),(8370,40,0,0,0,0,NULL,0,0,0),(8370,41,0,0,0,0,NULL,0,0,0),(8370,42,0,0,0,0,NULL,0,0,0),(8370,43,0,0,0,0,NULL,0,0,0),(8370,44,0,0,0,0,NULL,0,0,0),(8370,45,0,0,0,0,NULL,0,0,0),(8370,46,0,0,0,0,NULL,0,0,0),(8380,-1,0,0,0,0,NULL,0,0,0),(8380,1,0,0,0,0,NULL,0,0,0),(8380,2,0,0,0,0,NULL,0,0,0),(8380,3,0,0,0,0,NULL,0,0,0),(8380,4,0,0,0,0,NULL,0,0,0),(8380,5,0,0,0,0,NULL,0,0,0),(8380,6,0,0,0,0,NULL,0,0,0),(8380,7,0,0,0,0,NULL,0,0,0),(8380,8,0,0,0,0,NULL,0,0,0),(8380,9,0,0,0,0,NULL,0,0,0),(8380,10,0,0,0,0,NULL,0,0,0),(8380,11,0,0,0,0,NULL,0,0,0),(8380,12,0,0,0,0,NULL,0,0,0),(8380,13,0,0,0,0,NULL,0,0,0),(8380,14,0,0,0,0,NULL,0,0,0),(8380,15,0,0,0,0,NULL,0,0,0),(8380,16,0,0,0,0,NULL,0,0,0),(8380,17,0,0,0,0,NULL,0,0,0),(8380,18,0,0,0,0,NULL,0,0,0),(8380,19,0,0,0,0,NULL,0,0,0),(8380,20,0,0,0,0,NULL,0,0,0),(8380,21,0,0,0,0,NULL,0,0,0),(8380,22,0,0,0,0,NULL,0,0,0),(8380,23,0,0,0,0,NULL,0,0,0),(8380,24,0,0,0,0,NULL,0,0,0),(8380,25,0,0,0,0,NULL,0,0,0),(8380,26,0,0,0,0,NULL,0,0,0),(8380,27,0,0,0,0,NULL,0,0,0),(8380,28,0,0,0,0,NULL,0,0,0),(8380,29,0,0,0,0,NULL,0,0,0),(8380,30,0,0,0,0,NULL,0,0,0),(8380,31,0,0,0,0,NULL,0,0,0),(8380,32,0,0,0,0,NULL,0,0,0),(8380,33,0,0,0,0,NULL,0,0,0),(8380,34,0,0,0,0,NULL,0,0,0),(8380,35,0,0,0,0,NULL,0,0,0),(8380,36,0,0,0,0,NULL,0,0,0),(8380,37,0,0,0,0,NULL,0,0,0),(8380,38,0,0,0,0,NULL,0,0,0),(8380,39,0,0,0,0,NULL,0,0,0),(8380,40,0,0,0,0,NULL,0,0,0),(8380,41,0,0,0,0,NULL,0,0,0),(8380,42,0,0,0,0,NULL,0,0,0),(8380,43,0,0,0,0,NULL,0,0,0),(8380,44,0,0,0,0,NULL,0,0,0),(8380,45,0,0,0,0,NULL,0,0,0),(8380,46,0,0,0,0,NULL,0,0,0),(8390,-1,0,0,0,0,NULL,0,0,0),(8390,1,0,0,0,0,NULL,0,0,0),(8390,2,0,0,0,0,NULL,0,0,0),(8390,3,0,0,0,0,NULL,0,0,0),(8390,4,0,0,0,0,NULL,0,0,0),(8390,5,0,0,0,0,NULL,0,0,0),(8390,6,0,0,0,0,NULL,0,0,0),(8390,7,0,0,0,0,NULL,0,0,0),(8390,8,0,0,0,0,NULL,0,0,0),(8390,9,0,0,0,0,NULL,0,0,0),(8390,10,0,0,0,0,NULL,0,0,0),(8390,11,0,0,0,0,NULL,0,0,0),(8390,12,0,0,0,0,NULL,0,0,0),(8390,13,0,0,0,0,NULL,0,0,0),(8390,14,0,0,0,0,NULL,0,0,0),(8390,15,0,0,0,0,NULL,0,0,0),(8390,16,0,0,0,0,NULL,0,0,0),(8390,17,0,0,0,0,NULL,0,0,0),(8390,18,0,0,0,0,NULL,0,0,0),(8390,19,0,0,0,0,NULL,0,0,0),(8390,20,0,0,0,0,NULL,0,0,0),(8390,21,0,0,0,0,NULL,0,0,0),(8390,22,0,0,0,0,NULL,0,0,0),(8390,23,0,0,0,0,NULL,0,0,0),(8390,24,0,0,0,0,NULL,0,0,0),(8390,25,0,0,0,0,NULL,0,0,0),(8390,26,0,0,0,0,NULL,0,0,0),(8390,27,0,0,0,0,NULL,0,0,0),(8390,28,0,0,0,0,NULL,0,0,0),(8390,29,0,0,0,0,NULL,0,0,0),(8390,30,0,0,0,0,NULL,0,0,0),(8390,31,0,0,0,0,NULL,0,0,0),(8390,32,0,0,0,0,NULL,0,0,0),(8390,33,0,0,0,0,NULL,0,0,0),(8390,34,0,0,0,0,NULL,0,0,0),(8390,35,0,0,0,0,NULL,0,0,0),(8390,36,0,0,0,0,NULL,0,0,0),(8390,37,0,0,0,0,NULL,0,0,0),(8390,38,0,0,0,0,NULL,0,0,0),(8390,39,0,0,0,0,NULL,0,0,0),(8390,40,0,0,0,0,NULL,0,0,0),(8390,41,0,0,0,0,NULL,0,0,0),(8390,42,0,0,0,0,NULL,0,0,0),(8390,43,0,0,0,0,NULL,0,0,0),(8390,44,0,0,0,0,NULL,0,0,0),(8390,45,0,0,0,0,NULL,0,0,0),(8390,46,0,0,0,0,NULL,0,0,0),(8400,-1,0,0,0,0,NULL,0,0,0),(8400,1,0,0,0,0,NULL,0,0,0),(8400,2,0,0,0,0,NULL,0,0,0),(8400,3,0,0,0,0,NULL,0,0,0),(8400,4,0,0,0,0,NULL,0,0,0),(8400,5,0,0,0,0,NULL,0,0,0),(8400,6,0,0,0,0,NULL,0,0,0),(8400,7,0,0,0,0,NULL,0,0,0),(8400,8,0,0,0,0,NULL,0,0,0),(8400,9,0,0,0,0,NULL,0,0,0),(8400,10,0,0,0,0,NULL,0,0,0),(8400,11,0,0,0,0,NULL,0,0,0),(8400,12,0,0,0,0,NULL,0,0,0),(8400,13,0,0,0,0,NULL,0,0,0),(8400,14,0,0,0,0,NULL,0,0,0),(8400,15,0,0,0,0,NULL,0,0,0),(8400,16,0,0,0,0,NULL,0,0,0),(8400,17,0,0,0,0,NULL,0,0,0),(8400,18,0,0,0,0,NULL,0,0,0),(8400,19,0,0,0,0,NULL,0,0,0),(8400,20,0,0,0,0,NULL,0,0,0),(8400,21,0,0,0,0,NULL,0,0,0),(8400,22,0,0,0,0,NULL,0,0,0),(8400,23,0,0,0,0,NULL,0,0,0),(8400,24,0,0,0,0,NULL,0,0,0),(8400,25,0,0,0,0,NULL,0,0,0),(8400,26,0,0,0,0,NULL,0,0,0),(8400,27,0,0,0,0,NULL,0,0,0),(8400,28,0,0,0,0,NULL,0,0,0),(8400,29,0,0,0,0,NULL,0,0,0),(8400,30,0,0,0,0,NULL,0,0,0),(8400,31,0,0,0,0,NULL,0,0,0),(8400,32,0,0,0,0,NULL,0,0,0),(8400,33,0,0,0,0,NULL,0,0,0),(8400,34,0,0,0,0,NULL,0,0,0),(8400,35,0,0,0,0,NULL,0,0,0),(8400,36,0,0,0,0,NULL,0,0,0),(8400,37,0,0,0,0,NULL,0,0,0),(8400,38,0,0,0,0,NULL,0,0,0),(8400,39,0,0,0,0,NULL,0,0,0),(8400,40,0,0,0,0,NULL,0,0,0),(8400,41,0,0,0,0,NULL,0,0,0),(8400,42,0,0,0,0,NULL,0,0,0),(8400,43,0,0,0,0,NULL,0,0,0),(8400,44,0,0,0,0,NULL,0,0,0),(8400,45,0,0,0,0,NULL,0,0,0),(8400,46,0,0,0,0,NULL,0,0,0),(8420,-1,0,0,0,0,NULL,0,0,0),(8420,1,0,0,0,0,NULL,0,0,0),(8420,2,0,0,0,0,NULL,0,0,0),(8420,3,0,0,0,0,NULL,0,0,0),(8420,4,0,0,0,0,NULL,0,0,0),(8420,5,0,0,0,0,NULL,0,0,0),(8420,6,0,0,0,0,NULL,0,0,0),(8420,7,0,0,0,0,NULL,0,0,0),(8420,8,0,0,0,0,NULL,0,0,0),(8420,9,0,0,0,0,NULL,0,0,0),(8420,10,0,0,0,0,NULL,0,0,0),(8420,11,0,0,0,0,NULL,0,0,0),(8420,12,0,0,0,0,NULL,0,0,0),(8420,13,0,0,0,0,NULL,0,0,0),(8420,14,0,0,0,0,NULL,0,0,0),(8420,15,0,0,0,0,NULL,0,0,0),(8420,16,0,0,0,0,NULL,0,0,0),(8420,17,0,0,0,0,NULL,0,0,0),(8420,18,0,0,0,0,NULL,0,0,0),(8420,19,0,0,0,0,NULL,0,0,0),(8420,20,0,0,0,0,NULL,0,0,0),(8420,21,0,0,0,0,NULL,0,0,0),(8420,22,0,0,0,0,NULL,0,0,0),(8420,23,0,0,0,0,NULL,0,0,0),(8420,24,0,0,0,0,NULL,0,0,0),(8420,25,0,0,0,0,NULL,0,0,0),(8420,26,0,0,0,0,NULL,0,0,0),(8420,27,0,0,0,0,NULL,0,0,0),(8420,28,0,0,0,0,NULL,0,0,0),(8420,29,0,0,0,0,NULL,0,0,0),(8420,30,0,0,0,0,NULL,0,0,0),(8420,31,0,0,0,0,NULL,0,0,0),(8420,32,0,0,0,0,NULL,0,0,0),(8420,33,0,0,0,0,NULL,0,0,0),(8420,34,0,0,0,0,NULL,0,0,0),(8420,35,0,0,0,0,NULL,0,0,0),(8420,36,0,0,0,0,NULL,0,0,0),(8420,37,0,0,0,0,NULL,0,0,0),(8420,38,0,0,0,0,NULL,0,0,0),(8420,39,0,0,0,0,NULL,0,0,0),(8420,40,0,0,0,0,NULL,0,0,0),(8420,41,0,0,0,0,NULL,0,0,0),(8420,42,0,0,0,0,NULL,0,0,0),(8420,43,0,0,0,0,NULL,0,0,0),(8420,44,0,0,0,0,NULL,0,0,0),(8420,45,0,0,0,0,NULL,0,0,0),(8420,46,0,0,0,0,NULL,0,0,0),(8460,-1,0,0,0,0,NULL,0,0,0),(8460,1,0,0,0,0,NULL,0,0,0),(8460,2,0,0,0,0,NULL,0,0,0),(8460,3,0,0,0,0,NULL,0,0,0),(8460,4,0,0,0,0,NULL,0,0,0),(8460,5,0,0,0,0,NULL,0,0,0),(8460,6,0,0,0,0,NULL,0,0,0),(8460,7,0,0,0,0,NULL,0,0,0),(8460,8,0,0,0,0,NULL,0,0,0),(8460,9,0,0,0,0,NULL,0,0,0),(8460,10,0,0,0,0,NULL,0,0,0),(8460,11,0,0,0,0,NULL,0,0,0),(8460,12,0,0,0,0,NULL,0,0,0),(8460,13,0,0,0,0,NULL,0,0,0),(8460,14,0,0,0,0,NULL,0,0,0),(8460,15,0,0,0,0,NULL,0,0,0),(8460,16,0,0,0,0,NULL,0,0,0),(8460,17,0,0,0,0,NULL,0,0,0),(8460,18,0,0,0,0,NULL,0,0,0),(8460,19,0,0,0,0,NULL,0,0,0),(8460,20,0,0,0,0,NULL,0,0,0),(8460,21,0,0,0,0,NULL,0,0,0),(8460,22,0,0,0,0,NULL,0,0,0),(8460,23,0,0,0,0,NULL,0,0,0),(8460,24,0,0,0,0,NULL,0,0,0),(8460,25,0,0,0,0,NULL,0,0,0),(8460,26,0,0,0,0,NULL,0,0,0),(8460,27,0,0,0,0,NULL,0,0,0),(8460,28,0,0,0,0,NULL,0,0,0),(8460,29,0,0,0,0,NULL,0,0,0),(8460,30,0,0,0,0,NULL,0,0,0),(8460,31,0,0,0,0,NULL,0,0,0),(8460,32,0,0,0,0,NULL,0,0,0),(8460,33,0,0,0,0,NULL,0,0,0),(8460,34,0,0,0,0,NULL,0,0,0),(8460,35,0,0,0,0,NULL,0,0,0),(8460,36,0,0,0,0,NULL,0,0,0),(8460,37,0,0,0,0,NULL,0,0,0),(8460,38,0,0,0,0,NULL,0,0,0),(8460,39,0,0,0,0,NULL,0,0,0),(8460,40,0,0,0,0,NULL,0,0,0),(8460,41,0,0,0,0,NULL,0,0,0),(8460,42,0,0,0,0,NULL,0,0,0),(8460,43,0,0,0,0,NULL,0,0,0),(8460,44,0,0,0,0,NULL,0,0,0),(8460,45,0,0,0,0,NULL,0,0,0),(8460,46,0,0,0,0,NULL,0,0,0),(8500,-1,0,0,0,0,NULL,0,0,0),(8500,1,0,0,0,0,NULL,0,0,0),(8500,2,0,0,0,0,NULL,0,0,0),(8500,3,0,0,0,0,NULL,0,0,0),(8500,4,0,0,0,0,NULL,0,0,0),(8500,5,0,0,0,0,NULL,0,0,0),(8500,6,0,0,0,0,NULL,0,0,0),(8500,7,0,0,0,0,NULL,0,0,0),(8500,8,0,0,0,0,NULL,0,0,0),(8500,9,0,0,0,0,NULL,0,0,0),(8500,10,0,0,0,0,NULL,0,0,0),(8500,11,0,0,0,0,NULL,0,0,0),(8500,12,0,0,0,0,NULL,0,0,0),(8500,13,0,0,0,0,NULL,0,0,0),(8500,14,0,0,0,0,NULL,0,0,0),(8500,15,0,0,0,0,NULL,0,0,0),(8500,16,0,0,0,0,NULL,0,0,0),(8500,17,0,0,0,0,NULL,0,0,0),(8500,18,0,0,0,0,NULL,0,0,0),(8500,19,0,0,0,0,NULL,0,0,0),(8500,20,0,0,0,0,NULL,0,0,0),(8500,21,0,0,0,0,NULL,0,0,0),(8500,22,0,0,0,0,NULL,0,0,0),(8500,23,0,0,0,0,NULL,0,0,0),(8500,24,0,0,0,0,NULL,0,0,0),(8500,25,0,0,0,0,NULL,0,0,0),(8500,26,0,0,0,0,NULL,0,0,0),(8500,27,0,0,0,0,NULL,0,0,0),(8500,28,0,0,0,0,NULL,0,0,0),(8500,29,0,0,0,0,NULL,0,0,0),(8500,30,0,0,0,0,NULL,0,0,0),(8500,31,0,0,0,0,NULL,0,0,0),(8500,32,0,0,0,0,NULL,0,0,0),(8500,33,0,0,0,0,NULL,0,0,0),(8500,34,0,0,0,0,NULL,0,0,0),(8500,35,0,0,0,0,NULL,0,0,0),(8500,36,0,0,0,0,NULL,0,0,0),(8500,37,0,0,0,0,NULL,0,0,0),(8500,38,0,0,0,0,NULL,0,0,0),(8500,39,0,0,0,0,NULL,0,0,0),(8500,40,0,0,0,0,NULL,0,0,0),(8500,41,0,0,0,0,NULL,0,0,0),(8500,42,0,0,0,0,NULL,0,0,0),(8500,43,0,0,0,0,NULL,0,0,0),(8500,44,0,0,0,0,NULL,0,0,0),(8500,45,0,0,0,0,NULL,0,0,0),(8500,46,0,0,0,0,NULL,0,0,0),(8510,-1,0,0,0,0,NULL,0,0,0),(8510,1,0,0,0,0,NULL,0,0,0),(8510,2,0,0,0,0,NULL,0,0,0),(8510,3,0,0,0,0,NULL,0,0,0),(8510,4,0,0,0,0,NULL,0,0,0),(8510,5,0,0,0,0,NULL,0,0,0),(8510,6,0,0,0,0,NULL,0,0,0),(8510,7,0,0,0,0,NULL,0,0,0),(8510,8,0,0,0,0,NULL,0,0,0),(8510,9,0,0,0,0,NULL,0,0,0),(8510,10,0,0,0,0,NULL,0,0,0),(8510,11,0,0,0,0,NULL,0,0,0),(8510,12,0,0,0,0,NULL,0,0,0),(8510,13,0,0,0,0,NULL,0,0,0),(8510,14,0,0,0,0,NULL,0,0,0),(8510,15,0,0,0,0,NULL,0,0,0),(8510,16,0,0,0,0,NULL,0,0,0),(8510,17,0,0,0,0,NULL,0,0,0),(8510,18,0,0,0,0,NULL,0,0,0),(8510,19,0,0,0,0,NULL,0,0,0),(8510,20,0,0,0,0,NULL,0,0,0),(8510,21,0,0,0,0,NULL,0,0,0),(8510,22,0,0,0,0,NULL,0,0,0),(8510,23,0,0,0,0,NULL,0,0,0),(8510,24,0,0,0,0,NULL,0,0,0),(8510,25,0,0,0,0,NULL,0,0,0),(8510,26,0,0,0,0,NULL,0,0,0),(8510,27,0,0,0,0,NULL,0,0,0),(8510,28,0,0,0,0,NULL,0,0,0),(8510,29,0,0,0,0,NULL,0,0,0),(8510,30,0,0,0,0,NULL,0,0,0),(8510,31,0,0,0,0,NULL,0,0,0),(8510,32,0,0,0,0,NULL,0,0,0),(8510,33,0,0,0,0,NULL,0,0,0),(8510,34,0,0,0,0,NULL,0,0,0),(8510,35,0,0,0,0,NULL,0,0,0),(8510,36,0,0,0,0,NULL,0,0,0),(8510,37,0,0,0,0,NULL,0,0,0),(8510,38,0,0,0,0,NULL,0,0,0),(8510,39,0,0,0,0,NULL,0,0,0),(8510,40,0,0,0,0,NULL,0,0,0),(8510,41,0,0,0,0,NULL,0,0,0),(8510,42,0,0,0,0,NULL,0,0,0),(8510,43,0,0,0,0,NULL,0,0,0),(8510,44,0,0,0,0,NULL,0,0,0),(8510,45,0,0,0,0,NULL,0,0,0),(8510,46,0,0,0,0,NULL,0,0,0),(8520,-1,0,0,0,0,NULL,0,0,0),(8520,1,0,0,0,0,NULL,0,0,0),(8520,2,0,0,0,0,NULL,0,0,0),(8520,3,0,0,0,0,NULL,0,0,0),(8520,4,0,0,0,0,NULL,0,0,0),(8520,5,0,0,0,0,NULL,0,0,0),(8520,6,0,0,0,0,NULL,0,0,0),(8520,7,0,0,0,0,NULL,0,0,0),(8520,8,0,0,0,0,NULL,0,0,0),(8520,9,0,0,0,0,NULL,0,0,0),(8520,10,0,0,0,0,NULL,0,0,0),(8520,11,0,0,0,0,NULL,0,0,0),(8520,12,0,0,0,0,NULL,0,0,0),(8520,13,0,0,0,0,NULL,0,0,0),(8520,14,0,0,0,0,NULL,0,0,0),(8520,15,0,0,0,0,NULL,0,0,0),(8520,16,0,0,0,0,NULL,0,0,0),(8520,17,0,0,0,0,NULL,0,0,0),(8520,18,0,0,0,0,NULL,0,0,0),(8520,19,0,0,0,0,NULL,0,0,0),(8520,20,0,0,0,0,NULL,0,0,0),(8520,21,0,0,0,0,NULL,0,0,0),(8520,22,0,0,0,0,NULL,0,0,0),(8520,23,0,0,0,0,NULL,0,0,0),(8520,24,0,0,0,0,NULL,0,0,0),(8520,25,0,0,0,0,NULL,0,0,0),(8520,26,0,0,0,0,NULL,0,0,0),(8520,27,0,0,0,0,NULL,0,0,0),(8520,28,0,0,0,0,NULL,0,0,0),(8520,29,0,0,0,0,NULL,0,0,0),(8520,30,0,0,0,0,NULL,0,0,0),(8520,31,0,0,0,0,NULL,0,0,0),(8520,32,0,0,0,0,NULL,0,0,0),(8520,33,0,0,0,0,NULL,0,0,0),(8520,34,0,0,0,0,NULL,0,0,0),(8520,35,0,0,0,0,NULL,0,0,0),(8520,36,0,0,0,0,NULL,0,0,0),(8520,37,0,0,0,0,NULL,0,0,0),(8520,38,0,0,0,0,NULL,0,0,0),(8520,39,0,0,0,0,NULL,0,0,0),(8520,40,0,0,0,0,NULL,0,0,0),(8520,41,0,0,0,0,NULL,0,0,0),(8520,42,0,0,0,0,NULL,0,0,0),(8520,43,0,0,0,0,NULL,0,0,0),(8520,44,0,0,0,0,NULL,0,0,0),(8520,45,0,0,0,0,NULL,0,0,0),(8520,46,0,0,0,0,NULL,0,0,0),(8530,-1,0,0,0,0,NULL,0,0,0),(8530,1,0,0,0,0,NULL,0,0,0),(8530,2,0,0,0,0,NULL,0,0,0),(8530,3,0,0,0,0,NULL,0,0,0),(8530,4,0,0,0,0,NULL,0,0,0),(8530,5,0,0,0,0,NULL,0,0,0),(8530,6,0,0,0,0,NULL,0,0,0),(8530,7,0,0,0,0,NULL,0,0,0),(8530,8,0,0,0,0,NULL,0,0,0),(8530,9,0,0,0,0,NULL,0,0,0),(8530,10,0,0,0,0,NULL,0,0,0),(8530,11,0,0,0,0,NULL,0,0,0),(8530,12,0,0,0,0,NULL,0,0,0),(8530,13,0,0,0,0,NULL,0,0,0),(8530,14,0,0,0,0,NULL,0,0,0),(8530,15,0,0,0,0,NULL,0,0,0),(8530,16,0,0,0,0,NULL,0,0,0),(8530,17,0,0,0,0,NULL,0,0,0),(8530,18,0,0,0,0,NULL,0,0,0),(8530,19,0,0,0,0,NULL,0,0,0),(8530,20,0,0,0,0,NULL,0,0,0),(8530,21,0,0,0,0,NULL,0,0,0),(8530,22,0,0,0,0,NULL,0,0,0),(8530,23,0,0,0,0,NULL,0,0,0),(8530,24,0,0,0,0,NULL,0,0,0),(8530,25,0,0,0,0,NULL,0,0,0),(8530,26,0,0,0,0,NULL,0,0,0),(8530,27,0,0,0,0,NULL,0,0,0),(8530,28,0,0,0,0,NULL,0,0,0),(8530,29,0,0,0,0,NULL,0,0,0),(8530,30,0,0,0,0,NULL,0,0,0),(8530,31,0,0,0,0,NULL,0,0,0),(8530,32,0,0,0,0,NULL,0,0,0),(8530,33,0,0,0,0,NULL,0,0,0),(8530,34,0,0,0,0,NULL,0,0,0),(8530,35,0,0,0,0,NULL,0,0,0),(8530,36,0,0,0,0,NULL,0,0,0),(8530,37,0,0,0,0,NULL,0,0,0),(8530,38,0,0,0,0,NULL,0,0,0),(8530,39,0,0,0,0,NULL,0,0,0),(8530,40,0,0,0,0,NULL,0,0,0),(8530,41,0,0,0,0,NULL,0,0,0),(8530,42,0,0,0,0,NULL,0,0,0),(8530,43,0,0,0,0,NULL,0,0,0),(8530,44,0,0,0,0,NULL,0,0,0),(8530,45,0,0,0,0,NULL,0,0,0),(8530,46,0,0,0,0,NULL,0,0,0),(8560,-1,0,0,0,0,NULL,0,0,0),(8560,1,0,0,0,0,NULL,0,0,0),(8560,2,0,0,0,0,NULL,0,0,0),(8560,3,0,0,0,0,NULL,0,0,0),(8560,4,0,0,0,0,NULL,0,0,0),(8560,5,0,0,0,0,NULL,0,0,0),(8560,6,0,0,0,0,NULL,0,0,0),(8560,7,0,0,0,0,NULL,0,0,0),(8560,8,0,0,0,0,NULL,0,0,0),(8560,9,0,0,0,0,NULL,0,0,0),(8560,10,0,0,0,0,NULL,0,0,0),(8560,11,0,0,0,0,NULL,0,0,0),(8560,12,0,0,0,0,NULL,0,0,0),(8560,13,0,0,0,0,NULL,0,0,0),(8560,14,0,0,0,0,NULL,0,0,0),(8560,15,0,0,0,0,NULL,0,0,0),(8560,16,0,0,0,0,NULL,0,0,0),(8560,17,0,0,0,0,NULL,0,0,0),(8560,18,0,0,0,0,NULL,0,0,0),(8560,19,0,0,0,0,NULL,0,0,0),(8560,20,0,0,0,0,NULL,0,0,0),(8560,21,0,0,0,0,NULL,0,0,0),(8560,22,0,0,0,0,NULL,0,0,0),(8560,23,0,0,0,0,NULL,0,0,0),(8560,24,0,0,0,0,NULL,0,0,0),(8560,25,0,0,0,0,NULL,0,0,0),(8560,26,0,0,0,0,NULL,0,0,0),(8560,27,0,0,0,0,NULL,0,0,0),(8560,28,0,0,0,0,NULL,0,0,0),(8560,29,0,0,0,0,NULL,0,0,0),(8560,30,0,0,0,0,NULL,0,0,0),(8560,31,0,0,0,0,NULL,0,0,0),(8560,32,0,0,0,0,NULL,0,0,0),(8560,33,0,0,0,0,NULL,0,0,0),(8560,34,0,0,0,0,NULL,0,0,0),(8560,35,0,0,0,0,NULL,0,0,0),(8560,36,0,0,0,0,NULL,0,0,0),(8560,37,0,0,0,0,NULL,0,0,0),(8560,38,0,0,0,0,NULL,0,0,0),(8560,39,0,0,0,0,NULL,0,0,0),(8560,40,0,0,0,0,NULL,0,0,0),(8560,41,0,0,0,0,NULL,0,0,0),(8560,42,0,0,0,0,NULL,0,0,0),(8560,43,0,0,0,0,NULL,0,0,0),(8560,44,0,0,0,0,NULL,0,0,0),(8560,45,0,0,0,0,NULL,0,0,0),(8560,46,0,0,0,0,NULL,0,0,0),(8620,-1,0,0,0,0,NULL,0,0,0),(8620,1,0,0,0,0,NULL,0,0,0),(8620,2,0,0,0,0,NULL,0,0,0),(8620,3,0,0,0,0,NULL,0,0,0),(8620,4,0,0,0,0,NULL,0,0,0),(8620,5,0,0,0,0,NULL,0,0,0),(8620,6,0,0,0,0,NULL,0,0,0),(8620,7,0,0,0,0,NULL,0,0,0),(8620,8,0,0,0,0,NULL,0,0,0),(8620,9,0,0,0,0,NULL,0,0,0),(8620,10,0,0,0,0,NULL,0,0,0),(8620,11,0,0,0,0,NULL,0,0,0),(8620,12,0,0,0,0,NULL,0,0,0),(8620,13,0,0,0,0,NULL,0,0,0),(8620,14,0,0,0,0,NULL,0,0,0),(8620,15,0,0,0,0,NULL,0,0,0),(8620,16,0,0,0,0,NULL,0,0,0),(8620,17,0,0,0,0,NULL,0,0,0),(8620,18,0,0,0,0,NULL,0,0,0),(8620,19,0,0,0,0,NULL,0,0,0),(8620,20,0,0,0,0,NULL,0,0,0),(8620,21,0,0,0,0,NULL,0,0,0),(8620,22,0,0,0,0,NULL,0,0,0),(8620,23,0,0,0,0,NULL,0,0,0),(8620,24,0,0,0,0,NULL,0,0,0),(8620,25,0,0,0,0,NULL,0,0,0),(8620,26,0,0,0,0,NULL,0,0,0),(8620,27,0,0,0,0,NULL,0,0,0),(8620,28,0,0,0,0,NULL,0,0,0),(8620,29,0,0,0,0,NULL,0,0,0),(8620,30,0,0,0,0,NULL,0,0,0),(8620,31,0,0,0,0,NULL,0,0,0),(8620,32,0,0,0,0,NULL,0,0,0),(8620,33,0,0,0,0,NULL,0,0,0),(8620,34,0,0,0,0,NULL,0,0,0),(8620,35,0,0,0,0,NULL,0,0,0),(8620,36,0,0,0,0,NULL,0,0,0),(8620,37,0,0,0,0,NULL,0,0,0),(8620,38,0,0,0,0,NULL,0,0,0),(8620,39,0,0,0,0,NULL,0,0,0),(8620,40,0,0,0,0,NULL,0,0,0),(8620,41,0,0,0,0,NULL,0,0,0),(8620,42,0,0,0,0,NULL,0,0,0),(8620,43,0,0,0,0,NULL,0,0,0),(8620,44,0,0,0,0,NULL,0,0,0),(8620,45,0,0,0,0,NULL,0,0,0),(8620,46,0,0,0,0,NULL,0,0,0),(8630,-1,0,0,0,0,NULL,0,0,0),(8630,1,0,0,0,0,NULL,0,0,0),(8630,2,0,0,0,0,NULL,0,0,0),(8630,3,0,0,0,0,NULL,0,0,0),(8630,4,0,0,0,0,NULL,0,0,0),(8630,5,0,0,0,0,NULL,0,0,0),(8630,6,0,0,0,0,NULL,0,0,0),(8630,7,0,0,0,0,NULL,0,0,0),(8630,8,0,0,0,0,NULL,0,0,0),(8630,9,0,0,0,0,NULL,0,0,0),(8630,10,0,0,0,0,NULL,0,0,0),(8630,11,0,0,0,0,NULL,0,0,0),(8630,12,0,0,0,0,NULL,0,0,0),(8630,13,0,0,0,0,NULL,0,0,0),(8630,14,0,0,0,0,NULL,0,0,0),(8630,15,0,0,0,0,NULL,0,0,0),(8630,16,0,0,0,0,NULL,0,0,0),(8630,17,0,0,0,0,NULL,0,0,0),(8630,18,0,0,0,0,NULL,0,0,0),(8630,19,0,0,0,0,NULL,0,0,0),(8630,20,0,0,0,0,NULL,0,0,0),(8630,21,0,0,0,0,NULL,0,0,0),(8630,22,0,0,0,0,NULL,0,0,0),(8630,23,0,0,0,0,NULL,0,0,0),(8630,24,0,0,0,0,NULL,0,0,0),(8630,25,0,0,0,0,NULL,0,0,0),(8630,26,0,0,0,0,NULL,0,0,0),(8630,27,0,0,0,0,NULL,0,0,0),(8630,28,0,0,0,0,NULL,0,0,0),(8630,29,0,0,0,0,NULL,0,0,0),(8630,30,0,0,0,0,NULL,0,0,0),(8630,31,0,0,0,0,NULL,0,0,0),(8630,32,0,0,0,0,NULL,0,0,0),(8630,33,0,0,0,0,NULL,0,0,0),(8630,34,0,0,0,0,NULL,0,0,0),(8630,35,0,0,0,0,NULL,0,0,0),(8630,36,0,0,0,0,NULL,0,0,0),(8630,37,0,0,0,0,NULL,0,0,0),(8630,38,0,0,0,0,NULL,0,0,0),(8630,39,0,0,0,0,NULL,0,0,0),(8630,40,0,0,0,0,NULL,0,0,0),(8630,41,0,0,0,0,NULL,0,0,0),(8630,42,0,0,0,0,NULL,0,0,0),(8630,43,0,0,0,0,NULL,0,0,0),(8630,44,0,0,0,0,NULL,0,0,0),(8630,45,0,0,0,0,NULL,0,0,0),(8630,46,0,0,0,0,NULL,0,0,0),(8631,-1,0,0,0,0,NULL,0,0,0),(8631,1,0,0,0,0,NULL,0,0,0),(8631,2,0,0,0,0,NULL,0,0,0),(8631,3,0,0,0,0,NULL,0,0,0),(8631,4,0,0,0,0,NULL,0,0,0),(8631,5,0,0,0,0,NULL,0,0,0),(8631,6,0,0,0,0,NULL,0,0,0),(8631,7,0,0,0,0,NULL,0,0,0),(8631,8,0,0,0,0,NULL,0,0,0),(8631,9,0,0,0,0,NULL,0,0,0),(8631,10,0,0,0,0,NULL,0,0,0),(8631,11,0,0,0,0,NULL,0,0,0),(8631,12,0,0,0,0,NULL,0,0,0),(8631,13,0,0,0,0,NULL,0,0,0),(8631,14,0,0,0,0,NULL,0,0,0),(8631,15,0,0,0,0,NULL,0,0,0),(8631,16,0,0,0,0,NULL,0,0,0),(8631,17,0,0,0,0,NULL,0,0,0),(8631,18,0,0,0,0,NULL,0,0,0),(8631,19,0,0,0,0,NULL,0,0,0),(8631,20,0,0,0,0,NULL,0,0,0),(8631,21,0,0,0,0,NULL,0,0,0),(8631,22,0,0,0,0,NULL,0,0,0),(8631,23,0,0,0,0,NULL,0,0,0),(8631,24,0,0,0,0,NULL,0,0,0),(8631,25,0,0,0,0,NULL,0,0,0),(8631,26,0,0,0,0,NULL,0,0,0),(8631,27,0,0,0,0,NULL,0,0,0),(8631,28,0,0,0,0,NULL,0,0,0),(8631,29,0,0,0,0,NULL,0,0,0),(8631,30,0,0,0,0,NULL,0,0,0),(8631,31,0,0,0,0,NULL,0,0,0),(8631,32,0,0,0,0,NULL,0,0,0),(8631,33,0,0,0,0,NULL,0,0,0),(8631,34,0,0,0,0,NULL,0,0,0),(8631,35,0,0,0,0,NULL,0,0,0),(8631,36,0,0,0,0,NULL,0,0,0),(8631,37,0,0,0,0,NULL,0,0,0),(8631,38,0,0,0,0,NULL,0,0,0),(8631,39,0,0,0,0,NULL,0,0,0),(8631,40,0,0,0,0,NULL,0,0,0),(8631,41,0,0,0,0,NULL,0,0,0),(8631,42,0,0,0,0,NULL,0,0,0),(8631,43,0,0,0,0,NULL,0,0,0),(8631,44,0,0,0,0,NULL,0,0,0),(8631,45,0,0,0,0,NULL,0,0,0),(8631,46,0,0,0,0,NULL,0,0,0),(8640,-1,0,0,0,0,NULL,0,0,0),(8640,1,0,0,0,0,NULL,0,0,0),(8640,2,0,0,0,0,NULL,0,0,0),(8640,3,0,0,0,0,NULL,0,0,0),(8640,4,0,0,0,0,NULL,0,0,0),(8640,5,0,0,0,0,NULL,0,0,0),(8640,6,0,0,0,0,NULL,0,0,0),(8640,7,0,0,0,0,NULL,0,0,0),(8640,8,0,0,0,0,NULL,0,0,0),(8640,9,0,0,0,0,NULL,0,0,0),(8640,10,0,0,0,0,NULL,0,0,0),(8640,11,0,0,0,0,NULL,0,0,0),(8640,12,0,0,0,0,NULL,0,0,0),(8640,13,0,0,0,0,NULL,0,0,0),(8640,14,0,0,0,0,NULL,0,0,0),(8640,15,0,0,0,0,NULL,0,0,0),(8640,16,0,0,0,0,NULL,0,0,0),(8640,17,0,0,0,0,NULL,0,0,0),(8640,18,0,0,0,0,NULL,0,0,0),(8640,19,0,0,0,0,NULL,0,0,0),(8640,20,0,0,0,0,NULL,0,0,0),(8640,21,0,0,0,0,NULL,0,0,0),(8640,22,0,0,0,0,NULL,0,0,0),(8640,23,0,0,0,0,NULL,0,0,0),(8640,24,0,0,0,0,NULL,0,0,0),(8640,25,0,0,0,0,NULL,0,0,0),(8640,26,0,0,0,0,NULL,0,0,0),(8640,27,0,0,0,0,NULL,0,0,0),(8640,28,0,0,0,0,NULL,0,0,0),(8640,29,0,0,0,0,NULL,0,0,0),(8640,30,0,0,0,0,NULL,0,0,0),(8640,31,0,0,0,0,NULL,0,0,0),(8640,32,0,0,0,0,NULL,0,0,0),(8640,33,0,0,0,0,NULL,0,0,0),(8640,34,0,0,0,0,NULL,0,0,0),(8640,35,0,0,0,0,NULL,0,0,0),(8640,36,0,0,0,0,NULL,0,0,0),(8640,37,0,0,0,0,NULL,0,0,0),(8640,38,0,0,0,0,NULL,0,0,0),(8640,39,0,0,0,0,NULL,0,0,0),(8640,40,0,0,0,0,NULL,0,0,0),(8640,41,0,0,0,0,NULL,0,0,0),(8640,42,0,0,0,0,NULL,0,0,0),(8640,43,0,0,0,0,NULL,0,0,0),(8640,44,0,0,0,0,NULL,0,0,0),(8640,45,0,0,0,0,NULL,0,0,0),(8640,46,0,0,0,0,NULL,0,0,0),(8660,-1,0,0,0,0,NULL,0,0,0),(8660,1,0,0,0,0,NULL,0,0,0),(8660,2,0,0,0,0,NULL,0,0,0),(8660,3,0,0,0,0,NULL,0,0,0),(8660,4,0,0,0,0,NULL,0,0,0),(8660,5,0,0,0,0,NULL,0,0,0),(8660,6,0,0,0,0,NULL,0,0,0),(8660,7,0,0,0,0,NULL,0,0,0),(8660,8,0,0,0,0,NULL,0,0,0),(8660,9,0,0,0,0,NULL,0,0,0),(8660,10,0,0,0,0,NULL,0,0,0),(8660,11,0,0,0,0,NULL,0,0,0),(8660,12,0,0,0,0,NULL,0,0,0),(8660,13,0,0,0,0,NULL,0,0,0),(8660,14,0,0,0,0,NULL,0,0,0),(8660,15,0,0,0,0,NULL,0,0,0),(8660,16,0,0,0,0,NULL,0,0,0),(8660,17,0,0,0,0,NULL,0,0,0),(8660,18,0,0,0,0,NULL,0,0,0),(8660,19,0,0,0,0,NULL,0,0,0),(8660,20,0,0,0,0,NULL,0,0,0),(8660,21,0,0,0,0,NULL,0,0,0),(8660,22,0,0,0,0,NULL,0,0,0),(8660,23,0,0,0,0,NULL,0,0,0),(8660,24,0,0,0,0,NULL,0,0,0),(8660,25,0,0,0,0,NULL,0,0,0),(8660,26,0,0,0,0,NULL,0,0,0),(8660,27,0,0,0,0,NULL,0,0,0),(8660,28,0,0,0,0,NULL,0,0,0),(8660,29,0,0,0,0,NULL,0,0,0),(8660,30,0,0,0,0,NULL,0,0,0),(8660,31,0,0,0,0,NULL,0,0,0),(8660,32,0,0,0,0,NULL,0,0,0),(8660,33,0,0,0,0,NULL,0,0,0),(8660,34,0,0,0,0,NULL,0,0,0),(8660,35,0,0,0,0,NULL,0,0,0),(8660,36,0,0,0,0,NULL,0,0,0),(8660,37,0,0,0,0,NULL,0,0,0),(8660,38,0,0,0,0,NULL,0,0,0),(8660,39,0,0,0,0,NULL,0,0,0),(8660,40,0,0,0,0,NULL,0,0,0),(8660,41,0,0,0,0,NULL,0,0,0),(8660,42,0,0,0,0,NULL,0,0,0),(8660,43,0,0,0,0,NULL,0,0,0),(8660,44,0,0,0,0,NULL,0,0,0),(8660,45,0,0,0,0,NULL,0,0,0),(8660,46,0,0,0,0,NULL,0,0,0),(8670,-1,0,0,0,0,NULL,0,0,0),(8670,1,0,0,0,0,NULL,0,0,0),(8670,2,0,0,0,0,NULL,0,0,0),(8670,3,0,0,0,0,NULL,0,0,0),(8670,4,0,0,0,0,NULL,0,0,0),(8670,5,0,0,0,0,NULL,0,0,0),(8670,6,0,0,0,0,NULL,0,0,0),(8670,7,0,0,0,0,NULL,0,0,0),(8670,8,0,0,0,0,NULL,0,0,0),(8670,9,0,0,0,0,NULL,0,0,0),(8670,10,0,0,0,0,NULL,0,0,0),(8670,11,0,0,0,0,NULL,0,0,0),(8670,12,0,0,0,0,NULL,0,0,0),(8670,13,0,0,0,0,NULL,0,0,0),(8670,14,0,0,0,0,NULL,0,0,0),(8670,15,0,0,0,0,NULL,0,0,0),(8670,16,0,0,0,0,NULL,0,0,0),(8670,17,0,0,0,0,NULL,0,0,0),(8670,18,0,0,0,0,NULL,0,0,0),(8670,19,0,0,0,0,NULL,0,0,0),(8670,20,0,0,0,0,NULL,0,0,0),(8670,21,0,0,0,0,NULL,0,0,0),(8670,22,0,0,0,0,NULL,0,0,0),(8670,23,0,0,0,0,NULL,0,0,0),(8670,24,0,0,0,0,NULL,0,0,0),(8670,25,0,0,0,0,NULL,0,0,0),(8670,26,0,0,0,0,NULL,0,0,0),(8670,27,0,0,0,0,NULL,0,0,0),(8670,28,0,0,0,0,NULL,0,0,0),(8670,29,0,0,0,0,NULL,0,0,0),(8670,30,0,0,0,0,NULL,0,0,0),(8670,31,0,0,0,0,NULL,0,0,0),(8670,32,0,0,0,0,NULL,0,0,0),(8670,33,0,0,0,0,NULL,0,0,0),(8670,34,0,0,0,0,NULL,0,0,0),(8670,35,0,0,0,0,NULL,0,0,0),(8670,36,0,0,0,0,NULL,0,0,0),(8670,37,0,0,0,0,NULL,0,0,0),(8670,38,0,0,0,0,NULL,0,0,0),(8670,39,0,0,0,0,NULL,0,0,0),(8670,40,0,0,0,0,NULL,0,0,0),(8670,41,0,0,0,0,NULL,0,0,0),(8670,42,0,0,0,0,NULL,0,0,0),(8670,43,0,0,0,0,NULL,0,0,0),(8670,44,0,0,0,0,NULL,0,0,0),(8670,45,0,0,0,0,NULL,0,0,0),(8670,46,0,0,0,0,NULL,0,0,0),(8680,-1,0,0,0,0,NULL,0,0,0),(8680,1,0,0,0,0,NULL,0,0,0),(8680,2,0,0,0,0,NULL,0,0,0),(8680,3,0,0,0,0,NULL,0,0,0),(8680,4,0,0,0,0,NULL,0,0,0),(8680,5,0,0,0,0,NULL,0,0,0),(8680,6,0,0,0,0,NULL,0,0,0),(8680,7,0,0,0,0,NULL,0,0,0),(8680,8,0,0,0,0,NULL,0,0,0),(8680,9,0,0,0,0,NULL,0,0,0),(8680,10,0,0,0,0,NULL,0,0,0),(8680,11,0,0,0,0,NULL,0,0,0),(8680,12,0,0,0,0,NULL,0,0,0),(8680,13,0,0,0,0,NULL,0,0,0),(8680,14,0,0,0,0,NULL,0,0,0),(8680,15,0,0,0,0,NULL,0,0,0),(8680,16,0,0,0,0,NULL,0,0,0),(8680,17,0,0,0,0,NULL,0,0,0),(8680,18,0,0,0,0,NULL,0,0,0),(8680,19,0,0,0,0,NULL,0,0,0),(8680,20,0,0,0,0,NULL,0,0,0),(8680,21,0,0,0,0,NULL,0,0,0),(8680,22,0,0,0,0,NULL,0,0,0),(8680,23,0,0,0,0,NULL,0,0,0),(8680,24,0,0,0,0,NULL,0,0,0),(8680,25,0,0,0,0,NULL,0,0,0),(8680,26,0,0,0,0,NULL,0,0,0),(8680,27,0,0,0,0,NULL,0,0,0),(8680,28,0,0,0,0,NULL,0,0,0),(8680,29,0,0,0,0,NULL,0,0,0),(8680,30,0,0,0,0,NULL,0,0,0),(8680,31,0,0,0,0,NULL,0,0,0),(8680,32,0,0,0,0,NULL,0,0,0),(8680,33,0,0,0,0,NULL,0,0,0),(8680,34,0,0,0,0,NULL,0,0,0),(8680,35,0,0,0,0,NULL,0,0,0),(8680,36,0,0,0,0,NULL,0,0,0),(8680,37,0,0,0,0,NULL,0,0,0),(8680,38,0,0,0,0,NULL,0,0,0),(8680,39,0,0,0,0,NULL,0,0,0),(8680,40,0,0,0,0,NULL,0,0,0),(8680,41,0,0,0,0,NULL,0,0,0),(8680,42,0,0,0,0,NULL,0,0,0),(8680,43,0,0,0,0,NULL,0,0,0),(8680,44,0,0,0,0,NULL,0,0,0),(8680,45,0,0,0,0,NULL,0,0,0),(8680,46,0,0,0,0,NULL,0,0,0),(8690,-1,0,0,0,0,NULL,0,0,0),(8690,1,0,0,0,0,NULL,0,0,0),(8690,2,0,0,0,0,NULL,0,0,0),(8690,3,0,0,0,0,NULL,0,0,0),(8690,4,0,0,0,0,NULL,0,0,0),(8690,5,0,0,0,0,NULL,0,0,0),(8690,6,0,0,0,0,NULL,0,0,0),(8690,7,0,0,0,0,NULL,0,0,0),(8690,8,0,0,0,0,NULL,0,0,0),(8690,9,0,0,0,0,NULL,0,0,0),(8690,10,0,0,0,0,NULL,0,0,0),(8690,11,0,0,0,0,NULL,0,0,0),(8690,12,0,0,0,0,NULL,0,0,0),(8690,13,0,0,0,0,NULL,0,0,0),(8690,14,0,0,0,0,NULL,0,0,0),(8690,15,0,0,0,0,NULL,0,0,0),(8690,16,0,0,0,0,NULL,0,0,0),(8690,17,0,0,0,0,NULL,0,0,0),(8690,18,0,0,0,0,NULL,0,0,0),(8690,19,0,0,0,0,NULL,0,0,0),(8690,20,0,0,0,0,NULL,0,0,0),(8690,21,0,0,0,0,NULL,0,0,0),(8690,22,0,0,0,0,NULL,0,0,0),(8690,23,0,0,0,0,NULL,0,0,0),(8690,24,0,0,0,0,NULL,0,0,0),(8690,25,0,0,0,0,NULL,0,0,0),(8690,26,0,0,0,0,NULL,0,0,0),(8690,27,0,0,0,0,NULL,0,0,0),(8690,28,0,0,0,0,NULL,0,0,0),(8690,29,0,0,0,0,NULL,0,0,0),(8690,30,0,0,0,0,NULL,0,0,0),(8690,31,0,0,0,0,NULL,0,0,0),(8690,32,0,0,0,0,NULL,0,0,0),(8690,33,0,0,0,0,NULL,0,0,0),(8690,34,0,0,0,0,NULL,0,0,0),(8690,35,0,0,0,0,NULL,0,0,0),(8690,36,0,0,0,0,NULL,0,0,0),(8690,37,0,0,0,0,NULL,0,0,0),(8690,38,0,0,0,0,NULL,0,0,0),(8690,39,0,0,0,0,NULL,0,0,0),(8690,40,0,0,0,0,NULL,0,0,0),(8690,41,0,0,0,0,NULL,0,0,0),(8690,42,0,0,0,0,NULL,0,0,0),(8690,43,0,0,0,0,NULL,0,0,0),(8690,44,0,0,0,0,NULL,0,0,0),(8690,45,0,0,0,0,NULL,0,0,0),(8690,46,0,0,0,0,NULL,0,0,0),(8710,-1,0,0,0,0,NULL,0,0,0),(8710,1,0,0,0,0,NULL,0,0,0),(8710,2,0,0,0,0,NULL,0,0,0),(8710,3,0,0,0,0,NULL,0,0,0),(8710,4,0,0,0,0,NULL,0,0,0),(8710,5,0,0,0,0,NULL,0,0,0),(8710,6,0,0,0,0,NULL,0,0,0),(8710,7,0,0,0,0,NULL,0,0,0),(8710,8,0,0,0,0,NULL,0,0,0),(8710,9,0,0,0,0,NULL,0,0,0),(8710,10,0,0,0,0,NULL,0,0,0),(8710,11,0,0,0,0,NULL,0,0,0),(8710,12,0,0,0,0,NULL,0,0,0),(8710,13,0,0,0,0,NULL,0,0,0),(8710,14,0,0,0,0,NULL,0,0,0),(8710,15,0,0,0,0,NULL,0,0,0),(8710,16,0,0,0,0,NULL,0,0,0),(8710,17,0,0,0,0,NULL,0,0,0),(8710,18,0,0,0,0,NULL,0,0,0),(8710,19,0,0,0,0,NULL,0,0,0),(8710,20,0,0,0,0,NULL,0,0,0),(8710,21,0,0,0,0,NULL,0,0,0),(8710,22,0,0,0,0,NULL,0,0,0),(8710,23,0,0,0,0,NULL,0,0,0),(8710,24,0,0,0,0,NULL,0,0,0),(8710,25,0,0,0,0,NULL,0,0,0),(8710,26,0,0,0,0,NULL,0,0,0),(8710,27,0,0,0,0,NULL,0,0,0),(8710,28,0,0,0,0,NULL,0,0,0),(8710,29,0,0,0,0,NULL,0,0,0),(8710,30,0,0,0,0,NULL,0,0,0),(8710,31,0,0,0,0,NULL,0,0,0),(8710,32,0,0,0,0,NULL,0,0,0),(8710,33,0,0,0,0,NULL,0,0,0),(8710,34,0,0,0,0,NULL,0,0,0),(8710,35,0,0,0,0,NULL,0,0,0),(8710,36,0,0,0,0,NULL,0,0,0),(8710,37,0,0,0,0,NULL,0,0,0),(8710,38,0,0,0,0,NULL,0,0,0),(8710,39,0,0,0,0,NULL,0,0,0),(8710,40,0,0,0,0,NULL,0,0,0),(8710,41,0,0,0,0,NULL,0,0,0),(8710,42,0,0,0,0,NULL,0,0,0),(8710,43,0,0,0,0,NULL,0,0,0),(8710,44,0,0,0,0,NULL,0,0,0),(8710,45,0,0,0,0,NULL,0,0,0),(8710,46,0,0,0,0,NULL,0,0,0),(8720,-1,0,0,0,0,NULL,0,0,0),(8720,1,0,0,0,0,NULL,0,0,0),(8720,2,0,0,0,0,NULL,0,0,0),(8720,3,0,0,0,0,NULL,0,0,0),(8720,4,0,0,0,0,NULL,0,0,0),(8720,5,0,0,0,0,NULL,0,0,0),(8720,6,0,0,0,0,NULL,0,0,0),(8720,7,0,0,0,0,NULL,0,0,0),(8720,8,0,0,0,0,NULL,0,0,0),(8720,9,0,0,0,0,NULL,0,0,0),(8720,10,0,0,0,0,NULL,0,0,0),(8720,11,0,0,0,0,NULL,0,0,0),(8720,12,0,0,0,0,NULL,0,0,0),(8720,13,0,0,0,0,NULL,0,0,0),(8720,14,0,0,0,0,NULL,0,0,0),(8720,15,0,0,0,0,NULL,0,0,0),(8720,16,0,0,0,0,NULL,0,0,0),(8720,17,0,0,0,0,NULL,0,0,0),(8720,18,0,0,0,0,NULL,0,0,0),(8720,19,0,0,0,0,NULL,0,0,0),(8720,20,0,0,0,0,NULL,0,0,0),(8720,21,0,0,0,0,NULL,0,0,0),(8720,22,0,0,0,0,NULL,0,0,0),(8720,23,0,0,0,0,NULL,0,0,0),(8720,24,0,0,0,0,NULL,0,0,0),(8720,25,0,0,0,0,NULL,0,0,0),(8720,26,0,0,0,0,NULL,0,0,0),(8720,27,0,0,0,0,NULL,0,0,0),(8720,28,0,0,0,0,NULL,0,0,0),(8720,29,0,0,0,0,NULL,0,0,0),(8720,30,0,0,0,0,NULL,0,0,0),(8720,31,0,0,0,0,NULL,0,0,0),(8720,32,0,0,0,0,NULL,0,0,0),(8720,33,0,0,0,0,NULL,0,0,0),(8720,34,0,0,0,0,NULL,0,0,0),(8720,35,0,0,0,0,NULL,0,0,0),(8720,36,0,0,0,0,NULL,0,0,0),(8720,37,0,0,0,0,NULL,0,0,0),(8720,38,0,0,0,0,NULL,0,0,0),(8720,39,0,0,0,0,NULL,0,0,0),(8720,40,0,0,0,0,NULL,0,0,0),(8720,41,0,0,0,0,NULL,0,0,0),(8720,42,0,0,0,0,NULL,0,0,0),(8720,43,0,0,0,0,NULL,0,0,0),(8720,44,0,0,0,0,NULL,0,0,0),(8720,45,0,0,0,0,NULL,0,0,0),(8720,46,0,0,0,0,NULL,0,0,0),(8730,-1,0,0,0,0,NULL,0,0,0),(8730,1,0,0,0,0,NULL,0,0,0),(8730,2,0,0,0,0,NULL,0,0,0),(8730,3,0,0,0,0,NULL,0,0,0),(8730,4,0,0,0,0,NULL,0,0,0),(8730,5,0,0,0,0,NULL,0,0,0),(8730,6,0,0,0,0,NULL,0,0,0),(8730,7,0,0,0,0,NULL,0,0,0),(8730,8,0,0,0,0,NULL,0,0,0),(8730,9,0,0,0,0,NULL,0,0,0),(8730,10,0,0,0,0,NULL,0,0,0),(8730,11,0,0,0,0,NULL,0,0,0),(8730,12,0,0,0,0,NULL,0,0,0),(8730,13,0,0,0,0,NULL,0,0,0),(8730,14,0,0,0,0,NULL,0,0,0),(8730,15,0,0,0,0,NULL,0,0,0),(8730,16,0,0,0,0,NULL,0,0,0),(8730,17,0,0,0,0,NULL,0,0,0),(8730,18,0,0,0,0,NULL,0,0,0),(8730,19,0,0,0,0,NULL,0,0,0),(8730,20,0,0,0,0,NULL,0,0,0),(8730,21,0,0,0,0,NULL,0,0,0),(8730,22,0,0,0,0,NULL,0,0,0),(8730,23,0,0,0,0,NULL,0,0,0),(8730,24,0,0,0,0,NULL,0,0,0),(8730,25,0,0,0,0,NULL,0,0,0),(8730,26,0,0,0,0,NULL,0,0,0),(8730,27,0,0,0,0,NULL,0,0,0),(8730,28,0,0,0,0,NULL,0,0,0),(8730,29,0,0,0,0,NULL,0,0,0),(8730,30,0,0,0,0,NULL,0,0,0),(8730,31,0,0,0,0,NULL,0,0,0),(8730,32,0,0,0,0,NULL,0,0,0),(8730,33,0,0,0,0,NULL,0,0,0),(8730,34,0,0,0,0,NULL,0,0,0),(8730,35,0,0,0,0,NULL,0,0,0),(8730,36,0,0,0,0,NULL,0,0,0),(8730,37,0,0,0,0,NULL,0,0,0),(8730,38,0,0,0,0,NULL,0,0,0),(8730,39,0,0,0,0,NULL,0,0,0),(8730,40,0,0,0,0,NULL,0,0,0),(8730,41,0,0,0,0,NULL,0,0,0),(8730,42,0,0,0,0,NULL,0,0,0),(8730,43,0,0,0,0,NULL,0,0,0),(8730,44,0,0,0,0,NULL,0,0,0),(8730,45,0,0,0,0,NULL,0,0,0),(8730,46,0,0,0,0,NULL,0,0,0),(8740,-1,0,0,0,0,NULL,0,0,0),(8740,1,0,0,0,0,NULL,0,0,0),(8740,2,0,0,0,0,NULL,0,0,0),(8740,3,0,0,0,0,NULL,0,0,0),(8740,4,0,0,0,0,NULL,0,0,0),(8740,5,0,0,0,0,NULL,0,0,0),(8740,6,0,0,0,0,NULL,0,0,0),(8740,7,0,0,0,0,NULL,0,0,0),(8740,8,0,0,0,0,NULL,0,0,0),(8740,9,0,0,0,0,NULL,0,0,0),(8740,10,0,0,0,0,NULL,0,0,0),(8740,11,0,0,0,0,NULL,0,0,0),(8740,12,0,0,0,0,NULL,0,0,0),(8740,13,0,0,0,0,NULL,0,0,0),(8740,14,0,0,0,0,NULL,0,0,0),(8740,15,0,0,0,0,NULL,0,0,0),(8740,16,0,0,0,0,NULL,0,0,0),(8740,17,0,0,0,0,NULL,0,0,0),(8740,18,0,0,0,0,NULL,0,0,0),(8740,19,0,0,0,0,NULL,0,0,0),(8740,20,0,0,0,0,NULL,0,0,0),(8740,21,0,0,0,0,NULL,0,0,0),(8740,22,0,0,0,0,NULL,0,0,0),(8740,23,0,0,0,0,NULL,0,0,0),(8740,24,0,0,0,0,NULL,0,0,0),(8740,25,0,0,0,0,NULL,0,0,0),(8740,26,0,0,0,0,NULL,0,0,0),(8740,27,0,0,0,0,NULL,0,0,0),(8740,28,0,0,0,0,NULL,0,0,0),(8740,29,0,0,0,0,NULL,0,0,0),(8740,30,0,0,0,0,NULL,0,0,0),(8740,31,0,0,0,0,NULL,0,0,0),(8740,32,0,0,0,0,NULL,0,0,0),(8740,33,0,0,0,0,NULL,0,0,0),(8740,34,0,0,0,0,NULL,0,0,0),(8740,35,0,0,0,0,NULL,0,0,0),(8740,36,0,0,0,0,NULL,0,0,0),(8740,37,0,0,0,0,NULL,0,0,0),(8740,38,0,0,0,0,NULL,0,0,0),(8740,39,0,0,0,0,NULL,0,0,0),(8740,40,0,0,0,0,NULL,0,0,0),(8740,41,0,0,0,0,NULL,0,0,0),(8740,42,0,0,0,0,NULL,0,0,0),(8740,43,0,0,0,0,NULL,0,0,0),(8740,44,0,0,0,0,NULL,0,0,0),(8740,45,0,0,0,0,NULL,0,0,0),(8740,46,0,0,0,0,NULL,0,0,0),(8760,-1,0,0,0,0,NULL,0,0,0),(8760,1,0,0,0,0,NULL,0,0,0),(8760,2,0,0,0,0,NULL,0,0,0),(8760,3,0,0,0,0,NULL,0,0,0),(8760,4,0,0,0,0,NULL,0,0,0),(8760,5,0,0,0,0,NULL,0,0,0),(8760,6,0,0,0,0,NULL,0,0,0),(8760,7,0,0,0,0,NULL,0,0,0),(8760,8,0,0,0,0,NULL,0,0,0),(8760,9,0,0,0,0,NULL,0,0,0),(8760,10,0,0,0,0,NULL,0,0,0),(8760,11,0,0,0,0,NULL,0,0,0),(8760,12,0,0,0,0,NULL,0,0,0),(8760,13,0,0,0,0,NULL,0,0,0),(8760,14,0,0,0,0,NULL,0,0,0),(8760,15,0,0,0,0,NULL,0,0,0),(8760,16,0,0,0,0,NULL,0,0,0),(8760,17,0,0,0,0,NULL,0,0,0),(8760,18,0,0,0,0,NULL,0,0,0),(8760,19,0,0,0,0,NULL,0,0,0),(8760,20,0,0,0,0,NULL,0,0,0),(8760,21,0,0,0,0,NULL,0,0,0),(8760,22,0,0,0,0,NULL,0,0,0),(8760,23,0,0,0,0,NULL,0,0,0),(8760,24,0,0,0,0,NULL,0,0,0),(8760,25,0,0,0,0,NULL,0,0,0),(8760,26,0,0,0,0,NULL,0,0,0),(8760,27,0,0,0,0,NULL,0,0,0),(8760,28,0,0,0,0,NULL,0,0,0),(8760,29,0,0,0,0,NULL,0,0,0),(8760,30,0,0,0,0,NULL,0,0,0),(8760,31,0,0,0,0,NULL,0,0,0),(8760,32,0,0,0,0,NULL,0,0,0),(8760,33,0,0,0,0,NULL,0,0,0),(8760,34,0,0,0,0,NULL,0,0,0),(8760,35,0,0,0,0,NULL,0,0,0),(8760,36,0,0,0,0,NULL,0,0,0),(8760,37,0,0,0,0,NULL,0,0,0),(8760,38,0,0,0,0,NULL,0,0,0),(8760,39,0,0,0,0,NULL,0,0,0),(8760,40,0,0,0,0,NULL,0,0,0),(8760,41,0,0,0,0,NULL,0,0,0),(8760,42,0,0,0,0,NULL,0,0,0),(8760,43,0,0,0,0,NULL,0,0,0),(8760,44,0,0,0,0,NULL,0,0,0),(8760,45,0,0,0,0,NULL,0,0,0),(8760,46,0,0,0,0,NULL,0,0,0);
/*!40000 ALTER TABLE `chartdetails` ENABLE KEYS */;
UNLOCK TABLES;

--
-- Table structure for table `chartmaster`
--

DROP TABLE IF EXISTS `chartmaster`;
/*!40101 SET @saved_cs_client     = @@character_set_client */;
/*!40101 SET character_set_client = utf8 */;
CREATE TABLE `chartmaster` (
  `accountcode` int(11) NOT NULL DEFAULT '0',
  `accountname` char(50) NOT NULL DEFAULT '',
  `group_` char(30) NOT NULL DEFAULT '',
  PRIMARY KEY (`accountcode`),
  KEY `AccountCode` (`accountcode`),
  KEY `AccountName` (`accountname`),
  KEY `Group_` (`group_`)
) ENGINE=InnoDB DEFAULT CHARSET=latin1;
/*!40101 SET character_set_client = @saved_cs_client */;

--
-- Dumping data for table `chartmaster`
--

LOCK TABLES `chartmaster` WRITE;
/*!40000 ALTER TABLE `chartmaster` DISABLE KEYS */;
INSERT INTO `chartmaster` VALUES (1010,'Undeposited Funds','Cash and Bank'),(1031,'BC-HST','Finance'),(1032,'ONT-HST','Finance'),(1035,'Currency Exchange Clearing','Cash and Bank'),(1040,'Petty Cash','Cash and Bank'),(1051,'Petty Cash US $','Cash and Bank'),(1052,'Cash Box','Cash and Bank'),(1055,'Shared Interest','Cash and Bank'),(1058,'US $ Account','Cash and Bank'),(1060,'Chequing Account','Cash and Bank'),(1210,'Accounts Receivable','Accounts Receivable'),(1221,'Allowance for Doubtful Accounts','Accounts Receivable'),(1230,'Other Accounts Receivable','Accounts Receivable'),(1231,'Loans Receivable','Accounts Receivable'),(1250,'Payroll Advances','Accounts Receivable'),(1260,'ITCs Receivable','Accounts Receivable'),(1310,'Prepaid Expenses and Deposits','Prepaid Expenses'),(1320,'Prepaid Insurance','Prepaid Expenses'),(1510,'Inventory','Inventory'),(1550,'Promotional Material','Inventory'),(1610,'Computer Hardware','Capital Assets'),(1611,'Accum Amort Computer Hardware','Capital Assets'),(1612,'Computer Software','Capital Assets'),(1613,'Accum Amort Computer Software','Capital Assets'),(1620,'Films and Plates','Capital Assets'),(1621,'Accum Amort Films and Plates','Capital Assets'),(1630,'Office Furniture','Capital Assets'),(1631,'Accum Amort Office Furniture','Capital Assets'),(1640,'Production Equipment','Capital Assets'),(1641,'Accum Amort Production Equipment','Capital Assets'),(1650,'Demo Equipment','Capital Assets'),(1651,'Accum Amort Demo Equipment','Capital Assets'),(1660,'Warehousing Equipment','Capital Assets'),(1661,'Accum Amort Warehousing Equipment','Capital Assets'),(1680,'Leasehold Improvements','Capital Assets'),(1681,'Accum Amort Leasehold Improvements','Capital Assets'),(1910,'Goodwill','Other Assets'),(1911,'Accum Amort Goodwill','Other Assets'),(2010,'Accounts Payable','Accounts Payable'),(2015,'Other Accounts Payable','Accounts Payable'),(2020,'Accrued Liabilities','Accounts Payable'),(2025,'Payroll Clearing A/C','Accounts Payable'),(2030,'VISA Payable','Accounts Payable'),(2050,'GST Charged on Sales','Accounts Payable'),(2051,'GST Paid on Purchases','Accounts Payable'),(2055,'GST Clearing','Accounts Payable'),(2060,'PST Payable','Accounts Payable'),(2070,'Other Sales Tax Payable','Accounts Payable'),(2080,'Corporate Taxes Payable','Accounts Payable'),(2110,'Caisse Line of Credit','Lines of Credit'),(2120,'Shared Interest LOC','Lines of Credit'),(3100,'Membership Shares','Equity'),(3200,'Class A Preference Shares','Equity'),(3300,'Class B Preference Shares','Equity'),(3400,'Contributed Surplus','Equity'),(3500,'Dividends Paid','Equity'),(3600,'Retained Earnings','Equity'),(4100,'Private Label','Sales'),(4200,'Distributor','Sales'),(4250,'Mass Market','Sales'),(4300,'Foodservice','Sales'),(4350,'Industrial','Sales'),(4400,'Direct','Sales'),(4450,'Gift Market','Sales'),(4500,'Fundraising','Sales'),(4550,'Retail','Sales'),(4555,'Opportunities','Sales'),(4605,'Discounts - Distributor','Sales'),(4610,'Discounts - Mass Market','Sales'),(4615,'Discounts - Foodservice','Sales'),(4620,'Discounts - Industrial','Sales'),(4625,'Discounts - Direct','Sales'),(4630,'Discounts - Freight Charges','Sales'),(4635,'Discounts - Other','Sales'),(4650,'Foreign Exchange G/L - Sales','Sales'),(4705,'Interest Income','Other Revenue'),(4710,'Royalty Income','Other Revenue'),(4720,'Other Income','Other Revenue'),(5100,'Cost of Sales','Cost of Goods Sold'),(5200,'Packaging Materials','Cost of Goods Sold'),(5300,'Manufacturing Costs','Cost of Goods Sold'),(5400,'Customs on Purchases','Cost of Goods Sold'),(5410,'Duty on Purchases','Cost of Goods Sold'),(5420,'Brokerage on Purchases','Cost of Goods Sold'),(5430,'Freight on Purchases','Cost of Goods Sold'),(5440,'Internal Transfer Freight','Cost of Goods Sold'),(5500,'Customs on Sales','Cost of Goods Sold'),(5501,'Customs Recovered on Sales','Cost of Goods Sold'),(5510,'Duty on Sales','Cost of Goods Sold'),(5511,'Duty Recovered on Sales','Cost of Goods Sold'),(5520,'Brokerage on Sales','Cost of Goods Sold'),(5521,'Brokerage Recovered on Sales','Cost of Goods Sold'),(5530,'Freight on Sales','Cost of Goods Sold'),(5531,'Freight Recovered on Sales','Cost of Goods Sold'),(5540,'Fair Trade Premium','Cost of Goods Sold'),(5560,'Foreign Exchange G/L - Purchases','Cost of Goods Sold'),(6010,'Contract and Casual Labour','Sales Expenses'),(6050,'Travel','Sales Expenses'),(6060,'Meals and Entertainment','Sales Expenses'),(6100,'Memberships','Sales Expenses'),(6120,'Fair Trade Fees','Sales Expenses'),(6200,'Line Drive Deals','Sales Expenses'),(6210,'Case Stack Deals','Sales Expenses'),(6305,'Promotions - Independent','Sales Expenses'),(6310,'Promotions - Mass','Sales Expenses'),(6315,'Promotions - Foodservice','Sales Expenses'),(6320,'Promotions - Direct','Sales Expenses'),(6400,'Advertising','Sales Expenses'),(6430,'POS Materials','Sales Expenses'),(6450,'Trade Shows / Demos','Sales Expenses'),(6500,'Courier, Postage and Shipping','Sales Expenses'),(6550,'Product Samples','Sales Expenses'),(6560,'Miscellaneous Expenses','Sales Expenses'),(6570,'Broker Fees','Sales Expenses'),(6580,'Community Events','Sales Expenses'),(6600,'Contract and Casual Labour','Marketing Expenses'),(6610,'Travel','Marketing Expenses'),(6615,'Meals and Entertainment','Marketing Expenses'),(6620,'Advertising','Marketing Expenses'),(6630,'Multimedia','Marketing Expenses'),(6640,'Communication and Marketing Materials','Marketing Expenses'),(6650,'POS Materials','Marketing Expenses'),(6660,'Trade Shows / Demos','Marketing Expenses'),(6670,'Product Design','Marketing Expenses'),(6680,'Market Research','Marketing Expenses'),(6690,'Courier, Postage and Shipping','Marketing Expenses'),(6700,'Sponsorship','Marketing Expenses'),(6710,'Translation / Proofing','Marketing Expenses'),(6720,'Trade Booth Accessories','Marketing Expenses'),(6760,'Miscellaneous Expenses','Marketing Expenses'),(7100,'Warehousing Costs','Operating Expenses'),(7200,'Sub-contract','Operating Expenses'),(7210,'Travel','Operating Expenses'),(7220,'Meals and Entertainment','Operating Expenses'),(7225,'Training','Operating Expenses'),(7300,'Product Development','Operating Expenses'),(7305,'Product Testing','Operating Expenses'),(7310,'Memberships / Certifications','Operating Expenses'),(7320,'Courier, Postage and Shipping','Operating Expenses'),(7520,'Quality Control','Operating Expenses'),(7530,'Repairs and Maintenance','Operating Expenses'),(7600,'Damaged Inventory','Operating Expenses'),(7660,'Miscellaneous Expenses','Operating Expenses'),(7670,'Freight ship errors/Short-ship write-offs','Operating Expenses'),(8010,'Contract and Casual Labour','Co-Executive Director 1'),(8030,'Travel','Co-Executive Director 1'),(8040,'Meals and Entertainment','Co-Executive Director 1'),(8050,'Licenses / Memberships','Co-Executive Director 1'),(8060,'Entertainment','Co-Executive Director 1'),(8070,'Investor Relations','Co-Executive Director 1'),(8080,'Miscellaneous Expenses','Co-Executive Director 1'),(8110,'Travel','Co-Executive Director 2'),(8120,'Producer Visits','Co-Executive Director 2'),(8130,'Meals and Entertainment','Co-Executive Director 2'),(8140,'Fair Trade Activities','Co-Executive Director 2'),(8150,'Licenses / Memberships','Co-Executive Director 2'),(8160,'Miscellaneous Expenses','Co-Executive Director 2'),(8210,'Contract and Casual Labour','Finance'),(8230,'Travel','Finance'),(8240,'Meals and Entertainment','Finance'),(8250,'Licenses / Memberships','Finance'),(8260,'Professional Fees','Finance'),(8280,'Foreign Exchange G/L - Other','Finance'),(8290,'Bank Charges','Finance'),(8300,'Credit Card Charges','Finance'),(8310,'Interest Expense','Finance'),(8320,'Currency Exchange Charges','Finance'),(8330,'Courier, Postage','Finance'),(8340,'Bad Debts','Finance'),(8370,'Insurance - EDC','Finance'),(8380,'Amortization','Finance'),(8390,'Miscellaneous Expenses','Finance'),(8400,'IT Support Costs','Information Technology'),(8420,'IT Expenses','Information Technology'),(8460,'Miscellaneous Expenses','Information Technology'),(8500,'Rent','Administration'),(8510,'Office Expenses','Administration'),(8520,'Courier and Postage','Administration'),(8530,'Telephone / Internet / Fax','Administration'),(8560,'Miscellaneous Expenses','Administration'),(8620,'Salaries and Wages','Human Resources'),(8630,'Employee Benefits','Human Resources'),(8631,'RRSP Contributions','Human Resources'),(8640,'Bonuses','Human Resources'),(8660,'Consulting Fees','Human Resources'),(8670,'Training and Development','Human Resources'),(8680,'Hiring Costs','Human Resources'),(8690,'Miscellaneous Expenses','Human Resources'),(8710,'Travel','Board of Directors'),(8720,'Meals and Entertainment','Board of Directors'),(8730,'Training and Development','Board of Directors'),(8740,'Insurance','Board of Directors'),(8760,'Miscellaneous Expenses','Board of Directors');
/*!40000 ALTER TABLE `chartmaster` ENABLE KEYS */;
UNLOCK TABLES;

--
-- Table structure for table `cntactivityrel`
--

DROP TABLE IF EXISTS `cntactivityrel`;
/*!40101 SET @saved_cs_client     = @@character_set_client */;
/*!40101 SET character_set_client = utf8 */;
CREATE TABLE `cntactivityrel` (
  `contactid` int(19) NOT NULL DEFAULT '0',
  `activityid` int(19) NOT NULL DEFAULT '0',
  PRIMARY KEY (`activityid`),
  KEY `CntActivityRel_IDX0` (`contactid`),
  CONSTRAINT `fk_CntActivityRel` FOREIGN KEY (`contactid`) REFERENCES `contactdetails` (`contactid`) ON DELETE CASCADE,
  CONSTRAINT `fk_CntActivityRel2` FOREIGN KEY (`activityid`) REFERENCES `activity` (`activityid`) ON DELETE CASCADE
) ENGINE=InnoDB DEFAULT CHARSET=latin1;
/*!40101 SET character_set_client = @saved_cs_client */;

--
-- Dumping data for table `cntactivityrel`
--

LOCK TABLES `cntactivityrel` WRITE;
/*!40000 ALTER TABLE `cntactivityrel` DISABLE KEYS */;
/*!40000 ALTER TABLE `cntactivityrel` ENABLE KEYS */;
UNLOCK TABLES;

--
-- Table structure for table `cogsglpostings`
--

DROP TABLE IF EXISTS `cogsglpostings`;
/*!40101 SET @saved_cs_client     = @@character_set_client */;
/*!40101 SET character_set_client = utf8 */;
CREATE TABLE `cogsglpostings` (
  `id` int(11) NOT NULL AUTO_INCREMENT,
  `area` char(2) NOT NULL DEFAULT '',
  `stkcat` varchar(6) NOT NULL DEFAULT '',
  `glcode` int(11) NOT NULL DEFAULT '0',
  `salestype` char(2) NOT NULL DEFAULT 'AN',
  PRIMARY KEY (`id`),
  UNIQUE KEY `Area_StkCat` (`area`,`stkcat`,`salestype`),
  KEY `Area` (`area`),
  KEY `StkCat` (`stkcat`),
  KEY `GLCode` (`glcode`),
  KEY `SalesType` (`salestype`)
) ENGINE=InnoDB AUTO_INCREMENT=10 DEFAULT CHARSET=latin1;
/*!40101 SET character_set_client = @saved_cs_client */;

--
-- Dumping data for table `cogsglpostings`
--

LOCK TABLES `cogsglpostings` WRITE;
/*!40000 ALTER TABLE `cogsglpostings` DISABLE KEYS */;
INSERT INTO `cogsglpostings` VALUES (1,'AN','FBA',5100,'DE'),(3,'AN','FCP',5100,'DE'),(5,'AN','FOC',5100,'DE'),(6,'AN','FPR',5100,'DE'),(7,'AN','FSU',5100,'DE'),(8,'AN','FHC',5100,'DE'),(9,'AN','ANY',5100,'AN');
/*!40000 ALTER TABLE `cogsglpostings` ENABLE KEYS */;
UNLOCK TABLES;

--
-- Table structure for table `companies`
--

DROP TABLE IF EXISTS `companies`;
/*!40101 SET @saved_cs_client     = @@character_set_client */;
/*!40101 SET character_set_client = utf8 */;
CREATE TABLE `companies` (
  `coycode` int(11) NOT NULL DEFAULT '1',
  `coyname` varchar(50) NOT NULL DEFAULT '',
  `gstno` varchar(20) NOT NULL DEFAULT '',
  `companynumber` varchar(20) NOT NULL DEFAULT '0',
  `regoffice1` varchar(40) NOT NULL DEFAULT '',
  `regoffice2` varchar(40) NOT NULL DEFAULT '',
  `regoffice3` varchar(40) NOT NULL DEFAULT '',
  `regoffice4` varchar(40) NOT NULL DEFAULT '',
  `regoffice5` varchar(20) NOT NULL DEFAULT '',
  `regoffice6` varchar(15) NOT NULL DEFAULT '',
  `telephone` varchar(25) NOT NULL DEFAULT '',
  `fax` varchar(25) NOT NULL DEFAULT '',
  `email` varchar(55) NOT NULL DEFAULT '',
  `currencydefault` varchar(4) NOT NULL DEFAULT '',
  `debtorsact` int(11) NOT NULL DEFAULT '70000',
  `pytdiscountact` int(11) NOT NULL DEFAULT '55000',
  `creditorsact` int(11) NOT NULL DEFAULT '80000',
  `payrollact` int(11) NOT NULL DEFAULT '84000',
  `grnact` int(11) NOT NULL DEFAULT '72000',
  `exchangediffact` int(11) NOT NULL DEFAULT '65000',
  `purchasesexchangediffact` int(11) NOT NULL DEFAULT '0',
  `retainedearnings` int(11) NOT NULL DEFAULT '90000',
  `gllink_debtors` tinyint(1) DEFAULT '1',
  `gllink_creditors` tinyint(1) DEFAULT '1',
  `gllink_stock` tinyint(1) DEFAULT '1',
  `freightact` int(11) NOT NULL DEFAULT '0',
  PRIMARY KEY (`coycode`)
) ENGINE=InnoDB DEFAULT CHARSET=latin1;
/*!40101 SET character_set_client = @saved_cs_client */;

--
-- Dumping data for table `companies`
--

LOCK TABLES `companies` WRITE;
/*!40000 ALTER TABLE `companies` DISABLE KEYS */;
INSERT INTO `companies` VALUES (1,'mwds','GST # 9111111111','#9111111111','155B Lorreta','','Ottawa','ON','k1b4c1','Canada','(613) 555-5555','(613) 555-5556','jmoncrieff@mwds.ca','CDN',1210,4635,2010,2025,1510,4650,5560,3600,1,1,1,5531);
/*!40000 ALTER TABLE `companies` ENABLE KEYS */;
UNLOCK TABLES;

--
-- Table structure for table `competitor`
--

DROP TABLE IF EXISTS `competitor`;
/*!40101 SET @saved_cs_client     = @@character_set_client */;
/*!40101 SET character_set_client = utf8 */;
CREATE TABLE `competitor` (
  `competitorid` int(19) NOT NULL DEFAULT '0',
  `competitorname` varchar(100) NOT NULL DEFAULT '',
  `website` varchar(100) DEFAULT NULL,
  `strength` varchar(250) DEFAULT NULL,
  `weakness` varchar(250) DEFAULT NULL,
  PRIMARY KEY (`competitorid`),
  CONSTRAINT `fk_Competitor` FOREIGN KEY (`competitorid`) REFERENCES `crmentity` (`crmid`) ON DELETE CASCADE
) ENGINE=InnoDB DEFAULT CHARSET=latin1;
/*!40101 SET character_set_client = @saved_cs_client */;

--
-- Dumping data for table `competitor`
--

LOCK TABLES `competitor` WRITE;
/*!40000 ALTER TABLE `competitor` DISABLE KEYS */;
/*!40000 ALTER TABLE `competitor` ENABLE KEYS */;
UNLOCK TABLES;

--
-- Table structure for table `config`
--

DROP TABLE IF EXISTS `config`;
/*!40101 SET @saved_cs_client     = @@character_set_client */;
/*!40101 SET character_set_client = utf8 */;
CREATE TABLE `config` (
  `confname` varchar(35) NOT NULL DEFAULT '',
  `confvalue` text NOT NULL,
  PRIMARY KEY (`confname`)
) ENGINE=InnoDB DEFAULT CHARSET=latin1;
/*!40101 SET character_set_client = @saved_cs_client */;

--
-- Dumping data for table `config`
--

LOCK TABLES `config` WRITE;
/*!40000 ALTER TABLE `config` DISABLE KEYS */;
INSERT INTO `config` VALUES ('AllowSalesOfZeroCostItems','0'),('AutoDebtorNo','0'),('CheckCreditLimits','0'),('Check_Price_Charged_vs_Order_Price','0'),('Check_Qty_Charged_vs_Del_Qty','1'),('CountryOfOperation','CDN'),('CreditingControlledItems_MustExist','0'),('DB_Maintenance','1'),('DB_Maintenance_LastRun','2011-03-23'),('DefaultBlindPackNote','1'),('DefaultCreditLimit','1000'),('DefaultDateFormat','d/m/Y'),('DefaultDisplayRecordsMax','50'),('DefaultPriceList','DE'),('DefaultTaxCategory','1'),('DefaultTheme','professional'),('Default_Shipper','1'),('DispatchCutOffTime','14'),('DoFreightCalc','0'),('EDIHeaderMsgId','D:01B:UN:EAN010'),('EDIReference','WEBERP'),('EDI_Incoming_Orders','companies/weberp/EDI_Incoming_Orders'),('EDI_MsgPending','companies/weberp/EDI_MsgPending'),('EDI_MsgSent','companies/weberp/EDI_Sent'),('FreightChargeAppliesIfLessThan','1000'),('FreightTaxCategory','1'),('HTTPS_Only','0'),('InvoicePortraitFormat','1'),('MaxImageSize','500'),('NumberOfPeriodsOfStockUsage','12'),('OverChargeProportion','0'),('OverReceiveProportion','0'),('PackNoteFormat','1'),('PageLength','48'),('part_pics_dir','companies/eshopdemo_erp/.svn'),('PastDueDays1','30'),('PastDueDays2','60'),('PO_AllowSameItemMultipleTimes','1'),('ProhibitJournalsToControlAccounts','1'),('QuickEntries','10'),('RadioBeaconFileCounter','/home/RadioBeacon/FileCounter'),('RadioBeaconFTP_user_name','RadioBeacon ftp server user name'),('RadioBeaconHomeDir','/home/RadioBeacon'),('RadioBeaconStockLocation','BL'),('RadioBraconFTP_server','192.168.2.2'),('RadioBreaconFilePrefix','ORDXX'),('RadionBeaconFTP_user_pass','Radio Beacon remote ftp server password'),('reports_dir','companies/eshopdemo_erp/.svn'),('RomalpaClause','Ownership will not pass to the buyer until the goods have been paid for in full.'),('Show_Settled_LastMonth','1'),('SO_AllowSameItemMultipleTimes','1'),('TaxAuthorityReferenceName','Tax Ref'),('WeightedAverageCosting','1'),('WikiApp','MediaWiki'),('WikiPath','wiki'),('YearEnd','3');
/*!40000 ALTER TABLE `config` ENABLE KEYS */;
UNLOCK TABLES;

--
-- Table structure for table `contactaddress`
--

DROP TABLE IF EXISTS `contactaddress`;
/*!40101 SET @saved_cs_client     = @@character_set_client */;
/*!40101 SET character_set_client = utf8 */;
CREATE TABLE `contactaddress` (
  `contactaddressid` int(19) NOT NULL DEFAULT '0',
  `mailingcity` varchar(40) DEFAULT NULL,
  `mailingstreet` varchar(250) DEFAULT NULL,
  `mailingcountry` varchar(40) DEFAULT NULL,
  `othercountry` varchar(30) DEFAULT NULL,
  `mailingstate` varchar(30) DEFAULT NULL,
  `othercity` varchar(40) DEFAULT NULL,
  `otherstate` varchar(50) DEFAULT NULL,
  `mailingzip` varchar(30) DEFAULT NULL,
  `otherzip` varchar(30) DEFAULT NULL,
  `otherstreet` varchar(250) DEFAULT NULL,
  `mailingstreet2` varchar(250) DEFAULT NULL,
  `otherstreet2` varchar(250) DEFAULT NULL,
  PRIMARY KEY (`contactaddressid`),
  CONSTRAINT `fk_ContactAddress` FOREIGN KEY (`contactaddressid`) REFERENCES `contactdetails` (`contactid`) ON DELETE CASCADE
) ENGINE=InnoDB DEFAULT CHARSET=latin1;
/*!40101 SET character_set_client = @saved_cs_client */;

--
-- Dumping data for table `contactaddress`
--

LOCK TABLES `contactaddress` WRITE;
/*!40000 ALTER TABLE `contactaddress` DISABLE KEYS */;
INSERT INTO `contactaddress` VALUES (1028,'Ottawa','285 Churchill Ave. N.','CAN',NULL,'ON',NULL,NULL,'K1Z 5B7',NULL,NULL,'',NULL),(1054,'Montreal','9754 Mont Royal','Quebec',NULL,'QC',NULL,NULL,'H5J R3R',NULL,NULL,'',NULL),(1057,'Nepean','87 David Drive','CAN',NULL,'ON',NULL,NULL,'K2P 8P8',NULL,NULL,'',NULL),(1059,'Baie Comeau','456 ave. bleue','CAN',NULL,'QC',NULL,NULL,'H5J F4F',NULL,NULL,'',NULL),(1061,'Springfield','782 Evergreen Terrace','USA',NULL,'KY',NULL,NULL,'44337',NULL,NULL,'',NULL),(1063,'Liverpool','65 Abbey Road','GBR',NULL,'EN',NULL,NULL,'K45D8H',NULL,NULL,'',NULL),(1065,'Ottawa','285 Churchill Ave. N.','CAN',NULL,'ON',NULL,NULL,'K1Z 5B7',NULL,NULL,'',NULL),(1069,'Ottawa','3 Ridgeburn Gate','CAN',NULL,'AB',NULL,NULL,'k1b4c1',NULL,NULL,'',NULL),(1071,'Ottawa','3  Ridgeburngate','CAN',NULL,'AB',NULL,NULL,'Ontaio',NULL,NULL,'',NULL),(1081,'Ottawa','285 Churchill AVe.','CAN',NULL,'ON',NULL,NULL,'K1Z 5B7',NULL,NULL,'',NULL),(1085,'Ottawa','1234 Main Street','CAN',NULL,'ON',NULL,NULL,'K1Z 1Z1',NULL,NULL,'',NULL),(1088,'Ottawa','3 ridgeburn Gate','CAN',NULL,'AB',NULL,NULL,'k1b4c1',NULL,NULL,'',NULL),(1095,'Ottawa','285 Churchill Ave. N.','CAN',NULL,'ON',NULL,NULL,'K1Z 5B7',NULL,NULL,'',NULL),(1104,'Ottawa','1234 Main','CAN',NULL,'ON',NULL,NULL,'K1Z 5B7',NULL,NULL,'',NULL),(1110,'Ottawa','1234 Main Street','CAN',NULL,'ON',NULL,NULL,'K1A 1A1',NULL,NULL,'',NULL),(1114,'Washington','146 Ninth Ave. NW','USA',NULL,'DC',NULL,NULL,'44332-9709',NULL,NULL,'',NULL),(1119,'Ottawa','3 ridgeBurn gate','CAN',NULL,'AB',NULL,NULL,'ontario',NULL,NULL,'',NULL),(1122,'Ottawa','1234 Main','CAN',NULL,'ON',NULL,NULL,'K1A1A1',NULL,NULL,'',NULL),(1129,'Ottawa','1234 Main St.','CAN',NULL,'ON',NULL,NULL,'K1Z5B7',NULL,NULL,'',NULL),(1132,'Gloucester','3 ridgebun Gate','CAN',NULL,'AB',NULL,NULL,'k1b4c1',NULL,NULL,'',NULL),(1185,'Ottawa','3 ridgeburn','CAN',NULL,'AB',NULL,NULL,'k1b4c1',NULL,NULL,'',NULL),(1198,'windermere','26 Main','BC',NULL,'',NULL,NULL,'',NULL,NULL,'',NULL),(1213,'Nashvile','12 Main','',NULL,'Tensses',NULL,NULL,'',NULL,NULL,'',NULL),(1220,'','','',NULL,'',NULL,NULL,'',NULL,NULL,'',NULL),(1224,'Montreal','97 blvd. Levesque','Canada',NULL,'QC',NULL,NULL,'H3J 4G2',NULL,NULL,'',NULL),(1227,'Toronto','1456 Bathurst Ave.','Canada',NULL,'ON',NULL,NULL,'M5S 2T3',NULL,NULL,'Second Floor',NULL),(1231,'Ottawa','4 woodbuirn','CAN',NULL,'AB',NULL,NULL,'ontario',NULL,NULL,'',NULL),(1239,'Ottawa','3 ridgeburn','CAN',NULL,'ON',NULL,NULL,'k1b4c1',NULL,NULL,'',NULL),(1249,'Childs','348 Main','use',NULL,'Ohio',NULL,NULL,'',NULL,NULL,'',NULL),(1255,'Nashvile','40 wood','USA',NULL,'AL',NULL,NULL,'Tn',NULL,NULL,'',NULL),(1259,'Windermere','1178 Main','',NULL,'bc',NULL,NULL,'k1b4c1',NULL,NULL,'',NULL),(1266,'','','',NULL,'',NULL,NULL,'',NULL,NULL,'',NULL);
/*!40000 ALTER TABLE `contactaddress` ENABLE KEYS */;
UNLOCK TABLES;

--
-- Table structure for table `contactdetails`
--

DROP TABLE IF EXISTS `contactdetails`;
/*!40101 SET @saved_cs_client     = @@character_set_client */;
/*!40101 SET character_set_client = utf8 */;
CREATE TABLE `contactdetails` (
  `contactid` int(19) NOT NULL DEFAULT '0',
  `accountid` int(19) DEFAULT NULL,
  `salutation` varchar(50) DEFAULT 'Mr',
  `firstname` varchar(40) DEFAULT NULL,
  `lastname` varchar(80) NOT NULL DEFAULT '',
  `email` varchar(100) DEFAULT NULL,
  `phone` varchar(50) DEFAULT NULL,
  `mobile` varchar(50) DEFAULT NULL,
  `title` varchar(50) DEFAULT NULL,
  `department` varchar(50) DEFAULT NULL,
  `fax` varchar(50) DEFAULT NULL,
  `reportsto` varchar(30) DEFAULT NULL,
  `training` varchar(50) DEFAULT NULL,
  `usertype` varchar(50) DEFAULT NULL,
  `contacttype` varchar(50) DEFAULT NULL,
  `otheremail` varchar(100) DEFAULT NULL,
  `yahooid` varchar(100) DEFAULT NULL,
  `donotcall` char(3) DEFAULT NULL,
  `emailoptout` char(3) DEFAULT '0',
  `currency` varchar(20) DEFAULT 'Dollars',
  PRIMARY KEY (`contactid`),
  KEY `ContactDetails_IDX1` (`accountid`),
  CONSTRAINT `fk_ContactDetails` FOREIGN KEY (`contactid`) REFERENCES `crmentity` (`crmid`) ON DELETE CASCADE
) ENGINE=InnoDB DEFAULT CHARSET=latin1;
/*!40101 SET character_set_client = @saved_cs_client */;

--
-- Dumping data for table `contactdetails`
--

LOCK TABLES `contactdetails` WRITE;
/*!40000 ALTER TABLE `contactdetails` DISABLE KEYS */;
INSERT INTO `contactdetails` VALUES (1028,1027,'Mr','Gareth','Spanglett','gareth@mahsie.com','613-761-1489',NULL,NULL,NULL,NULL,NULL,NULL,NULL,NULL,NULL,NULL,NULL,'0','Dollars'),(1054,1053,'','Beverley','Sauv','','514-445-6889','','',NULL,'',NULL,NULL,NULL,NULL,NULL,'',NULL,'0','Dollars'),(1057,1056,'Mr','Douglas','McGrath','gspanglett@gmail.com','613-226-2838',NULL,NULL,NULL,NULL,NULL,NULL,NULL,NULL,NULL,NULL,NULL,'0','Dollars'),(1059,1058,'Mr','Benot','Franois','gareth@agora2.com','819-804-2222',NULL,NULL,NULL,NULL,NULL,NULL,NULL,NULL,NULL,NULL,NULL,'0','Dollars'),(1061,1060,'Mr','Carl','Carlson','temp1@nepeanseniors.ca','456-999-0000',NULL,NULL,NULL,NULL,NULL,NULL,NULL,NULL,NULL,NULL,NULL,'0','Dollars'),(1063,1062,'Mr','Freddy','Mecury','quarantine@nepeancommunitysupport.com','011-234-457-685756',NULL,NULL,NULL,NULL,NULL,NULL,NULL,NULL,NULL,NULL,NULL,'0','Dollars'),(1065,1064,'Mr','Gareth','Spanglett','gareth@agora-group.com','613-761-1489',NULL,NULL,NULL,NULL,NULL,NULL,NULL,NULL,NULL,NULL,NULL,'0','Dollars'),(1069,1068,'Mr','Jeffrey','Moncrieff','jeff@mahsie.com','613-830-0220',NULL,NULL,NULL,NULL,NULL,NULL,NULL,NULL,NULL,NULL,NULL,'0','Dollars'),(1071,1070,'Mr','Jeffrey','Moncrieff','jmoncrieff@mahsie.org','613-830-0220',NULL,NULL,NULL,NULL,NULL,NULL,NULL,NULL,NULL,NULL,NULL,'0','Dollars'),(1081,1080,'Mr','Gareth','Spanglett','gspanglett@rogers.com','613-761-1489',NULL,NULL,NULL,NULL,NULL,NULL,NULL,NULL,NULL,NULL,NULL,'0','Dollars'),(1085,1084,'Mr','John','Doe','quixote1024@yahoo.ca','613-555-5555',NULL,NULL,NULL,NULL,NULL,NULL,NULL,NULL,NULL,NULL,NULL,'0','Dollars'),(1088,1087,'Mr','Jeffrey','Moncrieff','jmoncrieff@mahsie.com','830-0220',NULL,NULL,NULL,NULL,NULL,NULL,NULL,NULL,NULL,NULL,NULL,'0','Dollars'),(1095,1094,'Mr','Gareth','Spanglett','gareth@agora-group.com','613-761-1489',NULL,NULL,NULL,NULL,NULL,NULL,NULL,NULL,NULL,NULL,NULL,'0','Dollars'),(1104,1103,'Mr','Gareth','Spanglett','gareth@mahsie.com','613-555-1212',NULL,NULL,NULL,NULL,NULL,NULL,NULL,NULL,NULL,NULL,NULL,'0','Dollars'),(1110,1109,'Mr','Klaus','Vachon','mikepowers40@yahoo.ca','613-555-1212',NULL,NULL,NULL,NULL,NULL,NULL,NULL,NULL,NULL,NULL,NULL,'0','Dollars'),(1114,1113,'','Diane','Finestone','','450-456-7777','','',NULL,'',NULL,NULL,NULL,NULL,NULL,'',NULL,'0','Dollars'),(1119,1118,'Mr','Jeffrey','Moncrieff','jeffrey.moncrieff@mahsie.com','613-830-0220',NULL,NULL,NULL,NULL,NULL,NULL,NULL,NULL,NULL,NULL,NULL,'0','Dollars'),(1122,1121,'Mr','Gareth','Spanglett','prsidoro@mavericsolutions.ca','613-761-1489',NULL,NULL,NULL,NULL,NULL,NULL,NULL,NULL,NULL,NULL,NULL,'0','Dollars'),(1129,1128,'Mr','Vic','Vaid','vic@vaid.com','613-555-5555',NULL,NULL,NULL,NULL,NULL,NULL,NULL,NULL,NULL,NULL,NULL,'0','Dollars'),(1132,1131,'Mr','Jeffrey','Moncrieff','jmoncrieff@mahsie.com','613-830-0220',NULL,NULL,NULL,NULL,NULL,NULL,NULL,NULL,NULL,NULL,NULL,'0','Dollars'),(1185,1184,'Mr','Jeff','Moncrieff','jeffrey.moncrieff@yahoo.ca','613-8300220',NULL,NULL,NULL,NULL,NULL,NULL,NULL,NULL,NULL,NULL,NULL,'0','Dollars'),(1198,1197,'','Jeff','Moncrieff','','','','',NULL,'',NULL,NULL,NULL,NULL,NULL,'',NULL,'0','Dollars'),(1213,1212,'','John','Turner','','','','',NULL,'',NULL,NULL,NULL,NULL,NULL,'',NULL,'0','Dollars'),(1220,1219,'','john','Cannon','','','','',NULL,'',NULL,NULL,NULL,NULL,NULL,'',NULL,'0','Dollars'),(1224,1223,'','Leah','Thompson','','514-997-6545','','',NULL,'',NULL,NULL,NULL,NULL,NULL,'',NULL,'0','Dollars'),(1227,1226,'','Federick','Bowles','','416-776-8888','','',NULL,'',NULL,NULL,NULL,NULL,NULL,'',NULL,'0','Dollars'),(1231,1230,'Mr','Jeffrey','Moncrieff','jeff@mwds.ca','555-555-5555',NULL,NULL,NULL,NULL,NULL,NULL,NULL,NULL,NULL,NULL,NULL,'0','Dollars'),(1239,1238,'Mr','Jeff','Moncrieff','jeffrey.moncrieff@mwds.ca','555-555-5555',NULL,NULL,NULL,NULL,NULL,NULL,NULL,NULL,NULL,NULL,NULL,'0','Dollars'),(1249,1248,'','jackie','goodwill','','','','',NULL,'',NULL,NULL,NULL,NULL,NULL,'',NULL,'0','Dollars'),(1255,1254,'Mr','Paul','Testion','jeffrey.moncrieff@yahoo.ca','613-8300220',NULL,NULL,NULL,NULL,NULL,NULL,NULL,NULL,NULL,NULL,NULL,'0','Dollars'),(1259,1258,'','Jeffrey','Moncrieff','','','','',NULL,'',NULL,NULL,NULL,NULL,NULL,'',NULL,'0','Dollars'),(1266,1265,'','John','Dear','','','','',NULL,'',NULL,NULL,NULL,NULL,NULL,'',NULL,'0','Dollars');
/*!40000 ALTER TABLE `contactdetails` ENABLE KEYS */;
UNLOCK TABLES;

--
-- Table structure for table `contactscf`
--

DROP TABLE IF EXISTS `contactscf`;
/*!40101 SET @saved_cs_client     = @@character_set_client */;
/*!40101 SET character_set_client = utf8 */;
CREATE TABLE `contactscf` (
  `contactid` int(19) NOT NULL DEFAULT '0',
  PRIMARY KEY (`contactid`),
  CONSTRAINT `fk_ContactsCF` FOREIGN KEY (`contactid`) REFERENCES `contactdetails` (`contactid`) ON DELETE CASCADE
) ENGINE=InnoDB DEFAULT CHARSET=latin1;
/*!40101 SET character_set_client = @saved_cs_client */;

--
-- Dumping data for table `contactscf`
--

LOCK TABLES `contactscf` WRITE;
/*!40000 ALTER TABLE `contactscf` DISABLE KEYS */;
INSERT INTO `contactscf` VALUES (1028),(1054),(1057),(1059),(1061),(1063),(1065),(1069),(1071),(1081),(1085),(1088),(1095),(1104),(1110),(1114),(1119),(1122),(1129),(1132),(1185),(1198),(1213),(1220),(1224),(1227),(1231),(1239),(1249),(1255),(1259),(1266);
/*!40000 ALTER TABLE `contactscf` ENABLE KEYS */;
UNLOCK TABLES;

--
-- Table structure for table `contactsubdetails`
--

DROP TABLE IF EXISTS `contactsubdetails`;
/*!40101 SET @saved_cs_client     = @@character_set_client */;
/*!40101 SET character_set_client = utf8 */;
CREATE TABLE `contactsubdetails` (
  `contactsubscriptionid` int(19) NOT NULL DEFAULT '0',
  `homephone` varchar(50) DEFAULT NULL,
  `otherphone` varchar(50) DEFAULT NULL,
  `assistant` varchar(30) DEFAULT NULL,
  `assistantphone` varchar(50) DEFAULT NULL,
  `birthday` date DEFAULT NULL,
  `laststayintouchrequest` int(30) DEFAULT '0',
  `laststayintouchsavedate` int(19) DEFAULT '0',
  `leadsource` varchar(50) DEFAULT NULL,
  PRIMARY KEY (`contactsubscriptionid`),
  CONSTRAINT `fk_ContactSubDetails` FOREIGN KEY (`contactsubscriptionid`) REFERENCES `contactdetails` (`contactid`) ON DELETE CASCADE
) ENGINE=InnoDB DEFAULT CHARSET=latin1;
/*!40101 SET character_set_client = @saved_cs_client */;

--
-- Dumping data for table `contactsubdetails`
--

LOCK TABLES `contactsubdetails` WRITE;
/*!40000 ALTER TABLE `contactsubdetails` DISABLE KEYS */;
INSERT INTO `contactsubdetails` VALUES (1028,'613-761-1489',NULL,NULL,NULL,NULL,0,0,NULL),(1054,'514-445-6889','514-445-6889',NULL,NULL,NULL,0,0,'Direct Mail'),(1057,'613-226-2838',NULL,NULL,NULL,NULL,0,0,NULL),(1059,'819-804-2222',NULL,NULL,NULL,NULL,0,0,NULL),(1061,'456-999-0000',NULL,NULL,NULL,NULL,0,0,NULL),(1063,'011-234-457-685756',NULL,NULL,NULL,NULL,0,0,NULL),(1065,'613-761-1489',NULL,NULL,NULL,NULL,0,0,NULL),(1069,'613-830-0220',NULL,NULL,NULL,NULL,0,0,NULL),(1071,'613-830-0220',NULL,NULL,NULL,NULL,0,0,NULL),(1081,'613-761-1489',NULL,NULL,NULL,NULL,0,0,NULL),(1085,'613-555-5555',NULL,NULL,NULL,NULL,0,0,NULL),(1088,'830-0220',NULL,NULL,NULL,NULL,0,0,NULL),(1095,'613-761-1489',NULL,NULL,NULL,NULL,0,0,NULL),(1104,'613-555-1212',NULL,NULL,NULL,NULL,0,0,NULL),(1110,'613-555-1212',NULL,NULL,NULL,NULL,0,0,NULL),(1114,'450-456-7777','450-456-7777',NULL,NULL,NULL,0,0,'Existing Customer'),(1119,'613-830-0220',NULL,NULL,NULL,NULL,0,0,NULL),(1122,'613-761-1489',NULL,NULL,NULL,NULL,0,0,NULL),(1129,'613-555-5555',NULL,NULL,NULL,NULL,0,0,NULL),(1132,'613-830-0220',NULL,NULL,NULL,NULL,0,0,NULL),(1185,'613-8300220',NULL,NULL,NULL,NULL,0,0,NULL),(1198,'','',NULL,NULL,NULL,0,0,'Web Site'),(1213,'','',NULL,NULL,NULL,0,0,'--None--'),(1220,'','',NULL,NULL,NULL,0,0,'--None--'),(1224,'514-997-6545','514-997-6545',NULL,NULL,NULL,0,0,'Trade Show'),(1227,'416-776-8888','416-776-8888',NULL,NULL,NULL,0,0,'Public Relations'),(1231,'555-555-5555',NULL,NULL,NULL,NULL,0,0,NULL),(1239,'555-555-5555',NULL,NULL,NULL,NULL,0,0,NULL),(1249,'','',NULL,NULL,NULL,0,0,'--None--'),(1255,'613-8300220',NULL,NULL,NULL,NULL,0,0,NULL),(1259,'','',NULL,NULL,NULL,0,0,'--None--'),(1266,'','',NULL,NULL,NULL,0,0,'--None--');
/*!40000 ALTER TABLE `contactsubdetails` ENABLE KEYS */;
UNLOCK TABLES;

--
-- Table structure for table `contacttype`
--

DROP TABLE IF EXISTS `contacttype`;
/*!40101 SET @saved_cs_client     = @@character_set_client */;
/*!40101 SET character_set_client = utf8 */;
CREATE TABLE `contacttype` (
  `contacttypeid` int(19) NOT NULL AUTO_INCREMENT,
  `contacttype` varchar(200) NOT NULL DEFAULT '',
  `sortorderid` int(19) NOT NULL DEFAULT '0',
  `presence` int(1) NOT NULL DEFAULT '1',
  PRIMARY KEY (`contacttypeid`),
  UNIQUE KEY `ContactType_UK0` (`contacttype`)
) ENGINE=InnoDB DEFAULT CHARSET=latin1;
/*!40101 SET character_set_client = @saved_cs_client */;

--
-- Dumping data for table `contacttype`
--

LOCK TABLES `contacttype` WRITE;
/*!40000 ALTER TABLE `contacttype` DISABLE KEYS */;
/*!40000 ALTER TABLE `contacttype` ENABLE KEYS */;
UNLOCK TABLES;

--
-- Table structure for table `contpotentialrel`
--

DROP TABLE IF EXISTS `contpotentialrel`;
/*!40101 SET @saved_cs_client     = @@character_set_client */;
/*!40101 SET character_set_client = utf8 */;
CREATE TABLE `contpotentialrel` (
  `contactid` int(19) NOT NULL DEFAULT '0',
  `potentialid` int(19) NOT NULL DEFAULT '0',
  PRIMARY KEY (`contactid`,`potentialid`),
  KEY `ContPotentialRel_IDX0` (`potentialid`),
  KEY `ContPotentialRel_IDX1` (`contactid`),
  CONSTRAINT `fk_ContPotentialRel` FOREIGN KEY (`potentialid`) REFERENCES `potential` (`potentialid`) ON DELETE CASCADE,
  CONSTRAINT `fk_ContPotentialRel1` FOREIGN KEY (`contactid`) REFERENCES `contactdetails` (`contactid`) ON DELETE CASCADE
) ENGINE=InnoDB DEFAULT CHARSET=latin1;
/*!40101 SET character_set_client = @saved_cs_client */;

--
-- Dumping data for table `contpotentialrel`
--

LOCK TABLES `contpotentialrel` WRITE;
/*!40000 ALTER TABLE `contpotentialrel` DISABLE KEYS */;
INSERT INTO `contpotentialrel` VALUES (1054,1055),(1114,1115),(1198,1199),(1213,1214),(1220,1221),(1227,1228),(1259,1260),(1266,1267);
/*!40000 ALTER TABLE `contpotentialrel` ENABLE KEYS */;
UNLOCK TABLES;

--
-- Table structure for table `contractbom`
--

DROP TABLE IF EXISTS `contractbom`;
/*!40101 SET @saved_cs_client     = @@character_set_client */;
/*!40101 SET character_set_client = utf8 */;
CREATE TABLE `contractbom` (
  `contractref` char(20) NOT NULL DEFAULT '',
  `component` char(20) NOT NULL DEFAULT '',
  `workcentreadded` char(5) NOT NULL DEFAULT '',
  `loccode` char(5) NOT NULL DEFAULT '',
  `quantity` double NOT NULL DEFAULT '1',
  PRIMARY KEY (`contractref`,`component`,`workcentreadded`,`loccode`),
  KEY `Component` (`component`),
  KEY `LocCode` (`loccode`),
  KEY `ContractRef` (`contractref`),
  KEY `WorkCentreAdded` (`workcentreadded`),
  KEY `WorkCentreAdded_2` (`workcentreadded`)
) ENGINE=InnoDB DEFAULT CHARSET=latin1;
/*!40101 SET character_set_client = @saved_cs_client */;

--
-- Dumping data for table `contractbom`
--

LOCK TABLES `contractbom` WRITE;
/*!40000 ALTER TABLE `contractbom` DISABLE KEYS */;
/*!40000 ALTER TABLE `contractbom` ENABLE KEYS */;
UNLOCK TABLES;

--
-- Table structure for table `contractreqts`
--

DROP TABLE IF EXISTS `contractreqts`;
/*!40101 SET @saved_cs_client     = @@character_set_client */;
/*!40101 SET character_set_client = utf8 */;
CREATE TABLE `contractreqts` (
  `contractreqid` int(11) NOT NULL AUTO_INCREMENT,
  `contract` char(20) NOT NULL DEFAULT '',
  `component` char(40) NOT NULL DEFAULT '',
  `quantity` double NOT NULL DEFAULT '1',
  `priceperunit` decimal(20,4) NOT NULL DEFAULT '0.0000',
  PRIMARY KEY (`contractreqid`),
  KEY `Contract` (`contract`)
) ENGINE=InnoDB DEFAULT CHARSET=latin1;
/*!40101 SET character_set_client = @saved_cs_client */;

--
-- Dumping data for table `contractreqts`
--

LOCK TABLES `contractreqts` WRITE;
/*!40000 ALTER TABLE `contractreqts` DISABLE KEYS */;
/*!40000 ALTER TABLE `contractreqts` ENABLE KEYS */;
UNLOCK TABLES;

--
-- Table structure for table `contracts`
--

DROP TABLE IF EXISTS `contracts`;
/*!40101 SET @saved_cs_client     = @@character_set_client */;
/*!40101 SET character_set_client = utf8 */;
CREATE TABLE `contracts` (
  `contractref` varchar(20) NOT NULL DEFAULT '',
  `contractdescription` varchar(50) NOT NULL DEFAULT '',
  `debtorno` varchar(10) NOT NULL DEFAULT '',
  `branchcode` varchar(10) NOT NULL DEFAULT '',
  `status` varchar(10) NOT NULL DEFAULT 'Quotation',
  `categoryid` varchar(6) NOT NULL DEFAULT '',
  `typeabbrev` char(2) NOT NULL DEFAULT '',
  `orderno` int(11) NOT NULL DEFAULT '0',
  `quotedpricefx` decimal(20,4) NOT NULL DEFAULT '0.0000',
  `margin` double NOT NULL DEFAULT '1',
  `woref` varchar(20) NOT NULL DEFAULT '',
  `requireddate` datetime NOT NULL DEFAULT '0000-00-00 00:00:00',
  `canceldate` datetime NOT NULL DEFAULT '0000-00-00 00:00:00',
  `quantityreqd` double NOT NULL DEFAULT '1',
  `specifications` longblob NOT NULL,
  `datequoted` datetime NOT NULL DEFAULT '0000-00-00 00:00:00',
  `units` varchar(15) NOT NULL DEFAULT 'Each',
  `drawing` longblob NOT NULL,
  `rate` double NOT NULL DEFAULT '1',
  PRIMARY KEY (`contractref`),
  KEY `OrderNo` (`orderno`),
  KEY `CategoryID` (`categoryid`),
  KEY `Status` (`status`),
  KEY `TypeAbbrev` (`typeabbrev`),
  KEY `WORef` (`woref`),
  KEY `DebtorNo` (`debtorno`,`branchcode`)
) ENGINE=InnoDB DEFAULT CHARSET=latin1;
/*!40101 SET character_set_client = @saved_cs_client */;

--
-- Dumping data for table `contracts`
--

LOCK TABLES `contracts` WRITE;
/*!40000 ALTER TABLE `contracts` DISABLE KEYS */;
/*!40000 ALTER TABLE `contracts` ENABLE KEYS */;
UNLOCK TABLES;

--
-- Table structure for table `convertleadmapping`
--

DROP TABLE IF EXISTS `convertleadmapping`;
/*!40101 SET @saved_cs_client     = @@character_set_client */;
/*!40101 SET character_set_client = utf8 */;
CREATE TABLE `convertleadmapping` (
  `cfmid` int(19) NOT NULL AUTO_INCREMENT,
  `leadfid` int(19) NOT NULL DEFAULT '0',
  `accountfid` int(19) DEFAULT NULL,
  `contactfid` int(19) DEFAULT NULL,
  `potentialfid` int(19) DEFAULT NULL,
  PRIMARY KEY (`cfmid`)
) ENGINE=InnoDB DEFAULT CHARSET=latin1;
/*!40101 SET character_set_client = @saved_cs_client */;

--
-- Dumping data for table `convertleadmapping`
--

LOCK TABLES `convertleadmapping` WRITE;
/*!40000 ALTER TABLE `convertleadmapping` DISABLE KEYS */;
/*!40000 ALTER TABLE `convertleadmapping` ENABLE KEYS */;
UNLOCK TABLES;

--
-- Table structure for table `crmentity`
--

DROP TABLE IF EXISTS `crmentity`;
/*!40101 SET @saved_cs_client     = @@character_set_client */;
/*!40101 SET character_set_client = utf8 */;
CREATE TABLE `crmentity` (
  `crmid` int(19) NOT NULL DEFAULT '0',
  `smcreatorid` int(19) NOT NULL DEFAULT '0',
  `smownerid` int(19) NOT NULL DEFAULT '0',
  `modifiedby` int(19) NOT NULL DEFAULT '0',
  `setype` varchar(30) NOT NULL DEFAULT '',
  `description` longtext,
  `createdtime` datetime NOT NULL DEFAULT '0000-00-00 00:00:00',
  `modifiedtime` datetime NOT NULL DEFAULT '0000-00-00 00:00:00',
  `viewedtime` datetime DEFAULT NULL,
  `status` varchar(50) DEFAULT NULL,
  `version` int(19) NOT NULL DEFAULT '0',
  `presence` int(1) DEFAULT '1',
  `deleted` int(1) NOT NULL DEFAULT '0',
  PRIMARY KEY (`crmid`),
  KEY `crmentity_IDX0` (`smcreatorid`),
  KEY `crmentity_IDX1` (`smownerid`),
  KEY `crmentity_IDX2` (`modifiedby`),
  KEY `deleted` (`deleted`,`smownerid`),
  KEY `smownerid` (`smownerid`,`deleted`)
) ENGINE=InnoDB DEFAULT CHARSET=latin1;
/*!40101 SET character_set_client = @saved_cs_client */;

--
-- Dumping data for table `crmentity`
--

LOCK TABLES `crmentity` WRITE;
/*!40000 ALTER TABLE `crmentity` DISABLE KEYS */;
INSERT INTO `crmentity` VALUES (1001,1,1,0,'Leads','','2007-03-21 12:30:52','2007-03-21 12:30:52',NULL,NULL,0,1,0),(1002,1,1,0,'Leads','','2007-03-21 12:32:16','2007-03-21 12:32:16',NULL,NULL,0,1,0),(1003,1,662,1,'Leads','','2007-03-21 12:32:49','2010-12-09 04:20:26',NULL,NULL,0,1,0),(1004,1,1,0,'Leads','','2007-03-21 12:34:20','2007-03-21 12:34:20',NULL,NULL,0,1,0),(1005,1,1,0,'Leads','','2007-03-21 12:36:07','2007-03-21 12:36:07',NULL,NULL,0,1,0),(1006,1,1,0,'Leads','','2007-03-21 12:38:32','2007-03-21 12:38:32',NULL,NULL,0,1,0),(1027,1,657,1,'Accounts','','2007-03-21 21:26:57','2007-03-22 13:09:23',NULL,NULL,0,1,0),(1028,1,1,0,'Contacts','','2007-03-21 21:26:57','2007-03-21 21:26:57',NULL,NULL,0,1,0),(1029,1,1,0,'Products','','2007-03-21 22:46:28','2007-03-21 22:59:52',NULL,NULL,0,1,0),(1030,1,1,0,'Products','','2007-03-21 23:04:09','2007-03-21 23:04:09',NULL,NULL,0,1,0),(1031,1,1,0,'Products','','2007-03-21 23:06:03','2007-03-21 23:06:03',NULL,NULL,0,1,0),(1032,1,1,0,'Products','','2007-03-21 23:07:45','2007-05-08 12:44:39',NULL,NULL,0,1,0),(1033,1,1,0,'Products','','2007-03-21 23:10:06','2007-03-21 23:10:06',NULL,NULL,0,1,0),(1034,1,1,0,'Products','','2007-03-21 23:11:43','2007-03-21 23:11:43',NULL,NULL,0,1,0),(1035,1,1,0,'Products','','2007-03-21 23:12:24','2007-03-21 23:12:24',NULL,NULL,0,1,0),(1036,1,1,0,'Products','','2007-03-21 23:13:25','2007-03-21 23:13:25',NULL,NULL,0,1,0),(1037,1,1,0,'Products','','2007-03-21 23:17:45','2007-03-21 23:17:45',NULL,NULL,0,1,0),(1038,1,1,0,'Products','','2007-03-21 23:20:01','2007-03-21 23:20:01',NULL,NULL,0,1,0),(1039,1,1,0,'Products','','2007-03-21 23:21:23','2007-03-21 23:21:23',NULL,NULL,0,1,0),(1040,1,1,0,'Products','','2007-03-21 23:22:54','2007-05-08 12:44:17',NULL,NULL,0,1,0),(1041,1,1,0,'Products','','2007-03-21 23:24:00','2007-03-21 23:24:00',NULL,NULL,0,1,0),(1042,1,1,0,'Products','','2007-03-21 23:25:04','2007-05-08 12:43:20',NULL,NULL,0,1,0),(1043,1,1,0,'Products','','2007-03-21 23:26:06','2007-05-08 12:42:05',NULL,NULL,0,1,0),(1044,1,1,0,'Products','','2007-03-22 00:11:38','2007-03-22 00:11:38',NULL,NULL,0,1,0),(1045,1,1,0,'Products','','2007-03-22 00:12:22','2007-03-22 00:12:22',NULL,NULL,0,1,0),(1046,1,1,0,'Products','','2007-03-22 00:13:47','2007-03-22 00:13:47',NULL,NULL,0,1,0),(1047,1,1,0,'Products','','2007-03-22 00:14:27','2007-03-22 00:14:27',NULL,NULL,0,1,0),(1048,1,1,0,'Leads','','2007-03-22 00:22:51','2007-03-22 00:22:51',NULL,NULL,0,1,0),(1049,1,1,0,'Leads','','2007-03-22 00:24:57','2007-03-22 00:24:57',NULL,NULL,0,1,0),(1050,1,1,0,'Leads','','2007-03-22 00:27:17','2007-03-22 00:27:17',NULL,NULL,0,1,0),(1051,1,1,0,'Leads','','2007-03-22 00:29:23','2007-03-22 00:29:23',NULL,NULL,0,1,0),(1053,1,657,1,'Accounts','','2007-03-22 00:30:17','2007-03-22 13:09:38',NULL,NULL,0,1,0),(1054,1,1,0,'Contacts','','2007-03-22 00:30:17','0000-00-00 00:00:00',NULL,NULL,0,0,0),(1055,1,657,1,'Potentials','','2007-03-22 00:30:17','2007-03-22 13:12:12',NULL,NULL,0,0,0),(1056,1,657,1,'Accounts','','2007-03-22 01:12:51','2007-03-22 13:09:54',NULL,NULL,0,1,0),(1057,1,1,0,'Contacts','','2007-03-22 01:12:51','2007-03-22 01:12:51',NULL,NULL,0,1,0),(1058,1,657,1,'Accounts','','2007-03-22 01:22:38','2007-03-22 13:11:25',NULL,NULL,0,1,0),(1059,1,1,0,'Contacts','','2007-03-22 01:22:38','2007-03-22 01:22:38',NULL,NULL,0,1,0),(1060,1,657,1,'Accounts','','2007-03-22 01:26:38','2007-03-22 13:11:38',NULL,NULL,0,1,0),(1061,1,1,0,'Contacts','','2007-03-22 01:26:38','2007-03-22 01:26:38',NULL,NULL,0,1,0),(1062,1,657,1,'Accounts','','2007-03-22 02:34:20','2007-03-22 13:11:52',NULL,NULL,0,1,0),(1063,1,1,0,'Contacts','','2007-03-22 02:34:20','2007-03-22 02:34:20',NULL,NULL,0,1,0),(1064,1,1,0,'Accounts','','2007-03-27 11:17:36','2007-03-27 11:17:36',NULL,NULL,0,1,0),(1065,1,1,0,'Contacts','','2007-03-27 11:17:36','2007-03-27 11:17:36',NULL,NULL,0,1,0),(1066,1,1,0,'SalesOrders','','2007-03-27 11:18:02','2007-03-27 11:18:02',NULL,NULL,0,1,0),(1067,1,1,0,'SalesOrders','','2007-03-27 19:13:43','2007-03-27 19:13:43',NULL,NULL,0,1,0),(1068,1,1,0,'Accounts','','2007-03-28 10:51:31','2007-03-28 10:51:31',NULL,NULL,0,1,0),(1069,1,1,0,'Contacts','','2007-03-28 10:51:31','2007-03-28 10:51:31',NULL,NULL,0,1,0),(1070,1,1,0,'Accounts','','2007-03-28 17:34:45','2007-03-28 17:34:45',NULL,NULL,0,1,0),(1071,1,1,0,'Contacts','','2007-03-28 17:34:45','2007-03-28 17:34:45',NULL,NULL,0,1,0),(1072,1,1,0,'SalesOrders',' Invoice 1001','2007-03-28 17:35:39','2007-03-28 17:35:39',NULL,NULL,0,1,0),(1073,1,1,0,'Accounts','','2007-03-31 23:18:54','2007-03-31 23:18:54',NULL,NULL,0,1,0),(1074,1,1,0,'Accounts','','2007-04-01 00:32:40','2007-04-01 00:32:40',NULL,NULL,0,1,0),(1075,1,1,0,'Accounts','','2007-04-01 00:36:28','2007-04-01 00:36:28',NULL,NULL,0,1,0),(1076,1,1,0,'Accounts','','2007-04-01 00:44:17','2007-04-01 00:44:17',NULL,NULL,0,1,0),(1077,1,1,0,'Accounts','','2007-04-01 00:45:21','2007-04-01 00:45:21',NULL,NULL,0,1,0),(1078,1,1,0,'SalesOrders','','2007-04-02 14:10:26','2007-04-02 14:10:26',NULL,NULL,0,1,0),(1079,1,1,0,'SalesOrders','','2007-04-02 14:19:23','2007-04-02 14:19:23',NULL,NULL,0,1,0),(1080,1,1,0,'Accounts','','2007-04-02 16:56:28','2007-04-02 16:56:28',NULL,NULL,0,1,0),(1081,1,1,0,'Contacts','','2007-04-02 16:56:28','2007-04-02 16:56:28',NULL,NULL,0,1,0),(1082,1,1,1,'SalesOrders',' Invoice 1005','2007-04-02 16:56:49','2007-04-16 19:54:03',NULL,NULL,0,1,0),(1083,1,1,0,'SalesOrders',' Invoice 1004','2007-04-16 09:50:38','2007-04-16 09:50:38',NULL,NULL,0,1,0),(1084,1,1,0,'Accounts','','2007-04-16 10:00:32','2007-04-16 10:00:32',NULL,NULL,0,1,0),(1085,1,1,0,'Contacts','','2007-04-16 10:00:32','2007-04-16 10:00:32',NULL,NULL,0,1,0),(1086,1,1,0,'SalesOrders',' Invoice 1006','2007-04-16 10:00:46','2007-04-16 10:00:46',NULL,NULL,0,1,0),(1087,1,1,0,'Accounts','','2007-04-16 12:03:31','2007-04-16 12:03:31',NULL,NULL,0,1,0),(1088,1,1,0,'Contacts','','2007-04-16 12:03:31','2007-04-16 12:03:31',NULL,NULL,0,1,0),(1089,1,1,0,'SalesOrders',' Invoice 1002','2007-04-16 12:13:50','2007-04-16 12:13:50',NULL,NULL,0,1,0),(1090,1,1,0,'SalesOrders','','2007-04-16 15:19:16','2007-04-16 15:19:16',NULL,NULL,0,1,0),(1091,1,1,0,'SalesOrders',' Invoice 1003','2007-04-16 16:57:18','2007-04-16 16:57:18',NULL,NULL,0,1,0),(1092,1,1,0,'SalesOrders',' Invoice 1007','2007-04-16 18:18:36','2007-04-16 18:18:36',NULL,NULL,0,1,0),(1093,1,1,0,'SalesOrder','','2007-04-17 14:11:53','2007-04-17 14:11:53',NULL,NULL,0,1,0),(1094,1,1,0,'Accounts','','2007-04-23 13:50:28','2007-04-23 13:50:28',NULL,NULL,0,1,0),(1095,1,1,0,'Contacts','','2007-04-23 13:50:28','2007-04-23 13:50:28',NULL,NULL,0,1,0),(1096,1,1,0,'SalesOrders','','2007-04-23 13:51:44','2007-04-23 13:51:44',NULL,NULL,0,1,0),(1097,1,1,0,'SalesOrders','','2007-04-23 14:05:24','2007-04-23 14:05:24',NULL,NULL,0,1,0),(1098,1,1,0,'SalesOrders','','2007-04-23 14:42:34','2007-04-23 14:42:34',NULL,NULL,0,1,0),(1099,1,1,0,'SalesOrders','','2007-04-23 14:44:01','2007-04-23 14:44:01',NULL,NULL,0,1,0),(1100,1,1,0,'SalesOrders','','2007-04-23 14:45:16','2007-04-23 14:45:16',NULL,NULL,0,1,0),(1101,1,1,0,'SalesOrders','','2007-04-23 14:48:58','2007-04-23 14:48:58',NULL,NULL,0,1,0),(1102,1,1,0,'SalesOrders','','2007-04-23 14:52:45','2007-04-23 14:52:45',NULL,NULL,0,1,0),(1103,1,1,0,'Accounts','','2007-05-08 12:22:38','2007-05-08 12:22:38',NULL,NULL,0,1,0),(1104,1,1,0,'Contacts','','2007-05-08 12:22:39','2007-05-08 12:22:39',NULL,NULL,0,1,0),(1105,1,1,0,'SalesOrders','','2007-05-08 12:22:56','2007-05-08 12:22:56',NULL,NULL,0,1,0),(1106,1,1,0,'Products','','2007-05-08 12:45:27','2007-05-08 12:45:42',NULL,NULL,0,1,0),(1107,1,1,0,'SalesOrders','','2007-05-08 12:48:22','2007-05-08 12:48:22',NULL,NULL,0,1,0),(1108,1,1,0,'SalesOrders',' Invoice 1008','2007-05-08 13:08:04','2007-05-08 13:08:04',NULL,NULL,0,1,0),(1109,1,1,0,'Accounts','','2007-05-15 10:16:08','2007-05-15 10:16:08',NULL,NULL,0,1,0),(1110,1,1,0,'Contacts','','2007-05-15 10:16:08','2007-05-15 10:16:08',NULL,NULL,0,1,0),(1111,1,1,0,'SalesOrders',' Invoice 1009','2007-05-15 10:18:20','2007-05-15 10:18:20',NULL,NULL,0,1,0),(1113,1,1,0,'Accounts','','2007-05-15 10:27:17','2007-05-15 10:27:17',NULL,NULL,0,1,0),(1114,1,1,0,'Contacts','','2007-05-15 10:27:17','0000-00-00 00:00:00',NULL,NULL,0,0,0),(1115,1,1,1,'Potentials','','2007-05-15 10:27:17','2007-05-15 10:28:21',NULL,NULL,0,0,0),(1116,1,1,0,'SalesOrder','','2007-06-15 09:40:33','2007-06-15 09:40:33',NULL,NULL,0,1,0),(1117,1,1,0,'Accounts','','2007-06-15 09:41:56','2007-06-15 09:41:56',NULL,NULL,0,1,0),(1118,1,1,0,'Accounts','','2007-06-18 12:30:33','2007-06-18 12:30:33',NULL,NULL,0,1,0),(1119,1,1,0,'Contacts','','2007-06-18 12:30:33','2007-06-18 12:30:33',NULL,NULL,0,1,0),(1120,1,1,0,'SalesOrders','','2007-06-18 12:31:07','2007-06-18 12:31:07',NULL,NULL,0,1,0),(1121,1,1,0,'Accounts','','2007-06-18 20:08:41','2007-06-18 20:08:41',NULL,NULL,0,1,0),(1122,1,1,0,'Contacts','','2007-06-18 20:08:41','2007-06-18 20:08:41',NULL,NULL,0,1,0),(1123,1,1,0,'SalesOrders','','2007-06-18 20:09:50','2007-06-18 20:09:50',NULL,NULL,0,1,0),(1124,1,1,0,'SalesOrders','','2007-06-24 22:49:51','2007-06-24 22:49:51',NULL,NULL,0,1,0),(1125,1,1,0,'Products','','2007-06-25 01:58:23','2007-06-25 01:58:23',NULL,NULL,0,1,0),(1126,1,1,0,'Products','','2007-06-25 02:02:20','2007-06-25 02:02:20',NULL,NULL,0,1,0),(1127,1,1,0,'Products','','2007-06-25 02:04:39','2007-06-25 02:04:39',NULL,NULL,0,1,0),(1128,1,1,0,'Accounts','','2007-06-25 18:17:04','2007-06-25 18:17:04',NULL,NULL,0,1,0),(1129,1,1,0,'Contacts','','2007-06-25 18:17:04','2007-06-25 18:17:04',NULL,NULL,0,1,0),(1130,1,1,0,'SalesOrders','','2007-06-25 18:17:27','2007-06-25 18:17:27',NULL,NULL,0,1,0),(1131,1,1,0,'Accounts','','2007-08-13 02:24:31','2007-08-13 02:24:31',NULL,NULL,0,1,0),(1132,1,1,0,'Contacts','','2007-08-13 02:24:31','2007-08-13 02:24:31',NULL,NULL,0,1,0),(1133,1,1,1,'SalesOrders','','2007-08-13 02:25:13','2007-08-13 02:36:12',NULL,NULL,0,1,0),(1134,1,1,0,'Products','','2007-08-15 14:28:27','2007-08-15 14:28:27',NULL,NULL,0,1,0),(1135,1,1,0,'Products','','2007-08-15 14:41:36','2007-08-15 14:41:36',NULL,NULL,0,1,0),(1136,1,1,0,'Products','','2007-08-15 14:47:11','2007-08-15 14:47:11',NULL,NULL,0,1,0),(1137,1,1,0,'Products','','2007-08-15 14:48:03','2007-08-15 14:48:03',NULL,NULL,0,1,0),(1138,1,1,0,'Products','','2007-08-15 14:52:04','2007-08-15 14:52:04',NULL,NULL,0,1,0),(1139,1,1,0,'Products','','2007-08-15 14:54:07','2007-08-15 14:54:07',NULL,NULL,0,1,0),(1140,1,1,0,'Products','','2007-08-15 14:57:01','2007-08-15 14:57:01',NULL,NULL,0,1,0),(1141,1,1,0,'Products','','2007-08-15 15:14:06','2007-08-15 15:14:06',NULL,NULL,0,1,0),(1142,1,1,0,'Products','','2007-08-15 15:28:43','2007-08-15 15:28:43',NULL,NULL,0,1,0),(1143,1,1,0,'Products','','2007-08-15 15:32:02','2007-08-15 15:32:02',NULL,NULL,0,1,0),(1144,1,1,0,'Products','','2007-08-15 20:28:52','2007-08-15 20:28:52',NULL,NULL,0,1,0),(1145,1,1,0,'Products','','2007-08-15 20:35:10','2007-08-15 20:35:10',NULL,NULL,0,1,0),(1146,1,1,0,'Products','','2007-08-15 22:04:33','2007-08-15 22:04:33',NULL,NULL,0,1,0),(1147,1,1,0,'Products','','2007-08-17 23:38:58','2007-08-17 23:38:58',NULL,NULL,0,1,0),(1148,1,1,0,'Products','','2007-08-17 23:40:16','2007-08-17 23:40:16',NULL,NULL,0,1,0),(1149,1,1,0,'Products','','2007-08-17 23:52:57','2007-08-17 23:52:57',NULL,NULL,0,1,0),(1150,1,1,0,'Products','','2007-08-18 00:02:39','2007-08-18 00:02:39',NULL,NULL,0,1,0),(1151,1,1,0,'Products','','2007-08-18 00:05:17','2007-08-18 00:05:17',NULL,NULL,0,1,0),(1152,1,1,0,'Products','','2007-08-18 00:06:35','2007-08-18 00:06:35',NULL,NULL,0,1,0),(1153,1,1,0,'Products','','2007-08-18 00:09:04','2007-08-18 00:09:04',NULL,NULL,0,1,0),(1154,1,1,0,'Products','','2007-08-18 00:11:33','2007-08-18 00:11:33',NULL,NULL,0,1,0),(1155,1,1,0,'Products','','2007-08-18 00:14:51','2007-08-18 00:14:51',NULL,NULL,0,1,0),(1156,1,1,0,'Products','','2007-08-18 00:16:39','2007-08-18 00:16:39',NULL,NULL,0,1,0),(1157,1,1,0,'SalesOrder',' Invoice 1010','2007-08-18 00:43:52','2007-08-18 00:43:52',NULL,NULL,0,1,0),(1158,1,1,0,'SalesOrders',' Invoice 1011','2007-08-18 00:54:44','2007-08-18 00:54:44',NULL,NULL,0,1,0),(1159,1,1,0,'Products','','2007-08-18 01:43:51','2007-08-18 01:43:51',NULL,NULL,0,1,0),(1160,1,1,0,'Products','','2007-08-18 02:32:57','2007-08-18 02:32:57',NULL,NULL,0,1,0),(1161,1,1,0,'Products','','2007-08-18 14:13:22','2007-08-18 14:13:22',NULL,NULL,0,1,0),(1162,1,1,0,'Products','','2007-08-18 17:06:31','2007-08-18 17:06:31',NULL,NULL,0,1,0),(1163,1,1,0,'Products','','2007-08-18 17:15:26','2007-08-18 17:15:26',NULL,NULL,0,1,0),(1164,1,1,0,'Products','','2007-08-18 17:22:45','2007-08-18 17:22:45',NULL,NULL,0,1,0),(1165,1,1,0,'Products','','2007-08-18 17:30:00','2007-08-18 17:30:00',NULL,NULL,0,1,0),(1166,1,1,0,'Products','','2007-08-18 17:31:03','2007-08-18 17:31:03',NULL,NULL,0,1,0),(1167,1,1,0,'Products','','2007-08-18 19:13:56','2007-08-18 19:13:56',NULL,NULL,0,1,0),(1168,1,1,0,'Products','','2007-08-18 19:42:16','2007-08-18 19:42:16',NULL,NULL,0,1,0),(1169,1,1,0,'Products','','2007-08-18 22:31:09','2007-08-19 18:25:26',NULL,NULL,0,1,0),(1170,1,1,0,'Products','','2007-08-19 18:27:48','2007-08-19 18:27:48',NULL,NULL,0,1,0),(1171,1,1,0,'Products','','2007-08-19 18:31:45','2007-08-19 18:31:45',NULL,NULL,0,1,0),(1172,1,1,0,'Products','','2007-08-19 19:10:15','2007-08-19 19:10:15',NULL,NULL,0,1,0),(1173,1,1,0,'Products','','2007-08-19 19:11:31','2007-08-19 19:13:04',NULL,NULL,0,1,0),(1174,1,1,0,'Products','','2007-08-19 19:34:01','2007-08-19 19:34:01',NULL,NULL,0,1,0),(1175,1,1,0,'Products','','2007-08-20 00:46:05','2007-08-20 00:48:42',NULL,NULL,0,1,0),(1176,1,1,0,'Products','','2007-08-20 00:59:30','2007-08-20 00:59:30',NULL,NULL,0,1,0),(1177,1,1,0,'SalesOrder','','2010-09-29 20:45:34','2010-09-29 20:45:34',NULL,NULL,0,1,0),(1178,1,1,0,'SalesOrder',' Invoice 1012','2010-09-29 20:49:38','2010-09-29 20:49:38',NULL,NULL,0,1,0),(1179,1,1,0,'Products','','2010-09-29 21:40:22','2010-09-29 21:40:22',NULL,NULL,0,1,0),(1180,1,1,0,'Products','','2010-09-29 21:41:22','2010-09-29 22:18:37',NULL,NULL,0,1,0),(1181,1,1,0,'Products','','2010-09-29 21:42:00','2010-09-29 21:42:00',NULL,NULL,0,1,0),(1182,1,1,0,'Products','','2010-09-29 22:06:52','2010-09-29 22:06:52',NULL,NULL,0,1,0),(1183,1,1,0,'Products','','2010-09-29 22:20:57','2010-09-30 01:30:42',NULL,NULL,0,1,0),(1184,1,1,0,'Accounts','','2010-09-29 23:02:21','2010-09-29 23:02:21',NULL,NULL,0,1,0),(1185,1,1,0,'Contacts','','2010-09-29 23:02:21','2010-09-29 23:02:21',NULL,NULL,0,1,0),(1186,1,1,0,'SalesOrders',' Invoice 1013','2010-09-29 23:02:38','2010-09-29 23:02:38',NULL,NULL,0,1,0),(1187,1,1,0,'SalesOrders',' Invoice 1014','2010-09-29 23:26:35','2010-09-29 23:26:35',NULL,NULL,0,1,0),(1188,1,1,0,'SalesOrder',' Invoice 1018','2010-09-29 23:32:55','2010-09-29 23:32:55',NULL,NULL,0,1,0),(1189,1,1,0,'SalesOrder',' Invoice 1015','2010-09-29 23:36:16','2010-09-29 23:36:16',NULL,NULL,0,1,0),(1190,1,1,0,'SalesOrder',' Invoice 1016','2010-09-29 23:40:18','2010-09-29 23:40:18',NULL,NULL,0,1,0),(1191,1,1,0,'SalesOrder',' Invoice 1017','2010-09-29 23:44:31','2010-09-29 23:44:31',NULL,NULL,0,1,0),(1192,1,1,0,'SalesOrders','','2010-09-30 00:59:37','2010-09-30 00:59:37',NULL,NULL,0,1,0),(1193,1,1,0,'Products','','2010-09-30 01:27:31','2010-09-30 01:27:31',NULL,NULL,0,1,0),(1194,1,1,0,'SalesOrders',' Invoice 1019','2010-09-30 01:30:58','2010-09-30 01:30:58',NULL,NULL,0,1,0),(1195,1,1,0,'Leads','','2010-10-01 14:48:28','2010-10-01 14:48:28',NULL,NULL,0,1,0),(1197,1,1,0,'Accounts','','2010-10-01 14:48:47','2010-10-01 14:48:47',NULL,NULL,0,1,0),(1198,1,1,0,'Contacts','','2010-10-01 14:48:47','0000-00-00 00:00:00',NULL,NULL,0,0,0),(1199,1,1,0,'Potentials','','2010-10-01 14:48:47','0000-00-00 00:00:00',NULL,NULL,0,0,0),(1200,1,1,0,'SalesOrder','','2010-10-01 14:50:23','2010-10-01 14:50:23',NULL,NULL,0,1,0),(1201,1,1,0,'Accounts','','2010-10-01 14:52:32','2010-10-01 14:52:32',NULL,NULL,0,1,0),(1202,1,1,0,'SalesOrder','','2010-10-01 14:54:26','2010-10-01 14:54:26',NULL,NULL,0,1,0),(1203,1,1,0,'SalesOrder',' Invoice 1022','2010-10-01 14:57:56','2010-10-01 14:57:56',NULL,NULL,0,1,0),(1204,1,1,0,'Accounts','','2010-10-01 23:29:32','2010-10-01 23:29:32',NULL,NULL,0,1,0),(1205,1,1,0,'Leads','','2010-10-01 23:40:23','2010-10-01 23:40:23',NULL,NULL,0,1,0),(1206,1,1,0,'SalesOrder',' Invoice 1020','2010-10-02 03:21:55','2010-10-02 03:21:55',NULL,NULL,0,1,0),(1207,1,1,0,'SalesOrder',' Invoice 1021','2010-12-08 00:16:28','2010-12-08 00:16:28',NULL,NULL,0,1,0),(1208,1,1,1,'SalesOrder',' Invoice 1023','2010-12-08 00:35:10','2010-12-08 00:37:17',NULL,NULL,0,1,0),(1209,1,1,0,'SalesOrder',' Invoice 1024','2010-12-08 00:58:46','2010-12-08 00:58:46',NULL,NULL,0,1,0),(1210,1,1,0,'Leads','','2010-12-08 01:20:51','2010-12-08 01:20:51',NULL,NULL,0,1,0),(1212,1,1,0,'Accounts','','2010-12-08 01:21:11','2010-12-08 01:21:11',NULL,NULL,0,1,0),(1213,1,1,0,'Contacts','','2010-12-08 01:21:11','0000-00-00 00:00:00',NULL,NULL,0,0,0),(1214,1,1,0,'Potentials','','2010-12-08 01:21:11','0000-00-00 00:00:00',NULL,NULL,0,0,0),(1215,1,1,0,'SalesOrder',' Invoice 1025','2010-12-08 01:22:11','2010-12-08 01:22:11',NULL,NULL,0,1,0),(1216,1,1,0,'Accounts','','2010-12-08 01:24:13','2010-12-08 01:24:13',NULL,NULL,0,1,0),(1217,1,1,0,'Leads','','2010-12-09 02:07:51','2010-12-09 02:07:51',NULL,NULL,0,1,0),(1219,1,1,0,'Accounts','','2010-12-09 02:08:31','2010-12-09 02:08:31',NULL,NULL,0,1,0),(1220,1,1,0,'Contacts','','2010-12-09 02:08:31','0000-00-00 00:00:00',NULL,NULL,0,0,0),(1221,1,1,0,'Potentials','','2010-12-09 02:08:31','0000-00-00 00:00:00',NULL,NULL,0,0,0),(1223,1,1,0,'Accounts','','2010-12-09 04:19:54','2010-12-09 04:19:54',NULL,NULL,0,1,0),(1224,1,1,0,'Contacts','','2010-12-09 04:19:54','0000-00-00 00:00:00',NULL,NULL,0,0,0),(1226,1,662,0,'Accounts','','2010-12-09 04:20:52','2010-12-09 04:20:52',NULL,NULL,0,1,0),(1227,1,662,0,'Contacts','','2010-12-09 04:20:52','0000-00-00 00:00:00',NULL,NULL,0,0,0),(1228,1,662,0,'Potentials','','2010-12-09 04:20:52','0000-00-00 00:00:00',NULL,NULL,0,0,0),(1229,1,662,0,'SalesOrder',' Invoice 1026','2010-12-09 04:24:04','2010-12-09 04:24:04',NULL,NULL,0,1,0),(1230,1,1,0,'Accounts','','2010-12-12 04:11:54','2010-12-12 04:11:54',NULL,NULL,0,1,0),(1231,1,1,0,'Contacts','','2010-12-12 04:11:54','2010-12-12 04:11:54',NULL,NULL,0,1,0),(1232,1,1,0,'SalesOrders','','2010-12-12 04:12:21','2010-12-12 04:12:21',NULL,NULL,0,1,0),(1233,1,1,0,'SalesOrders',' Invoice 1032','2010-12-12 04:22:57','2010-12-12 04:22:57',NULL,NULL,0,1,0),(1234,1,1,0,'SalesOrders',' Invoice 1027','2010-12-12 04:24:12','2010-12-12 04:24:12',NULL,NULL,0,1,0),(1235,1,662,1,'SalesOrder',' Invoice 1028','2010-12-12 04:30:00','2010-12-12 04:31:04',NULL,NULL,0,1,0),(1236,1,1,0,'SalesOrders',' Invoice 1029','2010-12-12 04:45:07','2010-12-12 04:45:07',NULL,NULL,0,1,0),(1237,1,1,0,'SalesOrders',' Invoice 1030','2010-12-12 04:52:15','2010-12-12 04:52:15',NULL,NULL,0,1,0),(1238,1,1,0,'Accounts','','2010-12-12 05:08:02','2010-12-12 05:08:02',NULL,NULL,0,1,0),(1239,1,1,0,'Contacts','','2010-12-12 05:08:02','2010-12-12 05:08:02',NULL,NULL,0,1,0),(1240,1,1,0,'SalesOrders',' Invoice 1031','2010-12-12 05:09:16','2010-12-12 05:09:16',NULL,NULL,0,1,0),(1241,1,1,0,'SalesOrder','','2010-12-12 05:12:01','2010-12-12 05:12:01',NULL,NULL,0,1,0),(1242,1,1,0,'SalesOrder',' Invoice 1033','2010-12-12 06:39:17','2010-12-12 06:39:17',NULL,NULL,0,1,0),(1243,1,1,0,'Accounts','','2010-12-12 06:40:58','2010-12-12 06:40:58',NULL,NULL,0,1,0),(1244,1,661,0,'SalesOrder',' Invoice 1034','2010-12-12 06:42:55','2010-12-12 06:42:55',NULL,NULL,0,1,0),(1245,1,1,0,'SalesOrders',' Invoice 1035','2010-12-12 06:51:17','2010-12-12 06:51:17',NULL,NULL,0,1,0),(1246,1,661,0,'Leads','','2010-12-12 06:56:45','2010-12-12 06:56:45',NULL,NULL,0,1,0),(1248,1,1,0,'Accounts','','2010-12-12 06:56:57','2010-12-12 06:56:57',NULL,NULL,0,1,0),(1249,1,1,0,'Contacts','','2010-12-12 06:56:57','0000-00-00 00:00:00',NULL,NULL,0,0,0),(1250,1,1,0,'SalesOrder',' Invoice 1036','2010-12-12 06:57:42','2010-12-12 06:57:42',NULL,NULL,0,1,0),(1251,1,1,0,'SalesOrders','','2010-12-13 07:17:03','2010-12-13 07:17:03',NULL,NULL,0,1,0),(1252,1,1,0,'SalesOrders',' Invoice 1037','2010-12-13 07:17:50','2010-12-13 07:17:50',NULL,NULL,0,1,0),(1253,1,1,0,'SalesOrders',' Invoice 1038','2010-12-13 09:11:17','2010-12-13 09:11:17',NULL,NULL,0,1,0),(1254,1,1,0,'Accounts','','2010-12-13 10:05:22','2010-12-13 10:05:22',NULL,NULL,0,1,0),(1255,1,1,0,'Contacts','','2010-12-13 10:05:22','2010-12-13 10:05:22',NULL,NULL,0,1,0),(1256,1,1,0,'SalesOrders',' Invoice 1039','2010-12-13 10:05:36','2010-12-13 10:05:36',NULL,NULL,0,1,0),(1258,1,1,0,'Accounts','','2010-12-28 23:25:45','2010-12-28 23:25:45',NULL,NULL,0,1,0),(1259,1,1,0,'Contacts','','2010-12-28 23:25:45','0000-00-00 00:00:00',NULL,NULL,0,0,0),(1260,1,1,0,'Potentials','','2010-12-28 23:25:45','0000-00-00 00:00:00',NULL,NULL,0,0,0),(1261,1,1,0,'SalesOrder',' Invoice 1040','2010-12-28 23:27:42','2010-12-28 23:27:42',NULL,NULL,0,1,0),(1262,1,662,0,'SalesOrder',' Invoice 1041','2010-12-29 00:08:18','2010-12-29 00:08:18',NULL,NULL,0,1,0),(1263,1,662,0,'Leads','','2010-12-29 00:10:56','2010-12-29 00:10:56',NULL,NULL,0,1,0),(1265,1,1,0,'Accounts','','2010-12-29 00:11:25','2010-12-29 00:11:25',NULL,NULL,0,1,0),(1266,1,1,0,'Contacts','','2010-12-29 00:11:25','0000-00-00 00:00:00',NULL,NULL,0,0,0),(1267,1,1,0,'Potentials','','2010-12-29 00:11:25','0000-00-00 00:00:00',NULL,NULL,0,0,0),(1268,1,662,0,'Potentials','','2010-12-29 00:12:36','2010-12-29 00:12:36',NULL,NULL,0,1,0),(1269,662,662,0,'Activities','','2010-12-29 00:18:50','2010-12-29 00:18:50',NULL,NULL,0,1,0);
/*!40000 ALTER TABLE `crmentity` ENABLE KEYS */;
UNLOCK TABLES;

--
-- Table structure for table `crmentity_seq`
--

DROP TABLE IF EXISTS `crmentity_seq`;
/*!40101 SET @saved_cs_client     = @@character_set_client */;
/*!40101 SET character_set_client = utf8 */;
CREATE TABLE `crmentity_seq` (
  `id` int(11) NOT NULL DEFAULT '0'
) ENGINE=MyISAM DEFAULT CHARSET=latin1;
/*!40101 SET character_set_client = @saved_cs_client */;

--
-- Dumping data for table `crmentity_seq`
--

LOCK TABLES `crmentity_seq` WRITE;
/*!40000 ALTER TABLE `crmentity_seq` DISABLE KEYS */;
INSERT INTO `crmentity_seq` VALUES (1269);
/*!40000 ALTER TABLE `crmentity_seq` ENABLE KEYS */;
UNLOCK TABLES;

--
-- Table structure for table `crmentitynotesrel`
--

DROP TABLE IF EXISTS `crmentitynotesrel`;
/*!40101 SET @saved_cs_client     = @@character_set_client */;
/*!40101 SET character_set_client = utf8 */;
CREATE TABLE `crmentitynotesrel` (
  `crmid` int(19) NOT NULL DEFAULT '0',
  `notesid` int(19) NOT NULL DEFAULT '0',
  PRIMARY KEY (`crmid`,`notesid`),
  KEY `crmentityNotesRel_IDX0` (`notesid`),
  KEY `crmentityNotesRel_IDX1` (`crmid`),
  CONSTRAINT `fk_crmentityNotes` FOREIGN KEY (`crmid`) REFERENCES `crmentity` (`crmid`) ON DELETE CASCADE,
  CONSTRAINT `fk_crmentityNotes2` FOREIGN KEY (`notesid`) REFERENCES `notes` (`notesid`) ON DELETE CASCADE
) ENGINE=InnoDB DEFAULT CHARSET=latin1;
/*!40101 SET character_set_client = @saved_cs_client */;

--
-- Dumping data for table `crmentitynotesrel`
--

LOCK TABLES `crmentitynotesrel` WRITE;
/*!40000 ALTER TABLE `crmentitynotesrel` DISABLE KEYS */;
/*!40000 ALTER TABLE `crmentitynotesrel` ENABLE KEYS */;
UNLOCK TABLES;

--
-- Table structure for table `currencies`
--

DROP TABLE IF EXISTS `currencies`;
/*!40101 SET @saved_cs_client     = @@character_set_client */;
/*!40101 SET character_set_client = utf8 */;
CREATE TABLE `currencies` (
  `currency` char(20) NOT NULL DEFAULT '',
  `currabrev` char(3) NOT NULL DEFAULT '',
  `country` char(50) NOT NULL DEFAULT '',
  `hundredsname` char(15) NOT NULL DEFAULT 'Cents',
  `rate` double NOT NULL DEFAULT '1',
  PRIMARY KEY (`currabrev`),
  KEY `Country` (`country`)
) ENGINE=InnoDB DEFAULT CHARSET=latin1;
/*!40101 SET character_set_client = @saved_cs_client */;

--
-- Dumping data for table `currencies`
--

LOCK TABLES `currencies` WRITE;
/*!40000 ALTER TABLE `currencies` DISABLE KEYS */;
INSERT INTO `currencies` VALUES ('Canadian Dollars','CDN','Canada','cents',1),('Swiss Francs','CHF','Switzerland','cents',1.2391594),('Euro Dollars','EUR','European Union','cents',0.706708),('Pounds','GBP','England','Pence',0.490288),('US Dollars','USD','United States','cents',0.8959169);
/*!40000 ALTER TABLE `currencies` ENABLE KEYS */;
UNLOCK TABLES;

--
-- Table structure for table `currency`
--

DROP TABLE IF EXISTS `currency`;
/*!40101 SET @saved_cs_client     = @@character_set_client */;
/*!40101 SET character_set_client = utf8 */;
CREATE TABLE `currency` (
  `currencyid` int(19) NOT NULL AUTO_INCREMENT,
  `currency` varchar(200) NOT NULL DEFAULT '',
  `sortorderid` int(19) NOT NULL DEFAULT '0',
  `presence` int(1) NOT NULL DEFAULT '1',
  PRIMARY KEY (`currencyid`),
  UNIQUE KEY `Currency_CRY` (`currency`)
) ENGINE=InnoDB AUTO_INCREMENT=4 DEFAULT CHARSET=latin1;
/*!40101 SET character_set_client = @saved_cs_client */;

--
-- Dumping data for table `currency`
--

LOCK TABLES `currency` WRITE;
/*!40000 ALTER TABLE `currency` DISABLE KEYS */;
INSERT INTO `currency` VALUES (1,'Rupees',0,1),(2,'Dollar',1,1),(3,'Euro',2,1);
/*!40000 ALTER TABLE `currency` ENABLE KEYS */;
UNLOCK TABLES;

--
-- Table structure for table `currency_info`
--

DROP TABLE IF EXISTS `currency_info`;
/*!40101 SET @saved_cs_client     = @@character_set_client */;
/*!40101 SET character_set_client = utf8 */;
CREATE TABLE `currency_info` (
  `currency_name` varchar(100) NOT NULL DEFAULT '',
  `currency_code` varchar(100) DEFAULT NULL,
  `currency_symbol` varchar(30) DEFAULT NULL,
  PRIMARY KEY (`currency_name`)
) ENGINE=MyISAM DEFAULT CHARSET=latin1;
/*!40101 SET character_set_client = @saved_cs_client */;

--
-- Dumping data for table `currency_info`
--

LOCK TABLES `currency_info` WRITE;
/*!40000 ALTER TABLE `currency_info` DISABLE KEYS */;
INSERT INTO `currency_info` VALUES ('Cdn Dollar','CDN','$');
/*!40000 ALTER TABLE `currency_info` ENABLE KEYS */;
UNLOCK TABLES;

--
-- Table structure for table `custallocns`
--

DROP TABLE IF EXISTS `custallocns`;
/*!40101 SET @saved_cs_client     = @@character_set_client */;
/*!40101 SET character_set_client = utf8 */;
CREATE TABLE `custallocns` (
  `id` int(11) NOT NULL AUTO_INCREMENT,
  `amt` decimal(20,4) NOT NULL DEFAULT '0.0000',
  `datealloc` date NOT NULL DEFAULT '0000-00-00',
  `transid_allocfrom` int(11) NOT NULL DEFAULT '0',
  `transid_allocto` int(11) NOT NULL DEFAULT '0',
  PRIMARY KEY (`id`),
  KEY `DateAlloc` (`datealloc`),
  KEY `TransID_AllocFrom` (`transid_allocfrom`),
  KEY `TransID_AllocTo` (`transid_allocto`)
) ENGINE=InnoDB DEFAULT CHARSET=latin1;
/*!40101 SET character_set_client = @saved_cs_client */;

--
-- Dumping data for table `custallocns`
--

LOCK TABLES `custallocns` WRITE;
/*!40000 ALTER TABLE `custallocns` DISABLE KEYS */;
/*!40000 ALTER TABLE `custallocns` ENABLE KEYS */;
UNLOCK TABLES;

--
-- Table structure for table `custbranch`
--

DROP TABLE IF EXISTS `custbranch`;
/*!40101 SET @saved_cs_client     = @@character_set_client */;
/*!40101 SET character_set_client = utf8 */;
CREATE TABLE `custbranch` (
  `branchcode` varchar(10) NOT NULL DEFAULT '',
  `debtorno` varchar(10) NOT NULL DEFAULT '',
  `brname` varchar(80) NOT NULL DEFAULT '',
  `braddress1` varchar(40) NOT NULL DEFAULT '',
  `braddress2` varchar(40) NOT NULL DEFAULT '',
  `braddress3` varchar(40) NOT NULL DEFAULT '',
  `braddress4` varchar(50) NOT NULL DEFAULT '',
  `braddress5` varchar(20) NOT NULL DEFAULT '',
  `braddress6` varchar(15) NOT NULL DEFAULT '',
  `estdeliverydays` smallint(6) NOT NULL DEFAULT '1',
  `area` char(2) NOT NULL DEFAULT '',
  `salesman` varchar(4) NOT NULL DEFAULT '',
  `fwddate` smallint(6) NOT NULL DEFAULT '0',
  `phoneno` varchar(20) NOT NULL DEFAULT '',
  `faxno` varchar(20) NOT NULL DEFAULT '',
  `contactname` varchar(30) NOT NULL DEFAULT '',
  `email` varchar(55) NOT NULL DEFAULT '',
  `defaultlocation` varchar(5) NOT NULL DEFAULT '',
  `taxgroupid` tinyint(4) NOT NULL DEFAULT '1',
  `defaultshipvia` int(11) NOT NULL DEFAULT '1',
  `deliverblind` tinyint(1) DEFAULT '1',
  `disabletrans` tinyint(4) NOT NULL DEFAULT '0',
  `brpostaddr1` varchar(40) NOT NULL DEFAULT '',
  `brpostaddr2` varchar(40) NOT NULL DEFAULT '',
  `brpostaddr3` varchar(30) NOT NULL DEFAULT '',
  `brpostaddr4` varchar(20) NOT NULL DEFAULT '',
  `brpostaddr5` varchar(20) NOT NULL DEFAULT '',
  `brpostaddr6` varchar(15) NOT NULL DEFAULT '',
  `custbranchcode` varchar(30) NOT NULL DEFAULT '',
  `accountid` int(19) NOT NULL DEFAULT '0',
  `account_type` varchar(50) DEFAULT NULL,
  `industry` varchar(50) DEFAULT NULL,
  `annualrevenue` int(19) DEFAULT NULL,
  `rating` varchar(50) DEFAULT NULL,
  `ownership` varchar(50) DEFAULT NULL,
  `siccode` int(10) DEFAULT NULL,
  `tickersymbol` varchar(30) DEFAULT NULL,
  `otherphone` varchar(30) DEFAULT NULL,
  `email2` varchar(100) DEFAULT NULL,
  `website` varchar(50) DEFAULT NULL,
  `employees` int(10) DEFAULT '0',
  `currcode` varchar(20) NOT NULL DEFAULT '',
  PRIMARY KEY (`branchcode`,`debtorno`),
  KEY `BranchCode` (`branchcode`),
  KEY `BrName` (`brname`),
  KEY `DebtorNo` (`debtorno`),
  KEY `Salesman` (`salesman`),
  KEY `Area` (`area`),
  KEY `DefaultLocation` (`defaultlocation`),
  KEY `DefaultShipVia` (`defaultshipvia`),
  KEY `taxgroupid` (`taxgroupid`),
  KEY `accountid` (`accountid`),
  CONSTRAINT `fk_Account` FOREIGN KEY (`accountid`) REFERENCES `crmentity` (`crmid`) ON DELETE CASCADE
) ENGINE=InnoDB DEFAULT CHARSET=latin1;
/*!40101 SET character_set_client = @saved_cs_client */;

--
-- Dumping data for table `custbranch`
--

LOCK TABLES `custbranch` WRITE;
/*!40000 ALTER TABLE `custbranch` DISABLE KEYS */;
INSERT INTO `custbranch` VALUES ('CAN1219','CAN1219','Cannon airlines','','','','','','',1,'','',0,'','','','','',1,1,1,0,'','','','','','','',1219,NULL,'--None--',0,'--None--',NULL,NULL,NULL,NULL,NULL,'',0,''),('DB 1248','DB 1248','db witz','348 Main','','Childs','Ohio','use','',1,'','S1',0,'\r\n','','','','',1,1,1,0,'348 Main','','Childs','Ohio','use','','',1248,NULL,'--None--',0,'--None--',NULL,NULL,NULL,NULL,NULL,'',0,''),('GAR1223','GAR1223','Gardening Supplies Co.','97 blvd. Levesque','','Montreal','QC','Canada','H3J 4G2',1,'','S1',0,'514-997-6545\r\n','','','','',1,1,1,0,'97 blvd. Levesque','','Montreal','QC','Canada','H3J 4G2','',1223,NULL,'Hardware',0,'Active',NULL,NULL,NULL,NULL,NULL,'',0,''),('MF 1265','MF 1265','MF Furgerson','','','','','','',1,'','S1',0,'\r\n','','','','',1,1,1,0,'','','','','','','',1265,NULL,'--None--',0,'--None--',NULL,NULL,NULL,NULL,NULL,'',0,''),('MON1053','MON1053','Mont Royal Hardware','9754 Mont Royal','','Montreal','QC','Quebec','H5J R3R',1,'DE','S99',0,'514-445-6889','','','','TOR',2,1,1,0,'9754 Mont Royal','','Montreal','QC','Quebec','H5J R3R','',1053,'Retail','Hardware',0,'Active','',0,'','','','',0,'CDN'),('MWD1197','MWD1197','MWDS BC','26 Main','','windermere','','BC','',1,'','',0,'','','','','',1,1,1,0,'26 Main','','windermere','','BC','','',1197,NULL,'Technology',0,'--None--',NULL,NULL,NULL,NULL,NULL,'',0,''),('MWD1258','MWD1258','mwds bc 1','1178 Main','','Windermere','bc','','k1b4c1',1,'','S662',0,'\r\n','','','','',1,1,1,0,'1178 Main','','Windermere','bc','','k1b4c1','',1258,NULL,'--None--',0,'--None--',NULL,NULL,NULL,NULL,NULL,'',0,''),('NIC01117','NIC01117','Nicholson, Leann','285 Churchill Ave.','','Ottawa','ON','Canada','K1Z 5B7',1,'DB','S99',0,'','','','','HQ',1,1,1,0,'','','','','','','',1117,'--None--','--None--',0,'','',0,'','','','',0,'CDN'),('TOR1226','TOR1226','Toronto Hardware','1456 Bathurst Ave.','Second Floor','Toronto','ON','Canada','M5S 2T3',1,'','S662',0,'416-776-8888\r\n','','','','',1,1,1,0,'1456 Bathurst Ave.','Second Floor','Toronto','ON','Canada','M5S 2T3','',1226,NULL,'Supplier',0,'Active',NULL,NULL,NULL,NULL,NULL,'',0,''),('TUR1212','TUR1212','Turner and sons','12 Main','','Nashvile','Tensses','','',1,'','S99',0,'','','','','',1,1,1,0,'12 Main','','Nashvile','Tensses','','','',1212,NULL,'--None--',0,'--None--',NULL,NULL,NULL,NULL,NULL,'',0,''),('US 1113','US 1113','US Equip Inc.','146 Ninth Ave. NW','','Washington','DC','USA','44332-9709',1,'','',0,'450-456-7777','','','','',1,1,1,0,'146 Ninth Ave. NW','','Washington','DC','USA','44332-9709','',1113,NULL,'Other',0,'Acquired',NULL,NULL,NULL,NULL,NULL,'',0,''),('WWW1027','WWW1027','Spanglett, Gareth','285 Churchill Ave. N.','','Ottawa','ON','CAN','K1Z 5B7',1,'DE','S99',0,'613-761-1489','','','gareth@mahsie.com','TOR',1,1,1,0,'','','','','','','',1027,'Retail','--None--',0,'','',0,'','','','',0,'CDN'),('WWW1056','WWW1056','McGrath, Douglas','87 David Drive','','Nepean','ON','CAN','K2P 8P8',1,'DE','S99',0,'613-226-2838','','','gspanglett@gmail.com','TOR',1,1,1,0,'','','','','','','',1056,'Retail','--None--',0,'','',0,'','','','',0,'CDN'),('WWW1058','WWW1058','Franois, Benot','456 ave. bleue','','Baie Comeau','QC','CAN','H5J F4F',1,'DE','S99',0,'819-804-2222','','','gareth@agora2.com','TOR',2,1,1,0,'','','','','','','',1058,'Retail','--None--',0,'','',0,'','','','',0,'CDN'),('WWW1060','WWW1060','Carlson, Carl','782 Evergreen Terrace','','Springfield','KY','USA','44337',1,'DE','S99',0,'456-999-0000','','','temp1@nepeanseniors.ca','TOR',3,1,1,0,'','','','','','','',1060,'Retail','--None--',0,'','',0,'','','','',0,'CDN'),('WWW1062','WWW1062','Mecury, Freddy','65 Abbey Road','','Liverpool','EN','GBR','K45D8H',1,'DE','S99',0,'011-234-457-685756','','','quarantine@nepeancommunitysupport.com','TOR',3,1,1,0,'','','','','','','',1062,'Retail','--None--',0,'','',0,'','','','',0,'CDN'),('WWW1064','WWW1064','Agora Communications Group','285 Churchill Ave. N.','','Ottawa','ON','CAN','K1Z 5B7',1,'DE','S99',0,'613-761-1489','','','gareth@agora-group.com','TOR',1,1,1,0,'','','','','','','',1064,'Retail',NULL,NULL,NULL,NULL,NULL,NULL,NULL,NULL,NULL,77,'CDN'),('WWW1068','WWW1068','jeffrey','3 Ridgeburn Gate','','Ottawa','AB','CAN','k1b4c1',1,'DE','SO1',0,'613-830-0220','','','jeff@mahsie.com','TOR',5,1,1,0,'','','','','','','',1068,'Retail',NULL,NULL,NULL,NULL,NULL,NULL,NULL,NULL,NULL,79,'CDN'),('WWW1070','WWW1070','Mahsie Open Soure','3  Ridgeburngate','','Ottawa','AB','CAN','Ontaio',1,'DE','S99',0,'613-830-0220','','','jmoncrieff@mahsie.org','TOR',5,1,1,0,'','','','','','','',1070,'Retail',NULL,NULL,NULL,NULL,NULL,NULL,NULL,NULL,NULL,80,'CDN'),('WWW1071','WWW1070','Mahsie Open Soure','3  Ridgeburngate','','Ottawa','AB','CAN','Ontaio',1,'DB','S99',0,'','','','','HQ',1,1,1,0,'','','','','','','',1077,NULL,NULL,NULL,NULL,NULL,NULL,NULL,NULL,NULL,NULL,0,'CDN'),('WWW1080','WWW1080','Agora Communications Group','285 Churchill AVe.','','Ottawa','ON','CAN','K1Z 5B7',1,'DE','SO1',0,'613-761-1489','','','gspanglett@rogers.com','TOR',1,1,1,0,'','','','','','','',1080,'Retail',NULL,NULL,NULL,NULL,NULL,NULL,NULL,NULL,NULL,81,'CDN'),('WWW1084','WWW1084','Acme Inc.','1234 Main Street','','Ottawa','ON','CAN','K1Z 1Z1',1,'DE','SO1',0,'613-555-5555','','','quixote1024@yahoo.ca','TOR',1,1,1,0,'','','','','','','',1084,'Retail',NULL,NULL,NULL,NULL,NULL,NULL,NULL,NULL,NULL,82,'CDN'),('WWW1087','WWW1087','Mahsie','3 ridgeburn Gate','','Ottawa','AB','CAN','k1b4c1',1,'DE','SO1',0,'830-0220','','','jmoncrieff@mahsie.com','TOR',5,1,1,0,'','','','','','','',1087,'Retail',NULL,NULL,NULL,NULL,NULL,NULL,NULL,NULL,NULL,78,'CDN'),('WWW1094','WWW1094','Agora','285 Churchill Ave. N.','','Ottawa','ON','CAN','K1Z 5B7',1,'DE','SO1',0,'613-761-1489','','','gareth@agora-group.com','TOR',1,1,1,0,'','','','','','','',1094,'Retail',NULL,NULL,NULL,NULL,NULL,NULL,NULL,NULL,NULL,83,'CDN'),('WWW1103','WWW1103','Spanglett, Gareth','1234 Main','','Ottawa','ON','CAN','K1Z 5B7',1,'DE','SO1',0,'613-555-1212','','','gareth@mahsie.com','TOR',1,1,1,0,'','','','','','','',1103,'Retail',NULL,NULL,NULL,NULL,NULL,NULL,NULL,NULL,NULL,84,'CDN'),('WWW1109','WWW1109','Vachon, Klaus','1234 Main Street','','Ottawa','ON','CAN','K1A 1A1',1,'DE','SO1',0,'613-555-1212','','','mikepowers40@yahoo.ca','TOR',1,1,1,0,'','','','','','','',1109,'Retail',NULL,NULL,NULL,NULL,NULL,NULL,NULL,NULL,NULL,85,'CDN'),('WWW1118','WWW1118','Mahsie','3 ridgeBurn gate','','Ottawa','AB','CAN','ontario',1,'DE','SO1',0,'613-830-0220','','','jeffrey.moncrieff@mahsie.com','TOR',5,1,1,0,'','','','','','','',1118,'Retail',NULL,NULL,NULL,NULL,NULL,NULL,NULL,NULL,NULL,86,'CDN'),('WWW1121','WWW1121','Spanglett, Gareth','1234 Main','','Ottawa','ON','CAN','K1A1A1',1,'DE','SO1',0,'613-761-1489','','','prsidoro@mavericsolutions.ca','TOR',1,1,1,0,'','','','','','','',1121,'Retail',NULL,NULL,NULL,NULL,NULL,NULL,NULL,NULL,NULL,87,'CDN'),('WWW1128','WWW1128','Acme Inc.','1234 Main St.','','Ottawa','ON','CAN','K1Z5B7',1,'DE','SO1',0,'613-555-5555','','','vic@vaid.com','TOR',1,1,1,0,'','','','','','','',1128,'Retail',NULL,NULL,NULL,NULL,NULL,NULL,NULL,NULL,NULL,88,'CDN'),('WWW1131','WWW1131','mahsie OSS','3 ridgebun Gate','','Gloucester','AB','CAN','k1b4c1',1,'DE','S99',0,'613-830-0220','','','jmoncrieff@mahsie.com','TOR',5,1,1,0,'','','','','','','',1131,'Retail',NULL,NULL,NULL,NULL,NULL,NULL,NULL,NULL,NULL,89,'CDN'),('WWW1184','WWW1184','MWDS','3 ridgeburn','','Ottawa','AB','CAN','k1b4c1',1,'DE','S99',0,'613-8300220','','','jeffrey.moncrieff@yahoo.ca','TOR',5,1,1,0,'','','','','','','',1184,'Retail',NULL,NULL,NULL,NULL,NULL,NULL,NULL,NULL,NULL,90,'CDN'),('WWW1230','WWW1230','mwds ottawa','4 woodbuirn','','Ottawa','AB','CAN','ontario',1,'DE','S99',0,'555-555-5555','','','jeff@mwds.ca','TOR',5,1,1,0,'','','','','','','',1230,'Retail',NULL,NULL,NULL,NULL,NULL,NULL,NULL,NULL,NULL,91,'CDN'),('WWW1238','WWW1238','Moncrieff, Jeff','3 ridgeburn','','Ottawa','ON','CAN','k1b4c1',1,'DE','S99',0,'555-555-5555','','','jeffrey.moncrieff@mwds.ca','TOR',1,1,1,0,'','','','','','','',1238,'Retail',NULL,NULL,NULL,NULL,NULL,NULL,NULL,NULL,NULL,92,'CDN'),('WWW1254','WWW1254','Testion, Paul','40 wood','','Nashvile','AL','USA','Tn',1,'DE','S99',0,'613-8300220','','','jeffrey.moncrieff@yahoo.ca','TOR',3,1,1,0,'','','','','','','',1254,'Retail',NULL,NULL,NULL,NULL,NULL,NULL,NULL,NULL,NULL,93,'CDN');
/*!40000 ALTER TABLE `custbranch` ENABLE KEYS */;
UNLOCK TABLES;

--
-- Table structure for table `customaction`
--

DROP TABLE IF EXISTS `customaction`;
/*!40101 SET @saved_cs_client     = @@character_set_client */;
/*!40101 SET character_set_client = utf8 */;
CREATE TABLE `customaction` (
  `cvid` int(19) DEFAULT NULL,
  `subject` varchar(250) NOT NULL DEFAULT '',
  `module` varchar(50) NOT NULL DEFAULT '',
  `content` longtext,
  KEY `customaction_IDX0` (`cvid`)
) ENGINE=InnoDB DEFAULT CHARSET=latin1;
/*!40101 SET character_set_client = @saved_cs_client */;

--
-- Dumping data for table `customaction`
--

LOCK TABLES `customaction` WRITE;
/*!40000 ALTER TABLE `customaction` DISABLE KEYS */;
/*!40000 ALTER TABLE `customaction` ENABLE KEYS */;
UNLOCK TABLES;

--
-- Table structure for table `customfield_sequence_seq`
--

DROP TABLE IF EXISTS `customfield_sequence_seq`;
/*!40101 SET @saved_cs_client     = @@character_set_client */;
/*!40101 SET character_set_client = utf8 */;
CREATE TABLE `customfield_sequence_seq` (
  `id` int(11) NOT NULL DEFAULT '0'
) ENGINE=MyISAM DEFAULT CHARSET=latin1;
/*!40101 SET character_set_client = @saved_cs_client */;

--
-- Dumping data for table `customfield_sequence_seq`
--

LOCK TABLES `customfield_sequence_seq` WRITE;
/*!40000 ALTER TABLE `customfield_sequence_seq` DISABLE KEYS */;
INSERT INTO `customfield_sequence_seq` VALUES (10);
/*!40000 ALTER TABLE `customfield_sequence_seq` ENABLE KEYS */;
UNLOCK TABLES;

--
-- Table structure for table `customview`
--

DROP TABLE IF EXISTS `customview`;
/*!40101 SET @saved_cs_client     = @@character_set_client */;
/*!40101 SET character_set_client = utf8 */;
CREATE TABLE `customview` (
  `cvid` int(19) NOT NULL DEFAULT '0',
  `viewname` varchar(100) NOT NULL DEFAULT '',
  `setdefault` int(1) DEFAULT '0',
  `setmetrics` int(1) DEFAULT '0',
  `entitytype` varchar(100) NOT NULL DEFAULT '',
  PRIMARY KEY (`cvid`),
  KEY `customview` (`cvid`)
) ENGINE=MyISAM DEFAULT CHARSET=latin1;
/*!40101 SET character_set_client = @saved_cs_client */;

--
-- Dumping data for table `customview`
--

LOCK TABLES `customview` WRITE;
/*!40000 ALTER TABLE `customview` DISABLE KEYS */;
INSERT INTO `customview` VALUES (1,'Hot Leads',0,1,'Leads'),(2,'This Month Leads',0,0,'Leads'),(3,'Prospect Accounts',0,1,'Accounts'),(4,'New This Week',0,0,'Accounts'),(5,'Contacts Address',0,0,'Contacts'),(6,'Todays Birthday',0,0,'Contacts'),(7,'Potentails Won',0,1,'Potentials'),(8,'Prospecting',0,0,'Potentials'),(9,'Open Tickets',0,1,'HelpDesk'),(10,'High Prioriy Tickets',0,0,'HelpDesk'),(11,'Open Quotes',0,1,'Quotes'),(12,'Rejected Quotes',0,0,'Quotes');
/*!40000 ALTER TABLE `customview` ENABLE KEYS */;
UNLOCK TABLES;

--
-- Table structure for table `customview_seq`
--

DROP TABLE IF EXISTS `customview_seq`;
/*!40101 SET @saved_cs_client     = @@character_set_client */;
/*!40101 SET character_set_client = utf8 */;
CREATE TABLE `customview_seq` (
  `id` int(11) NOT NULL DEFAULT '0'
) ENGINE=MyISAM DEFAULT CHARSET=latin1;
/*!40101 SET character_set_client = @saved_cs_client */;

--
-- Dumping data for table `customview_seq`
--

LOCK TABLES `customview_seq` WRITE;
/*!40000 ALTER TABLE `customview_seq` DISABLE KEYS */;
INSERT INTO `customview_seq` VALUES (12);
/*!40000 ALTER TABLE `customview_seq` ENABLE KEYS */;
UNLOCK TABLES;

--
-- Table structure for table `cvadvfilter`
--

DROP TABLE IF EXISTS `cvadvfilter`;
/*!40101 SET @saved_cs_client     = @@character_set_client */;
/*!40101 SET character_set_client = utf8 */;
CREATE TABLE `cvadvfilter` (
  `cvid` int(19) DEFAULT NULL,
  `columnindex` int(11) NOT NULL DEFAULT '0',
  `columnname` varchar(250) DEFAULT '',
  `comparator` varchar(10) DEFAULT '',
  `value` varchar(200) DEFAULT '',
  KEY `cvadvfilter_IDX0` (`cvid`)
) ENGINE=InnoDB DEFAULT CHARSET=latin1;
/*!40101 SET character_set_client = @saved_cs_client */;

--
-- Dumping data for table `cvadvfilter`
--

LOCK TABLES `cvadvfilter` WRITE;
/*!40000 ALTER TABLE `cvadvfilter` DISABLE KEYS */;
INSERT INTO `cvadvfilter` VALUES (1,0,'leaddetails:leadstatus:leadstatus:Leads_Lead_Status:V','e','Hot'),(3,0,'custbranch:account_type:accounttype:Accounts_Type:V','e','Prospect'),(7,0,'potential:sales_stage:sales_stage:Potentials_Sales_Stage:V','e','Closed Won'),(8,0,'potential:sales_stage:sales_stage:Potentials_Sales_Stage:V','e','Prospecting'),(9,0,'troubletickets:status:ticketstatus:HelpDesk_Status:V','n','Closed'),(10,0,'troubletickets:priority:ticketpriorities:HelpDesk_Priority:V','e','High'),(11,0,'quotes:quotestage:quotestage:Quotes_Quote_Stage:V','n','Accepted'),(11,1,'quotes:quotestage:quotestage:Quotes_Quote_Stage:V','n','Rejected'),(12,0,'quotes:quotestage:quotestage:Quotes_Quote_Stage:V','e','Rejected');
/*!40000 ALTER TABLE `cvadvfilter` ENABLE KEYS */;
UNLOCK TABLES;

--
-- Table structure for table `cvcolumnlist`
--

DROP TABLE IF EXISTS `cvcolumnlist`;
/*!40101 SET @saved_cs_client     = @@character_set_client */;
/*!40101 SET character_set_client = utf8 */;
CREATE TABLE `cvcolumnlist` (
  `cvid` int(19) DEFAULT NULL,
  `columnindex` int(11) NOT NULL DEFAULT '0',
  `columnname` varchar(250) DEFAULT '',
  KEY `cvcolumnlist_IDX0` (`cvid`),
  KEY `columnindex` (`columnindex`)
) ENGINE=InnoDB DEFAULT CHARSET=latin1;
/*!40101 SET character_set_client = @saved_cs_client */;

--
-- Dumping data for table `cvcolumnlist`
--

LOCK TABLES `cvcolumnlist` WRITE;
/*!40000 ALTER TABLE `cvcolumnlist` DISABLE KEYS */;
INSERT INTO `cvcolumnlist` VALUES (1,0,'leaddetails:firstname:firstname:Leads_First_Name:V'),(1,1,'leaddetails:lastname:lastname:Leads_Last_Name:V'),(1,2,'leaddetails:company:company:Leads_Company:V'),(1,3,'leaddetails:leadsource:leadsource:Leads_Lead_Source:V'),(1,4,'leadsubdetails:website:website:Leads_Website:V'),(1,5,'leaddetails:email:email:Leads_Email:V'),(2,0,'leaddetails:firstname:firstname:Leads_First_Name:V'),(2,1,'leaddetails:lastname:lastname:Leads_Last_Name:V'),(2,2,'leaddetails:company:company:Leads_Company:V'),(2,3,'leaddetails:leadsource:leadsource:Leads_Lead_Source:V'),(2,4,'leadsubdetails:website:website:Leads_Website:V'),(2,5,'leaddetails:email:email:Leads_Email:V'),(3,0,'custbranch:brname:accountname:Accounts_Account_Name:V'),(3,1,'custbranch:phoneno:phone:Accounts_Phone:V'),(3,2,'custbranch:website:website:Accounts_Website:V'),(3,3,'custbranch:rating:rating:Accounts_Rating:V'),(3,4,'crmentity:smownerid:assigned_user_id:Accounts_Assigned_To:V'),(4,0,'custbranch:brname:accountname:Accounts_Account_Name:V'),(4,1,'custbranch:phoneno:phone:Accounts_Phone:V'),(4,2,'custbranch:website:website:Accounts_Website:V'),(4,3,'custbranch:braddress3:bill_city:Accounts_City:V'),(4,4,'crmentity:smownerid:assigned_user_id:Accounts_Assigned_To:V'),(5,0,'contactdetails:firstname:firstname:Contacts_First_Name:V'),(5,1,'contactdetails:lastname:lastname:Contacts_Last_Name:V'),(5,2,'contactaddress:mailingstreet:mailingstreet:Contacts_Mailing_Street:V'),(5,3,'contactaddress:mailingcity:mailingcity:Contacts_City:V'),(5,4,'contactaddress:mailingstate:mailingstate:Contacts_State:V'),(5,5,'contactaddress:mailingzip:mailingzip:Contacts_Zip:V'),(5,6,'contactaddress:mailingcountry:mailingcountry:Contacts_Country:V'),(6,0,'contactdetails:firstname:firstname:Contacts_First_Name:V'),(6,1,'contactdetails:lastname:lastname:Contacts_Last_Name:V'),(6,2,'contactdetails:title:title:Contacts_Title:V'),(6,3,'contactdetails:accountid:account_id:Contacts_Account_Name:I'),(6,4,'contactdetails:email:email:Contacts_Email:V'),(6,5,'contactsubdetails:otherphone:otherphone:Contacts_Phone:V'),(6,6,'crmentity:smownerid:assigned_user_id:Contacts_Assigned_To:V'),(7,0,'potential:potentialname:potentialname:Potentials_Potential_Name:V'),(7,1,'potential:accountid:account_id:Potentials_Account_Name:V'),(7,2,'potential:amount:amount:Potentials_Amount:N'),(7,3,'potential:leadsource:leadsource:Potentials_Lead_Source:V'),(7,4,'potential:closingdate:closingdate:Potentials_Expected_Close_Date:D'),(7,5,'crmentity:smownerid:assigned_user_id:Potentials_Assigned_To:V'),(8,0,'potential:potentialname:potentialname:Potentials_Potential_Name:V'),(8,1,'potential:accountid:account_id:Potentials_Account_Name:V'),(8,2,'potential:amount:amount:Potentials_Amount:N'),(8,3,'potential:leadsource:leadsource:Potentials_Lead_Source:V'),(8,4,'potential:closingdate:closingdate:Potentials_Expected_Close_Date:D'),(8,5,'crmentity:smownerid:assigned_user_id:Potentials_Assigned_To:V'),(9,0,'troubletickets:title:ticket_title:HelpDesk_Title:V'),(9,1,'troubletickets:parent_id:parent_id:HelpDesk_Related_to:I'),(9,2,'troubletickets:priority:ticketpriorities:HelpDesk_Priority:V'),(9,3,'troubletickets:product_id:product_id:HelpDesk_Product_Name:I'),(9,4,'crmentity:smownerid:assigned_user_id:HelpDesk_Assigned_To:V'),(10,0,'troubletickets:title:ticket_title:HelpDesk_Title:V'),(10,1,'troubletickets:parent_id:parent_id:HelpDesk_Related_to:I'),(10,2,'troubletickets:status:ticketstatus:HelpDesk_Status:V'),(10,3,'troubletickets:product_id:product_id:HelpDesk_Product_Name:I'),(10,4,'crmentity:smownerid:assigned_user_id:HelpDesk_Assigned_To:V'),(11,0,'quotes:subject:subject:Quotes_Subject:V'),(11,1,'quotes:quotestage:quotestage:Quotes_Quote_Stage:V'),(11,2,'quotes:potentialid:potential_id:Quotes_Potential_Name:I'),(11,3,'quotes:accountid:account_id:Quotes_Account_Name:I'),(11,4,'quotes:validtill:validtill:Quotes_Valid_Till:D'),(11,5,'crmentity:smownerid:assigned_user_id:Quotes_Assigned_To:V'),(12,0,'quotes:subject:subject:Quotes_Subject:V'),(12,1,'quotes:potentialid:potential_id:Quotes_Potential_Name:I'),(12,2,'quotes:accountid:account_id:Quotes_Account_Name:I'),(12,3,'quotes:validtill:validtill:Quotes_Valid_Till:D'),(12,4,'crmentity:smownerid:assigned_user_id:Quotes_Assigned_To:V');
/*!40000 ALTER TABLE `cvcolumnlist` ENABLE KEYS */;
UNLOCK TABLES;

--
-- Table structure for table `cvstdfilter`
--

DROP TABLE IF EXISTS `cvstdfilter`;
/*!40101 SET @saved_cs_client     = @@character_set_client */;
/*!40101 SET character_set_client = utf8 */;
CREATE TABLE `cvstdfilter` (
  `cvid` int(19) DEFAULT NULL,
  `columnname` varchar(250) DEFAULT '',
  `stdfilter` varchar(250) DEFAULT '',
  `startdate` date DEFAULT '0000-00-00',
  `enddate` date DEFAULT '0000-00-00',
  KEY `cvstdfilter_IDX0` (`cvid`)
) ENGINE=InnoDB DEFAULT CHARSET=latin1;
/*!40101 SET character_set_client = @saved_cs_client */;

--
-- Dumping data for table `cvstdfilter`
--

LOCK TABLES `cvstdfilter` WRITE;
/*!40000 ALTER TABLE `cvstdfilter` DISABLE KEYS */;
INSERT INTO `cvstdfilter` VALUES (2,'crmentity:modifiedtime:modifiedtime:Leads_Modified_Time','thismonth','2005-06-01','2005-06-30'),(4,'crmentity:createdtime:createdtime:Accounts_Created_Time','thisweek','2005-06-19','2005-06-25'),(6,'contactsubdetails:birthday:birthday:Contacts_Birthdate','today','2005-06-25','2005-06-25');
/*!40000 ALTER TABLE `cvstdfilter` ENABLE KEYS */;
UNLOCK TABLES;

--
-- Table structure for table `dealintimation`
--

DROP TABLE IF EXISTS `dealintimation`;
/*!40101 SET @saved_cs_client     = @@character_set_client */;
/*!40101 SET character_set_client = utf8 */;
CREATE TABLE `dealintimation` (
  `dealintimationid` int(19) NOT NULL DEFAULT '0',
  `dealname` varchar(100) NOT NULL DEFAULT '',
  `intimationamount` int(19) NOT NULL DEFAULT '0',
  `dealprobability` decimal(4,3) NOT NULL DEFAULT '0.000',
  `dealintimationactive` int(1) DEFAULT NULL,
  `fromname` varchar(120) NOT NULL DEFAULT '',
  `fromemailid` varchar(100) NOT NULL DEFAULT '',
  `notifyemails` varchar(50) NOT NULL DEFAULT '',
  `notifybccemails` varchar(50) NOT NULL DEFAULT '',
  `notifyccmails` varchar(50) NOT NULL DEFAULT '',
  `notifypotentialowner` int(1) DEFAULT NULL,
  PRIMARY KEY (`dealintimationid`),
  UNIQUE KEY `DealIntimation_UK0` (`dealname`)
) ENGINE=InnoDB DEFAULT CHARSET=latin1;
/*!40101 SET character_set_client = @saved_cs_client */;

--
-- Dumping data for table `dealintimation`
--

LOCK TABLES `dealintimation` WRITE;
/*!40000 ALTER TABLE `dealintimation` DISABLE KEYS */;
/*!40000 ALTER TABLE `dealintimation` ENABLE KEYS */;
UNLOCK TABLES;

--
-- Table structure for table `debtorsmaster`
--

DROP TABLE IF EXISTS `debtorsmaster`;
/*!40101 SET @saved_cs_client     = @@character_set_client */;
/*!40101 SET character_set_client = utf8 */;
CREATE TABLE `debtorsmaster` (
  `debtorno` varchar(10) NOT NULL DEFAULT '',
  `name` varchar(40) NOT NULL DEFAULT '',
  `address1` varchar(40) NOT NULL DEFAULT '',
  `address2` varchar(40) NOT NULL DEFAULT '',
  `address3` varchar(40) NOT NULL DEFAULT '',
  `address4` varchar(50) NOT NULL DEFAULT '',
  `address5` varchar(20) NOT NULL DEFAULT '',
  `address6` varchar(15) NOT NULL DEFAULT '',
  `currcode` char(3) NOT NULL DEFAULT '',
  `salestype` char(2) NOT NULL DEFAULT '',
  `clientsince` datetime NOT NULL DEFAULT '0000-00-00 00:00:00',
  `holdreason` smallint(6) NOT NULL DEFAULT '0',
  `paymentterms` char(2) NOT NULL DEFAULT 'f',
  `discount` double NOT NULL DEFAULT '0',
  `pymtdiscount` double NOT NULL DEFAULT '0',
  `lastpaid` double NOT NULL DEFAULT '0',
  `lastpaiddate` datetime DEFAULT NULL,
  `creditlimit` double NOT NULL DEFAULT '1000',
  `invaddrbranch` tinyint(4) NOT NULL DEFAULT '0',
  `discountcode` char(2) NOT NULL DEFAULT '',
  `ediinvoices` tinyint(4) NOT NULL DEFAULT '0',
  `ediorders` tinyint(4) NOT NULL DEFAULT '0',
  `edireference` varchar(20) NOT NULL DEFAULT '',
  `editransport` varchar(5) NOT NULL DEFAULT 'email',
  `ediaddress` varchar(50) NOT NULL DEFAULT '',
  `ediserveruser` varchar(20) NOT NULL DEFAULT '',
  `ediserverpwd` varchar(20) NOT NULL DEFAULT '',
  `taxref` varchar(20) NOT NULL DEFAULT '',
  PRIMARY KEY (`debtorno`),
  KEY `Currency` (`currcode`),
  KEY `HoldReason` (`holdreason`),
  KEY `Name` (`name`),
  KEY `PaymentTerms` (`paymentterms`),
  KEY `SalesType` (`salestype`),
  KEY `EDIInvoices` (`ediinvoices`),
  KEY `EDIOrders` (`ediorders`)
) ENGINE=InnoDB DEFAULT CHARSET=latin1;
/*!40101 SET character_set_client = @saved_cs_client */;

--
-- Dumping data for table `debtorsmaster`
--

LOCK TABLES `debtorsmaster` WRITE;
/*!40000 ALTER TABLE `debtorsmaster` DISABLE KEYS */;
INSERT INTO `debtorsmaster` VALUES ('CAN1219','Cannon airlines','','','','','','','CDN','DE','2010-12-09 00:00:00',20,'7',0,0,0,NULL,0,0,'',0,0,'','email','','','',''),('DB 1248','db witz','348 Main','','Childs','Ohio','use','','CDN','DE','2010-12-12 00:00:00',20,'7',0,0,0,NULL,0,0,'',0,0,'','email','','','',''),('GAR1223','Gardening Supplies Co.','97 blvd. Levesque','','Montreal','QC','Canada','H3J 4G2','CDN','DE','2010-12-09 00:00:00',20,'7',0,0,0,NULL,0,0,'',0,0,'','email','','','',''),('MF 1265','MF Furgerson','','','','','','','CDN','DE','2010-12-29 00:00:00',20,'7',0,0,0,NULL,0,0,'',0,0,'','email','','','',''),('MON1053','Mont Royal Hardware','9754 Mont Royal','','Montreal','QC','Quebec','H5J R3R','CDN','DE','2007-03-22 00:00:00',20,'7',0,0,0,NULL,0,0,'',0,0,'','email','','','',''),('MWD1197','MWDS BC','26 Main','','windermere','','BC','','CDN','DE','2010-10-01 00:00:00',1,'7',0,0,0,NULL,1000,0,'',0,0,'','email','','','',''),('MWD1258','mwds bc 1','1178 Main','','Windermere','bc','','k1b4c1','CDN','DE','2010-12-28 00:00:00',20,'7',0,0,0,NULL,0,0,'',0,0,'','email','','','',''),('NIC01117','Nicholson, Leann','285 Churchill Ave.','','Ottawa','ON','Canada','K1Z 5B7','CDN','DB','2007-06-15 00:00:00',20,'7',0,0,0,NULL,0,0,'',0,0,'','email','','','',''),('TOR1226','Toronto Hardware','1456 Bathurst Ave.','Second Floor','Toronto','ON','Canada','M5S 2T3','CDN','DE','2010-12-09 00:00:00',20,'7',0,0,0,NULL,0,0,'',0,0,'','email','','','',''),('TUR1212','Turner and sons','12 Main','','Nashvile','Tensses','','','USD','DE','2010-12-08 00:00:00',20,'7',0,0,0,NULL,1000,0,'',0,0,'','email','','','',''),('US 1113','US Equip Inc.','146 Ninth Ave. NW','','Washington','DC','USA','44332-9709','CDN','DE','2007-05-15 00:00:00',20,'7',0,0,0,NULL,0,0,'',0,0,'','email','','','',''),('WWW1027','Spanglett, Gareth','285 Churchill Ave. N.','','Ottawa','ON','CAN','K1Z 5B7','CDN','DE','0000-00-00 00:00:00',0,'7',0,0,0,'0000-00-00 00:00:00',1000,0,'',0,0,'','email','','','',''),('WWW1056','McGrath, Douglas','87 David Drive','','Nepean','ON','CAN','K2P 8P8','CDN','DE','0000-00-00 00:00:00',0,'7',0,0,0,'0000-00-00 00:00:00',1000,0,'',0,0,'','email','','','',''),('WWW1058','Franois, Benot','456 ave. bleue','','Baie Comeau','QC','CAN','H5J F4F','CDN','DE','0000-00-00 00:00:00',0,'7',0,0,0,'0000-00-00 00:00:00',1000,0,'',0,0,'','email','','','',''),('WWW1060','Carlson, Carl','782 Evergreen Terrace','','Springfield','KY','USA','44337','CDN','DE','0000-00-00 00:00:00',0,'7',0,0,0,'0000-00-00 00:00:00',1000,0,'',0,0,'','email','','','',''),('WWW1062','Mecury, Freddy','65 Abbey Road','','Liverpool','EN','GBR','K45D8H','CDN','DE','0000-00-00 00:00:00',0,'7',0,0,0,'0000-00-00 00:00:00',1000,0,'',0,0,'','email','','','',''),('WWW1064','Agora Communications Group','285 Churchill Ave. N.','','Ottawa','ON','CAN','K1Z 5B7','CDN','DE','0000-00-00 00:00:00',0,'f',0,0,0,'0000-00-00 00:00:00',1000,0,'',0,0,'','email','','','',''),('WWW1068','jeffrey','3 Ridgeburn Gate','','Ottawa','AB','CAN','k1b4c1','CDN','DE','0000-00-00 00:00:00',0,'f',0,0,0,'0000-00-00 00:00:00',1000,0,'',0,0,'','email','','','',''),('WWW1070','Mahsie Open Soure','3  Ridgeburngate','','Ottawa','AB','CAN','Ontaio','CDN','DE','0000-00-00 00:00:00',0,'f',0,0,0,'0000-00-00 00:00:00',1000,0,'',0,0,'','email','','','',''),('WWW1080','Agora Communications Group','285 Churchill AVe.','','Ottawa','ON','CAN','K1Z 5B7','CDN','DE','0000-00-00 00:00:00',0,'f',0,0,0,'0000-00-00 00:00:00',1000,0,'',0,0,'','email','','','',''),('WWW1084','Acme Inc.','1234 Main Street','','Ottawa','ON','CAN','K1Z 1Z1','CDN','DE','0000-00-00 00:00:00',0,'f',0,0,0,'0000-00-00 00:00:00',1000,0,'',0,0,'','email','','','',''),('WWW1087','Mahsie','3 ridgeburn Gate','','Ottawa','AB','CAN','k1b4c1','CDN','DE','0000-00-00 00:00:00',0,'f',0,0,0,'0000-00-00 00:00:00',1000,0,'',0,0,'','email','','','',''),('WWW1094','Agora','285 Churchill Ave. N.','','Ottawa','ON','CAN','K1Z 5B7','CDN','DE','0000-00-00 00:00:00',0,'f',0,0,0,'0000-00-00 00:00:00',1000,0,'',0,0,'','email','','','',''),('WWW1103','Spanglett, Gareth','1234 Main','','Ottawa','ON','CAN','K1Z 5B7','CDN','DE','0000-00-00 00:00:00',0,'f',0,0,0,'0000-00-00 00:00:00',1000,0,'',0,0,'','email','','','',''),('WWW1109','Vachon, Klaus','1234 Main Street','','Ottawa','ON','CAN','K1A 1A1','CDN','DE','0000-00-00 00:00:00',0,'f',0,0,0,'0000-00-00 00:00:00',1000,0,'',0,0,'','email','','','',''),('WWW1118','Mahsie','3 ridgeBurn gate','','Ottawa','AB','CAN','ontario','CDN','DE','0000-00-00 00:00:00',0,'f',0,0,0,'0000-00-00 00:00:00',1000,0,'',0,0,'','email','','','',''),('WWW1121','Spanglett, Gareth','1234 Main','','Ottawa','ON','CAN','K1A1A1','CDN','DE','0000-00-00 00:00:00',0,'f',0,0,0,'0000-00-00 00:00:00',1000,0,'',0,0,'','email','','','',''),('WWW1128','Acme Inc.','1234 Main St.','','Ottawa','ON','CAN','K1Z5B7','CDN','DE','0000-00-00 00:00:00',0,'f',0,0,0,'0000-00-00 00:00:00',1000,0,'',0,0,'','email','','','',''),('WWW1131','mahsie OSS','3 ridgebun Gate','','Gloucester','AB','CAN','k1b4c1','CDN','DE','0000-00-00 00:00:00',0,'f',0,0,0,'0000-00-00 00:00:00',1000,0,'',0,0,'','email','','','',''),('WWW1184','MWDS','3 ridgeburn','','Ottawa','AB','CAN','k1b4c1','CDN','DE','1984-01-01 00:00:00',1,'20',0,0,0,'0000-00-00 00:00:00',1000,0,'',0,0,'','email','','','',''),('WWW1230','mwds ottawa','4 woodbuirn','','Ottawa','AB','CAN','ontario','CDN','DE','0000-00-00 00:00:00',0,'f',0,0,0,'0000-00-00 00:00:00',1000,0,'',0,0,'','email','','','',''),('WWW1238','Moncrieff, Jeff','3 ridgeburn','','Ottawa','ON','CAN','k1b4c1','CDN','DE','0000-00-00 00:00:00',0,'f',0,0,0,'0000-00-00 00:00:00',1000,0,'',0,0,'','email','','','',''),('WWW1254','Testion, Paul','40 wood','','Nashvile','AL','USA','Tn','CDN','DE','0000-00-00 00:00:00',0,'7',0,0,0,'0000-00-00 00:00:00',1000,0,'',0,0,'','email','','','','');
/*!40000 ALTER TABLE `debtorsmaster` ENABLE KEYS */;
UNLOCK TABLES;

--
-- Table structure for table `debtortrans`
--

DROP TABLE IF EXISTS `debtortrans`;
/*!40101 SET @saved_cs_client     = @@character_set_client */;
/*!40101 SET character_set_client = utf8 */;
CREATE TABLE `debtortrans` (
  `id` int(11) NOT NULL AUTO_INCREMENT,
  `transno` int(11) NOT NULL DEFAULT '0',
  `type` smallint(6) NOT NULL DEFAULT '0',
  `debtorno` varchar(10) NOT NULL DEFAULT '',
  `branchcode` varchar(10) NOT NULL DEFAULT '',
  `trandate` datetime NOT NULL DEFAULT '0000-00-00 00:00:00',
  `prd` smallint(6) NOT NULL DEFAULT '0',
  `settled` tinyint(4) NOT NULL DEFAULT '0',
  `reference` varchar(20) NOT NULL DEFAULT '',
  `tpe` char(2) NOT NULL DEFAULT '',
  `order_` int(11) NOT NULL DEFAULT '0',
  `rate` double NOT NULL DEFAULT '0',
  `ovamount` double NOT NULL DEFAULT '0',
  `ovgst` double NOT NULL DEFAULT '0',
  `ovfreight` double NOT NULL DEFAULT '0',
  `ovdiscount` double NOT NULL DEFAULT '0',
  `diffonexch` double NOT NULL DEFAULT '0',
  `alloc` double NOT NULL DEFAULT '0',
  `invtext` text,
  `shipvia` varchar(10) NOT NULL DEFAULT '',
  `edisent` tinyint(4) NOT NULL DEFAULT '0',
  `consignment` varchar(15) NOT NULL DEFAULT '',
  PRIMARY KEY (`id`),
  KEY `DebtorNo` (`debtorno`,`branchcode`),
  KEY `Order_` (`order_`),
  KEY `Prd` (`prd`),
  KEY `Tpe` (`tpe`),
  KEY `Type` (`type`),
  KEY `Settled` (`settled`),
  KEY `TranDate` (`trandate`),
  KEY `TransNo` (`transno`),
  KEY `Type_2` (`type`,`transno`),
  KEY `EDISent` (`edisent`)
) ENGINE=InnoDB AUTO_INCREMENT=42 DEFAULT CHARSET=latin1;
/*!40101 SET character_set_client = @saved_cs_client */;

--
-- Dumping data for table `debtortrans`
--

LOCK TABLES `debtortrans` WRITE;
/*!40000 ALTER TABLE `debtortrans` DISABLE KEYS */;
INSERT INTO `debtortrans` VALUES (1,1001,10,'WWW1070','WWW1070','2007-04-17 00:00:00',2,0,'','DE',5,1,71.43,0,45,0,0,0,'','1',0,''),(2,1002,10,'WWW1087','WWW1087','2007-04-17 00:00:00',2,0,'','DE',11,1,1248.5,0,45,0,0,0,'','1',0,''),(3,1003,10,'WWW1087','WWW1087','2007-04-17 00:00:00',2,0,'','DE',13,1,73.14,0,37,0,0,0,'','1',0,''),(4,1004,10,'WWW1064','WWW1064','2007-04-17 00:00:00',2,0,'','DE',9,1,247,17.04,37,0,0,0,'','1',0,''),(5,1005,10,'WWW1080','WWW1080','2007-04-17 00:00:00',2,0,'','DE',8,1,5,1.02,12,0,0,0,'','1',0,''),(6,1006,10,'WWW1084','WWW1084','2007-04-17 00:00:00',2,0,'','DE',10,1,114.77,7.61,12,0,0,0,'','1',0,''),(7,1007,10,'WWW1087','WWW1087','2007-04-17 00:00:00',2,0,'','DE',14,1,48.12,0,37,0,0,0,'','1',0,''),(8,1008,10,'WWW1103','WWW1103','2007-05-08 00:00:00',3,0,'','DE',24,1,0.25,0.03,0.25,0,0,0,'','1',0,''),(9,1009,10,'WWW1109','WWW1109','2007-05-15 00:00:00',3,0,'','DE',25,1,0.5,0.05,0.25,0,0,0,'','1',0,''),(10,1010,10,'WWW1070','WWW1070','2007-08-20 00:00:00',6,0,'','DE',1003,1,3490,0,0,0,0,0,'','1',0,''),(11,1011,10,'WWW1131','WWW1131','2007-08-20 00:00:00',6,0,'','DE',31,1,56,0,28,0,0,0,'','1',0,''),(12,1012,10,'MON1053','MON1053','2010-09-30 00:00:00',43,0,'','DE',1005,1,16.2,0.97,0,0,0,0,'','1',0,''),(13,1013,10,'WWW1184','WWW1184','2010-09-30 00:00:00',43,0,'','DE',32,1,56,0,28,0,0,0,'','1',0,''),(14,1014,10,'WWW1184','WWW1184','2010-09-30 00:00:00',43,0,'','DE',33,1,61,0,28,0,0,0,'','1',0,''),(15,1015,10,'WWW1184','WWW1184','2010-09-30 00:00:00',43,0,'','DE',1007,1,159,0,0,0,0,0,'','1',0,''),(16,1016,10,'WWW1184','WWW1184','2010-09-30 00:00:00',43,0,'','DE',1008,1,318,0,0,0,0,0,'','1',0,''),(17,1017,10,'WWW1080','WWW1080','2010-09-30 00:00:00',43,0,'','DE',1009,1,16.2,0.97,0,0,0,0,'','1',0,''),(18,1018,10,'WWW1184','WWW1184','2010-09-30 00:00:00',43,0,'','DE',1006,1,53,0,0,0,0,0,'','1',0,''),(19,1019,10,'WWW1184','WWW1184','2010-09-30 00:00:00',43,0,'','DE',35,1,56,0,0.15,0,0,0,'','1',0,''),(20,1020,10,'WWW1064','WWW1064','2010-10-04 00:00:00',44,0,'','DE',1013,1,707.4,106.11,0,0,0,0,'','1',0,''),(21,1021,10,'WWW1087','WWW1087','2010-12-08 00:00:00',46,0,'','DE',1014,1,99.96,0,0,0,0,0,'','1',0,''),(22,1022,10,'MWD1197','MWD1197','2010-12-08 00:00:00',46,0,'','DE',1012,1,189,28.35,0,0,0,0,'','1',0,''),(23,1023,10,'WWW1094','WWW1094','2010-12-08 00:00:00',46,0,'','DE',1015,1,3395,509.25,0,0,0,0,'','1',0,''),(24,1024,10,'WWW1131','WWW1131','2010-12-08 00:00:00',46,0,'','DE',1016,1,85.12,0,0,0,0,0,'','1',0,''),(25,1025,10,'TUR1212','TUR1212','2010-12-08 00:00:00',46,0,'','DE',1017,1,46,6.9,0,0,0,0,'','1',0,''),(26,1026,10,'TOR1226','TOR1226','2010-12-09 00:00:00',46,0,'','DE',1018,1,22,3.3,0,0,0,0,'','1',0,''),(27,1027,10,'WWW1230','WWW1230','2010-12-13 00:00:00',46,0,'','DE',38,1,53,0,0.15,0,0,0,'','1',0,''),(28,1028,10,'WWW1230','WWW1230','2010-12-13 00:00:00',46,0,'','DE',1019,1,740,0,0,0,0,0,'','1',0,''),(29,1029,10,'WWW1230','WWW1230','2010-12-13 00:00:00',46,0,'','DE',39,1,53,0,28,0,0,0,'','1',0,''),(30,1030,10,'WWW1230','WWW1230','2010-12-13 00:00:00',46,0,'','DE',40,1,53,0,28,0,0,0,'','1',0,''),(31,1031,10,'WWW1238','WWW1238','2010-12-13 00:00:00',46,0,'','DE',41,1,53,12.15,28,0,0,0,'','1',0,''),(32,1032,10,'WWW1230','WWW1230','2010-12-13 00:00:00',46,0,'','DE',37,1,53,0,28,0,0,0,'','1',0,''),(33,1033,10,'MON1053','MON1053','2010-12-13 00:00:00',46,0,'','DE',1021,1,4440,266.4,0,0,0,0,'','1',0,''),(34,1034,10,'CAN1219','CAN1219','2010-12-13 00:00:00',46,0,'','DE',1022,1,699,104.85,0,0,0,0,'','1',0,''),(35,1035,10,'WWW1230','WWW1230','2010-12-13 00:00:00',46,0,'','DE',42,1,106,0,28,0,0,0,'','1',0,''),(36,1036,10,'DB 1248','DB 1248','2010-12-13 00:00:00',46,0,'','DE',1023,1,564,84.6,0,0,0,0,'','1',0,''),(37,1037,10,'WWW1230','WWW1230','2010-12-13 00:00:00',46,0,'','DE',44,1,0.85,0,28,0,0,0,'','1',0,''),(38,1038,10,'WWW1230','WWW1230','2010-12-13 00:00:00',46,0,'','DE',45,1,56,0,28,0,0,0,'','1',0,''),(39,1039,10,'WWW1254','WWW1254','2010-12-13 00:00:00',46,0,'','DE',46,1,53,0,28,0,0,0,'','1',0,''),(40,1040,10,'MWD1258','MWD1258','2010-12-29 00:00:00',46,0,'','DE',1024,1,370,55.5,0,0,0,0,'','1',0,''),(41,1041,10,'MWD1258','MWD1258','2010-12-29 00:00:00',46,0,'','DE',1025,1,478,71.7,0,0,0,0,'','1',0,'');
/*!40000 ALTER TABLE `debtortrans` ENABLE KEYS */;
UNLOCK TABLES;

--
-- Table structure for table `debtortranstaxes`
--

DROP TABLE IF EXISTS `debtortranstaxes`;
/*!40101 SET @saved_cs_client     = @@character_set_client */;
/*!40101 SET character_set_client = utf8 */;
CREATE TABLE `debtortranstaxes` (
  `debtortransid` int(11) NOT NULL DEFAULT '0',
  `taxauthid` tinyint(4) NOT NULL DEFAULT '0',
  `taxamount` double NOT NULL DEFAULT '0',
  PRIMARY KEY (`debtortransid`,`taxauthid`),
  KEY `taxauthid` (`taxauthid`)
) ENGINE=InnoDB DEFAULT CHARSET=latin1;
/*!40101 SET character_set_client = @saved_cs_client */;

--
-- Dumping data for table `debtortranstaxes`
--

LOCK TABLES `debtortranstaxes` WRITE;
/*!40000 ALTER TABLE `debtortranstaxes` DISABLE KEYS */;
INSERT INTO `debtortranstaxes` VALUES (4,11,17.04),(4,12,0),(5,11,1.02),(5,12,0),(6,11,7.6062),(6,12,0),(8,11,0.03),(8,12,0),(9,11,0.045),(9,12,0),(12,11,0.972),(12,14,0),(17,11,0.972),(17,12,0),(20,17,106.11),(22,17,28.35),(23,17,509.25),(25,17,6.9),(26,17,3.3),(31,17,12.15),(33,11,266.4),(33,14,0),(34,17,104.85),(36,17,84.6),(40,17,55.5),(41,17,71.7);
/*!40000 ALTER TABLE `debtortranstaxes` ENABLE KEYS */;
UNLOCK TABLES;

--
-- Table structure for table `def_org_field`
--

DROP TABLE IF EXISTS `def_org_field`;
/*!40101 SET @saved_cs_client     = @@character_set_client */;
/*!40101 SET character_set_client = utf8 */;
CREATE TABLE `def_org_field` (
  `tabid` int(10) DEFAULT NULL,
  `fieldid` int(19) DEFAULT NULL,
  `visible` int(19) DEFAULT NULL,
  `readonly` int(19) DEFAULT NULL,
  KEY `idx_def_org_field` (`tabid`,`fieldid`),
  KEY `tabid` (`tabid`),
  KEY `visible` (`visible`,`fieldid`)
) ENGINE=MyISAM DEFAULT CHARSET=latin1;
/*!40101 SET character_set_client = @saved_cs_client */;

--
-- Dumping data for table `def_org_field`
--

LOCK TABLES `def_org_field` WRITE;
/*!40000 ALTER TABLE `def_org_field` DISABLE KEYS */;
INSERT INTO `def_org_field` VALUES (6,1,0,1),(6,2,0,1),(6,3,0,1),(6,4,0,1),(6,5,0,1),(6,6,0,1),(6,7,0,1),(6,8,0,1),(6,9,1,1),(6,10,0,1),(6,11,1,1),(6,12,0,1),(6,13,0,1),(6,14,1,1),(6,15,0,1),(6,16,1,1),(6,17,0,1),(6,18,0,1),(6,19,0,1),(6,20,0,1),(6,21,0,1),(6,22,0,1),(6,23,0,1),(6,24,0,1),(6,25,0,1),(6,26,0,1),(6,27,0,1),(6,28,0,1),(6,29,0,1),(6,30,0,1),(7,32,0,1),(7,33,0,1),(7,34,0,1),(7,35,0,1),(7,36,0,1),(7,37,0,1),(7,38,0,1),(7,39,0,1),(7,40,0,1),(7,41,0,1),(7,42,0,1),(7,43,0,1),(7,44,0,1),(7,45,0,1),(7,46,0,1),(7,47,0,1),(7,48,0,1),(7,49,0,1),(7,50,0,1),(7,51,0,1),(7,52,0,1),(7,53,0,1),(7,54,0,1),(7,55,0,1),(7,56,0,1),(4,58,0,1),(4,59,0,1),(4,60,0,1),(4,61,0,1),(4,62,0,1),(4,63,0,1),(4,64,0,1),(4,65,0,1),(4,66,0,1),(4,67,0,1),(4,68,0,1),(4,69,0,1),(4,70,0,1),(4,71,0,1),(4,72,0,1),(4,73,0,1),(4,74,0,1),(4,75,0,1),(4,76,0,1),(4,77,0,1),(4,78,0,1),(4,79,0,1),(4,80,0,1),(4,81,0,1),(4,82,0,1),(4,83,0,1),(4,84,0,1),(4,85,0,1),(4,86,0,1),(4,87,0,1),(4,88,0,1),(4,89,0,1),(4,90,0,1),(4,91,0,1),(4,92,0,1),(4,93,0,1),(2,94,0,1),(2,95,0,1),(2,96,0,1),(2,97,0,1),(2,98,0,1),(2,99,0,1),(2,100,0,1),(2,101,0,1),(2,102,0,1),(2,103,0,1),(2,104,0,1),(2,105,0,1),(2,106,0,1),(13,107,0,1),(13,108,0,1),(13,109,0,1),(13,110,0,1),(13,111,0,1),(13,112,0,1),(13,113,0,1),(13,115,0,1),(13,116,0,1),(13,117,0,1),(13,118,0,1),(13,119,0,1),(13,120,0,1),(14,121,0,1),(14,122,0,1),(14,123,0,1),(14,124,0,1),(14,125,0,1),(14,126,0,1),(14,127,0,1),(14,128,0,1),(14,129,0,1),(14,130,0,1),(14,131,0,1),(14,132,0,1),(14,133,1,1),(14,134,0,1),(14,135,0,1),(14,136,0,1),(14,137,0,1),(14,138,0,1),(14,139,0,1),(14,140,0,1),(14,141,0,1),(14,142,0,1),(14,143,0,1),(14,144,0,1),(14,145,0,1),(14,146,0,1),(14,147,0,1),(14,148,0,1),(14,149,0,1),(14,150,0,1),(14,151,0,1),(8,152,0,1),(8,153,0,1),(8,154,0,1),(8,155,0,1),(8,156,0,1),(8,157,0,1),(8,158,0,1),(10,159,0,1),(10,162,0,1),(10,163,0,1),(10,164,0,1),(10,165,0,1),(10,166,0,1),(10,168,0,1),(10,169,0,1),(9,170,0,1),(9,171,0,1),(9,172,0,1),(9,174,0,1),(9,175,0,1),(9,176,0,1),(9,177,0,1),(9,179,0,1),(9,180,0,1),(9,181,0,1),(9,182,0,1),(9,184,0,1),(16,190,0,1),(16,191,0,1),(16,192,0,1),(16,194,0,1),(16,195,0,1),(16,196,0,1),(16,198,0,1),(16,199,0,1),(16,200,0,1),(16,201,0,1),(16,202,0,1),(16,203,0,1),(16,204,0,1),(16,205,0,1),(16,206,0,1),(16,207,0,1),(15,208,0,1),(15,209,0,1),(15,210,0,1),(15,211,0,1),(15,212,0,1),(15,213,0,1),(15,214,0,1),(15,215,0,1),(18,216,0,1),(18,217,0,1),(18,218,0,1),(18,219,0,1),(18,220,0,1),(18,221,0,1),(18,222,0,1),(18,223,0,1),(18,224,0,1),(18,225,0,1),(18,226,0,1),(18,227,0,1),(18,228,0,1),(18,229,0,1),(19,230,0,1),(19,231,0,1),(19,232,0,1),(19,233,0,1),(19,234,0,1),(20,235,0,1),(20,236,0,1),(20,237,0,1),(20,238,0,1),(20,239,0,1),(20,240,0,1),(20,241,0,1),(20,243,0,1),(20,244,0,1),(20,248,0,1),(20,249,0,1),(20,250,0,1),(20,251,0,1),(20,252,0,1),(20,253,0,1),(20,254,0,1),(20,255,0,1),(20,256,0,1),(20,257,0,1),(20,258,0,1),(20,259,0,1),(20,260,0,1),(20,261,0,1),(20,262,0,1),(20,263,0,1),(21,264,0,1),(21,265,0,1),(21,266,0,1),(21,267,0,1),(21,268,0,1),(21,269,0,1),(21,270,0,1),(21,273,0,1),(21,274,0,1),(21,277,0,1),(21,278,0,1),(21,279,0,1),(21,280,0,1),(21,281,0,1),(21,282,0,1),(21,283,0,1),(21,284,0,1),(21,285,0,1),(21,286,0,1),(21,287,0,1),(21,288,0,1),(21,289,0,1),(21,290,0,1),(21,291,0,1),(21,292,0,1),(22,293,0,1),(22,294,0,1),(22,295,0,1),(22,296,0,1),(22,297,0,1),(22,298,0,1),(22,299,0,1),(22,300,0,1),(22,301,0,1),(22,302,0,1),(22,305,0,1),(22,306,0,1),(22,309,0,1),(22,310,0,1),(22,311,0,1),(22,312,0,1),(22,313,0,1),(22,314,0,1),(22,315,0,1),(22,316,0,1),(22,317,0,1),(22,318,0,1),(22,319,0,1),(22,320,0,1),(22,321,0,1),(22,322,0,1),(22,323,0,1),(22,324,0,1),(23,325,0,1),(23,326,0,1),(23,327,0,1),(23,328,0,1),(23,329,0,1),(23,330,0,1),(23,333,0,1),(23,334,0,1),(23,337,0,1),(23,338,0,1),(23,339,0,1),(23,340,0,1),(23,341,0,1),(23,342,0,1),(23,343,0,1),(23,344,0,1),(23,345,0,1),(23,346,0,1),(23,347,0,1),(23,348,0,1),(23,349,0,1),(23,350,0,1),(23,351,0,1),(23,352,0,1),(23,353,0,1),(6,354,0,1),(6,355,0,1),(6,356,0,1),(6,357,0,1),(6,358,0,1),(6,359,0,1),(22,360,0,1),(22,361,0,1),(22,362,0,1),(22,364,0,1),(22,366,0,1),(22,367,0,1),(22,368,0,1),(22,369,0,1),(6,363,0,1),(22,303,0,1),(6,375,0,1),(6,385,0,1),(6,383,0,1),(6,387,0,1),(20,388,0,1),(20,389,0,1),(20,390,0,1),(20,391,0,1),(22,392,0,1),(22,393,0,1),(22,394,0,1),(22,395,0,1),(6,396,0,1),(6,397,0,1),(4,398,0,1),(4,399,0,1),(7,400,0,1),(19,401,0,1),(19,402,0,1);
/*!40000 ALTER TABLE `def_org_field` ENABLE KEYS */;
UNLOCK TABLES;

--
-- Table structure for table `def_org_share`
--

DROP TABLE IF EXISTS `def_org_share`;
/*!40101 SET @saved_cs_client     = @@character_set_client */;
/*!40101 SET character_set_client = utf8 */;
CREATE TABLE `def_org_share` (
  `ruleid` int(11) NOT NULL AUTO_INCREMENT,
  `tabid` int(11) NOT NULL DEFAULT '0',
  `permission` int(10) DEFAULT NULL,
  PRIMARY KEY (`ruleid`)
) ENGINE=MyISAM AUTO_INCREMENT=18 DEFAULT CHARSET=latin1;
/*!40101 SET character_set_client = @saved_cs_client */;

--
-- Dumping data for table `def_org_share`
--

LOCK TABLES `def_org_share` WRITE;
/*!40000 ALTER TABLE `def_org_share` DISABLE KEYS */;
INSERT INTO `def_org_share` VALUES (1,2,2),(2,4,2),(3,6,1),(4,7,2),(5,8,2),(6,9,2),(7,10,2),(8,13,2),(9,14,2),(10,15,2),(11,16,2),(12,18,2),(13,19,2),(14,20,2),(15,21,1),(16,22,1),(17,23,0);
/*!40000 ALTER TABLE `def_org_share` ENABLE KEYS */;
UNLOCK TABLES;

--
-- Table structure for table `def_org_share_seq`
--

DROP TABLE IF EXISTS `def_org_share_seq`;
/*!40101 SET @saved_cs_client     = @@character_set_client */;
/*!40101 SET character_set_client = utf8 */;
CREATE TABLE `def_org_share_seq` (
  `id` int(11) NOT NULL DEFAULT '0'
) ENGINE=MyISAM DEFAULT CHARSET=latin1;
/*!40101 SET character_set_client = @saved_cs_client */;

--
-- Dumping data for table `def_org_share_seq`
--

LOCK TABLES `def_org_share_seq` WRITE;
/*!40000 ALTER TABLE `def_org_share_seq` DISABLE KEYS */;
INSERT INTO `def_org_share_seq` VALUES (17);
/*!40000 ALTER TABLE `def_org_share_seq` ENABLE KEYS */;
UNLOCK TABLES;

--
-- Table structure for table `defaultcv`
--

DROP TABLE IF EXISTS `defaultcv`;
/*!40101 SET @saved_cs_client     = @@character_set_client */;
/*!40101 SET character_set_client = utf8 */;
CREATE TABLE `defaultcv` (
  `tabid` int(19) NOT NULL DEFAULT '0',
  `defaultviewname` varchar(50) NOT NULL DEFAULT '',
  `query` longtext,
  PRIMARY KEY (`tabid`)
) ENGINE=MyISAM DEFAULT CHARSET=latin1;
/*!40101 SET character_set_client = @saved_cs_client */;

--
-- Dumping data for table `defaultcv`
--

LOCK TABLES `defaultcv` WRITE;
/*!40000 ALTER TABLE `defaultcv` DISABLE KEYS */;
/*!40000 ALTER TABLE `defaultcv` ENABLE KEYS */;
UNLOCK TABLES;

--
-- Table structure for table `discountmatrix`
--

DROP TABLE IF EXISTS `discountmatrix`;
/*!40101 SET @saved_cs_client     = @@character_set_client */;
/*!40101 SET character_set_client = utf8 */;
CREATE TABLE `discountmatrix` (
  `salestype` char(2) NOT NULL DEFAULT '',
  `discountcategory` char(2) NOT NULL DEFAULT '',
  `quantitybreak` int(11) NOT NULL DEFAULT '1',
  `discountrate` double NOT NULL DEFAULT '0',
  PRIMARY KEY (`salestype`,`discountcategory`,`quantitybreak`),
  KEY `QuantityBreak` (`quantitybreak`),
  KEY `DiscountCategory` (`discountcategory`),
  KEY `SalesType` (`salestype`)
) ENGINE=InnoDB DEFAULT CHARSET=latin1;
/*!40101 SET character_set_client = @saved_cs_client */;

--
-- Dumping data for table `discountmatrix`
--

LOCK TABLES `discountmatrix` WRITE;
/*!40000 ALTER TABLE `discountmatrix` DISABLE KEYS */;
/*!40000 ALTER TABLE `discountmatrix` ENABLE KEYS */;
UNLOCK TABLES;

--
-- Table structure for table `downloadpurpose`
--

DROP TABLE IF EXISTS `downloadpurpose`;
/*!40101 SET @saved_cs_client     = @@character_set_client */;
/*!40101 SET character_set_client = utf8 */;
CREATE TABLE `downloadpurpose` (
  `downloadpurposeid` int(19) NOT NULL AUTO_INCREMENT,
  `purpose` varchar(200) NOT NULL DEFAULT '',
  `sortorderid` int(19) NOT NULL DEFAULT '0',
  `presence` int(1) NOT NULL DEFAULT '1',
  PRIMARY KEY (`downloadpurposeid`),
  UNIQUE KEY `DownloadPurpose_UK0` (`purpose`)
) ENGINE=InnoDB DEFAULT CHARSET=latin1;
/*!40101 SET character_set_client = @saved_cs_client */;

--
-- Dumping data for table `downloadpurpose`
--

LOCK TABLES `downloadpurpose` WRITE;
/*!40000 ALTER TABLE `downloadpurpose` DISABLE KEYS */;
/*!40000 ALTER TABLE `downloadpurpose` ENABLE KEYS */;
UNLOCK TABLES;

--
-- Table structure for table `duration_minutes`
--

DROP TABLE IF EXISTS `duration_minutes`;
/*!40101 SET @saved_cs_client     = @@character_set_client */;
/*!40101 SET character_set_client = utf8 */;
CREATE TABLE `duration_minutes` (
  `minutesid` int(19) NOT NULL AUTO_INCREMENT,
  `duration_minutes` varchar(200) NOT NULL DEFAULT '',
  `sortorderid` int(19) NOT NULL DEFAULT '0',
  `presence` int(1) NOT NULL DEFAULT '1',
  PRIMARY KEY (`minutesid`)
) ENGINE=InnoDB AUTO_INCREMENT=5 DEFAULT CHARSET=latin1;
/*!40101 SET character_set_client = @saved_cs_client */;

--
-- Dumping data for table `duration_minutes`
--

LOCK TABLES `duration_minutes` WRITE;
/*!40000 ALTER TABLE `duration_minutes` DISABLE KEYS */;
INSERT INTO `duration_minutes` VALUES (1,'00',0,1),(2,'15',1,1),(3,'30',2,1),(4,'45',3,1);
/*!40000 ALTER TABLE `duration_minutes` ENABLE KEYS */;
UNLOCK TABLES;

--
-- Table structure for table `durationhrs`
--

DROP TABLE IF EXISTS `durationhrs`;
/*!40101 SET @saved_cs_client     = @@character_set_client */;
/*!40101 SET character_set_client = utf8 */;
CREATE TABLE `durationhrs` (
  `hrsid` int(19) NOT NULL AUTO_INCREMENT,
  `hrs` varchar(50) DEFAULT NULL,
  `sortorderid` int(19) NOT NULL DEFAULT '0',
  `presence` int(1) NOT NULL DEFAULT '1',
  PRIMARY KEY (`hrsid`)
) ENGINE=MyISAM DEFAULT CHARSET=latin1;
/*!40101 SET character_set_client = @saved_cs_client */;

--
-- Dumping data for table `durationhrs`
--

LOCK TABLES `durationhrs` WRITE;
/*!40000 ALTER TABLE `durationhrs` DISABLE KEYS */;
/*!40000 ALTER TABLE `durationhrs` ENABLE KEYS */;
UNLOCK TABLES;

--
-- Table structure for table `durationmins`
--

DROP TABLE IF EXISTS `durationmins`;
/*!40101 SET @saved_cs_client     = @@character_set_client */;
/*!40101 SET character_set_client = utf8 */;
CREATE TABLE `durationmins` (
  `minsid` int(19) NOT NULL AUTO_INCREMENT,
  `mins` varchar(50) DEFAULT NULL,
  `sortorderid` int(19) NOT NULL DEFAULT '0',
  `presence` int(1) NOT NULL DEFAULT '1',
  PRIMARY KEY (`minsid`)
) ENGINE=MyISAM DEFAULT CHARSET=latin1;
/*!40101 SET character_set_client = @saved_cs_client */;

--
-- Dumping data for table `durationmins`
--

LOCK TABLES `durationmins` WRITE;
/*!40000 ALTER TABLE `durationmins` DISABLE KEYS */;
/*!40000 ALTER TABLE `durationmins` ENABLE KEYS */;
UNLOCK TABLES;

--
-- Table structure for table `edi_orders_seg_groups`
--

DROP TABLE IF EXISTS `edi_orders_seg_groups`;
/*!40101 SET @saved_cs_client     = @@character_set_client */;
/*!40101 SET character_set_client = utf8 */;
CREATE TABLE `edi_orders_seg_groups` (
  `seggroupno` tinyint(4) NOT NULL DEFAULT '0',
  `maxoccur` int(4) NOT NULL DEFAULT '0',
  `parentseggroup` tinyint(4) NOT NULL DEFAULT '0',
  PRIMARY KEY (`seggroupno`)
) ENGINE=InnoDB DEFAULT CHARSET=latin1;
/*!40101 SET character_set_client = @saved_cs_client */;

--
-- Dumping data for table `edi_orders_seg_groups`
--

LOCK TABLES `edi_orders_seg_groups` WRITE;
/*!40000 ALTER TABLE `edi_orders_seg_groups` DISABLE KEYS */;
INSERT INTO `edi_orders_seg_groups` VALUES (0,1,0),(1,9999,0),(2,99,0),(3,99,2),(5,5,2),(6,5,0),(7,5,0),(8,10,0),(9,9999,8),(10,10,0),(11,10,10),(12,5,0),(13,99,0),(14,5,13),(15,10,0),(19,99,0),(20,1,19),(21,1,19),(22,2,19),(23,1,19),(24,5,19),(28,200000,0),(32,25,28),(33,9999,28),(34,99,28),(36,5,34),(37,9999,28),(38,10,28),(39,999,28),(42,5,39),(43,99,28),(44,1,43),(45,1,43),(46,2,43),(47,1,43),(48,5,43),(49,10,28),(50,1,0);
/*!40000 ALTER TABLE `edi_orders_seg_groups` ENABLE KEYS */;
UNLOCK TABLES;

--
-- Table structure for table `edi_orders_segs`
--

DROP TABLE IF EXISTS `edi_orders_segs`;
/*!40101 SET @saved_cs_client     = @@character_set_client */;
/*!40101 SET character_set_client = utf8 */;
CREATE TABLE `edi_orders_segs` (
  `id` int(11) NOT NULL AUTO_INCREMENT,
  `segtag` char(3) NOT NULL DEFAULT '',
  `seggroup` tinyint(4) NOT NULL DEFAULT '0',
  `maxoccur` tinyint(4) NOT NULL DEFAULT '0',
  PRIMARY KEY (`id`),
  KEY `SegTag` (`segtag`),
  KEY `SegNo` (`seggroup`)
) ENGINE=InnoDB AUTO_INCREMENT=96 DEFAULT CHARSET=latin1;
/*!40101 SET character_set_client = @saved_cs_client */;

--
-- Dumping data for table `edi_orders_segs`
--

LOCK TABLES `edi_orders_segs` WRITE;
/*!40000 ALTER TABLE `edi_orders_segs` DISABLE KEYS */;
INSERT INTO `edi_orders_segs` VALUES (1,'UNB',0,1),(2,'UNH',0,1),(3,'BGM',0,1),(4,'DTM',0,35),(5,'PAI',0,1),(6,'ALI',0,5),(7,'FTX',0,99),(8,'RFF',1,1),(9,'DTM',1,5),(10,'NAD',2,1),(11,'LOC',2,99),(12,'FII',2,5),(13,'RFF',3,1),(14,'CTA',5,1),(15,'COM',5,5),(16,'TAX',6,1),(17,'MOA',6,1),(18,'CUX',7,1),(19,'DTM',7,5),(20,'PAT',8,1),(21,'DTM',8,5),(22,'PCD',8,1),(23,'MOA',9,1),(24,'TDT',10,1),(25,'LOC',11,1),(26,'DTM',11,5),(27,'TOD',12,1),(28,'LOC',12,2),(29,'PAC',13,1),(30,'PCI',14,1),(31,'RFF',14,1),(32,'DTM',14,5),(33,'GIN',14,10),(34,'EQD',15,1),(35,'ALC',19,1),(36,'ALI',19,5),(37,'DTM',19,5),(38,'QTY',20,1),(39,'RNG',20,1),(40,'PCD',21,1),(41,'RNG',21,1),(42,'MOA',22,1),(43,'RNG',22,1),(44,'RTE',23,1),(45,'RNG',23,1),(46,'TAX',24,1),(47,'MOA',24,1),(48,'LIN',28,1),(49,'PIA',28,25),(50,'IMD',28,99),(51,'MEA',28,99),(52,'QTY',28,99),(53,'ALI',28,5),(54,'DTM',28,35),(55,'MOA',28,10),(56,'GIN',28,127),(57,'QVR',28,1),(58,'FTX',28,99),(59,'PRI',32,1),(60,'CUX',32,1),(61,'DTM',32,5),(62,'RFF',33,1),(63,'DTM',33,5),(64,'PAC',34,1),(65,'QTY',34,5),(66,'PCI',36,1),(67,'RFF',36,1),(68,'DTM',36,5),(69,'GIN',36,10),(70,'LOC',37,1),(71,'QTY',37,1),(72,'DTM',37,5),(73,'TAX',38,1),(74,'MOA',38,1),(75,'NAD',39,1),(76,'CTA',42,1),(77,'COM',42,5),(78,'ALC',43,1),(79,'ALI',43,5),(80,'DTM',43,5),(81,'QTY',44,1),(82,'RNG',44,1),(83,'PCD',45,1),(84,'RNG',45,1),(85,'MOA',46,1),(86,'RNG',46,1),(87,'RTE',47,1),(88,'RNG',47,1),(89,'TAX',48,1),(90,'MOA',48,1),(91,'TDT',49,1),(92,'UNS',50,1),(93,'MOA',50,1),(94,'CNT',50,1),(95,'UNT',50,1);
/*!40000 ALTER TABLE `edi_orders_segs` ENABLE KEYS */;
UNLOCK TABLES;

--
-- Table structure for table `ediitemmapping`
--

DROP TABLE IF EXISTS `ediitemmapping`;
/*!40101 SET @saved_cs_client     = @@character_set_client */;
/*!40101 SET character_set_client = utf8 */;
CREATE TABLE `ediitemmapping` (
  `supporcust` varchar(4) NOT NULL DEFAULT '',
  `partnercode` varchar(10) NOT NULL DEFAULT '',
  `stockid` varchar(20) NOT NULL DEFAULT '',
  `partnerstockid` varchar(50) NOT NULL DEFAULT '',
  PRIMARY KEY (`supporcust`,`partnercode`,`stockid`),
  KEY `PartnerCode` (`partnercode`),
  KEY `StockID` (`stockid`),
  KEY `PartnerStockID` (`partnerstockid`),
  KEY `SuppOrCust` (`supporcust`)
) ENGINE=InnoDB DEFAULT CHARSET=latin1;
/*!40101 SET character_set_client = @saved_cs_client */;

--
-- Dumping data for table `ediitemmapping`
--

LOCK TABLES `ediitemmapping` WRITE;
/*!40000 ALTER TABLE `ediitemmapping` DISABLE KEYS */;
/*!40000 ALTER TABLE `ediitemmapping` ENABLE KEYS */;
UNLOCK TABLES;

--
-- Table structure for table `edimessageformat`
--

DROP TABLE IF EXISTS `edimessageformat`;
/*!40101 SET @saved_cs_client     = @@character_set_client */;
/*!40101 SET character_set_client = utf8 */;
CREATE TABLE `edimessageformat` (
  `id` int(11) NOT NULL AUTO_INCREMENT,
  `partnercode` varchar(10) NOT NULL DEFAULT '',
  `messagetype` varchar(6) NOT NULL DEFAULT '',
  `section` varchar(7) NOT NULL DEFAULT '',
  `sequenceno` int(11) NOT NULL DEFAULT '0',
  `linetext` varchar(70) NOT NULL DEFAULT '',
  PRIMARY KEY (`id`),
  UNIQUE KEY `PartnerCode` (`partnercode`,`messagetype`,`sequenceno`),
  KEY `Section` (`section`)
) ENGINE=InnoDB DEFAULT CHARSET=latin1;
/*!40101 SET character_set_client = @saved_cs_client */;

--
-- Dumping data for table `edimessageformat`
--

LOCK TABLES `edimessageformat` WRITE;
/*!40000 ALTER TABLE `edimessageformat` DISABLE KEYS */;
/*!40000 ALTER TABLE `edimessageformat` ENABLE KEYS */;
UNLOCK TABLES;

--
-- Table structure for table `emails`
--

DROP TABLE IF EXISTS `emails`;
/*!40101 SET @saved_cs_client     = @@character_set_client */;
/*!40101 SET character_set_client = utf8 */;
CREATE TABLE `emails` (
  `emailid` int(19) NOT NULL DEFAULT '0',
  `filename` varchar(50) DEFAULT NULL,
  `description` longtext,
  PRIMARY KEY (`emailid`)
) ENGINE=MyISAM DEFAULT CHARSET=latin1;
/*!40101 SET character_set_client = @saved_cs_client */;

--
-- Dumping data for table `emails`
--

LOCK TABLES `emails` WRITE;
/*!40000 ALTER TABLE `emails` DISABLE KEYS */;
INSERT INTO `emails` VALUES (5265,'',''),(5266,'','');
/*!40000 ALTER TABLE `emails` ENABLE KEYS */;
UNLOCK TABLES;

--
-- Table structure for table `emailtemplates`
--

DROP TABLE IF EXISTS `emailtemplates`;
/*!40101 SET @saved_cs_client     = @@character_set_client */;
/*!40101 SET character_set_client = utf8 */;
CREATE TABLE `emailtemplates` (
  `foldername` varchar(100) DEFAULT NULL,
  `templatename` varchar(100) DEFAULT NULL,
  `subject` varchar(100) DEFAULT NULL,
  `description` longtext,
  `body` longtext,
  `deleted` int(1) NOT NULL DEFAULT '0',
  `templateid` int(19) NOT NULL AUTO_INCREMENT,
  PRIMARY KEY (`templateid`),
  KEY `idx_emailtemplates` (`foldername`,`templatename`,`subject`)
) ENGINE=MyISAM AUTO_INCREMENT=10 DEFAULT CHARSET=latin1;
/*!40101 SET character_set_client = @saved_cs_client */;

--
-- Dumping data for table `emailtemplates`
--

LOCK TABLES `emailtemplates` WRITE;
/*!40000 ALTER TABLE `emailtemplates` DISABLE KEYS */;
INSERT INTO `emailtemplates` VALUES ('Public','Announcement for Release','Announcement for Release','Announcement of a release','\n	Hello!\n\n	On behalf of the vtiger team,  I am pleased to announce the release of vtiger crm4.2 . This is a feature packed release including the mass email template handling, custom view feature, reports feature and a host of other utilities. vtiger runs on all platforms.\n\n	Notable Features of vtiger are :\n	-Email Client Integration\n	-Trouble Ticket Integration\n	-Invoice Management Integration\n	-Reports Integration\n	-Portal Integration\n	-Enhanced Word Plugin Support\n	-Custom View Integration\n\n	Known Issues:\n	-ABCD\n	-EFGH\n	-IJKL\n	-MNOP\n	-QRST',0,1),('Public','Pending Invoices','Invoices Pending','Payment Due','name\nstreet,\ncity,\nstate,\n zip)\n \n Dear\n \n Please check the following invoices that are yet to be paid by you:\n \n No. Date      Amount\n 1   1/1/01    $4000\n 2   2/2//01   $5000\n 3   3/3/01    $10000\n 4   7/4/01    $23560\n \n Kindly let us know if there are any issues that you feel are pending to be discussed.\n We will be more than happy to give you a call.\n We would like to continue our business with you.\n \n Sincerely,\n name\n title',0,2),('Public','Acceptance Proposal','Acceptance Proposal','Acceptance of Proposal',' Dear\n\nYour proposal on the project XYZW has been reviewed by us\nand is acceptable in its entirety.\n\nWe are eagerly looking forward to this project\nand are pleased about having the opportunity to work\ntogether. We look forward to a long standing relationship\nwith your esteemed firm.\n\nI would like to take this opportunity to invite you\nto a game of golf on Wednesday morning 9am at the\nCuff Links Ground. We will be waiting for you in the\nExecutive Lounge.\n\nLooking forward to seeing you there.\n\nSincerely,\nname\ntitle',0,3),('Public','Good received acknowledgement','Goods received acknowledgement','Acknowledged Receipt of Goods',' The undersigned hereby acknowledges receipt and delivery\nof the goods.\nThe undersigned will release the payment subject to the goods being discovered not satisfactory.\n\nSigned under seal this <date>\n\nSincerely,\nname\ntitle',0,4),('Public','Accept Order','Accept Order','Acknowledgement/Acceptance of Order',' Dear\n	 We are in receipt of your order as contained in the\n   purchase order form.We consider this to be final and binding on both sides.\nIf there be any exceptions noted, we shall consider them\nonly if the objection is received within ten days of receipt of\nthis notice.\n\nThank you for your patronage.\nSincerely,\nname\ntitle',0,5),('Public','Address Change','Change of Address','Address Change','Dear\n\nWe are relocating our office to\n11111,XYZDEF Cross,\nUVWWX Circle\nThe telephone number for this new location is (101) 1212-1328.\n\nOur Manufacturing Division will continue operations\nat 3250 Lovedale Square Avenue, in Frankfurt.\n\nWe hope to keep in touch with you all.\nPlease update your addressbooks.\n\n\nThank You,\nname\ntitle',0,6),('Public','Follow Up','Follow Up','Follow Up of meeting','Dear\n\nThank you for extending us the opportunity to meet with\nyou and members of your staff.\n\nI know that John Doe serviced your account\nfor many years and made many friends at your firm. He has personally\ndiscussed with me the deep relationship that he had with your firm.\nWhile his presence will be missed, I can promise that we will\ncontinue to provide the fine service that was accorded by\nJohn to your firm.\n\nI was genuinely touched to receive such fine hospitality.\n\nThank you once again.\n\nSincerely,\nname\ntitle',0,7),('Public','Target Crossed!','Target Crossed!','Fantastic Sales Spree!','Congratulations!\n\nThe numbers are in and I am proud to inform you that our\ntotal sales for the previous quarter\namounts to $100,000,00.00!. This is the first time\nwe have exceeded the target by almost 30%.\nWe have also beat the previous quarter record by a\nwhopping 75%!\n\nLet us meet at Smoking Joe for a drink in the evening!\n\nC you all there guys!\n\nSincerely,\nname\ntitle',0,8),('Public','Thanks Note','Thanks Note','Note of thanks','\nDear\n\nThank you for your confidence in our ability to serve you.\nWe are glad to be given the chance to serve you.I look\nforward to establishing a long term partnership with you.\nConsider me as a friend.\nShould any need arise,please do give us a call.\n\nSincerely,\nname\ntitle',0,9);
/*!40000 ALTER TABLE `emailtemplates` ENABLE KEYS */;
UNLOCK TABLES;

--
-- Table structure for table `emailtemplates_seq`
--

DROP TABLE IF EXISTS `emailtemplates_seq`;
/*!40101 SET @saved_cs_client     = @@character_set_client */;
/*!40101 SET character_set_client = utf8 */;
CREATE TABLE `emailtemplates_seq` (
  `id` int(11) NOT NULL DEFAULT '0'
) ENGINE=MyISAM DEFAULT CHARSET=latin1;
/*!40101 SET character_set_client = @saved_cs_client */;

--
-- Dumping data for table `emailtemplates_seq`
--

LOCK TABLES `emailtemplates_seq` WRITE;
/*!40000 ALTER TABLE `emailtemplates_seq` DISABLE KEYS */;
INSERT INTO `emailtemplates_seq` VALUES (9);
/*!40000 ALTER TABLE `emailtemplates_seq` ENABLE KEYS */;
UNLOCK TABLES;

--
-- Table structure for table `evaluationstatus`
--

DROP TABLE IF EXISTS `evaluationstatus`;
/*!40101 SET @saved_cs_client     = @@character_set_client */;
/*!40101 SET character_set_client = utf8 */;
CREATE TABLE `evaluationstatus` (
  `evalstatusid` int(19) NOT NULL AUTO_INCREMENT,
  `status` varchar(200) NOT NULL DEFAULT '',
  `sortorderid` int(19) NOT NULL DEFAULT '0',
  `presence` int(1) NOT NULL DEFAULT '1',
  PRIMARY KEY (`evalstatusid`),
  UNIQUE KEY `EvaluationStatus_UK0` (`status`)
) ENGINE=InnoDB DEFAULT CHARSET=latin1;
/*!40101 SET character_set_client = @saved_cs_client */;

--
-- Dumping data for table `evaluationstatus`
--

LOCK TABLES `evaluationstatus` WRITE;
/*!40000 ALTER TABLE `evaluationstatus` DISABLE KEYS */;
/*!40000 ALTER TABLE `evaluationstatus` ENABLE KEYS */;
UNLOCK TABLES;

--
-- Table structure for table `eventstatus`
--

DROP TABLE IF EXISTS `eventstatus`;
/*!40101 SET @saved_cs_client     = @@character_set_client */;
/*!40101 SET character_set_client = utf8 */;
CREATE TABLE `eventstatus` (
  `eventstatusid` int(19) NOT NULL AUTO_INCREMENT,
  `eventstatus` varchar(200) NOT NULL DEFAULT '',
  `sortorderid` int(19) NOT NULL DEFAULT '0',
  `presence` int(1) NOT NULL DEFAULT '1',
  PRIMARY KEY (`eventstatusid`)
) ENGINE=InnoDB AUTO_INCREMENT=4 DEFAULT CHARSET=latin1;
/*!40101 SET character_set_client = @saved_cs_client */;

--
-- Dumping data for table `eventstatus`
--

LOCK TABLES `eventstatus` WRITE;
/*!40000 ALTER TABLE `eventstatus` DISABLE KEYS */;
INSERT INTO `eventstatus` VALUES (1,'Planned',0,1),(2,'Held',1,1),(3,'Not Held',2,1);
/*!40000 ALTER TABLE `eventstatus` ENABLE KEYS */;
UNLOCK TABLES;

--
-- Table structure for table `faq`
--

DROP TABLE IF EXISTS `faq`;
/*!40101 SET @saved_cs_client     = @@character_set_client */;
/*!40101 SET character_set_client = utf8 */;
CREATE TABLE `faq` (
  `id` int(11) NOT NULL AUTO_INCREMENT,
  `product_id` varchar(100) DEFAULT NULL,
  `question` longtext,
  `answer` longtext,
  `category` varchar(100) NOT NULL DEFAULT '',
  `status` varchar(100) NOT NULL DEFAULT '',
  PRIMARY KEY (`id`),
  KEY `faq_IDX0` (`id`),
  CONSTRAINT `fk_faqCF` FOREIGN KEY (`id`) REFERENCES `crmentity` (`crmid`) ON DELETE CASCADE
) ENGINE=InnoDB DEFAULT CHARSET=latin1;
/*!40101 SET character_set_client = @saved_cs_client */;

--
-- Dumping data for table `faq`
--

LOCK TABLES `faq` WRITE;
/*!40000 ALTER TABLE `faq` DISABLE KEYS */;
/*!40000 ALTER TABLE `faq` ENABLE KEYS */;
UNLOCK TABLES;

--
-- Table structure for table `faqcategories`
--

DROP TABLE IF EXISTS `faqcategories`;
/*!40101 SET @saved_cs_client     = @@character_set_client */;
/*!40101 SET character_set_client = utf8 */;
CREATE TABLE `faqcategories` (
  `faqcategories_id` int(19) NOT NULL AUTO_INCREMENT,
  `faqcategories` varchar(60) DEFAULT NULL,
  `SORTORDERID` int(19) NOT NULL DEFAULT '0',
  `PRESENCE` int(1) NOT NULL DEFAULT '1',
  PRIMARY KEY (`faqcategories_id`)
) ENGINE=MyISAM AUTO_INCREMENT=2 DEFAULT CHARSET=latin1;
/*!40101 SET character_set_client = @saved_cs_client */;

--
-- Dumping data for table `faqcategories`
--

LOCK TABLES `faqcategories` WRITE;
/*!40000 ALTER TABLE `faqcategories` DISABLE KEYS */;
INSERT INTO `faqcategories` VALUES (1,'General',0,1);
/*!40000 ALTER TABLE `faqcategories` ENABLE KEYS */;
UNLOCK TABLES;

--
-- Table structure for table `faqcomments`
--

DROP TABLE IF EXISTS `faqcomments`;
/*!40101 SET @saved_cs_client     = @@character_set_client */;
/*!40101 SET character_set_client = utf8 */;
CREATE TABLE `faqcomments` (
  `commentid` int(19) NOT NULL AUTO_INCREMENT,
  `faqid` int(19) DEFAULT NULL,
  `comments` longtext,
  `createdtime` datetime NOT NULL DEFAULT '0000-00-00 00:00:00',
  PRIMARY KEY (`commentid`),
  KEY `faqcomments_IDX0` (`faqid`),
  CONSTRAINT `fk_faqcommentsCF` FOREIGN KEY (`faqid`) REFERENCES `faq` (`id`) ON DELETE CASCADE
) ENGINE=InnoDB DEFAULT CHARSET=latin1;
/*!40101 SET character_set_client = @saved_cs_client */;

--
-- Dumping data for table `faqcomments`
--

LOCK TABLES `faqcomments` WRITE;
/*!40000 ALTER TABLE `faqcomments` DISABLE KEYS */;
/*!40000 ALTER TABLE `faqcomments` ENABLE KEYS */;
UNLOCK TABLES;

--
-- Table structure for table `faqstatus`
--

DROP TABLE IF EXISTS `faqstatus`;
/*!40101 SET @saved_cs_client     = @@character_set_client */;
/*!40101 SET character_set_client = utf8 */;
CREATE TABLE `faqstatus` (
  `faqstatus_id` int(19) NOT NULL AUTO_INCREMENT,
  `faqstatus` varchar(60) DEFAULT NULL,
  `SORTORDERID` int(19) NOT NULL DEFAULT '0',
  `PRESENCE` int(1) NOT NULL DEFAULT '1',
  PRIMARY KEY (`faqstatus_id`)
) ENGINE=MyISAM AUTO_INCREMENT=5 DEFAULT CHARSET=latin1;
/*!40101 SET character_set_client = @saved_cs_client */;

--
-- Dumping data for table `faqstatus`
--

LOCK TABLES `faqstatus` WRITE;
/*!40000 ALTER TABLE `faqstatus` DISABLE KEYS */;
INSERT INTO `faqstatus` VALUES (1,'Draft',0,1),(2,'Reviewed',1,1),(3,'Published',2,1),(4,'Obsolete',3,1);
/*!40000 ALTER TABLE `faqstatus` ENABLE KEYS */;
UNLOCK TABLES;

--
-- Table structure for table `field`
--

DROP TABLE IF EXISTS `field`;
/*!40101 SET @saved_cs_client     = @@character_set_client */;
/*!40101 SET character_set_client = utf8 */;
CREATE TABLE `field` (
  `tabid` int(19) NOT NULL DEFAULT '0',
  `fieldid` int(19) NOT NULL AUTO_INCREMENT,
  `columnname` varchar(30) NOT NULL DEFAULT '',
  `tablename` varchar(50) NOT NULL DEFAULT '',
  `generatedtype` int(19) NOT NULL DEFAULT '0',
  `uitype` varchar(30) NOT NULL DEFAULT '',
  `fieldname` varchar(50) NOT NULL DEFAULT '',
  `fieldlabel` varchar(50) NOT NULL DEFAULT '',
  `readonly` int(1) NOT NULL DEFAULT '0',
  `presence` int(19) NOT NULL DEFAULT '1',
  `selected` int(1) NOT NULL DEFAULT '0',
  `maximumlength` int(19) DEFAULT NULL,
  `sequence` int(19) DEFAULT NULL,
  `block` int(19) DEFAULT NULL,
  `displaytype` int(19) DEFAULT NULL,
  `typeofdata` varchar(100) DEFAULT NULL,
  PRIMARY KEY (`fieldid`),
  KEY `Field_IDX0` (`tabid`),
  KEY `fieldname` (`fieldname`),
  KEY `tabid` (`tabid`,`block`,`displaytype`),
  CONSTRAINT `fk_pi` FOREIGN KEY (`tabid`) REFERENCES `tab` (`tabid`) ON DELETE CASCADE
) ENGINE=InnoDB AUTO_INCREMENT=3631 DEFAULT CHARSET=latin1;
/*!40101 SET character_set_client = @saved_cs_client */;

--
-- Dumping data for table `field`
--

LOCK TABLES `field` WRITE;
/*!40000 ALTER TABLE `field` DISABLE KEYS */;
INSERT INTO `field` VALUES (6,1,'brname','custbranch',1,'2','brname','Account Name',1,0,0,100,1,1,1,'V~M'),(6,2,'phoneno','custbranch',1,'11','phoneno','Phone',1,0,0,100,2,1,1,'V~O'),(6,3,'website','custbranch',1,'17','website','Website',1,0,0,100,3,1,1,'V~O'),(6,4,'faxno','custbranch',1,'1','faxno','Fax',1,0,0,100,4,1,1,'V~O'),(6,5,'tickersymbol','custbranch',1,'1','tickersymbol','Ticker Symbol',1,0,0,100,5,1,1,'V~O'),(6,6,'otherphone','custbranch',1,'11','otherphone','Other Phone',1,0,0,100,6,1,1,'V~O'),(6,7,'branchcode','custbranch',1,'28','branchcode','Branch Code',1,0,0,100,7,1,3,'V~M'),(6,8,'email','custbranch',1,'13','email','Email',1,0,0,100,8,1,1,'E~O'),(6,9,'employees','custbranch',1,'7','employees','Employees',1,0,0,100,9,1,1,'I~O'),(6,10,'email2','custbranch',1,'13','email2','Other Email',1,0,0,100,10,1,1,'E~O'),(6,11,'ownership','custbranch',1,'1','ownership','Ownership',1,0,0,100,11,1,1,'V~O'),(6,12,'rating','custbranch',1,'1','rating','Rating',1,0,0,100,12,1,1,'V~O'),(6,13,'industry','custbranch',1,'15','industry','Industry',1,0,0,100,13,1,1,'V~O'),(6,14,'siccode','custbranch',1,'1','siccode','SIC Code',1,0,0,100,14,1,1,'I~O'),(6,15,'account_type','custbranch',1,'15','accounttype','Type',1,0,0,100,15,1,1,'V~O'),(6,16,'annualrevenue','custbranch',1,'71','annual_revenue','Annual Revenue',1,0,0,100,16,1,1,'I~O'),(6,17,'smownerid','crmentity',1,'52','assigned_user_id','Assigned To',1,0,0,100,17,1,1,'V~M'),(6,18,'createdtime','crmentity',1,'70','createdtime','Created Time',1,0,0,100,18,1,2,'T~O'),(6,19,'modifiedtime','crmentity',1,'70','modifiedtime','Modified Time',1,0,0,100,18,1,2,'T~O'),(6,20,'braddress1','custbranch',1,'21','bill_street','Billing Address',1,0,0,100,1,2,1,'V~O'),(6,21,'brpostaddr1','custbranch',1,'21','ship_street','Shipping Address',1,0,0,100,2,2,1,'V~O'),(6,22,'braddress3','custbranch',1,'1','bill_city','City',1,0,0,100,5,2,1,'V~O'),(6,23,'brpostaddr3','custbranch',1,'1','ship_city','City',1,0,0,100,6,2,1,'V~O'),(6,24,'braddress4','custbranch',1,'1','bill_state','State',1,0,0,100,7,2,1,'V~O'),(6,25,'brpostaddr4','custbranch',1,'1','ship_state','State',1,0,0,100,8,2,1,'V~O'),(6,26,'braddress6','custbranch',1,'1','bill_code','Code',1,0,0,100,9,2,1,'V~O'),(6,27,'brpostaddr6','custbranch',1,'1','ship_code','Code',1,0,0,100,10,2,1,'V~O'),(6,28,'braddress5','custbranch',1,'1','bill_country','Country',1,0,0,100,11,2,1,'V~O'),(6,29,'brpostaddr5','custbranch',1,'1','ship_country','Country',1,0,0,100,12,2,1,'V~O'),(6,30,'description','crmentity',1,'19','description','Description',1,0,0,100,1,3,1,'V~O'),(7,31,'salutation','leaddetails',1,'55','salutationtype','Salutation',1,0,0,100,1,1,3,'V~O'),(7,32,'firstname','leaddetails',1,'55','firstname','First Name',1,0,0,100,2,1,1,'V~O'),(7,33,'phone','leadaddress',1,'11','phone','Phone',1,0,0,100,3,1,1,'V~O'),(7,34,'lastname','leaddetails',1,'2','lastname','Last Name',1,0,0,100,4,1,1,'V~M'),(7,35,'mobile','leadaddress',1,'1','mobile','Mobile',1,0,0,100,5,1,1,'V~O'),(7,36,'company','leaddetails',1,'2','company','Company',1,0,0,100,6,1,1,'V~M'),(7,37,'fax','leadaddress',1,'1','fax','Fax',1,0,0,100,7,1,1,'V~O'),(7,38,'designation','leaddetails',1,'1','designation','Designation',1,0,0,100,8,1,1,'V~O'),(7,39,'email','leaddetails',1,'13','email','Email',1,0,0,100,9,1,1,'E~O'),(7,40,'leadsource','leaddetails',1,'15','leadsource','Lead Source',1,0,0,100,10,1,1,'V~O'),(7,41,'website','leadsubdetails',1,'17','website','Website',1,0,0,100,11,1,1,'V~O'),(7,42,'industry','leaddetails',1,'15','industry','Industry',1,0,0,100,12,1,1,'V~O'),(7,43,'leadstatus','leaddetails',1,'15','leadstatus','Lead Status',1,0,0,100,13,1,1,'V~O'),(7,44,'annualrevenue','leaddetails',1,'71','annualrevenue','Annual Revenue',1,0,0,100,14,1,1,'I~O'),(7,45,'rating','leaddetails',1,'15','rating','Rating',1,0,0,100,15,1,1,'V~O'),(7,46,'noofemployees','leaddetails',1,'1','noofemployees','No Of Employees',1,0,0,100,16,1,1,'V~O'),(7,47,'smownerid','crmentity',1,'53','assigned_user_id','Assigned To',1,0,0,100,17,1,1,'V~M'),(7,48,'yahooid','leaddetails',1,'13','yahooid','Yahoo Id',1,0,0,100,18,1,1,'V~O'),(7,49,'createdtime','crmentity',1,'70','createdtime','Created Time',1,0,0,100,19,1,2,'T~O'),(7,50,'modifiedtime','crmentity',1,'70','modifiedtime','Modified Time',1,0,0,100,20,1,2,'T~O'),(7,51,'lane','leadaddress',1,'21','lane','Street',1,0,0,100,1,2,1,'V~O'),(7,52,'code','leadaddress',1,'1','code','Postal Code',1,0,0,100,4,2,1,'V~O'),(7,53,'city','leadaddress',1,'1','city','City',1,0,0,100,5,2,1,'V~O'),(7,54,'country','leadaddress',1,'1','country','Country',1,0,0,100,6,2,1,'V~O'),(7,55,'state','leadaddress',1,'1','state','State',1,0,0,100,2,2,1,'V~O'),(7,56,'description','crmentity',1,'19','description','Description',1,0,0,100,1,3,1,'V~O'),(4,57,'salutation','contactdetails',1,'55','salutationtype','Salutation',1,0,0,100,1,1,3,'V~O'),(4,58,'firstname','contactdetails',1,'55','firstname','First Name',1,0,0,100,2,1,1,'V~O'),(4,59,'phone','contactdetails',1,'11','phone','Office Phone',1,0,0,100,3,1,1,'V~O'),(4,60,'lastname','contactdetails',1,'2','lastname','Last Name',1,0,0,100,4,1,1,'V~M'),(4,61,'mobile','contactdetails',1,'1','mobile','Mobile',1,0,0,100,5,1,1,'V~O'),(4,62,'accountid','contactdetails',1,'51','account_id','Account Name',1,0,0,100,6,1,1,'I~O'),(4,63,'homephone','contactsubdetails',1,'11','homephone','Home Phone',1,0,0,100,7,1,1,'V~O'),(4,64,'leadsource','contactsubdetails',1,'15','leadsource','Lead Source',1,0,0,100,8,1,1,'V~O'),(4,65,'otherphone','contactsubdetails',1,'11','otherphone','Phone',1,0,0,100,9,1,1,'V~O'),(4,66,'title','contactdetails',1,'1','title','Title',1,0,0,100,10,1,1,'V~O'),(4,67,'fax','contactdetails',1,'1','fax','Fax',1,0,0,100,11,1,1,'V~O'),(4,68,'department','contactdetails',1,'1','department','Department',1,0,0,100,12,1,1,'V~O'),(4,69,'birthday','contactsubdetails',1,'5','birthday','Birthdate',1,0,0,100,14,1,1,'V~O'),(4,70,'email','contactdetails',1,'13','email','Email',1,0,0,100,15,1,1,'E~O'),(4,71,'reportsto','contactdetails',1,'57','contact_id','Reports To',1,0,0,100,16,1,1,'V~O'),(4,72,'assistant','contactsubdetails',1,'1','assistant','Assistant',1,0,0,100,17,1,1,'V~O'),(4,73,'yahooid','contactdetails',1,'13','yahooid','Yahoo Id',1,0,0,100,18,1,1,'V~O'),(4,74,'assistantphone','contactsubdetails',1,'11','assistantphone','Assistant Phone',1,0,0,100,19,1,1,'V~O'),(4,75,'donotcall','contactdetails',1,'56','donotcall','Do Not Call',1,0,0,100,20,1,1,'C~O'),(4,76,'emailoptout','contactdetails',1,'56','emailoptout','Email Opt Out',1,0,0,100,21,1,1,'C~O'),(4,77,'smownerid','crmentity',1,'52','assigned_user_id','Assigned To',1,0,0,100,22,1,1,'V~M'),(4,78,'createdtime','crmentity',1,'70','createdtime','Created Time',1,0,0,100,23,1,2,'T~O'),(4,79,'modifiedtime','crmentity',1,'70','modifiedtime','Modified Time',1,0,0,100,24,1,2,'T~O'),(4,80,'portal','CustomerDetails',1,'56','portal','Portal User',1,0,0,100,1,4,1,'C~O'),(4,81,'support_start_date','CustomerDetails',1,'5','support_start_date','Support Start Date',1,0,0,100,2,4,1,'D~O'),(4,82,'support_end_date','CustomerDetails',1,'5','support_end_date','Support End Date',1,0,0,100,3,4,1,'D~O~OTH~GE~support_start_date~Support Start Date'),(4,83,'mailingstreet','contactaddress',1,'21','mailingstreet','Mailing Street',1,0,0,100,1,2,1,'V~O'),(4,84,'otherstreet','contactaddress',1,'21','otherstreet','Other Street',1,0,0,100,2,2,1,'V~O'),(4,85,'mailingcity','contactaddress',1,'1','mailingcity','City',1,0,0,100,5,2,1,'V~O'),(4,86,'othercity','contactaddress',1,'1','othercity','City',1,0,0,100,6,2,1,'V~O'),(4,87,'mailingstate','contactaddress',1,'1','mailingstate','State',1,0,0,100,7,2,1,'V~O'),(4,88,'otherstate','contactaddress',1,'1','otherstate','State',1,0,0,100,8,2,1,'V~O'),(4,89,'mailingzip','contactaddress',1,'1','mailingzip','Zip',1,0,0,100,9,2,1,'V~O'),(4,90,'otherzip','contactaddress',1,'1','otherzip','Zip',1,0,0,100,10,2,1,'V~O'),(4,91,'mailingcountry','contactaddress',1,'1','mailingcountry','Country',1,0,0,100,11,2,1,'V~O'),(4,92,'othercountry','contactaddress',1,'1','othercountry','Country',1,0,0,100,12,2,1,'V~O'),(4,93,'description','crmentity',1,'19','description','Description',1,0,0,100,1,3,1,'V~O'),(2,94,'potentialname','potential',1,'2','potentialname','Potential Name',1,0,0,100,1,1,1,'V~M'),(2,95,'amount','potential',1,'71','amount','Amount',1,0,0,100,2,1,1,'N~O'),(2,96,'accountid','potential',1,'50','account_id','Account Name',1,0,0,100,3,1,1,'V~M'),(2,97,'closingdate','potential',1,'23','closingdate','Expected Close Date',1,0,0,100,5,1,1,'D~M'),(2,98,'potentialtype','potential',1,'15','opportunity_type','Type',1,0,0,100,6,1,1,'V~O'),(2,99,'nextstep','potential',1,'1','nextstep','Next Step',1,0,0,100,7,1,1,'V~O'),(2,100,'leadsource','potential',1,'15','leadsource','Lead Source',1,0,0,100,8,1,1,'V~O'),(2,101,'sales_stage','potential',1,'16','sales_stage','Sales Stage',1,0,0,100,9,1,1,'V~O'),(2,102,'smownerid','crmentity',1,'52','assigned_user_id','Assigned To',1,0,0,100,10,1,1,'V~M'),(2,103,'probability','potential',1,'9','probability','Probability',1,0,0,100,11,1,1,'N~O'),(2,104,'createdtime','crmentity',1,'70','createdtime','Created Time',1,0,0,100,13,1,2,'T~O'),(2,105,'modifiedtime','crmentity',1,'70','modifiedtime','Modified Time',1,0,0,100,14,1,2,'T~O'),(2,106,'description','crmentity',1,'19','description','Description',1,0,0,100,1,2,1,'V~O'),(13,107,'smownerid','crmentity',1,'53','assigned_user_id','Assigned To',1,0,0,100,2,1,1,'V~M'),(13,108,'parent_id','troubletickets',1,'68','parent_id','Related To',1,0,0,100,4,1,1,'I~O'),(13,109,'priority','troubletickets',1,'15','ticketpriorities','Priority',1,0,0,100,5,1,1,'V~O'),(13,110,'product_id','troubletickets',1,'59','product_id','Product Name',1,0,0,100,6,1,1,'I~O'),(13,111,'severity','troubletickets',1,'15','ticketseverities','Severity',1,0,0,100,7,1,1,'V~O'),(13,112,'status','troubletickets',1,'15','ticketstatus','Status',1,0,0,100,8,1,1,'V~O'),(13,113,'category','troubletickets',1,'15','ticketcategories','Category',1,0,0,100,9,1,1,'V~O'),(13,114,'update_log','troubletickets',1,'15','update_log','Update History',1,0,0,100,9,1,3,'V~O'),(13,115,'createdtime','crmentity',1,'70','createdtime','Created Time',1,0,0,100,10,1,2,'T~O'),(13,116,'modifiedtime','crmentity',1,'70','modifiedtime','Modified Time',1,0,0,100,11,1,2,'T~O'),(13,117,'title','troubletickets',1,'22','ticket_title','Title',1,0,0,100,1,2,1,'V~M'),(13,118,'description','troubletickets',1,'19','description','Description',1,0,0,100,1,3,1,'V~O'),(13,119,'solution','troubletickets',1,'19','solution','Solution',1,0,0,100,1,4,1,'V~O'),(13,120,'comments','ticketcomments',1,'19','comments','Add Comment',1,0,0,100,1,6,1,'V~O'),(14,121,'description','stockmaster',1,'37','description','Product Name',1,0,0,100,1,1,1,'V~O'),(14,122,'stockid','stockmaster',1,'38','stockid','Product Code',1,1,0,100,2,1,1,'V~O'),(14,123,'discontinued','stockmaster',1,'56','discontinued','Product Active',1,0,0,100,3,1,1,'V~O'),(27,124,'mbflag','stockmaster',1,'28','mbflag','Service Product or Part',1,0,0,100,21,1,99,'V~M'),(14,125,'categoryid','stockmaster',1,'41','categoryid','Product Category',1,0,0,100,4,1,1,'V~O'),(14,126,'sales_start_date','stockmaster',1,'5','sales_start_date','Sales Start Date',1,0,0,100,5,1,1,'D~O'),(14,127,'sales_end_date','stockmaster',1,'5','sales_end_date','Sales End Date',1,0,0,100,6,1,1,'D~O~OTH~GE~sales_start_date~Sales Start Date'),(14,128,'start_date','stockmaster',1,'5','start_date','Support Start Date',1,0,0,100,7,1,1,'D~O'),(14,129,'expiry_date','stockmaster',1,'5','expiry_date','Support Expiry Date',1,0,0,100,8,1,1,'D~O~OTH~GE~start_date~Start Date'),(14,130,'crmid','seproductsrel',1,'66','parent_id','Related To',1,0,0,100,10,1,1,'I~O'),(14,131,'contactid','stockmaster',1,'57','contact_id','Contact Name',1,0,0,100,11,1,1,'I~O'),(14,132,'website','stockmaster',1,'17','website','Website',1,0,0,100,12,1,1,'V~O'),(27,133,'lastcurcostdate','stockmaster',1,'5','lastcurcostdate','lastcurcostdate',0,0,0,100,22,1,1,'V~M'),(27,134,'controlled','stockmaster',1,'1','controlled','controlled',1,0,0,2,23,1,1,'V~O'),(27,135,'discountcategory','stockmaster',1,'1','discountcategory','Discount category',1,0,0,100,24,1,1,'V~O'),(14,136,'barcode','stockmaster',1,'1','barcode','Serial No',1,0,0,100,16,1,1,'V~O'),(14,139,'createdtime','crmentity',1,'70','createdtime','Created Time',1,0,0,100,19,1,2,'T~O'),(14,140,'modifiedtime','crmentity',1,'70','modifiedtime','Modified Time',1,0,0,100,20,1,2,'T~O'),(14,141,'unit_price','stockmaster',1,'71','unit_price','Unit Price',1,0,0,100,1,2,1,'N~O'),(27,142,'commissionrate','stockmaster',1,'9','commissionrate','Commission Rate',1,0,0,100,2,2,1,'N~O'),(27,143,'taxcatid','stockmaster',1,'14','taxcatid','Tax category',1,0,0,100,4,2,1,'V~O'),(14,144,'units','stockmaster',1,'39','units','Usage Unit',1,0,0,100,1,3,1,'V~O'),(14,145,'qty_per_unit','stockmaster',1,'1','qty_per_unit','Qty/Unit',1,0,0,100,2,3,1,'N~O'),(14,146,'qtyinstock','stockmaster',1,'28','qtyinstock','Qty In Stock',1,0,0,100,3,3,1,'I~O'),(14,147,'lowestlevel','stockmaster',1,'40','lowestlevel','Reorder Level',1,0,0,100,4,3,1,'I~O'),(14,149,'qtyindemand','stockmaster',1,'29','qtyindemand','Qty In Demand',1,0,0,100,6,3,1,'I~O'),(14,150,'imagename','stockmaster',1,'69','imagename','Product Image',1,0,0,100,1,6,1,'V~O'),(14,151,'longdescription','stockmaster',1,'19','longdescription','Description',1,0,0,100,1,4,1,'V~O'),(8,152,'contact_id','notes',1,'57','contact_id','Contact Name',1,0,0,100,1,1,1,'V~O'),(8,153,'crmid','senotesrel',1,'62','parent_id','Related To',1,0,0,100,2,1,1,'I~O'),(8,154,'title','notes',1,'2','title','Subject',1,0,0,100,3,1,1,'V~M'),(8,155,'createdtime','crmentity',1,'70','createdtime','Created Time',1,0,0,100,4,1,2,'T~O'),(8,156,'modifiedtime','crmentity',1,'70','modifiedtime','Modified Time',1,0,0,100,5,1,2,'T~O'),(8,157,'filename','notes',1,'61','filename','Attachment',1,0,0,100,4,2,1,'V~O'),(8,158,'notecontent','notes',1,'19','notecontent','Note',1,0,0,100,5,3,1,'V~O'),(10,159,'date_start','activity',1,'6','date_start','Date & Time Sent',1,0,0,100,1,1,1,'DT~M~time_start~Time Start'),(10,160,'semodule','activity',1,'2','parent_type','Sales Enity Module',1,0,0,100,2,1,3,''),(10,161,'activitytype','activity',1,'2','activitytype','Activtiy Type',1,0,0,100,3,1,3,'V~O'),(10,162,'crmid','seactivityrel',1,'67','parent_id','Related To',1,0,0,100,4,1,1,'I~O'),(10,163,'smownerid','crmentity',1,'52','assigned_user_id','Assigned To',1,0,0,100,5,1,1,'V~M'),(10,164,'subject','activity',1,'2','subject','Subject',1,0,0,100,6,2,1,'V~M'),(10,165,'filename','emails',1,'61','filename','Attachment',1,0,0,100,7,3,1,'V~O'),(10,166,'description','emails',1,'19','description','Description',1,0,0,100,8,4,1,'V~O'),(10,167,'time_start','activity',1,'2','time_start','Time Start',1,0,0,100,9,1,3,'T~O'),(10,168,'createdtime','crmentity',1,'70','createdtime','Created Time',1,0,0,100,10,1,2,'T~O'),(10,169,'modifiedtime','crmentity',1,'70','modifiedtime','Modified Time',1,0,0,100,11,1,2,'T~O'),(9,170,'subject','activity',1,'2','subject','Subject',1,0,0,100,1,1,1,'V~M'),(9,171,'smownerid','crmentity',1,'53','assigned_user_id','Assigned To',1,0,0,100,2,1,1,'V~M'),(9,172,'date_start','activity',1,'6','date_start','Start Date & Time',1,0,0,100,3,1,1,'DT~M~time_start'),(9,173,'time_start','activity',1,'2','time_start','Time Start',1,0,0,100,4,1,3,'T~O'),(9,174,'due_date','activity',1,'23','due_date','Due Date',1,0,0,100,5,1,1,'D~M~OTH~GE~date_start~Start Date & Time'),(9,175,'crmid','seactivityrel',1,'66','parent_id','Related to',1,0,0,100,7,1,1,'I~O'),(9,176,'contactid','cntactivityrel',1,'57','contact_id','Contact Name',1,0,0,100,8,1,1,'I~O'),(9,177,'status','activity',1,'15','taskstatus','Status',1,0,0,100,9,1,1,'V~O'),(9,178,'eventstatus','activity',1,'15','eventstatus','Status',1,0,0,100,9,1,3,'V~O'),(9,179,'priority','activity',1,'15','taskpriority','Priority',1,0,0,100,10,1,1,'V~O'),(9,180,'sendnotification','activity',1,'56','sendnotification','Send Notification',1,0,0,100,11,1,1,'C~O'),(9,181,'createdtime','crmentity',1,'70','createdtime','Created Time',1,0,0,100,14,1,2,'T~O'),(9,182,'modifiedtime','crmentity',1,'70','modifiedtime','Modified Time',1,0,0,100,15,1,2,'T~O'),(9,183,'activitytype','activity',1,'15','activitytype','Activity Type',1,0,0,100,16,1,3,'V~O'),(9,184,'description','activity',1,'19','description','Description',1,0,0,100,1,2,1,'V~O'),(9,185,'duration_hours','activity',1,'63','duration_hours','Duration',1,0,0,100,17,1,3,'T~O'),(9,186,'duration_minutes','activity',1,'15','duration_minutes','Duration Minutes',1,0,0,100,18,1,3,'T~O'),(9,187,'location','activity',1,'1','location','Location',1,0,0,100,19,1,3,'V~O'),(9,188,'reminder_time','activity_reminder',1,'30','reminder_time','Send Reminder',1,0,0,100,1,7,3,'I~O'),(9,189,'recurringtype','recurringevents',1,'15','recurringtype','Recurrence',1,0,0,100,6,1,3,'O~O'),(16,190,'subject','activity',1,'2','subject','Subject',1,0,0,100,1,1,1,'V~M'),(16,191,'smownerid','crmentity',1,'53','assigned_user_id','Assigned To',1,0,0,100,2,1,1,'I~O'),(16,192,'date_start','activity',1,'6','date_start','Start Date & Time',1,0,0,100,3,1,1,'DT~M~time_start'),(16,193,'time_start','activity',1,'2','time_start','Time Start',1,0,0,100,4,1,3,'T~M'),(16,194,'due_date','activity',1,'23','due_date','End Date',1,0,0,100,5,1,1,'D~M~OTH~GE~date_start~Start Date & Time'),(16,195,'recurringtype','recurringevents',1,'15','recurringtype','Recurrence',1,0,0,100,6,1,1,'O~O'),(16,196,'duration_hours','activity',1,'63','duration_hours','Duration',1,0,0,100,7,1,1,'I~M'),(16,197,'duration_minutes','activity',1,'15','duration_minutes','Duration Minutes',1,0,0,100,8,1,3,'O~O'),(16,198,'crmid','seactivityrel',1,'66','parent_id','Related To',1,0,0,100,9,1,1,'I~O'),(16,199,'contactid','cntactivityrel',1,'57','contact_id','Contact Name',1,0,0,100,10,1,1,'V~O'),(16,200,'eventstatus','activity',1,'15','eventstatus','Status',1,0,0,100,11,1,1,'V~O'),(16,201,'sendnotification','activity',1,'56','sendnotification','Send Notification',1,0,0,100,12,1,1,'C~O'),(16,202,'activitytype','activity',1,'15','activitytype','Activity Type',1,0,0,100,13,1,1,'V~O'),(16,203,'location','activity',1,'1','location','Location',1,0,0,100,14,1,1,'V~O'),(16,204,'createdtime','crmentity',1,'70','createdtime','Created Time',1,0,0,100,15,1,2,'T~O'),(16,205,'modifiedtime','crmentity',1,'70','modifiedtime','Modified Time',1,0,0,100,16,1,2,'T~O'),(16,206,'description','activity',1,'19','description','Description',1,0,0,100,1,2,1,'V~O'),(16,207,'reminder_time','activity_reminder',1,'30','reminder_time','Send Reminder',1,0,0,100,1,7,1,'I~O'),(15,208,'product_id','faq',1,'59','product_id','Product Name',1,0,0,100,1,1,1,'I~O'),(15,209,'category','faq',1,'15','faqcategories','Category',1,0,0,100,2,1,1,'V~O'),(15,210,'status','faq',1,'15','faqstatus','Status',1,0,0,100,3,1,1,'V~O'),(15,211,'question','faq',1,'20','question','Question',1,0,0,100,1,2,1,'V~M'),(15,212,'answer','faq',1,'20','faq_answer','Answer',1,0,0,100,1,3,1,'V~M'),(15,213,'comments','faqcomments',1,'19','comments','Add Comment',1,0,0,100,1,4,1,'V~O'),(15,214,'createdtime','crmentity',1,'70','createdtime','Created Time',1,0,0,100,3,1,2,'T~O'),(15,215,'modifiedtime','crmentity',1,'70','modifiedtime','Modified Time',1,0,0,100,4,1,2,'T~O'),(18,216,'vendorname','vendor',1,'2','vendorname','Vendor Name',1,0,0,100,1,1,1,'V~M'),(18,217,'phone','vendor',1,'1','phone','Phone',1,0,0,100,3,1,1,'V~O'),(18,218,'email','vendor',1,'13','email','Email',1,0,0,100,4,1,1,'E~O'),(18,219,'website','vendor',1,'17','website','Website',1,0,0,100,5,1,1,'V~O'),(18,220,'glacct','vendor',1,'15','glacct','GL Account',1,0,0,100,6,1,1,'V~O'),(18,221,'category','vendor',1,'1','category','Category',1,0,0,100,7,1,1,'V~O'),(18,222,'createdtime','crmentity',1,'70','createdtime','Created Time',1,0,0,100,8,1,2,'T~O'),(18,223,'modifiedtime','crmentity',1,'70','modifiedtime','Modified Time',1,0,0,100,9,1,2,'T~O'),(18,224,'street','vendor',1,'21','treet','Street',1,0,0,100,1,2,1,'V~O'),(18,225,'city','vendor',1,'1','city','City',1,0,0,100,2,2,1,'V~O'),(18,226,'state','vendor',1,'1','state','State',1,0,0,100,3,2,1,'V~O'),(18,227,'postalcode','vendor',1,'1','postalcode','Postal Code',1,0,0,100,4,2,1,'V~O'),(18,228,'country','vendor',1,'1','country','Country',1,0,0,100,5,2,1,'V~O'),(18,229,'description','crmentity',1,'19','description','Description',1,0,0,100,1,3,1,'V~O'),(19,230,'bookname','pricebook',1,'2','bookname','Price Book Name',1,0,0,100,1,1,1,'V~M'),(19,231,'active','pricebook',1,'56','active','Active',1,0,0,100,3,1,1,'V~O'),(19,232,'createdtime','crmentity',1,'70','createdtime','Created Time',1,0,0,100,4,1,2,'T~O'),(19,233,'modifiedtime','crmentity',1,'70','modifiedtime','Modified Time',1,0,0,100,5,1,2,'T~O'),(19,234,'description','crmentity',1,'19','description','Description',1,0,0,100,1,2,1,'V~O'),(20,235,'subject','quotes',1,'2','subject','PO Number',1,0,0,100,1,1,1,'V~M'),(20,236,'potentialid','quotes',1,'76','potential_id','Potential Name',1,0,0,100,2,1,1,'I~O'),(20,237,'quotestage','quotes',1,'15','quotestage','Quote Stage',1,0,0,100,3,1,1,'V~O'),(20,238,'validtill','quotes',1,'5','validtill','Valid Till',1,0,0,100,4,1,1,'D~O'),(27,239,'team','quotes',1,'1','team','Team',1,0,0,100,5,1,1,'V~O'),(20,240,'contactid','quotes',1,'57','contact_id','Contact Name',1,0,0,100,6,1,1,'V~O'),(27,241,'carrier','quotes',1,'15','carrier','Carrier',1,0,0,100,8,1,1,'V~O'),(20,242,'subtotal','quotes',1,'1','hdnSubTotal','Sub Total',1,0,0,100,9,1,3,'N~O'),(20,243,'shipvia','quotes',1,'31','shipvia','Carrier',1,0,0,100,10,1,1,'V~O'),(20,244,'fromstkloc','quotes',1,'32','fromstkloc','Deliver from',1,0,0,2,23,1,1,'V~M'),(20,245,'salestax','quotes',1,'1','txtTax','Sales Tax',1,0,0,100,20,1,3,'N~O'),(20,246,'freightcost','quotes',1,'1','freightcost','Freight Charge',1,0,0,100,12,1,3,'NN~O'),(20,247,'total','quotes',1,'1','hdnGrandTotal','Total',1,0,0,100,14,1,3,'N~O'),(20,248,'accountid','quotes',1,'73','account_id','Account Name',1,0,0,100,16,1,1,'I~M'),(20,249,'smownerid','crmentity',1,'52','assigned_user_id','Assigned To',1,0,0,100,17,1,1,'V~M'),(20,250,'createdtime','crmentity',1,'70','createdtime','Created Time',1,0,0,100,18,1,2,'T~O'),(20,251,'modifiedtime','crmentity',1,'70','modifiedtime','Modified Time',1,0,0,100,19,1,2,'T~O'),(20,252,'bill_street','quotesbillads',1,'24','bill_street','Billing Address',1,0,0,100,1,2,1,'V~M'),(20,253,'ship_street','quotesshipads',1,'24','ship_street','Shipping Address',1,0,0,100,2,2,1,'V~M'),(20,254,'bill_city','quotesbillads',1,'1','bill_city','Billing City',1,0,0,100,5,2,1,'V~O'),(20,255,'ship_city','quotesshipads',1,'1','ship_city','Shipping City',1,0,0,100,6,2,1,'V~O'),(20,256,'bill_state','quotesbillads',1,'1','bill_state','Billing State',1,0,0,100,7,2,1,'V~O'),(20,257,'ship_state','quotesshipads',1,'1','ship_state','Shipping State',1,0,0,100,8,2,1,'V~O'),(20,258,'bill_code','quotesbillads',1,'1','bill_code','Billing Code',1,0,0,100,9,2,1,'V~O'),(20,259,'ship_code','quotesshipads',1,'1','ship_code','Shipping Code',1,0,0,100,10,2,1,'V~O'),(20,260,'bill_country','quotesbillads',1,'1','bill_country','Billing Country',1,0,0,100,11,2,1,'V~O'),(20,261,'ship_country','quotesshipads',1,'1','ship_country','Shipping Country',1,0,0,100,12,2,1,'V~O'),(20,262,'description','crmentity',1,'19','description','Description',1,0,0,100,1,3,1,'V~O'),(20,263,'terms_conditions','quotes',1,'19','terms_conditions','Terms & Conditions',1,0,0,100,1,6,1,'V~O'),(21,264,'subject','purchaseorder',1,'2','subject','Subject',1,0,0,100,1,1,1,'V~M'),(21,265,'vendorid','purchaseorder',1,'81','vendor_id','Vendor Name',1,0,0,100,3,1,1,'I~M'),(21,266,'requisition_no','purchaseorder',1,'1','requisition_no','Requisition No',1,0,0,100,4,1,1,'V~O'),(21,267,'tracking_no','purchaseorder',1,'1','tracking_no','Tracking Number',1,0,0,100,5,1,1,'V~O'),(21,268,'contactid','purchaseorder',1,'57','contact_id','Contact Name',1,0,0,100,6,1,1,'I~O'),(21,269,'duedate','purchaseorder',1,'5','duedate','Due Date',1,0,0,100,7,1,1,'V~O'),(21,270,'carrier','purchaseorder',1,'15','carrier','Carrier',1,0,0,100,8,1,1,'V~O'),(21,271,'salestax','purchaseorder',1,'1','txtTax','Sales Tax',1,0,0,100,10,1,3,'N~O'),(21,272,'adjustment','purchaseorder',1,'1','txtAdjustment','Adjustment',1,0,0,100,10,1,3,'NN~O'),(21,273,'salescommission','purchaseorder',1,'1','salescommission','Sales Commission',1,0,0,100,11,1,1,'N~O'),(21,274,'exciseduty','purchaseorder',1,'1','exciseduty','Excise Duty',1,0,0,100,12,1,1,'N~O'),(21,275,'total','purchaseorder',1,'1','hdnGrandTotal','Total',1,0,0,100,13,1,3,'N~O'),(21,276,'subtotal','purchaseorder',1,'1','hdnSubTotal','Sub Total',1,0,0,100,14,1,3,'N~O'),(21,277,'postatus','purchaseorder',1,'15','postatus','Status',1,0,0,100,15,1,1,'V~O'),(21,278,'smownerid','crmentity',1,'52','assigned_user_id','Assigned To',1,0,0,100,16,1,1,'V~M'),(21,279,'createdtime','crmentity',1,'70','createdtime','Created Time',1,0,0,100,17,1,2,'T~O'),(21,280,'modifiedtime','crmentity',1,'70','modifiedtime','Modified Time',1,0,0,100,18,1,2,'T~O'),(21,281,'bill_street','pobillads',1,'24','bill_street','Billing Address',1,0,0,100,1,2,1,'V~M'),(21,282,'ship_street','poshipads',1,'24','ship_street','Shipping Address',1,0,0,100,2,2,1,'V~M'),(21,283,'bill_city','pobillads',1,'1','bill_city','Billing City',1,0,0,100,3,2,1,'V~O'),(21,284,'ship_city','poshipads',1,'1','ship_city','Shipping City',1,0,0,100,4,2,1,'V~O'),(21,285,'bill_state','pobillads',1,'1','bill_state','Billing State',1,0,0,100,5,2,1,'V~O'),(21,286,'ship_state','poshipads',1,'1','ship_state','Shipping State',1,0,0,100,6,2,1,'V~O'),(21,287,'bill_code','pobillads',1,'1','bill_code','Billing Code',1,0,0,100,7,2,1,'V~O'),(21,288,'ship_code','poshipads',1,'1','ship_code','Shipping Code',1,0,0,100,8,2,1,'V~O'),(21,289,'bill_country','pobillads',1,'1','bill_country','Billing Country',1,0,0,100,9,2,1,'V~O'),(21,290,'ship_country','poshipads',1,'1','ship_country','Shipping Country',1,0,0,100,10,2,1,'V~O'),(21,291,'description','crmentity',1,'19','description','Description',1,0,0,100,1,3,1,'V~O'),(21,292,'terms_conditions','purchaseorder',1,'19','terms_conditions','Terms & Conditions',1,0,0,100,1,6,1,'V~O'),(22,293,'subject','salesorders',1,'2','subject','PO Number',1,0,0,100,1,1,1,'V~M'),(22,294,'potentialid','salesorders',1,'76','potential_id','Potential Name',1,0,0,100,2,1,1,'I~O'),(27,295,'customerref','salesorders',1,'1','customerref','Customer No',1,0,0,100,3,1,1,'V~O'),(22,296,'quoteid','salesorders',1,'78','quote_id','Quote Name',1,0,0,100,4,1,1,'I~O'),(22,297,'deliverblind','salesorders',1,'33','deliverblind','Packlist Type',1,0,0,100,21,1,1,'V~O'),(22,298,'contactid','salesorders',1,'57','contact_id','Contact Name',1,0,0,100,6,1,1,'I~O'),(22,299,'duedate','salesorders',1,'5','duedate','Due Date',1,0,0,100,8,1,1,'D~O'),(22,300,'shipvia','salesorders',1,'31','shipvia','Carrier',1,0,0,100,9,1,1,'V~O'),(22,301,'pending','salesorders',1,'1','pending','Pending',1,0,0,100,10,1,1,'V~O'),(22,302,'sostatus','salesorders',1,'15','sostatus','Status',1,0,0,100,11,1,1,'V~O'),(22,303,'ordertype','salesorders',1,'35','ordertype','Order Type',1,0,0,100,99,1,2,'V~O'),(22,304,'freightcost','salesorders',1,'1','freightcost','Freight Charge',1,0,0,100,12,1,3,'NN~O'),(22,305,'salescommission','salesorders',1,'1','salescommission','Sales Commission',1,0,0,100,13,1,1,'N~O'),(22,307,'total','salesorders',1,'1','hdnGrandTotal','Total',1,0,0,100,14,1,3,'N~O'),(22,308,'subtotal','salesorders',1,'1','hdnSubTotal','Total',1,0,0,100,15,1,3,'N~O'),(22,309,'accountid','salesorders',1,'73','account_id','Account Name',1,0,0,100,16,1,1,'I~M'),(22,310,'smownerid','crmentity',1,'52','assigned_user_id','Assigned To',1,0,0,100,17,1,1,'V~M'),(22,311,'createdtime','crmentity',1,'70','createdtime','Created Time',1,0,0,100,18,1,2,'T~O'),(22,312,'modifiedtime','crmentity',1,'70','modifiedtime','Modified Time',1,0,0,100,19,1,2,'T~O'),(22,313,'bill_street','sobillads',1,'24','bill_street','Billing Address',1,0,0,100,1,2,1,'V~M'),(22,314,'deladd1','salesorders',1,'24','ship_street','Shipping Address',1,0,0,100,2,2,1,'V~M'),(22,315,'bill_city','sobillads',1,'1','bill_city','Billing City',1,0,0,100,5,2,1,'V~O'),(22,316,'deladd3','salesorders',1,'1','ship_city','Shipping City',1,0,0,100,6,2,1,'V~O'),(22,317,'bill_state','sobillads',1,'1','bill_state','Billing State',1,0,0,100,7,2,1,'V~O'),(22,318,'deladd4','salesorders',1,'1','ship_state','Shipping State',1,0,0,100,8,2,1,'V~O'),(22,319,'bill_code','sobillads',1,'1','bill_code','Billing Code',1,0,0,100,9,2,1,'V~O'),(22,320,'deladd6','salesorders',1,'1','ship_code','Shipping Code',1,0,0,100,10,2,1,'V~O'),(22,321,'bill_country','sobillads',1,'1','bill_country','Billing Country',1,0,0,100,11,2,1,'V~O'),(22,322,'deladd5','salesorders',1,'1','ship_country','Shipping Country',1,0,0,100,12,2,1,'V~O'),(22,323,'description','crmentity',1,'19','description','Description',1,0,0,100,1,3,1,'V~O'),(22,324,'comments','salesorders',1,'19','terms_conditions','Terms & Conditions',1,0,0,100,1,6,1,'V~O'),(23,325,'subject','invoice',1,'2','subject','Subject',1,0,0,100,1,1,1,'V~M'),(23,326,'salesorderid','invoice',1,'80','salesorder_id','Sales Order',1,0,0,100,2,1,1,'I~O'),(23,327,'customerno','invoice',1,'1','customerno','Customer No',1,0,0,100,3,1,1,'V~O'),(23,328,'invoicedate','invoice',1,'5','invoicedate','Invoice Date',1,0,0,100,5,1,1,'D~O'),(23,329,'duedate','invoice',1,'5','duedate','Due Date',1,0,0,100,6,1,1,'D~O'),(23,330,'purchaseorder','invoice',1,'1','purchaseorder','Purchase Order',1,0,0,100,8,1,1,'V~O'),(23,331,'salestax','invoice',1,'1','txtTax','Sales Tax',1,0,0,100,9,1,3,'N~O'),(23,332,'adjustment','invoice',1,'1','txtAdjustment','Sales Tax',1,0,0,100,9,1,3,'NN~O'),(23,333,'salescommission','invoice',1,'1','salescommission','Sales Commission',1,0,0,10,13,1,1,'N~O'),(23,334,'exciseduty','invoice',1,'1','exciseduty','Excise Duty',1,0,0,100,11,1,1,'N~O'),(23,335,'subtotal','invoice',1,'1','hdnSubTotal','Sub Total',1,0,0,100,12,1,3,'N~O'),(23,336,'total','invoice',1,'1','hdnGrandTotal','Total',1,0,0,100,13,1,3,'N~O'),(23,337,'accountid','invoice',1,'73','account_id','Account Name',1,0,0,100,14,1,1,'I~M'),(23,338,'invoicestatus','invoice',1,'15','invoicestatus','Status',1,0,0,100,15,1,1,'V~O'),(23,339,'smownerid','crmentity',1,'52','assigned_user_id','Assigned To',1,0,0,100,16,1,1,'V~M'),(23,340,'createdtime','crmentity',1,'70','createdtime','Created Time',1,0,0,100,17,1,2,'T~O'),(23,341,'modifiedtime','crmentity',1,'70','modifiedtime','Modified Time',1,0,0,100,18,1,2,'T~O'),(23,342,'bill_street','invoicebillads',1,'24','bill_street','Billing Address',1,0,0,100,1,2,1,'V~M'),(23,343,'ship_street','invoiceshipads',1,'24','ship_street','Shipping Address',1,0,0,100,2,2,1,'V~M'),(23,344,'bill_city','invoicebillads',1,'1','bill_city','Billing City',1,0,0,100,3,2,1,'V~O'),(23,345,'ship_city','invoiceshipads',1,'1','ship_city','Shipping City',1,0,0,100,4,2,1,'V~O'),(23,346,'bill_state','invoicebillads',1,'1','bill_state','Billing State',1,0,0,100,5,2,1,'V~O'),(23,347,'ship_state','invoiceshipads',1,'1','ship_state','Shipping State',1,0,0,100,6,2,1,'V~O'),(23,348,'bill_code','invoicebillads',1,'1','bill_code','Billing Code',1,0,0,100,7,2,1,'V~O'),(23,349,'ship_code','invoiceshipads',1,'1','ship_code','Shipping Code',1,0,0,100,8,2,1,'V~O'),(23,350,'bill_country','invoicebillads',1,'1','bill_country','Billing Country',1,0,0,100,9,2,1,'V~O'),(23,351,'ship_country','invoiceshipads',1,'1','ship_country','Shipping Country',1,0,0,100,10,2,1,'V~O'),(23,352,'description','crmentity',1,'19','description','Description',1,0,0,100,1,3,1,'V~O'),(23,353,'terms_conditions','invoice',1,'19','terms_conditions','Terms & Conditions',1,0,0,100,1,6,1,'V~O'),(6,354,'debtorno','custbranch',1,'27','debtorno','Parent Company',1,0,0,100,8,1,1,'V~M'),(6,355,'area','custbranch',1,'42','area','Sales Area',1,0,0,2,19,1,1,'V~O'),(6,356,'salesman','custbranch',1,'43','salesman','Sales person',1,0,0,100,20,1,1,'V~O'),(6,357,'defaultlocation','custbranch',1,'32','defaultlocation','Stock location',1,0,0,6,21,1,1,'V~O'),(6,358,'taxgroupid','custbranch',1,'45','taxgroupid','Tax group',1,0,0,5,22,1,1,'I~O'),(6,359,'defaultshipvia','custbranch',1,'46','defaultshipvia','Default Freight Company',1,0,0,12,23,1,1,'I~O'),(22,360,'fromstkloc','salesorders',1,'32','fromstkloc','Deliver from',1,0,0,2,23,1,1,'V~M'),(22,362,'quotation','salesorders',1,'34','quotation','Quotation',1,0,0,100,25,1,2,'V~M'),(6,363,'currcode','custbranch',1,'48','currcode','Currency',1,0,0,100,24,1,1,'V~O'),(22,364,'orddate','salesorders',1,'70','orddate','Date Ordered',1,1,0,100,100,1,2,'T~M'),(22,365,'salestax','salesorders',1,'1','txtTax','Sales Tax',1,0,0,100,20,1,3,'N~O'),(27,366,'orderno','salesorders',1,'1','orderno','Order Number',0,0,0,100,99,1,99,'I~O'),(22,367,'orderno','salesorders',1,'36','orderno','Order No',0,0,0,100,98,1,2,'V~M'),(27,368,'branchcode','salesorders',1,'1','branchcode','Branch Code',0,0,0,100,97,1,1,'V~M'),(22,369,'deliverto','salesorders',1,'47','deliverto','Deliver To',1,0,0,100,96,1,1,'V~O'),(20,370,'deliverto','quotes',1,'47','deliverto','Deliver To',1,0,0,100,96,1,1,'V~O'),(6,375,'cf_374','accountscf',2,'15','cf_374','Preferred Language',0,0,0,100,3,5,1,'V~O'),(6,383,'cf_382','accountscf',2,'56','cf_382','Holiday Gift Sent',0,0,0,100,7,5,1,'C~0'),(6,385,'cf_384','accountscf',2,'56','cf_384','Holiday Greeting Card',0,0,0,100,8,5,1,'C~0'),(6,387,'cf_386','accountscf',2,'56','cf_386','Electronic Communication Only',0,0,0,100,9,5,1,'C~0'),(20,388,'freighttax','quotes',1,'1','freighttax','Freight Tax',1,0,0,100,21,1,3,'N~O'),(20,389,'discounttotal','quotes',1,'1','hdnDiscountTotal','Discount Total',1,0,0,100,22,1,3,'N~O'),(20,390,'bill_street2','quotesbillads',1,'26','bill_street2','Billing Address2',1,0,0,100,3,2,1,'V~O'),(20,391,'ship_street2','quotesshipads',1,'26','ship_street2','Shipping Address2',1,0,0,100,4,2,1,'V~O'),(22,392,'freighttax','salesorders',1,'1','freighttax','Freight Tax',1,0,0,100,21,1,3,'N~O'),(22,393,'discounttotal','salesorders',1,'1','hdnDiscountTotal','Discount Total',1,0,0,100,22,1,3,'N~O'),(22,394,'bill_street2','sobillads',1,'26','bill_street2','Billing Address2',1,0,0,100,3,2,1,'V~O'),(22,395,'deladd2','salesorders',1,'26','ship_street2','Shipping Address2',1,0,0,100,4,2,1,'V~O'),(6,396,'braddress2','custbranch',1,'26','bill_street2','Billing Address',1,0,0,100,3,2,1,'V~O'),(6,397,'brpostaddr2','custbranch',1,'26','ship_street2','Shipping Address',1,0,0,100,4,2,1,'V~O'),(4,398,'mailingstreet2','contactaddress',1,'26','mailingstreet2','Mailing Street2',1,0,0,100,3,2,1,'V~O'),(4,399,'otherstreet2','contactaddress',1,'26','otherstreet2','Other Street 2',1,0,0,100,4,2,1,'V~O'),(7,400,'lane2','leadaddress',1,'26','lane2','Street2',1,0,0,100,3,2,1,'V~O'),(19,401,'currcode','pricebook',1,'48','currcode','Currency',1,0,0,100,24,1,1,'V~O'),(19,402,'pbcode','pricebook',1,'1','pbcode','Price Book Code',1,0,0,2,3,1,1,'V~M'),(27,3060,'freightcost','salesorders',1,'1','freightcost','Freight Charge',1,0,0,100,22,1,1,'V~O'),(27,3630,'deliverydate','salesorders',1,'5','deliverydate','Delivery Date',0,0,0,100,29,1,1,'D~O');
/*!40000 ALTER TABLE `field` ENABLE KEYS */;
UNLOCK TABLES;

--
-- Table structure for table `field_seq`
--

DROP TABLE IF EXISTS `field_seq`;
/*!40101 SET @saved_cs_client     = @@character_set_client */;
/*!40101 SET character_set_client = utf8 */;
CREATE TABLE `field_seq` (
  `id` int(11) NOT NULL DEFAULT '0'
) ENGINE=MyISAM DEFAULT CHARSET=latin1;
/*!40101 SET character_set_client = @saved_cs_client */;

--
-- Dumping data for table `field_seq`
--

LOCK TABLES `field_seq` WRITE;
/*!40000 ALTER TABLE `field_seq` DISABLE KEYS */;
INSERT INTO `field_seq` VALUES (404);
/*!40000 ALTER TABLE `field_seq` ENABLE KEYS */;
UNLOCK TABLES;

--
-- Table structure for table `files`
--

DROP TABLE IF EXISTS `files`;
/*!40101 SET @saved_cs_client     = @@character_set_client */;
/*!40101 SET character_set_client = utf8 */;
CREATE TABLE `files` (
  `id` varchar(36) NOT NULL DEFAULT '',
  `name` varchar(36) DEFAULT NULL,
  `content` longblob,
  `deleted` int(1) NOT NULL DEFAULT '0',
  `date_entered` timestamp NOT NULL DEFAULT CURRENT_TIMESTAMP ON UPDATE CURRENT_TIMESTAMP,
  `assigned_user_id` varchar(36) DEFAULT NULL,
  PRIMARY KEY (`id`),
  KEY `idx_cont_owner_id_and_name` (`assigned_user_id`,`name`,`deleted`)
) ENGINE=MyISAM DEFAULT CHARSET=latin1;
/*!40101 SET character_set_client = @saved_cs_client */;

--
-- Dumping data for table `files`
--

LOCK TABLES `files` WRITE;
/*!40000 ALTER TABLE `files` DISABLE KEYS */;
/*!40000 ALTER TABLE `files` ENABLE KEYS */;
UNLOCK TABLES;

--
-- Table structure for table `freightcosts`
--

DROP TABLE IF EXISTS `freightcosts`;
/*!40101 SET @saved_cs_client     = @@character_set_client */;
/*!40101 SET character_set_client = utf8 */;
CREATE TABLE `freightcosts` (
  `shipcostfromid` int(11) NOT NULL AUTO_INCREMENT,
  `locationfrom` varchar(5) NOT NULL DEFAULT '',
  `destination` varchar(40) NOT NULL DEFAULT '',
  `shipperid` int(11) NOT NULL DEFAULT '0',
  `cubrate` double NOT NULL DEFAULT '0',
  `kgrate` double NOT NULL DEFAULT '0',
  `maxkgs` double NOT NULL DEFAULT '999999',
  `maxcub` double NOT NULL DEFAULT '999999',
  `fixedprice` double NOT NULL DEFAULT '0',
  `minimumchg` double NOT NULL DEFAULT '0',
  PRIMARY KEY (`shipcostfromid`),
  KEY `Destination` (`destination`),
  KEY `LocationFrom` (`locationfrom`),
  KEY `ShipperID` (`shipperid`),
  KEY `Destination_2` (`destination`,`locationfrom`,`shipperid`)
) ENGINE=InnoDB DEFAULT CHARSET=latin1;
/*!40101 SET character_set_client = @saved_cs_client */;

--
-- Dumping data for table `freightcosts`
--

LOCK TABLES `freightcosts` WRITE;
/*!40000 ALTER TABLE `freightcosts` DISABLE KEYS */;
/*!40000 ALTER TABLE `freightcosts` ENABLE KEYS */;
UNLOCK TABLES;

--
-- Table structure for table `glacct`
--

DROP TABLE IF EXISTS `glacct`;
/*!40101 SET @saved_cs_client     = @@character_set_client */;
/*!40101 SET character_set_client = utf8 */;
CREATE TABLE `glacct` (
  `glacctid` int(19) NOT NULL AUTO_INCREMENT,
  `glacct` varchar(200) NOT NULL DEFAULT '',
  `sortorderid` int(19) NOT NULL DEFAULT '0',
  `presence` int(1) NOT NULL DEFAULT '1',
  PRIMARY KEY (`glacctid`),
  UNIQUE KEY `GlAcct_UK0` (`glacct`)
) ENGINE=InnoDB AUTO_INCREMENT=10 DEFAULT CHARSET=latin1;
/*!40101 SET character_set_client = @saved_cs_client */;

--
-- Dumping data for table `glacct`
--

LOCK TABLES `glacct` WRITE;
/*!40000 ALTER TABLE `glacct` DISABLE KEYS */;
INSERT INTO `glacct` VALUES (1,'300-Sales-Software',0,1),(2,'301-Sales-Hardware',1,1),(3,'302-Rental-Income',2,1),(4,'303-Interest-Income',3,1),(5,'304-Sales-Software-Support',4,1),(6,'305-Sales Other',5,1),(7,'306-Internet Sales',6,1),(8,'307-Service-Hardware Labor',7,1),(9,'308-Sales-Books',8,1);
/*!40000 ALTER TABLE `glacct` ENABLE KEYS */;
UNLOCK TABLES;

--
-- Table structure for table `gltrans`
--

DROP TABLE IF EXISTS `gltrans`;
/*!40101 SET @saved_cs_client     = @@character_set_client */;
/*!40101 SET character_set_client = utf8 */;
CREATE TABLE `gltrans` (
  `counterindex` int(11) NOT NULL AUTO_INCREMENT,
  `type` smallint(6) NOT NULL DEFAULT '0',
  `typeno` bigint(16) NOT NULL DEFAULT '1',
  `chequeno` varchar(11) DEFAULT '',
  `trandate` date NOT NULL DEFAULT '0000-00-00',
  `periodno` smallint(6) NOT NULL DEFAULT '0',
  `account` int(11) NOT NULL DEFAULT '0',
  `narrative` varchar(200) NOT NULL DEFAULT '',
  `amount` double NOT NULL DEFAULT '0',
  `posted` tinyint(4) NOT NULL DEFAULT '0',
  `jobref` varchar(20) NOT NULL DEFAULT '',
  `invoicetype` varchar(200) DEFAULT NULL,
  PRIMARY KEY (`counterindex`),
  KEY `Account` (`account`),
  KEY `ChequeNo` (`chequeno`),
  KEY `PeriodNo` (`periodno`),
  KEY `Posted` (`posted`),
  KEY `TranDate` (`trandate`),
  KEY `TypeNo` (`typeno`),
  KEY `Type_and_Number` (`type`,`typeno`),
  KEY `JobRef` (`jobref`)
) ENGINE=InnoDB AUTO_INCREMENT=159 DEFAULT CHARSET=latin1;
/*!40101 SET character_set_client = @saved_cs_client */;

--
-- Dumping data for table `gltrans`
--

LOCK TABLES `gltrans` WRITE;
/*!40000 ALTER TABLE `gltrans` DISABLE KEYS */;
INSERT INTO `gltrans` VALUES (1,10,1001,'','2007-04-17',2,4550,'WWW1070 - H02 x 2 @ 1',-2,1,'',NULL),(2,10,1001,'','2007-04-17',2,4550,'WWW1070 - H01 x 3 @ 23.142424942263',-69.427274826789,1,'',NULL),(3,10,1001,'','2007-04-17',2,1210,'WWW1070',116.43,1,'',NULL),(4,10,1001,'','2007-04-17',2,5531,'WWW1070',-45,1,'',NULL),(5,10,1002,'','2007-04-17',2,4550,'WWW1087 - G01-02 x 250 @ 4.99',-1247.5,1,'',NULL),(6,10,1002,'','2007-04-17',2,4550,'WWW1087 - H02 x 1 @ 1',-1,1,'',NULL),(7,10,1002,'','2007-04-17',2,1210,'WWW1087',1293.5,1,'',NULL),(8,10,1002,'','2007-04-17',2,5531,'WWW1087',-45,1,'',NULL),(9,10,1003,'','2007-04-17',2,4550,'WWW1087 - P04 x 1 @ 73.142424942263',-73.142424942263,1,'',NULL),(10,10,1003,'','2007-04-17',2,1210,'WWW1087',110.14,1,'',NULL),(11,10,1003,'','2007-04-17',2,5531,'WWW1087',-37,1,'',NULL),(12,10,1004,'','2007-04-17',2,4550,'WWW1064 - H02 x 247 @ 1',-247,1,'',NULL),(13,10,1004,'','2007-04-17',2,1210,'WWW1064',301.04,1,'',NULL),(14,10,1004,'','2007-04-17',2,5531,'WWW1064',-37,1,'',NULL),(15,10,1004,'','2007-04-17',2,2050,'WWW1064',-17.04,1,'',NULL),(16,10,1005,'','2007-04-17',2,4550,'WWW1080 - H02 x 5 @ 1',-5,1,'',NULL),(17,10,1005,'','2007-04-17',2,1210,'WWW1080',18.02,1,'',NULL),(18,10,1005,'','2007-04-17',2,5531,'WWW1080',-12,1,'',NULL),(19,10,1005,'','2007-04-17',2,2050,'WWW1080',-1.02,1,'',NULL),(20,10,1006,'','2007-04-17',2,4550,'WWW1084 - G01-01 x 23 @ 4.99',-114.77,1,'',NULL),(21,10,1006,'','2007-04-17',2,1210,'WWW1084',134.38,1,'',NULL),(22,10,1006,'','2007-04-17',2,5531,'WWW1084',-12,1,'',NULL),(23,10,1006,'','2007-04-17',2,2050,'WWW1084',-7.6062,1,'',NULL),(24,10,1007,'','2007-04-17',2,4550,'WWW1087 - P03 x 1 @ 48.12',-48.12,1,'',NULL),(25,10,1007,'','2007-04-17',2,1210,'WWW1087',85.12,1,'',NULL),(26,10,1007,'','2007-04-17',2,5531,'WWW1087',-37,1,'',NULL),(27,10,1008,'','2007-05-08',3,4550,'WWW1103 - H02 x 1 @ 0.25',-0.25,1,'',NULL),(28,10,1008,'','2007-05-08',3,1210,'WWW1103',0.53,1,'',NULL),(29,10,1008,'','2007-05-08',3,5531,'WWW1103',-0.25,1,'',NULL),(30,10,1008,'','2007-05-08',3,2050,'WWW1103',-0.03,1,'',NULL),(31,10,1009,'','2007-05-15',3,4550,'WWW1109 - H01 x 2 @ 0.25',-0.5,1,'',NULL),(32,10,1009,'','2007-05-15',3,1210,'WWW1109',0.8,1,'',NULL),(33,10,1009,'','2007-05-15',3,5531,'WWW1109',-0.25,1,'',NULL),(34,10,1009,'','2007-05-15',3,2050,'WWW1109',-0.045,1,'',NULL),(35,10,1010,'','2007-08-20',6,4550,'WWW1070 - VW2 x 1 @ 3490',-3490,1,'',NULL),(36,10,1010,'','2007-08-20',6,1210,'WWW1070',3490,1,'',NULL),(37,10,1011,'','2007-08-20',6,4550,'WWW1131 - VW004 x 1 @ 56',-56,1,'',NULL),(38,10,1011,'','2007-08-20',6,1210,'WWW1131',84,1,'',NULL),(39,10,1011,'','2007-08-20',6,5531,'WWW1131',-28,1,'',NULL),(40,10,1012,'','2010-09-30',43,4550,'MON1053 - G01-01 x 3 @ 5.4',-16.2,1,'',NULL),(41,10,1012,'','2010-09-30',43,1210,'MON1053',17.17,1,'',NULL),(42,10,1012,'','2010-09-30',43,2050,'MON1053',-0.972,1,'',NULL),(43,10,1013,'','2010-09-30',43,4550,'WWW1184 - POW03 x 1 @ 56',-56,1,'',NULL),(44,10,1013,'','2010-09-30',43,1210,'WWW1184',84,1,'',NULL),(45,10,1013,'','2010-09-30',43,5531,'WWW1184',-28,1,'',NULL),(46,10,1014,'','2010-09-30',43,4550,'WWW1184 - H02 x 244 @ 0.25',-61,0,'',NULL),(47,10,1014,'','2010-09-30',43,1210,'WWW1184',89,0,'',NULL),(48,10,1014,'','2010-09-30',43,5531,'WWW1184',-28,0,'',NULL),(49,35,27,'','2010-09-29',43,4100,'POW03 cost was 0.0000 changed to 44 x Quantity on hand of -1',44,0,'',NULL),(50,35,27,'','2010-09-29',43,1010,'POW03 cost was 0.0000 changed to 44 x Quantity on hand of -1',-44,0,'',NULL),(51,10,1015,'','2010-09-30',43,5100,'WWW1184 - POW03 x 3 @ 44.0000',132,0,'',NULL),(52,10,1015,'','2010-09-30',43,1010,'WWW1184 - POW03 x 3 @ 44.0000',-132,0,'',NULL),(53,10,1015,'','2010-09-30',43,4550,'WWW1184 - POW03 x 3 @ 53',-159,0,'',NULL),(54,10,1015,'','2010-09-30',43,1210,'WWW1184',159,0,'',NULL),(55,10,1016,'','2010-09-30',43,5100,'WWW1184 - POW03 x 6 @ 44.0000',264,0,'',NULL),(56,10,1016,'','2010-09-30',43,1010,'WWW1184 - POW03 x 6 @ 44.0000',-264,0,'',NULL),(57,10,1016,'','2010-09-30',43,4550,'WWW1184 - POW03 x 6 @ 53',-318,0,'',NULL),(58,10,1016,'','2010-09-30',43,1210,'WWW1184',318,0,'',NULL),(59,10,1017,'','2010-09-30',43,4550,'WWW1080 - G01-01 x 3 @ 5.4',-16.2,0,'',NULL),(60,10,1017,'','2010-09-30',43,1210,'WWW1080',17.17,0,'',NULL),(61,10,1017,'','2010-09-30',43,2050,'WWW1080',-0.972,0,'',NULL),(62,10,1018,'','2010-09-30',43,5100,'WWW1184 - POW03 x 1 @ 44.0000',44,0,'',NULL),(63,10,1018,'','2010-09-30',43,1010,'WWW1184 - POW03 x 1 @ 44.0000',-44,0,'',NULL),(64,10,1018,'','2010-09-30',43,4550,'WWW1184 - POW03 x 1 @ 53',-53,0,'',NULL),(65,10,1018,'','2010-09-30',43,1210,'WWW1184',53,0,'',NULL),(66,10,1019,'','2010-09-30',43,4550,'WWW1184 - POWER030 x 1 @ 56',-56,0,'',NULL),(67,10,1019,'','2010-09-30',43,1210,'WWW1184',56.15,0,'',NULL),(68,10,1019,'','2010-09-30',43,5531,'WWW1184',-0.15,0,'',NULL),(69,35,28,'','2010-10-02',44,5100,'G01-02 cost was 0.0000 changed to 18 x Quantity on hand of 250',-4500,0,'',NULL),(70,35,28,'','2010-10-02',44,1510,'G01-02 cost was 0.0000 changed to 18 x Quantity on hand of 250',4500,0,'',NULL),(71,17,13,'','2010-10-02',44,5100,'G01-02 x 131 @ 18.0000 ',-2358,0,'',NULL),(72,17,13,'','2010-10-02',44,1510,'G01-02 x 131 @ 18.0000 ',2358,0,'',NULL),(73,10,1020,'','2010-10-04',44,5100,'WWW1064 - G01-02 x 131 @ 18.0000',2358,0,'',NULL),(74,10,1020,'','2010-10-04',44,1510,'WWW1064 - G01-02 x 131 @ 18.0000',-2358,0,'',NULL),(75,10,1020,'','2010-10-04',44,4550,'WWW1064 - G01-02 x 131 @ 5.4',-707.4,0,'',NULL),(76,10,1020,'','2010-10-04',44,1210,'WWW1064',813.51,0,'',NULL),(77,10,1020,'','2010-10-04',44,2060,'WWW1064',-106.11,0,'',NULL),(78,10,1021,'','2010-12-08',46,4550,'WWW1087 - G03 x 4 @ 24.99',-99.96,0,'',NULL),(79,10,1021,'','2010-12-08',46,1210,'WWW1087',99.96,0,'',NULL),(80,10,1022,'','2010-12-08',46,4550,'MWD1197 - G01-01 x 35 @ 5.4',-189,0,'',NULL),(81,10,1022,'','2010-12-08',46,1210,'MWD1197',217.35,0,'',NULL),(82,10,1022,'','2010-12-08',46,2060,'MWD1197',-28.35,0,'',NULL),(83,10,1023,'','2010-12-08',46,4550,'WWW1094 - PW3502 x 1 @ 3500',-3500,0,'',NULL),(84,10,1023,'','2010-12-08',46,4635,'WWW1094 - PW3502 @ 3%',105,0,'',NULL),(85,10,1023,'','2010-12-08',46,1210,'WWW1094',3904.25,0,'',NULL),(86,10,1023,'','2010-12-08',46,2060,'WWW1094',-509.25,0,'',NULL),(87,10,1024,'','2010-12-08',46,4550,'WWW1131 - PW3553 x 1 @ 37',-37,0,'',NULL),(88,10,1024,'','2010-12-08',46,4550,'WWW1131 - P03 x 1 @ 48.12',-48.12,0,'',NULL),(89,10,1024,'','2010-12-08',46,1210,'WWW1131',85.12,0,'',NULL),(90,10,1025,'','2010-12-08',46,4550,'TUR1212 - POW02 x 2 @ 23',-46,0,'',NULL),(91,10,1025,'','2010-12-08',46,1210,'TUR1212',52.9,0,'',NULL),(92,10,1025,'','2010-12-08',46,2060,'TUR1212',-6.9,0,'',NULL),(93,10,1026,'','2010-12-09',46,4550,'TOR1226 - PW3502 x 11 @ 2',-22,0,'',NULL),(94,10,1026,'','2010-12-09',46,1210,'TOR1226',25.3,0,'',NULL),(95,10,1026,'','2010-12-09',46,2060,'TOR1226',-3.3,0,'',NULL),(96,10,1027,'','2010-12-13',46,5100,'WWW1230 - POW03 x 1 @ 44.0000',44,0,'',NULL),(97,10,1027,'','2010-12-13',46,1010,'WWW1230 - POW03 x 1 @ 44.0000',-44,0,'',NULL),(98,10,1027,'','2010-12-13',46,4550,'WWW1230 - POW03 x 1 @ 53',-53,0,'',NULL),(99,10,1027,'','2010-12-13',46,1210,'WWW1230',53.15,0,'',NULL),(100,10,1027,'','2010-12-13',46,5531,'WWW1230',-0.15,0,'',NULL),(101,10,1028,'','2010-12-13',46,4550,'WWW1230 - PW3553 x 2 @ 370',-740,0,'',NULL),(102,10,1028,'','2010-12-13',46,1210,'WWW1230',740,0,'',NULL),(103,10,1029,'','2010-12-13',46,5100,'WWW1230 - POW03 x 1 @ 44.0000',44,0,'',NULL),(104,10,1029,'','2010-12-13',46,1010,'WWW1230 - POW03 x 1 @ 44.0000',-44,0,'',NULL),(105,10,1029,'','2010-12-13',46,4550,'WWW1230 - POW03 x 1 @ 53',-53,0,'',NULL),(106,10,1029,'','2010-12-13',46,1210,'WWW1230',81,0,'',NULL),(107,10,1029,'','2010-12-13',46,5531,'WWW1230',-28,0,'',NULL),(108,10,1030,'','2010-12-13',46,5100,'WWW1230 - POW03 x 1 @ 44.0000',44,0,'',NULL),(109,10,1030,'','2010-12-13',46,1010,'WWW1230 - POW03 x 1 @ 44.0000',-44,0,'',NULL),(110,10,1030,'','2010-12-13',46,4550,'WWW1230 - POW03 x 1 @ 53',-53,0,'',NULL),(111,10,1030,'','2010-12-13',46,1210,'WWW1230',81,0,'',NULL),(112,10,1030,'','2010-12-13',46,5531,'WWW1230',-28,0,'',NULL),(113,10,1031,'','2010-12-13',46,5100,'WWW1238 - POW03 x 1 @ 44.0000',44,0,'',NULL),(114,10,1031,'','2010-12-13',46,1010,'WWW1238 - POW03 x 1 @ 44.0000',-44,0,'',NULL),(115,10,1031,'','2010-12-13',46,4550,'WWW1238 - POW03 x 1 @ 53',-53,0,'',NULL),(116,10,1031,'','2010-12-13',46,1210,'WWW1238',93.15,0,'',NULL),(117,10,1031,'','2010-12-13',46,5531,'WWW1238',-28,0,'',NULL),(118,10,1031,'','2010-12-13',46,2060,'WWW1238',-12.15,0,'',NULL),(119,10,1032,'','2010-12-13',46,5100,'WWW1230 - POW03 x 1 @ 44.0000',44,0,'',NULL),(120,10,1032,'','2010-12-13',46,1010,'WWW1230 - POW03 x 1 @ 44.0000',-44,0,'',NULL),(121,10,1032,'','2010-12-13',46,4550,'WWW1230 - POW03 x 1 @ 53',-53,0,'',NULL),(122,10,1032,'','2010-12-13',46,1210,'WWW1230',81,0,'',NULL),(123,10,1032,'','2010-12-13',46,5531,'WWW1230',-28,0,'',NULL),(124,10,1033,'','2010-12-13',46,4550,'MON1053 - POW02 x 12 @ 370',-4440,0,'',NULL),(125,10,1033,'','2010-12-13',46,1210,'MON1053',4706.4,0,'',NULL),(126,10,1033,'','2010-12-13',46,2050,'MON1053',-266.4,0,'',NULL),(127,10,1034,'','2010-12-13',46,4550,'CAN1219 - POW02 x 3 @ 233',-699,0,'',NULL),(128,10,1034,'','2010-12-13',46,1210,'CAN1219',803.85,0,'',NULL),(129,10,1034,'','2010-12-13',46,2060,'CAN1219',-104.85,0,'',NULL),(130,10,1035,'','2010-12-13',46,5100,'WWW1230 - POW03 x 2 @ 44.0000',88,0,'',NULL),(131,10,1035,'','2010-12-13',46,1010,'WWW1230 - POW03 x 2 @ 44.0000',-88,0,'',NULL),(132,10,1035,'','2010-12-13',46,4550,'WWW1230 - POW03 x 2 @ 53',-106,0,'',NULL),(133,10,1035,'','2010-12-13',46,1210,'WWW1230',134,0,'',NULL),(134,10,1035,'','2010-12-13',46,5531,'WWW1230',-28,0,'',NULL),(135,10,1036,'','2010-12-13',46,4550,'DB 1248 - POW02 x 2 @ 282',-564,0,'',NULL),(136,10,1036,'','2010-12-13',46,1210,'DB 1248',648.6,0,'',NULL),(137,10,1036,'','2010-12-13',46,2060,'DB 1248',-84.6,0,'',NULL),(138,25,1012,'','2010-12-12',46,1510,'PO: 2 0004 - P04 - Power Sander x 1 @ 0.00',0,0,'',NULL),(139,25,1012,'','2010-12-12',46,1510,'PO: 2 0004 - P04 - Power Sander x 1 @ 0.00',0,0,'',NULL),(140,25,1013,'','2010-12-13',46,1510,'PO: 3 0004 - G01-02 - Hand Shovel - Green, Medium x 50 @ 18.00',900,0,'',NULL),(141,25,1013,'','2010-12-13',46,1510,'PO: 3 0004 - G01-02 - Hand Shovel - Green, Medium x 50 @ 18.00',-900,0,'',NULL),(142,10,1037,'','2010-12-13',46,4550,'WWW1230 - G01 x 1 @ 0.85',-0.85,0,'',NULL),(143,10,1037,'','2010-12-13',46,1210,'WWW1230',28.85,0,'',NULL),(144,10,1037,'','2010-12-13',46,5531,'WWW1230',-28,0,'',NULL),(145,10,1038,'','2010-12-13',46,4550,'WWW1230 - VW004 x 1 @ 56',-56,0,'',NULL),(146,10,1038,'','2010-12-13',46,1210,'WWW1230',84,0,'',NULL),(147,10,1038,'','2010-12-13',46,5531,'WWW1230',-28,0,'',NULL),(148,10,1039,'','2010-12-13',46,5100,'WWW1254 - POW03 x 1 @ 44.0000',44,0,'',NULL),(149,10,1039,'','2010-12-13',46,1010,'WWW1254 - POW03 x 1 @ 44.0000',-44,0,'',NULL),(150,10,1039,'','2010-12-13',46,4550,'WWW1254 - POW03 x 1 @ 53',-53,0,'',NULL),(151,10,1039,'','2010-12-13',46,1210,'WWW1254',81,0,'',NULL),(152,10,1039,'','2010-12-13',46,5531,'WWW1254',-28,0,'',NULL),(153,10,1040,'','2010-12-29',46,4550,'MWD1258 - PW3553 x 1 @ 370',-370,0,'',NULL),(154,10,1040,'','2010-12-29',46,1210,'MWD1258',425.5,0,'',NULL),(155,10,1040,'','2010-12-29',46,2060,'MWD1258',-55.5,0,'',NULL),(156,10,1041,'','2010-12-29',46,4550,'MWD1258 - PW3553 x 2 @ 239',-478,0,'',NULL),(157,10,1041,'','2010-12-29',46,1210,'MWD1258',549.7,0,'',NULL),(158,10,1041,'','2010-12-29',46,2060,'MWD1258',-71.7,0,'',NULL);
/*!40000 ALTER TABLE `gltrans` ENABLE KEYS */;
UNLOCK TABLES;

--
-- Table structure for table `grns`
--

DROP TABLE IF EXISTS `grns`;
/*!40101 SET @saved_cs_client     = @@character_set_client */;
/*!40101 SET character_set_client = utf8 */;
CREATE TABLE `grns` (
  `grnbatch` smallint(6) NOT NULL DEFAULT '0',
  `grnno` int(11) NOT NULL AUTO_INCREMENT,
  `podetailitem` int(11) NOT NULL DEFAULT '0',
  `itemcode` varchar(20) NOT NULL DEFAULT '',
  `deliverydate` date NOT NULL DEFAULT '0000-00-00',
  `itemdescription` varchar(100) NOT NULL DEFAULT '',
  `qtyrecd` double NOT NULL DEFAULT '0',
  `quantityinv` double NOT NULL DEFAULT '0',
  `supplierid` varchar(10) NOT NULL DEFAULT '',
  `stdcostunit` double NOT NULL DEFAULT '0',
  PRIMARY KEY (`grnno`),
  KEY `DeliveryDate` (`deliverydate`),
  KEY `ItemCode` (`itemcode`),
  KEY `PODetailItem` (`podetailitem`),
  KEY `SupplierID` (`supplierid`)
) ENGINE=InnoDB AUTO_INCREMENT=3 DEFAULT CHARSET=latin1;
/*!40101 SET character_set_client = @saved_cs_client */;

--
-- Dumping data for table `grns`
--

LOCK TABLES `grns` WRITE;
/*!40000 ALTER TABLE `grns` DISABLE KEYS */;
INSERT INTO `grns` VALUES (1012,1,2,'P04','2010-12-12','Power Sander',1,0,'0004',0),(1013,2,4,'G01-02','2010-12-13','Hand Shovel - Green, Medium',50,0,'0004',18);
/*!40000 ALTER TABLE `grns` ENABLE KEYS */;
UNLOCK TABLES;

--
-- Table structure for table `groups`
--

DROP TABLE IF EXISTS `groups`;
/*!40101 SET @saved_cs_client     = @@character_set_client */;
/*!40101 SET character_set_client = utf8 */;
CREATE TABLE `groups` (
  `name` varchar(100) NOT NULL DEFAULT '',
  `description` longtext,
  PRIMARY KEY (`name`)
) ENGINE=InnoDB DEFAULT CHARSET=latin1;
/*!40101 SET character_set_client = @saved_cs_client */;

--
-- Dumping data for table `groups`
--

LOCK TABLES `groups` WRITE;
/*!40000 ALTER TABLE `groups` DISABLE KEYS */;
INSERT INTO `groups` VALUES ('',NULL);
/*!40000 ALTER TABLE `groups` ENABLE KEYS */;
UNLOCK TABLES;

--
-- Table structure for table `headers`
--

DROP TABLE IF EXISTS `headers`;
/*!40101 SET @saved_cs_client     = @@character_set_client */;
/*!40101 SET character_set_client = utf8 */;
CREATE TABLE `headers` (
  `fileid` int(3) NOT NULL AUTO_INCREMENT,
  `headernames` varchar(30) NOT NULL DEFAULT '',
  PRIMARY KEY (`fileid`)
) ENGINE=MyISAM DEFAULT CHARSET=latin1;
/*!40101 SET character_set_client = @saved_cs_client */;

--
-- Dumping data for table `headers`
--

LOCK TABLES `headers` WRITE;
/*!40000 ALTER TABLE `headers` DISABLE KEYS */;
/*!40000 ALTER TABLE `headers` ENABLE KEYS */;
UNLOCK TABLES;

--
-- Table structure for table `holdreasons`
--

DROP TABLE IF EXISTS `holdreasons`;
/*!40101 SET @saved_cs_client     = @@character_set_client */;
/*!40101 SET character_set_client = utf8 */;
CREATE TABLE `holdreasons` (
  `reasoncode` smallint(6) NOT NULL DEFAULT '1',
  `reasondescription` char(30) NOT NULL DEFAULT '',
  `dissallowinvoices` tinyint(4) NOT NULL DEFAULT '-1',
  PRIMARY KEY (`reasoncode`),
  KEY `ReasonCode` (`reasoncode`),
  KEY `ReasonDescription` (`reasondescription`)
) ENGINE=InnoDB DEFAULT CHARSET=latin1;
/*!40101 SET character_set_client = @saved_cs_client */;

--
-- Dumping data for table `holdreasons`
--

LOCK TABLES `holdreasons` WRITE;
/*!40000 ALTER TABLE `holdreasons` DISABLE KEYS */;
INSERT INTO `holdreasons` VALUES (1,'Good History',0),(20,'Watch',0),(51,'In liquidation',1);
/*!40000 ALTER TABLE `holdreasons` ENABLE KEYS */;
UNLOCK TABLES;

--
-- Table structure for table `icm_banner`
--

DROP TABLE IF EXISTS `icm_banner`;
/*!40101 SET @saved_cs_client     = @@character_set_client */;
/*!40101 SET character_set_client = utf8 */;
CREATE TABLE `icm_banner` (
  `bid` int(11) NOT NULL AUTO_INCREMENT,
  `cid` int(11) NOT NULL DEFAULT '0',
  `type` varchar(90) NOT NULL DEFAULT 'banner',
  `name` text NOT NULL,
  `imptotal` int(11) NOT NULL DEFAULT '0',
  `impmade` int(11) NOT NULL DEFAULT '0',
  `clicks` int(11) NOT NULL DEFAULT '0',
  `imageurl` varchar(100) NOT NULL DEFAULT '',
  `clickurl` varchar(200) NOT NULL DEFAULT '',
  `date` datetime DEFAULT NULL,
  `showBanner` tinyint(1) NOT NULL DEFAULT '0',
  `checked_out` tinyint(1) NOT NULL DEFAULT '0',
  `checked_out_time` datetime NOT NULL DEFAULT '0000-00-00 00:00:00',
  `editor` varchar(150) DEFAULT NULL,
  `custombannercode` text,
  `catid` int(10) unsigned NOT NULL DEFAULT '0',
  `description` text NOT NULL,
  `sticky` tinyint(1) unsigned NOT NULL DEFAULT '0',
  `ordering` int(11) NOT NULL DEFAULT '0',
  `publish_up` datetime NOT NULL DEFAULT '0000-00-00 00:00:00',
  `publish_down` datetime NOT NULL DEFAULT '0000-00-00 00:00:00',
  `tags` text NOT NULL,
  `params` text NOT NULL,
  PRIMARY KEY (`bid`),
  KEY `viewbanner` (`showBanner`),
  KEY `idx_banner_catid` (`catid`)
) ENGINE=MyISAM DEFAULT CHARSET=latin1;
/*!40101 SET character_set_client = @saved_cs_client */;

--
-- Dumping data for table `icm_banner`
--

LOCK TABLES `icm_banner` WRITE;
/*!40000 ALTER TABLE `icm_banner` DISABLE KEYS */;
/*!40000 ALTER TABLE `icm_banner` ENABLE KEYS */;
UNLOCK TABLES;

--
-- Table structure for table `icm_bannerclient`
--

DROP TABLE IF EXISTS `icm_bannerclient`;
/*!40101 SET @saved_cs_client     = @@character_set_client */;
/*!40101 SET character_set_client = utf8 */;
CREATE TABLE `icm_bannerclient` (
  `cid` int(11) NOT NULL AUTO_INCREMENT,
  `name` text NOT NULL,
  `contact` text NOT NULL,
  `email` varchar(255) NOT NULL DEFAULT '',
  `extrainfo` text NOT NULL,
  `checked_out` tinyint(1) NOT NULL DEFAULT '0',
  `checked_out_time` time DEFAULT NULL,
  `editor` varchar(150) DEFAULT NULL,
  PRIMARY KEY (`cid`)
) ENGINE=MyISAM DEFAULT CHARSET=latin1;
/*!40101 SET character_set_client = @saved_cs_client */;

--
-- Dumping data for table `icm_bannerclient`
--

LOCK TABLES `icm_bannerclient` WRITE;
/*!40000 ALTER TABLE `icm_bannerclient` DISABLE KEYS */;
/*!40000 ALTER TABLE `icm_bannerclient` ENABLE KEYS */;
UNLOCK TABLES;

--
-- Table structure for table `icm_bannertrack`
--

DROP TABLE IF EXISTS `icm_bannertrack`;
/*!40101 SET @saved_cs_client     = @@character_set_client */;
/*!40101 SET character_set_client = utf8 */;
CREATE TABLE `icm_bannertrack` (
  `track_date` date NOT NULL DEFAULT '0000-00-00',
  `track_type` int(10) unsigned NOT NULL DEFAULT '0',
  `banner_id` int(10) unsigned NOT NULL DEFAULT '0'
) ENGINE=MyISAM DEFAULT CHARSET=latin1;
/*!40101 SET character_set_client = @saved_cs_client */;

--
-- Dumping data for table `icm_bannertrack`
--

LOCK TABLES `icm_bannertrack` WRITE;
/*!40000 ALTER TABLE `icm_bannertrack` DISABLE KEYS */;
/*!40000 ALTER TABLE `icm_bannertrack` ENABLE KEYS */;
UNLOCK TABLES;

--
-- Table structure for table `icm_categories`
--

DROP TABLE IF EXISTS `icm_categories`;
/*!40101 SET @saved_cs_client     = @@character_set_client */;
/*!40101 SET character_set_client = utf8 */;
CREATE TABLE `icm_categories` (
  `id` int(11) NOT NULL AUTO_INCREMENT,
  `parent_id` int(11) NOT NULL DEFAULT '0',
  `title` text NOT NULL,
  `name` text NOT NULL,
  `image` varchar(255) NOT NULL DEFAULT '',
  `section` varchar(150) NOT NULL DEFAULT '',
  `image_position` varchar(90) NOT NULL DEFAULT '',
  `description` text NOT NULL,
  `published` tinyint(1) NOT NULL DEFAULT '0',
  `checked_out` int(11) unsigned NOT NULL DEFAULT '0',
  `checked_out_time` datetime NOT NULL DEFAULT '0000-00-00 00:00:00',
  `editor` varchar(150) DEFAULT NULL,
  `ordering` int(11) NOT NULL DEFAULT '0',
  `access` tinyint(3) unsigned NOT NULL DEFAULT '0',
  `count` int(11) NOT NULL DEFAULT '0',
  `params` text NOT NULL,
  PRIMARY KEY (`id`),
  KEY `cat_idx` (`section`,`published`,`access`),
  KEY `idx_section` (`section`),
  KEY `idx_access` (`access`),
  KEY `idx_checkout` (`checked_out`)
) ENGINE=MyISAM AUTO_INCREMENT=2 DEFAULT CHARSET=latin1;
/*!40101 SET character_set_client = @saved_cs_client */;

--
-- Dumping data for table `icm_categories`
--

LOCK TABLES `icm_categories` WRITE;
/*!40000 ALTER TABLE `icm_categories` DISABLE KEYS */;
INSERT INTO `icm_categories` VALUES (1,0,'General','General','','1','left','',1,0,'0000-00-00 00:00:00',NULL,1,0,0,'');
/*!40000 ALTER TABLE `icm_categories` ENABLE KEYS */;
UNLOCK TABLES;

--
-- Table structure for table `icm_components`
--

DROP TABLE IF EXISTS `icm_components`;
/*!40101 SET @saved_cs_client     = @@character_set_client */;
/*!40101 SET character_set_client = utf8 */;
CREATE TABLE `icm_components` (
  `id` int(11) NOT NULL AUTO_INCREMENT,
  `name` varchar(150) NOT NULL DEFAULT '',
  `link` varchar(255) NOT NULL DEFAULT '',
  `menuid` int(11) unsigned NOT NULL DEFAULT '0',
  `parent` int(11) unsigned NOT NULL DEFAULT '0',
  `admin_menu_link` varchar(255) NOT NULL DEFAULT '',
  `admin_menu_alt` text NOT NULL,
  `option` varchar(50) NOT NULL DEFAULT '',
  `ordering` int(11) NOT NULL DEFAULT '0',
  `admin_menu_img` varchar(255) NOT NULL DEFAULT '',
  `iscore` tinyint(4) NOT NULL DEFAULT '0',
  `params` text NOT NULL,
  `enabled` tinyint(4) NOT NULL DEFAULT '1',
  PRIMARY KEY (`id`)
) ENGINE=MyISAM AUTO_INCREMENT=35 DEFAULT CHARSET=latin1;
/*!40101 SET character_set_client = @saved_cs_client */;

--
-- Dumping data for table `icm_components`
--

LOCK TABLES `icm_components` WRITE;
/*!40000 ALTER TABLE `icm_components` DISABLE KEYS */;
INSERT INTO `icm_components` VALUES (1,'Banners','',0,0,'','Banner Management','com_banners',0,'js/ThemeOffice/component.png',0,'',1),(2,'Banners','',0,1,'option=com_banners','Active Banners','com_banners',1,'js/ThemeOffice/edit.png',0,'',1),(3,'Clients','',0,1,'option=com_banners&c=client','Manage Clients','com_banners',2,'js/ThemeOffice/categories.png',0,'',1),(4,'Web Links','option=com_weblinks',0,0,'','Manage Weblinks','com_weblinks',0,'js/ThemeOffice/component.png',0,'',1),(5,'Links','',0,4,'option=com_weblinks','View existing weblinks','com_weblinks',1,'js/ThemeOffice/edit.png',0,'',1),(6,'Categories','',0,4,'option=com_categories&section=com_weblinks','Manage weblink categories','',2,'js/ThemeOffice/categories.png',0,'',1),(7,'Contacts','option=com_contact',0,0,'','Edit contact details','com_contact',0,'js/ThemeOffice/component.png',1,'',1),(8,'Contacts','',0,7,'option=com_contact','Edit contact details','com_contact',0,'js/ThemeOffice/edit.png',1,'',1),(9,'Categories','',0,7,'option=com_categories&section=com_contact_details','Manage contact categories','',2,'js/ThemeOffice/categories.png',1,'',1),(10,'Polls','option=com_poll',0,0,'option=com_poll','Manage Polls','com_poll',0,'js/ThemeOffice/component.png',0,'',1),(11,'News Feeds','option=com_newsfeeds',0,0,'','News Feeds Management','com_newsfeeds',0,'js/ThemeOffice/component.png',0,'',1),(12,'Feeds','',0,11,'option=com_newsfeeds','Manage News Feeds','com_newsfeeds',1,'js/ThemeOffice/edit.png',0,'',1),(13,'Categories','',0,11,'option=com_categories&section=com_newsfeeds','Manage Categories','',2,'js/ThemeOffice/categories.png',0,'',1),(14,'Login','option=com_login',0,0,'','','com_login',0,'',1,'',1),(15,'Search','option=com_search',0,0,'','','com_search',0,'',1,'',1),(16,'Categories','',0,1,'option=com_categories&section=com_banner','Categories','',3,'',1,'',1),(17,'Wrapper','option=com_wrapper',0,0,'','Wrapper','com_wrapper',0,'',1,'',1),(18,'Mail To','',0,0,'','','com_mailto',0,'',1,'',1),(19,'Media Manager','',0,0,'option=com_media','Media Manager','com_media',0,'',1,'upload_extensions=bmp,csv,doc,epg,gif,ico,jpg,odg,odp,ods,odt,pdf,png,ppt,swf,txt,xcf,xls,BMP,CSV,DOC,EPG,GIF,ICO,JPG,ODG,ODP,ODS,ODT,PDF,PNG,PPT,SWF,TXT,XCF,XLS\nupload_maxsize=10000000\n\n',1),(20,'Articles','option=com_content',0,0,'','','com_content',0,'',1,'shownoauth=0\nlink_titles=0\nreadmore=1\nvote=0\nhideAuthor=0\nhideCreateDate=0\nhideModifyDate=0\nhidePdf=0\nhidePrint=0\nhideEmail=0\nicons=1\nhits=1\n\n',1),(21,'Configuration Manager','',0,0,'','Configuration','com_config',0,'',1,'',1),(22,'Installation Manager','',0,0,'','Installer','com_installer',0,'',1,'',1),(23,'Lanuage Manager','',0,0,'','Lanaguages','com_languages',0,'',1,'',1),(24,'Mass mail','',0,0,'','Mass Mail','com_massmail',0,'',1,'',1),(25,'Menu Editor','',0,0,'','Menu Editor','com_menus',0,'',1,'',1),(26,'Menu Manager','',0,0,'','Menu Manager','com_menumanager',0,'',1,'',1),(27,'Messaging','',0,0,'','Messages','com_messages',0,'',1,'',1),(28,'Modules Manager','',0,0,'','Modules','com_modules',0,'',1,'',1),(29,'Plugin Manager','',0,0,'','Plugins','com_plugins',0,'',1,'',1),(30,'Statistics','',0,0,'','Statistics','com_statistics',0,'',1,'',1),(31,'Template Manager','',0,0,'','Templates','com_templates',0,'',1,'',1),(32,'User Manager','',0,0,'','Users','com_users',0,'',1,'allowUserRegistration=1\nnew_usertype=Registered\nuseractivation=1\nfrontend_userparams=1\n\n',1),(33,'Cache Manager','',0,0,'','Cache','com_cache',0,'',1,'',1),(34,'Control Panel','',0,0,'','Control Panel','com_cpanel',0,'',1,'',1);
/*!40000 ALTER TABLE `icm_components` ENABLE KEYS */;
UNLOCK TABLES;

--
-- Table structure for table `icm_contact_details`
--

DROP TABLE IF EXISTS `icm_contact_details`;
/*!40101 SET @saved_cs_client     = @@character_set_client */;
/*!40101 SET character_set_client = utf8 */;
CREATE TABLE `icm_contact_details` (
  `id` int(11) NOT NULL AUTO_INCREMENT,
  `name` text NOT NULL,
  `con_position` text,
  `address` text,
  `suburb` text,
  `state` text,
  `country` text,
  `postcode` varchar(255) DEFAULT NULL,
  `telephone` varchar(255) DEFAULT NULL,
  `fax` varchar(255) DEFAULT NULL,
  `misc` mediumtext,
  `image` varchar(255) DEFAULT NULL,
  `imagepos` varchar(60) DEFAULT NULL,
  `email_to` varchar(255) DEFAULT NULL,
  `default_con` tinyint(1) unsigned NOT NULL DEFAULT '0',
  `published` tinyint(1) unsigned NOT NULL DEFAULT '0',
  `checked_out` int(11) unsigned NOT NULL DEFAULT '0',
  `checked_out_time` datetime NOT NULL DEFAULT '0000-00-00 00:00:00',
  `ordering` int(11) NOT NULL DEFAULT '0',
  `params` text NOT NULL,
  `user_id` int(11) NOT NULL DEFAULT '0',
  `catid` int(11) NOT NULL DEFAULT '0',
  `access` tinyint(3) unsigned NOT NULL DEFAULT '0',
  `mobile` varchar(255) NOT NULL DEFAULT '',
  `webpage` varchar(255) NOT NULL DEFAULT '',
  PRIMARY KEY (`id`)
) ENGINE=MyISAM DEFAULT CHARSET=latin1;
/*!40101 SET character_set_client = @saved_cs_client */;

--
-- Dumping data for table `icm_contact_details`
--

LOCK TABLES `icm_contact_details` WRITE;
/*!40000 ALTER TABLE `icm_contact_details` DISABLE KEYS */;
/*!40000 ALTER TABLE `icm_contact_details` ENABLE KEYS */;
UNLOCK TABLES;

--
-- Table structure for table `icm_content`
--

DROP TABLE IF EXISTS `icm_content`;
/*!40101 SET @saved_cs_client     = @@character_set_client */;
/*!40101 SET character_set_client = utf8 */;
CREATE TABLE `icm_content` (
  `id` int(11) unsigned NOT NULL AUTO_INCREMENT,
  `title` text NOT NULL,
  `title_alias` text NOT NULL,
  `introtext` mediumtext NOT NULL,
  `fulltext` mediumtext NOT NULL,
  `state` tinyint(3) NOT NULL DEFAULT '0',
  `sectionid` int(11) unsigned NOT NULL DEFAULT '0',
  `mask` int(11) unsigned NOT NULL DEFAULT '0',
  `catid` int(11) unsigned NOT NULL DEFAULT '0',
  `created` datetime NOT NULL DEFAULT '0000-00-00 00:00:00',
  `created_by` int(11) unsigned NOT NULL DEFAULT '0',
  `created_by_alias` text NOT NULL,
  `modified` datetime NOT NULL DEFAULT '0000-00-00 00:00:00',
  `modified_by` int(11) unsigned NOT NULL DEFAULT '0',
  `checked_out` int(11) unsigned NOT NULL DEFAULT '0',
  `checked_out_time` datetime NOT NULL DEFAULT '0000-00-00 00:00:00',
  `publish_up` datetime NOT NULL DEFAULT '0000-00-00 00:00:00',
  `publish_down` datetime NOT NULL DEFAULT '0000-00-00 00:00:00',
  `images` text NOT NULL,
  `urls` text NOT NULL,
  `attribs` text NOT NULL,
  `version` int(11) unsigned NOT NULL DEFAULT '1',
  `parentid` int(11) unsigned NOT NULL DEFAULT '0',
  `ordering` int(11) NOT NULL DEFAULT '0',
  `metakey` text NOT NULL,
  `metadesc` text NOT NULL,
  `access` int(11) unsigned NOT NULL DEFAULT '0',
  `hits` int(11) unsigned NOT NULL DEFAULT '0',
  `metadata` text NOT NULL,
  PRIMARY KEY (`id`),
  KEY `idx_section` (`sectionid`),
  KEY `idx_access` (`access`),
  KEY `idx_checkout` (`checked_out`),
  KEY `idx_state` (`state`),
  KEY `idx_catid` (`catid`),
  KEY `idx_mask` (`mask`)
) ENGINE=MyISAM AUTO_INCREMENT=2 DEFAULT CHARSET=latin1;
/*!40101 SET character_set_client = @saved_cs_client */;

--
-- Dumping data for table `icm_content`
--

LOCK TABLES `icm_content` WRITE;
/*!40000 ALTER TABLE `icm_content` DISABLE KEYS */;
INSERT INTO `icm_content` VALUES (1,'Welcome to the Mahsie OSS Demo Site','Welcome to the Mahsie OSS Demo Site','<p style=\"font-family: Arial,Helvetica,sans-serif; font-size: 12px\">Mahsie Open Source Solutions Inc. is dedicated to bringing open source to those who need it most:  charities, non-profit organizations and small businesses.  Our initial line of open source solutions is designed for sectors and organizations for whom essential business tools were previously unavailable or unaffordable.  </p><p style=\"font-family: Arial,Helvetica,sans-serif; font-size: 12px\">This site has been built to demonstrate the various open source applications Mahsie is currently implementing for our clients.  To find out more about Mahsie OSS Inc., please visit our <a href=\"http://www.mahsie.com\">main web site</a> .  </p><p style=\"font-family: Arial,Helvetica,sans-serif; font-size: 12px\">&nbsp;</p><p style=\"font-family: Arial,Helvetica,sans-serif; font-size: 12px\">This site effectively demonstrates our key applications:</p><table border=\"0\" cellspacing=\"3\" cellpadding=\"2\" width=\"90%\"><tbody><tr><td width=\"50%\"> <strong>Content Management System</strong> - This demonstration site is built using the Joomla Content Management System. It acts as a \'wrapper\' and common interface for our other applications, which are accessible from the menu above <strong>(Demo CRM is integrated with demo ERP).</strong><br /></td><td width=\"50%\"><strong>Customer Relationship Management</strong> - This Customer Relationship Mangement application is built using the most established, mature and supported open source CRM suites, VTiger CRM. It is also integrated with the Mahsie ERP system and is the base for the fundraising, membership management and school registration systems. <br /></td></tr><tr><td> <strong>Enterprise Resource Planning </strong>- Mahsie took the very best open source Enterprise Resource Planning (ERP) system - webERP - and merged it with other applications to create an end-to-end solution for any business. Together with our customized VTiger CRM, our modified webERP system tracks everything from leads, quotes, orders, sales, inventory, shipping, warehousing, manufacturing, production and finance in one suite. It comes with various preformatted reports and several reporting tools and functions. Built around an industrial grade relational database, this is the perfect solution for any small to medium sized organization.</td><td> <strong>School Registration </strong>- the Mahsie School Registration System is designed for any school or organization that has ongoing classes to schedule. Track students, courses, teachers, transcripts and payments with one system - and more.  Built around a modified VTiger CRM installation<br /></td></tr><tr><td> <strong>Membership Registration System</strong> - Our Membership Registration System is perfect for any membership-based group. Easily track membership payments, individuals and families, multiple addresses, contact details, requests, forms and more.  Another modified VTiger CRM product.<br /></td><td> <strong>Fundraising Management System<em>(coming soon)</em></strong> - Our Fundraising Management System takes the best from VTiger CRM 5 and other fundraising systems and combines them into onto application. It tracks multiple, complex, many-to-many relationships between people and organizations, and includes features to manage campaigns and donations - both in-kind and in cash.</td></tr></tbody></table>','',1,1,0,1,'2007-02-11 12:25:35',62,'','2007-02-20 00:59:51',62,0,'0000-00-00 00:00:00','2007-02-08 01:00:00','2009-02-27 05:00:00','','','pageclass_sfx=\nitem_title=1\nlink_titles=\nintrotext=1\nsection=0\nsection_link=0\ncategory=0\ncategory_link=0\nrating=\nauthor=\ncreatedate=\nmodifydate=\npdf=\nprint=\nemail=\nlanguage=en-GB\nkeyref=',8,0,1,'','',0,0,'robots=\nauthor=');
/*!40000 ALTER TABLE `icm_content` ENABLE KEYS */;
UNLOCK TABLES;

--
-- Table structure for table `icm_content_frontpage`
--

DROP TABLE IF EXISTS `icm_content_frontpage`;
/*!40101 SET @saved_cs_client     = @@character_set_client */;
/*!40101 SET character_set_client = utf8 */;
CREATE TABLE `icm_content_frontpage` (
  `content_id` int(11) NOT NULL DEFAULT '0',
  `ordering` int(11) NOT NULL DEFAULT '0',
  PRIMARY KEY (`content_id`)
) ENGINE=MyISAM DEFAULT CHARSET=latin1;
/*!40101 SET character_set_client = @saved_cs_client */;

--
-- Dumping data for table `icm_content_frontpage`
--

LOCK TABLES `icm_content_frontpage` WRITE;
/*!40000 ALTER TABLE `icm_content_frontpage` DISABLE KEYS */;
INSERT INTO `icm_content_frontpage` VALUES (1,1);
/*!40000 ALTER TABLE `icm_content_frontpage` ENABLE KEYS */;
UNLOCK TABLES;

--
-- Table structure for table `icm_content_rating`
--

DROP TABLE IF EXISTS `icm_content_rating`;
/*!40101 SET @saved_cs_client     = @@character_set_client */;
/*!40101 SET character_set_client = utf8 */;
CREATE TABLE `icm_content_rating` (
  `content_id` int(11) NOT NULL DEFAULT '0',
  `rating_sum` int(11) unsigned NOT NULL DEFAULT '0',
  `rating_count` int(11) unsigned NOT NULL DEFAULT '0',
  `lastip` varchar(150) NOT NULL DEFAULT '',
  PRIMARY KEY (`content_id`)
) ENGINE=MyISAM DEFAULT CHARSET=latin1;
/*!40101 SET character_set_client = @saved_cs_client */;

--
-- Dumping data for table `icm_content_rating`
--

LOCK TABLES `icm_content_rating` WRITE;
/*!40000 ALTER TABLE `icm_content_rating` DISABLE KEYS */;
/*!40000 ALTER TABLE `icm_content_rating` ENABLE KEYS */;
UNLOCK TABLES;

--
-- Table structure for table `icm_core_acl_aro`
--

DROP TABLE IF EXISTS `icm_core_acl_aro`;
/*!40101 SET @saved_cs_client     = @@character_set_client */;
/*!40101 SET character_set_client = utf8 */;
CREATE TABLE `icm_core_acl_aro` (
  `id` int(11) NOT NULL AUTO_INCREMENT,
  `section_value` varchar(240) NOT NULL DEFAULT '0',
  `value` varchar(240) NOT NULL DEFAULT '',
  `order_value` int(11) NOT NULL DEFAULT '0',
  `name` varchar(255) NOT NULL DEFAULT '',
  `hidden` int(11) NOT NULL DEFAULT '0',
  PRIMARY KEY (`id`),
  UNIQUE KEY `__section_value_value_aro` (`section_value`(100),`value`(100)),
  KEY `icm_gacl_hidden_aro` (`hidden`)
) ENGINE=MyISAM AUTO_INCREMENT=12 DEFAULT CHARSET=latin1;
/*!40101 SET character_set_client = @saved_cs_client */;

--
-- Dumping data for table `icm_core_acl_aro`
--

LOCK TABLES `icm_core_acl_aro` WRITE;
/*!40000 ALTER TABLE `icm_core_acl_aro` DISABLE KEYS */;
INSERT INTO `icm_core_acl_aro` VALUES (10,'users','62',0,'Administrator',0),(11,'users','63',0,'Gareth Spanglett',0);
/*!40000 ALTER TABLE `icm_core_acl_aro` ENABLE KEYS */;
UNLOCK TABLES;

--
-- Table structure for table `icm_core_acl_aro_groups`
--

DROP TABLE IF EXISTS `icm_core_acl_aro_groups`;
/*!40101 SET @saved_cs_client     = @@character_set_client */;
/*!40101 SET character_set_client = utf8 */;
CREATE TABLE `icm_core_acl_aro_groups` (
  `id` int(11) NOT NULL AUTO_INCREMENT,
  `parent_id` int(11) NOT NULL DEFAULT '0',
  `name` varchar(255) NOT NULL DEFAULT '',
  `lft` int(11) NOT NULL DEFAULT '0',
  `rgt` int(11) NOT NULL DEFAULT '0',
  `value` varchar(255) NOT NULL DEFAULT '',
  PRIMARY KEY (`id`),
  KEY `icm_gacl_parent_id_aro_groups` (`parent_id`),
  KEY `icm_gacl_lft_rgt_aro_groups` (`lft`,`rgt`)
) ENGINE=MyISAM AUTO_INCREMENT=31 DEFAULT CHARSET=latin1;
/*!40101 SET character_set_client = @saved_cs_client */;

--
-- Dumping data for table `icm_core_acl_aro_groups`
--

LOCK TABLES `icm_core_acl_aro_groups` WRITE;
/*!40000 ALTER TABLE `icm_core_acl_aro_groups` DISABLE KEYS */;
INSERT INTO `icm_core_acl_aro_groups` VALUES (17,0,'ROOT',1,22,'ROOT'),(28,17,'USERS',2,21,'USERS'),(29,28,'Public Frontend',3,12,'Public Frontend'),(18,29,'Registered',4,11,'Registered'),(19,18,'Author',5,10,'Author'),(20,19,'Editor',6,9,'Editor'),(21,20,'Publisher',7,8,'Publisher'),(30,28,'Public Backend',13,20,'Public Backend'),(23,30,'Manager',14,19,'Manager'),(24,23,'Administrator',15,18,'Administrator'),(25,24,'Super Administrator',16,17,'Super Administrator');
/*!40000 ALTER TABLE `icm_core_acl_aro_groups` ENABLE KEYS */;
UNLOCK TABLES;

--
-- Table structure for table `icm_core_acl_aro_sections`
--

DROP TABLE IF EXISTS `icm_core_acl_aro_sections`;
/*!40101 SET @saved_cs_client     = @@character_set_client */;
/*!40101 SET character_set_client = utf8 */;
CREATE TABLE `icm_core_acl_aro_sections` (
  `section_id` int(11) NOT NULL AUTO_INCREMENT,
  `value` varchar(230) NOT NULL DEFAULT '',
  `order_value` int(11) NOT NULL DEFAULT '0',
  `name` varchar(230) NOT NULL DEFAULT '',
  `hidden` int(11) NOT NULL DEFAULT '0',
  PRIMARY KEY (`section_id`),
  UNIQUE KEY `value_aro_sections` (`value`),
  UNIQUE KEY `icm_gacl_value_aro_sections` (`value`),
  KEY `hidden_aro_sections` (`hidden`),
  KEY `icm_gacl_hidden_aro_sections` (`hidden`)
) ENGINE=MyISAM AUTO_INCREMENT=11 DEFAULT CHARSET=latin1;
/*!40101 SET character_set_client = @saved_cs_client */;

--
-- Dumping data for table `icm_core_acl_aro_sections`
--

LOCK TABLES `icm_core_acl_aro_sections` WRITE;
/*!40000 ALTER TABLE `icm_core_acl_aro_sections` DISABLE KEYS */;
INSERT INTO `icm_core_acl_aro_sections` VALUES (10,'users',1,'Users',0);
/*!40000 ALTER TABLE `icm_core_acl_aro_sections` ENABLE KEYS */;
UNLOCK TABLES;

--
-- Table structure for table `icm_core_acl_groups_aro_map`
--

DROP TABLE IF EXISTS `icm_core_acl_groups_aro_map`;
/*!40101 SET @saved_cs_client     = @@character_set_client */;
/*!40101 SET character_set_client = utf8 */;
CREATE TABLE `icm_core_acl_groups_aro_map` (
  `group_id` int(11) NOT NULL DEFAULT '0',
  `section_value` varchar(240) NOT NULL DEFAULT '',
  `aro_id` int(11) NOT NULL DEFAULT '0',
  UNIQUE KEY `group_id_aro_id_groups_aro_map` (`group_id`,`section_value`,`aro_id`)
) ENGINE=MyISAM DEFAULT CHARSET=latin1;
/*!40101 SET character_set_client = @saved_cs_client */;

--
-- Dumping data for table `icm_core_acl_groups_aro_map`
--

LOCK TABLES `icm_core_acl_groups_aro_map` WRITE;
/*!40000 ALTER TABLE `icm_core_acl_groups_aro_map` DISABLE KEYS */;
INSERT INTO `icm_core_acl_groups_aro_map` VALUES (25,'',10),(25,'',11);
/*!40000 ALTER TABLE `icm_core_acl_groups_aro_map` ENABLE KEYS */;
UNLOCK TABLES;

--
-- Table structure for table `icm_core_log_items`
--

DROP TABLE IF EXISTS `icm_core_log_items`;
/*!40101 SET @saved_cs_client     = @@character_set_client */;
/*!40101 SET character_set_client = utf8 */;
CREATE TABLE `icm_core_log_items` (
  `time_stamp` date NOT NULL DEFAULT '0000-00-00',
  `item_table` varchar(50) NOT NULL DEFAULT '',
  `item_id` int(11) unsigned NOT NULL DEFAULT '0',
  `hits` int(11) unsigned NOT NULL DEFAULT '0'
) ENGINE=MyISAM DEFAULT CHARSET=latin1;
/*!40101 SET character_set_client = @saved_cs_client */;

--
-- Dumping data for table `icm_core_log_items`
--

LOCK TABLES `icm_core_log_items` WRITE;
/*!40000 ALTER TABLE `icm_core_log_items` DISABLE KEYS */;
/*!40000 ALTER TABLE `icm_core_log_items` ENABLE KEYS */;
UNLOCK TABLES;

--
-- Table structure for table `icm_core_log_searches`
--

DROP TABLE IF EXISTS `icm_core_log_searches`;
/*!40101 SET @saved_cs_client     = @@character_set_client */;
/*!40101 SET character_set_client = utf8 */;
CREATE TABLE `icm_core_log_searches` (
  `search_term` text NOT NULL,
  `hits` int(11) unsigned NOT NULL DEFAULT '0'
) ENGINE=MyISAM DEFAULT CHARSET=latin1;
/*!40101 SET character_set_client = @saved_cs_client */;

--
-- Dumping data for table `icm_core_log_searches`
--

LOCK TABLES `icm_core_log_searches` WRITE;
/*!40000 ALTER TABLE `icm_core_log_searches` DISABLE KEYS */;
/*!40000 ALTER TABLE `icm_core_log_searches` ENABLE KEYS */;
UNLOCK TABLES;

--
-- Table structure for table `icm_groups`
--

DROP TABLE IF EXISTS `icm_groups`;
/*!40101 SET @saved_cs_client     = @@character_set_client */;
/*!40101 SET character_set_client = utf8 */;
CREATE TABLE `icm_groups` (
  `id` tinyint(3) unsigned NOT NULL DEFAULT '0',
  `name` varchar(150) NOT NULL DEFAULT '',
  PRIMARY KEY (`id`)
) ENGINE=MyISAM DEFAULT CHARSET=latin1;
/*!40101 SET character_set_client = @saved_cs_client */;

--
-- Dumping data for table `icm_groups`
--

LOCK TABLES `icm_groups` WRITE;
/*!40000 ALTER TABLE `icm_groups` DISABLE KEYS */;
INSERT INTO `icm_groups` VALUES (0,'Public'),(1,'Registered'),(2,'Special');
/*!40000 ALTER TABLE `icm_groups` ENABLE KEYS */;
UNLOCK TABLES;

--
-- Table structure for table `icm_menu`
--

DROP TABLE IF EXISTS `icm_menu`;
/*!40101 SET @saved_cs_client     = @@character_set_client */;
/*!40101 SET character_set_client = utf8 */;
CREATE TABLE `icm_menu` (
  `id` int(11) NOT NULL AUTO_INCREMENT,
  `menutype` varchar(225) DEFAULT NULL,
  `name` text,
  `link` text,
  `type` varchar(150) NOT NULL DEFAULT '',
  `published` tinyint(1) NOT NULL DEFAULT '0',
  `parent` int(11) unsigned NOT NULL DEFAULT '0',
  `componentid` int(11) unsigned NOT NULL DEFAULT '0',
  `sublevel` int(11) DEFAULT '0',
  `ordering` int(11) DEFAULT '0',
  `checked_out` int(11) unsigned NOT NULL DEFAULT '0',
  `checked_out_time` datetime NOT NULL DEFAULT '0000-00-00 00:00:00',
  `pollid` int(11) NOT NULL DEFAULT '0',
  `browserNav` tinyint(4) DEFAULT '0',
  `access` tinyint(3) unsigned NOT NULL DEFAULT '0',
  `utaccess` tinyint(3) unsigned NOT NULL DEFAULT '0',
  `params` text NOT NULL,
  `lft` int(11) unsigned NOT NULL DEFAULT '0',
  `rgt` int(11) unsigned NOT NULL DEFAULT '0',
  `home` int(1) unsigned NOT NULL DEFAULT '0',
  PRIMARY KEY (`id`),
  KEY `componentid` (`componentid`,`menutype`,`published`,`access`),
  KEY `menutype` (`menutype`)
) ENGINE=MyISAM AUTO_INCREMENT=9 DEFAULT CHARSET=latin1;
/*!40101 SET character_set_client = @saved_cs_client */;

--
-- Dumping data for table `icm_menu`
--

LOCK TABLES `icm_menu` WRITE;
/*!40000 ALTER TABLE `icm_menu` DISABLE KEYS */;
INSERT INTO `icm_menu` VALUES (1,'mainmenu','Home','index.php?option=com_content&view=frontpage','component',1,0,20,0,1,0,'0000-00-00 00:00:00',0,0,0,3,'header=Welcome to the Mahsie OSS Demo Site\nshow_header=0\ntitle=Welcome to the Mahsie OSS Demo Site\nleading=1\nintro=0\ncolumns=1\nlink=1\norderby_pri=\norderby_sec=front\npagination=2\npagination_results=0\ncategory=0\ncategory_link=0\nitem_title=1\nlink_titles=\nreadmore=\nrating=\nauthor=\ncreatedate=\nmodifydate=\npdf=0\nprint=0\nemail=0\nsecure=0\nmenu_image=-1\npageclass_sfx=\n\n',0,0,1),(2,'topmenu','CRM','index.php?option=com_wrapper&view=wrapper','component',1,0,17,0,2,0,'0000-00-00 00:00:00',0,0,0,0,'url=http://demo.mwds.ca/redriven/internal/vtiger_crm/index.php\r\npage_title=1\r\nheader=Store Front CRM\r\nscrolling=auto\r\nwidth=100%\r\nheight=500\r\nheight_auto=1\r\nadd=1\r\nmenu_image=-1\r\npageclass_sfx=\r\n\r\n',0,0,0),(3,'topmenu','Home','1','menulink',1,0,0,0,1,0,'0000-00-00 00:00:00',0,0,0,0,'menu_item=1\n\n',0,0,0),(4,'topmenu','ERP','index.php?option=com_wrapper&view=wrapper','component',1,0,17,0,3,0,'0000-00-00 00:00:00',0,0,0,0,'url=http://demo.mwds.ca/redriven/internal/webERP/index.php\r\npage_title=1\r\nheader=Mahsie ERP\r\nscrolling=auto\r\nwidth=100%\r\nheight=500\r\nheight_auto=1\r\nadd=1\r\nmenu_image=-1\r\npageclass_sfx=\r\n\r\n',0,0,0),(5,'topmenu','School Registration System','index.php?option=com_wrapper&view=wrapper','component',0,0,17,0,4,0,'0000-00-00 00:00:00',0,0,0,0,'url=http://demo.mahsie.com/studentregsys/index.php\npage_title=1\nheader=\nscrolling=no\nwidth=100%\nheight=500\nheight_auto=1\nadd=1\nmenu_image=-1\npageclass_sfx=\n\n',0,0,0),(6,'topmenu','Fundraising System','index.php?option=com_wrapper&view=wrapper','component',0,0,17,0,5,0,'0000-00-00 00:00:00',0,0,0,0,'url=http://demo.mahsie,com/fundregsys\npage_title=1\nheader=\nscrolling=auto\nwidth=100%\nheight=500\nheight_auto=0\nadd=1\nmenu_image=-1\npageclass_sfx=\n\n',0,0,0),(7,'topmenu','Membership Registration System','index.php?option=com_wrapper&view=wrapper','component',0,0,17,0,6,0,'0000-00-00 00:00:00',0,0,0,0,'url=http://demo.mahsie.com/membershipsys/\npage_title=1\nheader=\nscrolling=no\nwidth=100%\nheight=500\nheight_auto=1\nadd=1\nmenu_image=-1\npageclass_sfx=\n\n',0,0,0),(8,'topmenu','Mahsie OSS Web Site','http://www.mahsie.com','url',0,0,0,0,7,0,'0000-00-00 00:00:00',0,0,0,0,'menu_image=-1\n\n',0,0,0);
/*!40000 ALTER TABLE `icm_menu` ENABLE KEYS */;
UNLOCK TABLES;

--
-- Table structure for table `icm_menu_types`
--

DROP TABLE IF EXISTS `icm_menu_types`;
/*!40101 SET @saved_cs_client     = @@character_set_client */;
/*!40101 SET character_set_client = utf8 */;
CREATE TABLE `icm_menu_types` (
  `id` int(10) unsigned NOT NULL AUTO_INCREMENT,
  `menutype` varchar(225) NOT NULL DEFAULT '',
  `title` text NOT NULL,
  `description` text NOT NULL,
  PRIMARY KEY (`id`),
  UNIQUE KEY `menutype` (`menutype`)
) ENGINE=MyISAM AUTO_INCREMENT=3 DEFAULT CHARSET=latin1;
/*!40101 SET character_set_client = @saved_cs_client */;

--
-- Dumping data for table `icm_menu_types`
--

LOCK TABLES `icm_menu_types` WRITE;
/*!40000 ALTER TABLE `icm_menu_types` DISABLE KEYS */;
INSERT INTO `icm_menu_types` VALUES (1,'mainmenu','Main Menu','The main menu for the site'),(2,'topmenu','Top Menu','Top Menu');
/*!40000 ALTER TABLE `icm_menu_types` ENABLE KEYS */;
UNLOCK TABLES;

--
-- Table structure for table `icm_messages`
--

DROP TABLE IF EXISTS `icm_messages`;
/*!40101 SET @saved_cs_client     = @@character_set_client */;
/*!40101 SET character_set_client = utf8 */;
CREATE TABLE `icm_messages` (
  `message_id` int(10) unsigned NOT NULL AUTO_INCREMENT,
  `user_id_from` int(10) unsigned NOT NULL DEFAULT '0',
  `user_id_to` int(10) unsigned NOT NULL DEFAULT '0',
  `folder_id` int(10) unsigned NOT NULL DEFAULT '0',
  `date_time` datetime NOT NULL DEFAULT '0000-00-00 00:00:00',
  `state` int(11) NOT NULL DEFAULT '0',
  `priority` int(1) unsigned NOT NULL DEFAULT '0',
  `subject` text NOT NULL,
  `message` text NOT NULL,
  PRIMARY KEY (`message_id`)
) ENGINE=MyISAM DEFAULT CHARSET=latin1;
/*!40101 SET character_set_client = @saved_cs_client */;

--
-- Dumping data for table `icm_messages`
--

LOCK TABLES `icm_messages` WRITE;
/*!40000 ALTER TABLE `icm_messages` DISABLE KEYS */;
/*!40000 ALTER TABLE `icm_messages` ENABLE KEYS */;
UNLOCK TABLES;

--
-- Table structure for table `icm_messages_cfg`
--

DROP TABLE IF EXISTS `icm_messages_cfg`;
/*!40101 SET @saved_cs_client     = @@character_set_client */;
/*!40101 SET character_set_client = utf8 */;
CREATE TABLE `icm_messages_cfg` (
  `user_id` int(10) unsigned NOT NULL DEFAULT '0',
  `cfg_name` text NOT NULL,
  `cfg_value` text NOT NULL,
  UNIQUE KEY `idx_user_var_name` (`user_id`,`cfg_name`(100))
) ENGINE=MyISAM DEFAULT CHARSET=latin1;
/*!40101 SET character_set_client = @saved_cs_client */;

--
-- Dumping data for table `icm_messages_cfg`
--

LOCK TABLES `icm_messages_cfg` WRITE;
/*!40000 ALTER TABLE `icm_messages_cfg` DISABLE KEYS */;
/*!40000 ALTER TABLE `icm_messages_cfg` ENABLE KEYS */;
UNLOCK TABLES;

--
-- Table structure for table `icm_modules`
--

DROP TABLE IF EXISTS `icm_modules`;
/*!40101 SET @saved_cs_client     = @@character_set_client */;
/*!40101 SET character_set_client = utf8 */;
CREATE TABLE `icm_modules` (
  `id` int(11) NOT NULL AUTO_INCREMENT,
  `title` text NOT NULL,
  `content` text NOT NULL,
  `ordering` int(11) NOT NULL DEFAULT '0',
  `position` varchar(150) DEFAULT NULL,
  `checked_out` int(11) unsigned NOT NULL DEFAULT '0',
  `checked_out_time` datetime NOT NULL DEFAULT '0000-00-00 00:00:00',
  `published` tinyint(1) NOT NULL DEFAULT '0',
  `module` varchar(150) DEFAULT NULL,
  `numnews` int(11) NOT NULL DEFAULT '0',
  `access` tinyint(3) unsigned NOT NULL DEFAULT '0',
  `showtitle` tinyint(3) unsigned NOT NULL DEFAULT '1',
  `params` text NOT NULL,
  `iscore` tinyint(4) NOT NULL DEFAULT '0',
  `client_id` tinyint(4) NOT NULL DEFAULT '0',
  `control` text NOT NULL,
  PRIMARY KEY (`id`),
  KEY `published` (`published`,`access`),
  KEY `newsfeeds` (`module`,`published`)
) ENGINE=MyISAM AUTO_INCREMENT=38 DEFAULT CHARSET=latin1;
/*!40101 SET character_set_client = @saved_cs_client */;

--
-- Dumping data for table `icm_modules`
--

LOCK TABLES `icm_modules` WRITE;
/*!40000 ALTER TABLE `icm_modules` DISABLE KEYS */;
INSERT INTO `icm_modules` VALUES (3,'Main Menu','',2,'left',0,'0000-00-00 00:00:00',0,'mod_mainmenu',0,0,1,'menutype=mainmenu\nmoduleclass_sfx=_menu\n',1,0,''),(9,'Login','',1,'login',0,'0000-00-00 00:00:00',1,'mod_login',0,0,1,'',1,1,''),(18,'Popular','',3,'cpanel',0,'0000-00-00 00:00:00',1,'mod_popular',0,2,1,'',0,1,''),(19,'Recent added Articles','',4,'cpanel',0,'0000-00-00 00:00:00',1,'mod_latest',0,2,1,'',0,1,''),(20,'Menu Stats','',5,'cpanel',0,'0000-00-00 00:00:00',1,'mod_stats',0,2,1,'',0,1,''),(21,'Unread Messages','',1,'header',0,'0000-00-00 00:00:00',1,'mod_unread',0,2,1,'',1,1,''),(22,'Online Users','',2,'header',0,'0000-00-00 00:00:00',1,'mod_online',0,2,1,'',1,1,''),(23,'Toolbar','',1,'toolbar',0,'0000-00-00 00:00:00',1,'mod_toolbar',0,2,1,'',1,1,''),(24,'Quick Icons','',1,'icon',0,'0000-00-00 00:00:00',1,'mod_quickicon',0,2,1,'',1,1,''),(27,'Logged in Users','',2,'cpanel',0,'0000-00-00 00:00:00',1,'mod_logged',0,2,1,'',0,1,''),(29,'Footer','',0,'footer',0,'0000-00-00 00:00:00',1,'mod_footer',0,0,1,'',1,1,''),(31,'Breadcrumbs','',1,'breadcrumb',0,'0000-00-00 00:00:00',1,'mod_breadcrumbs',0,0,1,'moduleclass_sfx=\ncache=0\nshowHome=1\nhomeText=Home\nshowComponent=1\nseparator=\n\n',1,0,''),(33,'Admin Menu','',1,'menu',0,'0000-00-00 00:00:00',1,'mod_menu',0,2,1,'',0,1,''),(34,'Admin SubMenu','',1,'submenu',0,'0000-00-00 00:00:00',1,'mod_submenu',0,2,1,'',0,1,''),(35,'User Status','',1,'status',0,'0000-00-00 00:00:00',1,'mod_status',0,2,1,'',0,1,''),(36,'Title','',1,'title',0,'0000-00-00 00:00:00',1,'mod_title',0,2,1,'',0,1,''),(37,'topmenu','',1,'user3',0,'0000-00-00 00:00:00',1,'mod_mainmenu',0,0,1,'menutype=topmenu\nmenu_style=list\nstartLevel=0\nendLevel=0\nshowAllChildren=0\nwindow_open=\ncache=0\nclass_sfx=\nmoduleclass_sfx=\nmenu_images=0\nmenu_images_align=0\nexpand_menu=0\nactivate_parent=0\nfull_active_id=0\nindent_image=0\nindent_image1=\nindent_image2=\nindent_image3=\nindent_image4=\nindent_image5=\nindent_image6=\nspacer=\nend_spacer=\n\n',0,0,'');
/*!40000 ALTER TABLE `icm_modules` ENABLE KEYS */;
UNLOCK TABLES;

--
-- Table structure for table `icm_modules_menu`
--

DROP TABLE IF EXISTS `icm_modules_menu`;
/*!40101 SET @saved_cs_client     = @@character_set_client */;
/*!40101 SET character_set_client = utf8 */;
CREATE TABLE `icm_modules_menu` (
  `moduleid` int(11) NOT NULL DEFAULT '0',
  `menuid` int(11) NOT NULL DEFAULT '0',
  PRIMARY KEY (`moduleid`,`menuid`)
) ENGINE=MyISAM DEFAULT CHARSET=latin1;
/*!40101 SET character_set_client = @saved_cs_client */;

--
-- Dumping data for table `icm_modules_menu`
--

LOCK TABLES `icm_modules_menu` WRITE;
/*!40000 ALTER TABLE `icm_modules_menu` DISABLE KEYS */;
INSERT INTO `icm_modules_menu` VALUES (3,0),(31,0),(37,0);
/*!40000 ALTER TABLE `icm_modules_menu` ENABLE KEYS */;
UNLOCK TABLES;

--
-- Table structure for table `icm_newsfeeds`
--

DROP TABLE IF EXISTS `icm_newsfeeds`;
/*!40101 SET @saved_cs_client     = @@character_set_client */;
/*!40101 SET character_set_client = utf8 */;
CREATE TABLE `icm_newsfeeds` (
  `catid` int(11) NOT NULL DEFAULT '0',
  `id` int(11) NOT NULL AUTO_INCREMENT,
  `name` text NOT NULL,
  `link` text NOT NULL,
  `filename` varchar(200) DEFAULT NULL,
  `published` tinyint(1) NOT NULL DEFAULT '0',
  `numarticles` int(11) unsigned NOT NULL DEFAULT '1',
  `cache_time` int(11) unsigned NOT NULL DEFAULT '3600',
  `checked_out` tinyint(3) unsigned NOT NULL DEFAULT '0',
  `checked_out_time` datetime NOT NULL DEFAULT '0000-00-00 00:00:00',
  `ordering` int(11) NOT NULL DEFAULT '0',
  `rtl` tinyint(4) NOT NULL DEFAULT '0',
  PRIMARY KEY (`id`),
  KEY `published` (`published`)
) ENGINE=MyISAM DEFAULT CHARSET=latin1;
/*!40101 SET character_set_client = @saved_cs_client */;

--
-- Dumping data for table `icm_newsfeeds`
--

LOCK TABLES `icm_newsfeeds` WRITE;
/*!40000 ALTER TABLE `icm_newsfeeds` DISABLE KEYS */;
/*!40000 ALTER TABLE `icm_newsfeeds` ENABLE KEYS */;
UNLOCK TABLES;

--
-- Table structure for table `icm_plugins`
--

DROP TABLE IF EXISTS `icm_plugins`;
/*!40101 SET @saved_cs_client     = @@character_set_client */;
/*!40101 SET character_set_client = utf8 */;
CREATE TABLE `icm_plugins` (
  `id` int(11) NOT NULL AUTO_INCREMENT,
  `name` text NOT NULL,
  `element` text NOT NULL,
  `folder` varchar(100) NOT NULL DEFAULT '',
  `access` tinyint(3) unsigned NOT NULL DEFAULT '0',
  `ordering` int(11) NOT NULL DEFAULT '0',
  `published` tinyint(3) NOT NULL DEFAULT '0',
  `iscore` tinyint(3) NOT NULL DEFAULT '0',
  `client_id` tinyint(3) NOT NULL DEFAULT '0',
  `checked_out` int(11) unsigned NOT NULL DEFAULT '0',
  `checked_out_time` datetime NOT NULL DEFAULT '0000-00-00 00:00:00',
  `params` text NOT NULL,
  PRIMARY KEY (`id`),
  KEY `idx_folder` (`published`,`client_id`,`access`,`folder`)
) ENGINE=MyISAM AUTO_INCREMENT=34 DEFAULT CHARSET=latin1;
/*!40101 SET character_set_client = @saved_cs_client */;

--
-- Dumping data for table `icm_plugins`
--

LOCK TABLES `icm_plugins` WRITE;
/*!40000 ALTER TABLE `icm_plugins` DISABLE KEYS */;
INSERT INTO `icm_plugins` VALUES (1,'Content - Image','image','content',0,-10000,1,1,0,0,'0000-00-00 00:00:00',''),(2,'Content - Pagebreak','pagebreak','content',0,10000,1,1,0,0,'0000-00-00 00:00:00',''),(4,'Content - SEF','sef','content',0,3,1,0,0,0,'0000-00-00 00:00:00',''),(5,'Content - Rating','vote','content',0,4,1,1,0,0,'0000-00-00 00:00:00',''),(6,'Search - Content','content','search',0,1,1,1,0,0,'0000-00-00 00:00:00',''),(7,'Search - Weblinks','weblinks','search',0,2,1,1,0,0,'0000-00-00 00:00:00',''),(8,'Content - Code Highlighter (Joomla)','code','content',0,2,0,0,0,0,'0000-00-00 00:00:00',''),(9,'Editor - No Editor','none','editors',0,0,1,1,0,0,'0000-00-00 00:00:00',''),(10,'Editor - TinyMCE 2.0','tinymce','editors',0,0,1,1,0,0,'0000-00-00 00:00:00','theme=advanced\r\ncleanup=1\r\ncompressed=0\r\ntext_direction=ltr\r\ninvalid_elements=applet\r\ncontent_css=1\r\ncontent_css_custom=\r\nnewlines=0\r\ntoolbar=top\r\nsmilies=1\r\ntable=1\r\nflash=1\r\nhr=1\r\nfullscreen=1\r\nhtml_height=550\r\nhtml_width=750\r\npreview=1\r\npreview_height=550\r\npreview_width=750\r\nsearchreplace=1\r\ninsertdate=1\r\nformat_date=%Y-%m-%d\r\ninserttime=1\r\nformat_time=%H:%M:%S'),(11,'Editor Button - Image','image','editors-xtd',0,0,1,0,0,0,'0000-00-00 00:00:00',''),(12,'Editor Button - Pagebreak','pagebreak','editors-xtd',0,0,1,0,0,0,'0000-00-00 00:00:00',''),(13,'Search - Contacts','contacts','search',0,3,1,1,0,0,'0000-00-00 00:00:00',''),(14,'Search - Categories','categories','search',0,4,1,0,0,0,'0000-00-00 00:00:00',''),(15,'Search - Sections','sections','search',0,5,1,0,0,0,'0000-00-00 00:00:00',''),(16,'Content - Email Cloaking','emailcloak','content',0,5,1,0,0,0,'0000-00-00 00:00:00',''),(17,'Content - Code Hightlighter (GeSHi)','geshi','content',0,5,0,0,0,0,'0000-00-00 00:00:00',''),(18,'Search - Newsfeeds','newsfeeds','search',0,6,1,0,0,0,'0000-00-00 00:00:00',''),(19,'Content - Load Module','loadmodule','content',0,6,1,0,0,0,'0000-00-00 00:00:00',''),(20,'Authentication - Joomla','joomla','authentication',0,1,1,1,0,0,'0000-00-00 00:00:00',''),(21,'Authentication - LDAP','ldap','authentication',0,2,0,1,0,0,'0000-00-00 00:00:00',''),(22,'Authentication - GMail','gmail','authentication',0,4,0,0,0,0,'0000-00-00 00:00:00',''),(23,'System - Joomla Request','joomla.request','system',0,2,1,1,0,0,'0000-00-00 00:00:00',''),(25,'Content - Page Navigation','pagenavigation','content',0,2,1,1,0,0,'0000-00-00 00:00:00',''),(26,'Editor - XStandard Lite 1.7','xstandard','editors',0,0,1,1,0,0,'0000-00-00 00:00:00',''),(27,'XML-RPC - Joomla','joomla','xmlrpc',0,7,1,1,0,0,'0000-00-00 00:00:00',''),(28,'XML-RPC - Blogger API','blogger','xmlrpc',0,7,1,1,0,0,'0000-00-00 00:00:00',''),(30,'Editor Button - Readmore','readmore','editors-xtd',0,0,1,0,0,0,'0000-00-00 00:00:00',''),(31,'User - Joomla!','joomla','user',0,0,1,0,0,0,'0000-00-00 00:00:00',''),(32,'Authentication - OpenID','openid','authentication',0,3,0,0,0,0,'0000-00-00 00:00:00',''),(33,'System - Debug','debug','system',0,2,1,0,0,0,'0000-00-00 00:00:00','');
/*!40000 ALTER TABLE `icm_plugins` ENABLE KEYS */;
UNLOCK TABLES;

--
-- Table structure for table `icm_poll_data`
--

DROP TABLE IF EXISTS `icm_poll_data`;
/*!40101 SET @saved_cs_client     = @@character_set_client */;
/*!40101 SET character_set_client = utf8 */;
CREATE TABLE `icm_poll_data` (
  `id` int(11) NOT NULL AUTO_INCREMENT,
  `pollid` int(11) NOT NULL DEFAULT '0',
  `text` text NOT NULL,
  `hits` int(11) NOT NULL DEFAULT '0',
  PRIMARY KEY (`id`),
  KEY `pollid` (`pollid`,`text`(1))
) ENGINE=MyISAM DEFAULT CHARSET=latin1;
/*!40101 SET character_set_client = @saved_cs_client */;

--
-- Dumping data for table `icm_poll_data`
--

LOCK TABLES `icm_poll_data` WRITE;
/*!40000 ALTER TABLE `icm_poll_data` DISABLE KEYS */;
/*!40000 ALTER TABLE `icm_poll_data` ENABLE KEYS */;
UNLOCK TABLES;

--
-- Table structure for table `icm_poll_date`
--

DROP TABLE IF EXISTS `icm_poll_date`;
/*!40101 SET @saved_cs_client     = @@character_set_client */;
/*!40101 SET character_set_client = utf8 */;
CREATE TABLE `icm_poll_date` (
  `id` bigint(20) NOT NULL AUTO_INCREMENT,
  `date` datetime NOT NULL DEFAULT '0000-00-00 00:00:00',
  `vote_id` int(11) NOT NULL DEFAULT '0',
  `poll_id` int(11) NOT NULL DEFAULT '0',
  PRIMARY KEY (`id`),
  KEY `poll_id` (`poll_id`)
) ENGINE=MyISAM DEFAULT CHARSET=latin1;
/*!40101 SET character_set_client = @saved_cs_client */;

--
-- Dumping data for table `icm_poll_date`
--

LOCK TABLES `icm_poll_date` WRITE;
/*!40000 ALTER TABLE `icm_poll_date` DISABLE KEYS */;
/*!40000 ALTER TABLE `icm_poll_date` ENABLE KEYS */;
UNLOCK TABLES;

--
-- Table structure for table `icm_poll_menu`
--

DROP TABLE IF EXISTS `icm_poll_menu`;
/*!40101 SET @saved_cs_client     = @@character_set_client */;
/*!40101 SET character_set_client = utf8 */;
CREATE TABLE `icm_poll_menu` (
  `pollid` int(11) NOT NULL DEFAULT '0',
  `menuid` int(11) NOT NULL DEFAULT '0',
  PRIMARY KEY (`pollid`,`menuid`)
) ENGINE=MyISAM DEFAULT CHARSET=latin1;
/*!40101 SET character_set_client = @saved_cs_client */;

--
-- Dumping data for table `icm_poll_menu`
--

LOCK TABLES `icm_poll_menu` WRITE;
/*!40000 ALTER TABLE `icm_poll_menu` DISABLE KEYS */;
/*!40000 ALTER TABLE `icm_poll_menu` ENABLE KEYS */;
UNLOCK TABLES;

--
-- Table structure for table `icm_polls`
--

DROP TABLE IF EXISTS `icm_polls`;
/*!40101 SET @saved_cs_client     = @@character_set_client */;
/*!40101 SET character_set_client = utf8 */;
CREATE TABLE `icm_polls` (
  `id` int(11) unsigned NOT NULL AUTO_INCREMENT,
  `title` text NOT NULL,
  `voters` int(9) NOT NULL DEFAULT '0',
  `checked_out` int(11) NOT NULL DEFAULT '0',
  `checked_out_time` datetime NOT NULL DEFAULT '0000-00-00 00:00:00',
  `published` tinyint(1) NOT NULL DEFAULT '0',
  `access` int(11) NOT NULL DEFAULT '0',
  `lag` int(11) NOT NULL DEFAULT '0',
  PRIMARY KEY (`id`)
) ENGINE=MyISAM DEFAULT CHARSET=latin1;
/*!40101 SET character_set_client = @saved_cs_client */;

--
-- Dumping data for table `icm_polls`
--

LOCK TABLES `icm_polls` WRITE;
/*!40000 ALTER TABLE `icm_polls` DISABLE KEYS */;
/*!40000 ALTER TABLE `icm_polls` ENABLE KEYS */;
UNLOCK TABLES;

--
-- Table structure for table `icm_sections`
--

DROP TABLE IF EXISTS `icm_sections`;
/*!40101 SET @saved_cs_client     = @@character_set_client */;
/*!40101 SET character_set_client = utf8 */;
CREATE TABLE `icm_sections` (
  `id` int(11) NOT NULL AUTO_INCREMENT,
  `title` text NOT NULL,
  `name` text NOT NULL,
  `image` text NOT NULL,
  `scope` varchar(50) NOT NULL DEFAULT '',
  `image_position` varchar(90) NOT NULL DEFAULT '',
  `description` text NOT NULL,
  `published` tinyint(1) NOT NULL DEFAULT '0',
  `checked_out` int(11) unsigned NOT NULL DEFAULT '0',
  `checked_out_time` datetime NOT NULL DEFAULT '0000-00-00 00:00:00',
  `ordering` int(11) NOT NULL DEFAULT '0',
  `access` tinyint(3) unsigned NOT NULL DEFAULT '0',
  `count` int(11) NOT NULL DEFAULT '0',
  `params` text NOT NULL,
  PRIMARY KEY (`id`),
  KEY `idx_scope` (`scope`)
) ENGINE=MyISAM AUTO_INCREMENT=2 DEFAULT CHARSET=latin1;
/*!40101 SET character_set_client = @saved_cs_client */;

--
-- Dumping data for table `icm_sections`
--

LOCK TABLES `icm_sections` WRITE;
/*!40000 ALTER TABLE `icm_sections` DISABLE KEYS */;
INSERT INTO `icm_sections` VALUES (1,'General','General','','content','left','',1,0,'0000-00-00 00:00:00',1,0,1,'');
/*!40000 ALTER TABLE `icm_sections` ENABLE KEYS */;
UNLOCK TABLES;

--
-- Table structure for table `icm_session`
--

DROP TABLE IF EXISTS `icm_session`;
/*!40101 SET @saved_cs_client     = @@character_set_client */;
/*!40101 SET character_set_client = utf8 */;
CREATE TABLE `icm_session` (
  `username` varchar(150) DEFAULT '',
  `time` varchar(14) DEFAULT '',
  `session_id` varchar(200) NOT NULL DEFAULT '0',
  `guest` tinyint(4) DEFAULT '1',
  `userid` int(11) DEFAULT '0',
  `usertype` varchar(150) DEFAULT '',
  `gid` tinyint(3) unsigned NOT NULL DEFAULT '0',
  `client_id` tinyint(3) unsigned NOT NULL DEFAULT '0',
  `data` text,
  PRIMARY KEY (`session_id`),
  KEY `whosonline` (`guest`,`usertype`)
) ENGINE=MyISAM DEFAULT CHARSET=latin1;
/*!40101 SET character_set_client = @saved_cs_client */;

--
-- Dumping data for table `icm_session`
--

LOCK TABLES `icm_session` WRITE;
/*!40000 ALTER TABLE `icm_session` DISABLE KEYS */;
INSERT INTO `icm_session` VALUES ('','1378688161','i8u6ig6kmo5up9585mnb47m2o4',1,0,'',0,0,NULL);
/*!40000 ALTER TABLE `icm_session` ENABLE KEYS */;
UNLOCK TABLES;

--
-- Table structure for table `icm_stats_agents`
--

DROP TABLE IF EXISTS `icm_stats_agents`;
/*!40101 SET @saved_cs_client     = @@character_set_client */;
/*!40101 SET character_set_client = utf8 */;
CREATE TABLE `icm_stats_agents` (
  `agent` varchar(255) NOT NULL DEFAULT '',
  `type` tinyint(1) unsigned NOT NULL DEFAULT '0',
  `hits` int(11) unsigned NOT NULL DEFAULT '1'
) ENGINE=MyISAM DEFAULT CHARSET=latin1;
/*!40101 SET character_set_client = @saved_cs_client */;

--
-- Dumping data for table `icm_stats_agents`
--

LOCK TABLES `icm_stats_agents` WRITE;
/*!40000 ALTER TABLE `icm_stats_agents` DISABLE KEYS */;
/*!40000 ALTER TABLE `icm_stats_agents` ENABLE KEYS */;
UNLOCK TABLES;

--
-- Table structure for table `icm_template_positions`
--

DROP TABLE IF EXISTS `icm_template_positions`;
/*!40101 SET @saved_cs_client     = @@character_set_client */;
/*!40101 SET character_set_client = utf8 */;
CREATE TABLE `icm_template_positions` (
  `id` int(11) NOT NULL AUTO_INCREMENT,
  `position` varchar(150) NOT NULL DEFAULT '',
  `description` text NOT NULL,
  PRIMARY KEY (`id`)
) ENGINE=MyISAM AUTO_INCREMENT=35 DEFAULT CHARSET=latin1;
/*!40101 SET character_set_client = @saved_cs_client */;

--
-- Dumping data for table `icm_template_positions`
--

LOCK TABLES `icm_template_positions` WRITE;
/*!40000 ALTER TABLE `icm_template_positions` DISABLE KEYS */;
INSERT INTO `icm_template_positions` VALUES (1,'left',''),(2,'right',''),(3,'top',''),(4,'bottom',''),(5,'inset',''),(6,'banner',''),(7,'header',''),(8,'footer',''),(9,'newsflash',''),(10,'legals',''),(11,'pathway',''),(12,'breadcrumb',''),(13,'toolbar',''),(14,'menu',''),(15,'cpanel',''),(16,'user1',''),(17,'user2',''),(18,'user3',''),(19,'user4',''),(20,'user5',''),(21,'user6',''),(22,'user7',''),(23,'user8',''),(24,'user9',''),(25,'advert1',''),(26,'advert2',''),(27,'advert3',''),(28,'icon',''),(29,'debug',''),(30,'submenu',''),(31,'status',''),(32,'title',''),(33,'syndicate',''),(34,'cp_shell','');
/*!40000 ALTER TABLE `icm_template_positions` ENABLE KEYS */;
UNLOCK TABLES;

--
-- Table structure for table `icm_templates_menu`
--

DROP TABLE IF EXISTS `icm_templates_menu`;
/*!40101 SET @saved_cs_client     = @@character_set_client */;
/*!40101 SET character_set_client = utf8 */;
CREATE TABLE `icm_templates_menu` (
  `template` text NOT NULL,
  `menuid` int(11) NOT NULL DEFAULT '0',
  `client_id` tinyint(4) NOT NULL DEFAULT '0',
  PRIMARY KEY (`template`(255),`menuid`)
) ENGINE=MyISAM DEFAULT CHARSET=latin1;
/*!40101 SET character_set_client = @saved_cs_client */;

--
-- Dumping data for table `icm_templates_menu`
--

LOCK TABLES `icm_templates_menu` WRITE;
/*!40000 ALTER TABLE `icm_templates_menu` DISABLE KEYS */;
INSERT INTO `icm_templates_menu` VALUES ('rhuk_milkyway',0,0),('khepri',0,1);
/*!40000 ALTER TABLE `icm_templates_menu` ENABLE KEYS */;
UNLOCK TABLES;

--
-- Table structure for table `icm_users`
--

DROP TABLE IF EXISTS `icm_users`;
/*!40101 SET @saved_cs_client     = @@character_set_client */;
/*!40101 SET character_set_client = utf8 */;
CREATE TABLE `icm_users` (
  `id` int(11) NOT NULL AUTO_INCREMENT,
  `name` text NOT NULL,
  `username` varchar(150) NOT NULL DEFAULT '',
  `email` varchar(100) NOT NULL DEFAULT '',
  `password` varchar(100) NOT NULL DEFAULT '',
  `usertype` varchar(75) NOT NULL DEFAULT '',
  `block` tinyint(4) NOT NULL DEFAULT '0',
  `sendEmail` tinyint(4) DEFAULT '0',
  `gid` tinyint(3) unsigned NOT NULL DEFAULT '1',
  `registerDate` datetime NOT NULL DEFAULT '0000-00-00 00:00:00',
  `lastvisitDate` datetime NOT NULL DEFAULT '0000-00-00 00:00:00',
  `activation` varchar(100) NOT NULL DEFAULT '',
  `params` text NOT NULL,
  PRIMARY KEY (`id`),
  KEY `usertype` (`usertype`),
  KEY `idx_name` (`name`(255))
) ENGINE=MyISAM AUTO_INCREMENT=64 DEFAULT CHARSET=latin1;
/*!40101 SET character_set_client = @saved_cs_client */;

--
-- Dumping data for table `icm_users`
--

LOCK TABLES `icm_users` WRITE;
/*!40000 ALTER TABLE `icm_users` DISABLE KEYS */;
INSERT INTO `icm_users` VALUES (62,'Administrator','admin','jmoncrieff@mahsie.com','33802c9074fcc311eb76af0e7df3185c','Super Administrator',0,1,25,'2007-01-31 12:00:35','2007-03-26 13:32:05','',''),(63,'Gareth Spanglett','gareth','gareth@mahsie.com','1cc4e9a2f44b20ebf711479e2cb3b7fe','Super Administrator',0,0,25,'2007-02-07 15:31:18','2007-03-27 18:49:17','','admin_language=en-GB\nlanguage=en-GB\neditor=xstandard\nhelpsite=\ntimezone=-5\n\n');
/*!40000 ALTER TABLE `icm_users` ENABLE KEYS */;
UNLOCK TABLES;

--
-- Table structure for table `icm_weblinks`
--

DROP TABLE IF EXISTS `icm_weblinks`;
/*!40101 SET @saved_cs_client     = @@character_set_client */;
/*!40101 SET character_set_client = utf8 */;
CREATE TABLE `icm_weblinks` (
  `id` int(11) unsigned NOT NULL AUTO_INCREMENT,
  `catid` int(11) NOT NULL DEFAULT '0',
  `sid` int(11) NOT NULL DEFAULT '0',
  `title` text NOT NULL,
  `url` varchar(250) NOT NULL DEFAULT '',
  `description` text NOT NULL,
  `date` datetime NOT NULL DEFAULT '0000-00-00 00:00:00',
  `hits` int(11) NOT NULL DEFAULT '0',
  `published` tinyint(1) NOT NULL DEFAULT '0',
  `checked_out` int(11) NOT NULL DEFAULT '0',
  `checked_out_time` datetime NOT NULL DEFAULT '0000-00-00 00:00:00',
  `ordering` int(11) NOT NULL DEFAULT '0',
  `archived` tinyint(1) NOT NULL DEFAULT '0',
  `approved` tinyint(1) NOT NULL DEFAULT '1',
  `params` text NOT NULL,
  PRIMARY KEY (`id`),
  KEY `catid` (`catid`,`published`,`archived`)
) ENGINE=MyISAM DEFAULT CHARSET=latin1;
/*!40101 SET character_set_client = @saved_cs_client */;

--
-- Dumping data for table `icm_weblinks`
--

LOCK TABLES `icm_weblinks` WRITE;
/*!40000 ALTER TABLE `icm_weblinks` DISABLE KEYS */;
/*!40000 ALTER TABLE `icm_weblinks` ENABLE KEYS */;
UNLOCK TABLES;

--
-- Table structure for table `import_maps`
--

DROP TABLE IF EXISTS `import_maps`;
/*!40101 SET @saved_cs_client     = @@character_set_client */;
/*!40101 SET character_set_client = utf8 */;
CREATE TABLE `import_maps` (
  `id` int(19) NOT NULL AUTO_INCREMENT,
  `name` varchar(36) NOT NULL DEFAULT '',
  `module` varchar(36) NOT NULL DEFAULT '',
  `content` longblob,
  `has_header` int(1) NOT NULL DEFAULT '1',
  `deleted` int(1) NOT NULL DEFAULT '0',
  `date_entered` timestamp NOT NULL DEFAULT CURRENT_TIMESTAMP ON UPDATE CURRENT_TIMESTAMP,
  `date_modified` timestamp NOT NULL DEFAULT '0000-00-00 00:00:00',
  `assigned_user_id` varchar(36) DEFAULT NULL,
  `is_published` char(3) NOT NULL DEFAULT 'no',
  PRIMARY KEY (`id`),
  KEY `idx_import_maps` (`assigned_user_id`,`module`,`name`,`deleted`)
) ENGINE=MyISAM AUTO_INCREMENT=234 DEFAULT CHARSET=latin1;
/*!40101 SET character_set_client = @saved_cs_client */;

--
-- Dumping data for table `import_maps`
--

LOCK TABLES `import_maps` WRITE;
/*!40000 ALTER TABLE `import_maps` DISABLE KEYS */;
INSERT INTO `import_maps` VALUES (233,'Maximizer_contacts','Leads','1=company&2=firstname&3=lastname&4=lane&5=state&6=code&7=country&8=phone&9=fax&10=mobile&11=email&14=website&15=industry&16=description&19=assigned_user_id',0,0,'2006-10-31 15:16:10','2006-10-31 15:16:10','1','no');
/*!40000 ALTER TABLE `import_maps` ENABLE KEYS */;
UNLOCK TABLES;

--
-- Table structure for table `industry`
--

DROP TABLE IF EXISTS `industry`;
/*!40101 SET @saved_cs_client     = @@character_set_client */;
/*!40101 SET character_set_client = utf8 */;
CREATE TABLE `industry` (
  `industryid` int(19) NOT NULL AUTO_INCREMENT,
  `industry` varchar(200) NOT NULL DEFAULT '',
  `sortorderid` int(19) NOT NULL DEFAULT '0',
  `presence` int(1) NOT NULL DEFAULT '1',
  PRIMARY KEY (`industryid`),
  UNIQUE KEY `Industry_UK0` (`industry`)
) ENGINE=InnoDB AUTO_INCREMENT=59 DEFAULT CHARSET=latin1;
/*!40101 SET character_set_client = @saved_cs_client */;

--
-- Dumping data for table `industry`
--

LOCK TABLES `industry` WRITE;
/*!40000 ALTER TABLE `industry` DISABLE KEYS */;
INSERT INTO `industry` VALUES (51,'--None--',0,1),(52,'Certifier',1,1),(53,'Government',2,1),(54,'Hardware',3,1),(55,'Shipping',4,1),(56,'Supplier',5,1),(57,'Technology',6,1),(58,'Other',7,1);
/*!40000 ALTER TABLE `industry` ENABLE KEYS */;
UNLOCK TABLES;

--
-- Table structure for table `internal_banner`
--

DROP TABLE IF EXISTS `internal_banner`;
/*!40101 SET @saved_cs_client     = @@character_set_client */;
/*!40101 SET character_set_client = utf8 */;
CREATE TABLE `internal_banner` (
  `bid` int(11) NOT NULL AUTO_INCREMENT,
  `cid` int(11) NOT NULL DEFAULT '0',
  `type` varchar(90) NOT NULL DEFAULT 'banner',
  `name` text NOT NULL,
  `imptotal` int(11) NOT NULL DEFAULT '0',
  `impmade` int(11) NOT NULL DEFAULT '0',
  `clicks` int(11) NOT NULL DEFAULT '0',
  `imageurl` varchar(100) NOT NULL DEFAULT '',
  `clickurl` varchar(200) NOT NULL DEFAULT '',
  `date` datetime DEFAULT NULL,
  `showBanner` tinyint(1) NOT NULL DEFAULT '0',
  `checked_out` tinyint(1) NOT NULL DEFAULT '0',
  `checked_out_time` datetime NOT NULL DEFAULT '0000-00-00 00:00:00',
  `editor` varchar(150) DEFAULT NULL,
  `custombannercode` text,
  `catid` int(10) unsigned NOT NULL DEFAULT '0',
  `description` text NOT NULL,
  `sticky` tinyint(1) unsigned NOT NULL DEFAULT '0',
  `ordering` int(11) NOT NULL DEFAULT '0',
  `publish_up` datetime NOT NULL DEFAULT '0000-00-00 00:00:00',
  `publish_down` datetime NOT NULL DEFAULT '0000-00-00 00:00:00',
  `tags` text NOT NULL,
  `params` text NOT NULL,
  PRIMARY KEY (`bid`),
  KEY `viewbanner` (`showBanner`),
  KEY `idx_banner_catid` (`catid`)
) ENGINE=MyISAM AUTO_INCREMENT=6 DEFAULT CHARSET=utf8;
/*!40101 SET character_set_client = @saved_cs_client */;

--
-- Dumping data for table `internal_banner`
--

LOCK TABLES `internal_banner` WRITE;
/*!40000 ALTER TABLE `internal_banner` DISABLE KEYS */;
INSERT INTO `internal_banner` VALUES (1,1,'banner','OSM 1',0,43,0,'osmbanner1.png','http://www.opensourcematters.org','2004-07-07 15:31:29',1,0,'0000-00-00 00:00:00','','',13,'',0,1,'0000-00-00 00:00:00','0000-00-00 00:00:00','',''),(2,1,'banner','OSM 2',0,49,0,'osmbanner2.png','http://www.opensourcematters.org','2004-07-07 15:31:29',1,0,'0000-00-00 00:00:00','','',13,'',0,2,'0000-00-00 00:00:00','0000-00-00 00:00:00','',''),(3,1,'','Joomla!',0,11,0,'','http://www.joomla.org','2006-05-29 14:21:28',1,0,'0000-00-00 00:00:00','','<a href=\"{CLICKURL}\" target=\"_blank\">{NAME}</a>\r\n<br/>\r\nJoomla! The most popular and widely used Open Source CMS Project in the world.',14,'',0,1,'0000-00-00 00:00:00','0000-00-00 00:00:00','',''),(4,1,'','Joomla! Forge',0,11,0,'','http://forge.joomla.org','2006-05-29 14:19:26',1,0,'0000-00-00 00:00:00','','<a href=\"{CLICKURL}\" target=\"_blank\">{NAME}</a>\r\n<br/>\r\nJoomla! Forge, development and distribution made easy.',14,'',0,2,'0000-00-00 00:00:00','0000-00-00 00:00:00','',''),(5,1,'','Joomla! Extensions',0,6,0,'','http://extensions.joomla.org','2006-05-29 14:23:21',1,0,'0000-00-00 00:00:00','','<a href=\"{CLICKURL}\" target=\"_blank\">{NAME}</a>\r\n<br/>\r\nJoomla! components, modules, plugins and languages by the bucket load.',14,'',0,3,'0000-00-00 00:00:00','0000-00-00 00:00:00','','');
/*!40000 ALTER TABLE `internal_banner` ENABLE KEYS */;
UNLOCK TABLES;

--
-- Table structure for table `internal_bannerclient`
--

DROP TABLE IF EXISTS `internal_bannerclient`;
/*!40101 SET @saved_cs_client     = @@character_set_client */;
/*!40101 SET character_set_client = utf8 */;
CREATE TABLE `internal_bannerclient` (
  `cid` int(11) NOT NULL AUTO_INCREMENT,
  `name` text NOT NULL,
  `contact` text NOT NULL,
  `email` varchar(255) NOT NULL DEFAULT '',
  `extrainfo` text NOT NULL,
  `checked_out` tinyint(1) NOT NULL DEFAULT '0',
  `checked_out_time` time DEFAULT NULL,
  `editor` varchar(150) DEFAULT NULL,
  PRIMARY KEY (`cid`)
) ENGINE=MyISAM AUTO_INCREMENT=2 DEFAULT CHARSET=utf8;
/*!40101 SET character_set_client = @saved_cs_client */;

--
-- Dumping data for table `internal_bannerclient`
--

LOCK TABLES `internal_bannerclient` WRITE;
/*!40000 ALTER TABLE `internal_bannerclient` DISABLE KEYS */;
INSERT INTO `internal_bannerclient` VALUES (1,'Open Source Matters','Administrator','admin@opensourcematters.org','',0,'00:00:00',NULL);
/*!40000 ALTER TABLE `internal_bannerclient` ENABLE KEYS */;
UNLOCK TABLES;

--
-- Table structure for table `internal_bannertrack`
--

DROP TABLE IF EXISTS `internal_bannertrack`;
/*!40101 SET @saved_cs_client     = @@character_set_client */;
/*!40101 SET character_set_client = utf8 */;
CREATE TABLE `internal_bannertrack` (
  `track_date` date NOT NULL DEFAULT '0000-00-00',
  `track_type` int(10) unsigned NOT NULL DEFAULT '0',
  `banner_id` int(10) unsigned NOT NULL DEFAULT '0'
) ENGINE=MyISAM DEFAULT CHARSET=utf8;
/*!40101 SET character_set_client = @saved_cs_client */;

--
-- Dumping data for table `internal_bannertrack`
--

LOCK TABLES `internal_bannertrack` WRITE;
/*!40000 ALTER TABLE `internal_bannertrack` DISABLE KEYS */;
/*!40000 ALTER TABLE `internal_bannertrack` ENABLE KEYS */;
UNLOCK TABLES;

--
-- Table structure for table `internal_categories`
--

DROP TABLE IF EXISTS `internal_categories`;
/*!40101 SET @saved_cs_client     = @@character_set_client */;
/*!40101 SET character_set_client = utf8 */;
CREATE TABLE `internal_categories` (
  `id` int(11) NOT NULL AUTO_INCREMENT,
  `parent_id` int(11) NOT NULL DEFAULT '0',
  `title` text NOT NULL,
  `name` text NOT NULL,
  `image` varchar(255) NOT NULL DEFAULT '',
  `section` varchar(150) NOT NULL DEFAULT '',
  `image_position` varchar(90) NOT NULL DEFAULT '',
  `description` text NOT NULL,
  `published` tinyint(1) NOT NULL DEFAULT '0',
  `checked_out` int(11) unsigned NOT NULL DEFAULT '0',
  `checked_out_time` datetime NOT NULL DEFAULT '0000-00-00 00:00:00',
  `editor` varchar(150) DEFAULT NULL,
  `ordering` int(11) NOT NULL DEFAULT '0',
  `access` tinyint(3) unsigned NOT NULL DEFAULT '0',
  `count` int(11) NOT NULL DEFAULT '0',
  `params` text NOT NULL,
  PRIMARY KEY (`id`),
  KEY `cat_idx` (`section`,`published`,`access`),
  KEY `idx_section` (`section`),
  KEY `idx_access` (`access`),
  KEY `idx_checkout` (`checked_out`)
) ENGINE=MyISAM DEFAULT CHARSET=utf8;
/*!40101 SET character_set_client = @saved_cs_client */;

--
-- Dumping data for table `internal_categories`
--

LOCK TABLES `internal_categories` WRITE;
/*!40000 ALTER TABLE `internal_categories` DISABLE KEYS */;
/*!40000 ALTER TABLE `internal_categories` ENABLE KEYS */;
UNLOCK TABLES;

--
-- Table structure for table `internal_components`
--

DROP TABLE IF EXISTS `internal_components`;
/*!40101 SET @saved_cs_client     = @@character_set_client */;
/*!40101 SET character_set_client = utf8 */;
CREATE TABLE `internal_components` (
  `id` int(11) NOT NULL AUTO_INCREMENT,
  `name` varchar(150) NOT NULL DEFAULT '',
  `link` varchar(255) NOT NULL DEFAULT '',
  `menuid` int(11) unsigned NOT NULL DEFAULT '0',
  `parent` int(11) unsigned NOT NULL DEFAULT '0',
  `admin_menu_link` varchar(255) NOT NULL DEFAULT '',
  `admin_menu_alt` text NOT NULL,
  `option` varchar(50) NOT NULL DEFAULT '',
  `ordering` int(11) NOT NULL DEFAULT '0',
  `admin_menu_img` varchar(255) NOT NULL DEFAULT '',
  `iscore` tinyint(4) NOT NULL DEFAULT '0',
  `params` text NOT NULL,
  `enabled` tinyint(4) NOT NULL DEFAULT '1',
  PRIMARY KEY (`id`)
) ENGINE=MyISAM AUTO_INCREMENT=35 DEFAULT CHARSET=utf8;
/*!40101 SET character_set_client = @saved_cs_client */;

--
-- Dumping data for table `internal_components`
--

LOCK TABLES `internal_components` WRITE;
/*!40000 ALTER TABLE `internal_components` DISABLE KEYS */;
INSERT INTO `internal_components` VALUES (1,'Banners','',0,0,'','Banner Management','com_banners',0,'js/ThemeOffice/component.png',0,'',1),(2,'Banners','',0,1,'option=com_banners','Active Banners','com_banners',1,'js/ThemeOffice/edit.png',0,'',1),(3,'Clients','',0,1,'option=com_banners&c=client','Manage Clients','com_banners',2,'js/ThemeOffice/categories.png',0,'',1),(4,'Web Links','option=com_weblinks',0,0,'','Manage Weblinks','com_weblinks',0,'js/ThemeOffice/component.png',0,'',1),(5,'Links','',0,4,'option=com_weblinks','View existing weblinks','com_weblinks',1,'js/ThemeOffice/edit.png',0,'',1),(6,'Categories','',0,4,'option=com_categories&section=com_weblinks','Manage weblink categories','',2,'js/ThemeOffice/categories.png',0,'',1),(7,'Contacts','option=com_contact',0,0,'','Edit contact details','com_contact',0,'js/ThemeOffice/component.png',1,'',1),(8,'Contacts','',0,7,'option=com_contact','Edit contact details','com_contact',0,'js/ThemeOffice/edit.png',1,'',1),(9,'Categories','',0,7,'option=com_categories&section=com_contact_details','Manage contact categories','',2,'js/ThemeOffice/categories.png',1,'',1),(10,'Polls','option=com_poll',0,0,'option=com_poll','Manage Polls','com_poll',0,'js/ThemeOffice/component.png',0,'',1),(11,'News Feeds','option=com_newsfeeds',0,0,'','News Feeds Management','com_newsfeeds',0,'js/ThemeOffice/component.png',0,'',1),(12,'Feeds','',0,11,'option=com_newsfeeds','Manage News Feeds','com_newsfeeds',1,'js/ThemeOffice/edit.png',0,'',1),(13,'Categories','',0,11,'option=com_categories&section=com_newsfeeds','Manage Categories','',2,'js/ThemeOffice/categories.png',0,'',1),(14,'User','option=com_user',0,0,'','','com_user',0,'',1,'',1),(15,'Search','option=com_search',0,0,'option=com_search','Search Statistics','com_search',0,'js/ThemeOffice/component.png',1,'',1),(16,'Categories','',0,1,'option=com_categories&section=com_banner','Categories','',3,'',1,'',1),(17,'Wrapper','option=com_wrapper',0,0,'','Wrapper','com_wrapper',0,'',1,'',1),(18,'Mail To','',0,0,'','','com_mailto',0,'',1,'',1),(19,'Media Manager','',0,0,'option=com_media','Media Manager','com_media',0,'',1,'upload_extensions=bmp,csv,doc,epg,gif,ico,jpg,odg,odp,ods,odt,pdf,png,ppt,swf,txt,xcf,xls,BMP,CSV,DOC,EPG,GIF,ICO,JPG,ODG,ODP,ODS,ODT,PDF,PNG,PPT,SWF,TXT,XCF,XLS\nupload_maxsize=10000000\n\n',1),(20,'Articles','option=com_content',0,0,'','','com_content',0,'',1,'shownoauth=0\nlink_titles=0\nreadmore=1\nvote=0\nshowAuthor=1\nshowCreateDate=1\nshowModifyDate=1\nshowItemNavigation=0\nicons=1\nshowPdf=1\nshowPrint=1\nshowEmail=1\nhits=1\n\n',1),(21,'Configuration Manager','',0,0,'','Configuration','com_config',0,'',1,'',1),(22,'Installation Manager','',0,0,'','Installer','com_installer',0,'',1,'',1),(23,'Language Manager','',0,0,'','Languages','com_languages',0,'',1,'',1),(24,'Mass mail','',0,0,'','Mass Mail','com_massmail',0,'',1,'',1),(25,'Menu Editor','',0,0,'','Menu Editor','com_menus',0,'',1,'',1),(26,'Menu Manager','',0,0,'','Menu Manager','com_menumanager',0,'',1,'',1),(27,'Messaging','',0,0,'','Messages','com_messages',0,'',1,'',1),(28,'Modules Manager','',0,0,'','Modules','com_modules',0,'',1,'',1),(29,'Plugin Manager','',0,0,'','Plugins','com_plugins',0,'',1,'',1),(31,'Template Manager','',0,0,'','Templates','com_templates',0,'',1,'',1),(32,'User Manager','',0,0,'','Users','com_users',0,'',1,'allowUserRegistration=1\nnew_usertype=Registered\nuseractivation=1\nfrontend_userparams=1\n\n',1),(33,'Cache Manager','',0,0,'','Cache','com_cache',0,'',1,'',1),(34,'Control Panel','',0,0,'','Control Panel','com_cpanel',0,'',1,'',1);
/*!40000 ALTER TABLE `internal_components` ENABLE KEYS */;
UNLOCK TABLES;

--
-- Table structure for table `internal_contact_details`
--

DROP TABLE IF EXISTS `internal_contact_details`;
/*!40101 SET @saved_cs_client     = @@character_set_client */;
/*!40101 SET character_set_client = utf8 */;
CREATE TABLE `internal_contact_details` (
  `id` int(11) NOT NULL AUTO_INCREMENT,
  `name` text NOT NULL,
  `con_position` text,
  `address` text,
  `suburb` text,
  `state` text,
  `country` text,
  `postcode` varchar(255) DEFAULT NULL,
  `telephone` varchar(255) DEFAULT NULL,
  `fax` varchar(255) DEFAULT NULL,
  `misc` mediumtext,
  `image` varchar(255) DEFAULT NULL,
  `imagepos` varchar(60) DEFAULT NULL,
  `email_to` varchar(255) DEFAULT NULL,
  `default_con` tinyint(1) unsigned NOT NULL DEFAULT '0',
  `published` tinyint(1) unsigned NOT NULL DEFAULT '0',
  `checked_out` int(11) unsigned NOT NULL DEFAULT '0',
  `checked_out_time` datetime NOT NULL DEFAULT '0000-00-00 00:00:00',
  `ordering` int(11) NOT NULL DEFAULT '0',
  `params` text NOT NULL,
  `user_id` int(11) NOT NULL DEFAULT '0',
  `catid` int(11) NOT NULL DEFAULT '0',
  `access` tinyint(3) unsigned NOT NULL DEFAULT '0',
  `mobile` varchar(255) NOT NULL DEFAULT '',
  `webpage` varchar(255) NOT NULL DEFAULT '',
  PRIMARY KEY (`id`)
) ENGINE=MyISAM AUTO_INCREMENT=2 DEFAULT CHARSET=utf8;
/*!40101 SET character_set_client = @saved_cs_client */;

--
-- Dumping data for table `internal_contact_details`
--

LOCK TABLES `internal_contact_details` WRITE;
/*!40000 ALTER TABLE `internal_contact_details` DISABLE KEYS */;
INSERT INTO `internal_contact_details` VALUES (1,'Name','Position','Street','Suburb','State','Country','Zip Code','Telephone','Fax','Miscellanous info','powered_by.png','top','email@email.com',1,1,0,'0000-00-00 00:00:00',1,'menu_image=-1\r\npageclass_sfx=\r\nprint=\r\nname=1\r\nposition=1\r\nemail=0\r\nstreet_address=1\r\nsuburb=1\r\nstate=1\r\ncountry=1\r\npostcode=1\r\ntelephone=1\r\nfax=1\r\nmisc=1\r\nimage=1\r\nvcard=0\r\nemail_description=1\r\nemail_description_text=\r\nemail_form=1\r\nemail_copy=1\r\ndrop_down=0\r\ncontact_icons=0\r\nicon_address=\r\nicon_email=\r\nicon_telephone=\r\nicon_fax=\r\nicon_misc=',0,12,0,'','');
/*!40000 ALTER TABLE `internal_contact_details` ENABLE KEYS */;
UNLOCK TABLES;

--
-- Table structure for table `internal_content`
--

DROP TABLE IF EXISTS `internal_content`;
/*!40101 SET @saved_cs_client     = @@character_set_client */;
/*!40101 SET character_set_client = utf8 */;
CREATE TABLE `internal_content` (
  `id` int(11) unsigned NOT NULL AUTO_INCREMENT,
  `title` text NOT NULL,
  `title_alias` text NOT NULL,
  `introtext` mediumtext NOT NULL,
  `fulltext` mediumtext NOT NULL,
  `state` tinyint(3) NOT NULL DEFAULT '0',
  `sectionid` int(11) unsigned NOT NULL DEFAULT '0',
  `mask` int(11) unsigned NOT NULL DEFAULT '0',
  `catid` int(11) unsigned NOT NULL DEFAULT '0',
  `created` datetime NOT NULL DEFAULT '0000-00-00 00:00:00',
  `created_by` int(11) unsigned NOT NULL DEFAULT '0',
  `created_by_alias` text NOT NULL,
  `modified` datetime NOT NULL DEFAULT '0000-00-00 00:00:00',
  `modified_by` int(11) unsigned NOT NULL DEFAULT '0',
  `checked_out` int(11) unsigned NOT NULL DEFAULT '0',
  `checked_out_time` datetime NOT NULL DEFAULT '0000-00-00 00:00:00',
  `publish_up` datetime NOT NULL DEFAULT '0000-00-00 00:00:00',
  `publish_down` datetime NOT NULL DEFAULT '0000-00-00 00:00:00',
  `images` text NOT NULL,
  `urls` text NOT NULL,
  `attribs` text NOT NULL,
  `version` int(11) unsigned NOT NULL DEFAULT '1',
  `parentid` int(11) unsigned NOT NULL DEFAULT '0',
  `ordering` int(11) NOT NULL DEFAULT '0',
  `metakey` text NOT NULL,
  `metadesc` text NOT NULL,
  `access` int(11) unsigned NOT NULL DEFAULT '0',
  `hits` int(11) unsigned NOT NULL DEFAULT '0',
  `metadata` text NOT NULL,
  PRIMARY KEY (`id`),
  KEY `idx_section` (`sectionid`),
  KEY `idx_access` (`access`),
  KEY `idx_checkout` (`checked_out`),
  KEY `idx_state` (`state`),
  KEY `idx_catid` (`catid`),
  KEY `idx_mask` (`mask`)
) ENGINE=MyISAM AUTO_INCREMENT=44 DEFAULT CHARSET=utf8;
/*!40101 SET character_set_client = @saved_cs_client */;

--
-- Dumping data for table `internal_content`
--

LOCK TABLES `internal_content` WRITE;
/*!40000 ALTER TABLE `internal_content` DISABLE KEYS */;
INSERT INTO `internal_content` VALUES (1,'Welcome to the Spartan CMS/CRM/ERP System','welcome-to-joomla','<strong>The Mahsie CMS Solution is a free open source framework and content publishing system designed for quickly creating highly interactive multi-language Web sites, online communities, media portals, blogs and eCommerce applications. <br /></strong><p>Based on the Joomla! CMS, Mahsie\'s integrated system provides an easy-to-use graphical user interface that simplifies the management and publishing of large volumes of content including HTML, documents, and rich media.  Joomla! is used by organisations of all sizes for Public Websites, Intranets and Extranets and is supported by a community of thousands of users. </p>','With fully documented library of developer resources, the system allows the customisation of every aspect of a Website including presentation, layout, administration and rapid integration with third-party applications.<p>Joomla! has a rich heritage and has been crowned CMS king many times over.  Now with more power under the hood, Mahsie OSS is shifting gear to integrate content management, customer relations and enterprise resource planning within a single, easy-to-use framework.  For those who always wanted increased extensibility, Mahsie OSS can make this happen. </p>',1,0,0,0,'2006-10-12 12:00:00',62,'','2007-03-22 18:05:30',62,0,'0000-00-00 00:00:00','2006-01-02 14:00:00','0000-00-00 00:00:00','powered_by.png|left|Joomla! Logo|1|Example Caption|bottom|center|180','','pageclass_sfx=\nitem_title=1\nlink_titles=\nintrotext=1\nsection=0\nsection_link=0\ncategory=0\ncategory_link=0\nrating=\nshowAuthor=\ncreatedate=\nmodifydate=\npdf=\nprint=\nemail=\nlanguage=\nkeyref=',19,0,1,'','',0,33,'robots=\nauthor='),(2,'Newsflash 1','newsflash-1','<p>Joomla! makes it easy to launch a website of any kind. Whether you want a brochure site or you\'re building a large online community, Joomla! allows you to deploy a site in minutes and add functionality as you need it. The hundreds of extensions will expand your site and allow you to deliver new services that expand your reach into the Internet.</p>','',1,1,0,3,'2004-08-10 08:30:34',62,'','2006-10-11 14:28:32',67,0,'0000-00-00 00:00:00','2004-08-09 12:00:00','0000-00-00 00:00:00','','','pageclass_sfx=\r\nitem_title=1\r\nlink_titles=\r\nintrotext=1\r\nsection=0\r\nsection_link=0\r\ncategory=0\r\ncategory_link=0\r\nrating=\r\nauthor=\r\ncreatedate=\r\nmodifydate=\r\npdf=\r\nprint=\r\nemail=\r\nlanguage=\r\nkeyref=',4,0,3,'','',0,1,''),(3,'Newsflash 2','newsflash-2','<p>The one thing about a website, it always changes! Joomla! makes it easy to add article, content, images, videos and more. Site administrators can edit and manage content \'in-context\' by clicking the \'edit\' link. Webmasters can also edit content though a graphical administration panel that give you complete control over your site.</p>','',1,1,0,3,'2004-08-10 00:30:34',62,'','2006-10-10 14:49:31',68,0,'0000-00-00 00:00:00','2004-08-09 08:00:00','0000-00-00 00:00:00','','','pageclass_sfx=\r\nitem_title=1\r\nlink_titles=\r\nintrotext=1\r\nsection=0\r\nsection_link=0\r\ncategory=0\r\ncategory_link=0\r\nrating=\r\nauthor=\r\ncreatedate=\r\nmodifydate=\r\npdf=\r\nprint=\r\nemail=\r\nlanguage=\r\nkeyref=',3,0,4,'','',0,0,''),(4,'Newsflash 3','newsflash-3','<p>With a library of hundreds of free extensions, you can add what you need as your site grows. Don\'t wait, look through the <a href=\"http://extensions.joomla.org/\" target=\"_blank\">Joomla! extensions</a>  library today. </p>','',1,1,0,3,'2004-08-10 08:30:34',62,'','2006-10-11 14:28:53',67,0,'0000-00-00 00:00:00','2004-08-09 12:00:00','0000-00-00 00:00:00','','','pageclass_sfx=\r\nitem_title=1\r\nlink_titles=\r\nintrotext=1\r\nsection=0\r\nsection_link=0\r\ncategory=0\r\ncategory_link=0\r\nrating=\r\nauthor=\r\ncreatedate=\r\nmodifydate=\r\npdf=\r\nprint=\r\nemail=\r\nlanguage=\r\nkeyref=',4,0,5,'','',0,1,''),(5,'Joomla! License Guidelines','joomla-license-guidelines','<p>This website is powered by <a href=\"http://www.joomla.org/\">Joomla!</a>  The software and default templates on which it runs are Copyright 2005-2006 <a href=\"http://www.opensourcematters.org/\">Open Source Matters</a>.  All other content and data, including data entered into this website and templates added after installation, are copyrighted by their respective copyright owners.</p><p>If you want to distribute, copy or modify Joomla!, you are welcome to do so under the terms of the <a href=\"http://www.gnu.org/copyleft/gpl.html#SEC1\">GNU General Public License</a>.  If you are unfamiliar with this license, you might want to read <a href=\"http://www.gnu.org/copyleft/gpl.html#SEC4\">\'How To Apply These Terms To Your Program\'</a> and the <a href=\"http://www.gnu.org/licenses/gpl-faq.html\">\'GNU General Public License FAQ\'</a>.</p>','',1,4,0,25,'2004-08-20 12:11:07',62,'','2006-10-10 12:22:38',68,0,'0000-00-00 00:00:00','2004-08-19 08:00:00','0000-00-00 00:00:00','','','pageclass_sfx=\nitem_title=1\nlink_titles=\nintrotext=1\nsection=0\nsection_link=0\ncategory=0\ncategory_link=0\nrating=\nauthor=\ncreatedate=\nmodifydate=\npdf=\nprint=\nemail=\nlanguage=\nkeyref=',3,0,2,'','',0,44,''),(6,'Example News Item 1','example-news-item-1','{image}Lorem ipsum dolor sit amet, consetetur sadipscing elitr, sed diam nonumy eirmod tempor invidunt ut labore et dolore magna aliquyam erat,\r\nsed diam voluptua. At vero eos et accusam et justo duo dolores et ea rebum. Stet clita kasd gubergren, no sea takimata sanctus est Lorem ipsum dolor sit\r\namet. Lorem ipsum dolor sit amet, consetetur sadipscing elitr, sed diam nonumy eirmod tempor invidunt ut labore et dolore magna aliquyam erat, sed diam\r\nvoluptua. At vero eos et accusam et justo duo dolores et ea rebum.','<p>{image}Duis autem vel eum iriure dolor in hendrerit in vulputate\r\nvelit esse molestie consequat, vel illum dolore eu feugiat nulla facilisis at\r\nvero eros et accumsan et iusto odio dignissim qui blandit praesent luptatum\r\nzzril delenit augue duis dolore te feugait nulla facilisi. Lorem ipsum dolor\r\nsit amet, consectetuer adipiscing elit, sed diam nonummy nibh euismod tincidunt\r\nut laoreet dolore magna aliquam erat volutpat.</p>\r\n\r\n<p>Ut wisi enim ad minim veniam, quis nostrud exerci tation\r\nullamcorper suscipit lobortis nisl ut aliquip ex ea commodo consequat. Duis\r\nautem vel eum iriure dolor in hendrerit in vulputate velit esse molestie\r\nconsequat, vel illum dolore eu feugiat nulla facilisis at vero eros et accumsan\r\net iusto odio dignissim qui blandit praesent luptatum zzril delenit augue duis\r\ndolore te feugait nulla facilisi.</p>\r\n\r\n<p>Nam liber tempor cum soluta nobis eleifend option congue\r\nnihil imperdiet doming id quod mazim placerat facer possim assum. Lorem ipsum\r\ndolor sit amet, consectetuer adipiscing elit, sed diam nonummy nibh euismod\r\ntincidunt ut laoreet dolore magna aliquam erat volutpat. Ut wisi enim ad minim\r\nveniam, quis nostrud exerci tation ullamcorper suscipit lobortis nisl ut\r\naliquip ex ea commodo consequat.</p>\r\n\r\n<p>Duis autem vel eum iriure dolor in hendrerit in vulputate\r\nvelit esse molestie consequat, vel illum dolore eu feugiat nulla facilisis. At\r\nvero eos et accusam et justo duo dolores et ea rebum. Stet clita kasd\r\ngubergren, no sea takimata sanctus est Lorem ipsum dolor sit amet. Lorem ipsum\r\ndolor sit amet, consetetur sadipscing elitr, sed diam nonumy eirmod tempor\r\ninvidunt ut labore et dolore magna aliquyam erat, sed diam voluptua. At vero\r\neos et accusam et justo duo dolores et ea rebum. Stet clita kasd gubergren, no\r\nsea takimata sanctus est Lorem ipsum dolor sit amet. Lorem ipsum dolor sit\r\namet, consetetur sadipscing elitr, At accusam aliquyam diam diam dolore dolores\r\nduo eirmod eos erat, et nonumy sed tempor et et invidunt justo labore Stet\r\nclita ea et gubergren, kasd magna no rebum. sanctus sea sed takimata ut vero\r\nvoluptua. est Lorem ipsum dolor sit amet. Lorem ipsum dolor sit amet,\r\nconsetetur sadipscing elitr, sed diam nonumy eirmod tempor invidunt ut labore\r\net dolore magna aliquyam erat.</p>\r\n\r\n<p>Consetetur sadipscing elitr, sed diam nonumy eirmod tempor\r\ninvidunt ut labore et dolore magna aliquyam erat, sed diam voluptua. At vero\r\neos et accusam et justo duo dolores et ea rebum. Stet clita kasd gubergren, no\r\nsea takimata sanctus est Lorem ipsum dolor sit amet. Lorem ipsum dolor sit\r\namet, consetetur sadipscing elitr, sed diam nonumy eirmod tempor invidunt ut\r\nlabore et dolore magna aliquyam erat, sed diam voluptua. At vero eos et accusam\r\net justo duo dolores et ea rebum. Stet clita kasd gubergren, no sea takimata\r\nsanctus est Lorem ipsum dolor sit amet. Lorem ipsum dolor sit amet, consetetur\r\nsadipscing elitr, sed diam nonumy eirmod tempor invidunt ut labore et dolore\r\nmagna aliquyam erat, sed diam voluptua. At vero eos et accusam et justo duo\r\ndolores et ea rebum. Stet clita kasd gubergren, no sea takimata sanctus est\r\nLorem ipsum dolor sit amet.</p>',1,1,0,1,'2004-07-07 11:54:06',62,'','2004-07-07 18:05:05',62,0,'0000-00-00 00:00:00','2004-07-07 00:00:00','0000-00-00 00:00:00','food/coffee.jpg|left||0\r\nfood/bread.jpg|right||0','','',1,0,2,'','',0,9,''),(7,'Example News Item 2','example-news-item-2','<p>{image}Lorem ipsum dolor sit amet, consetetur sadipscing elitr, sed diam nonumy eirmod tempor invidunt ut labore et dolore magna aliquyam erat, sed diam voluptua. At vero eos et accusam et justo duo dolores et ea rebum. Stet clita kasd gubergren, no sea takimata sanctus est Lorem ipsum dolor sit amet. Lorem ipsum dolor sit amet, consetetur sadipscing elitr, sed diam nonumy eirmod tempor invidunt ut labore et dolore magna aliquyam erat, sed diam voluptua.</p>','\n\n<p>At vero eos et accusam et justo duo dolores et ea rebum. Stet clita kasd gubergren, no sea takimata sanctus est Lorem ipsum dolor sit amet. Lorem ipsum dolor sit amet, consetetur sadipscing elitr, sed diam nonumy eirmod tempor invidunt ut labore et dolore magna aliquyam erat, sed diam voluptua. At vero eos et accusam et justo duo dolores et ea rebum. Stet clita kasd gubergren, no sea takimata sanctus est Lorem ipsum dolor sit amet.</p>',1,1,0,1,'2004-07-07 12:00:00',1,'','2006-12-10 22:39:08',1,0,'0000-00-00 00:00:00','2004-07-07 12:00:00','0000-00-00 00:00:00','food/bun.jpg|right||0','','pageclass_sfx=\nitem_title=1\nlink_titles=\nintrotext=1\nsection=0\nsection_link=0\ncategory=0\ncategory_link=0\nrating=\nauthor=\ncreatedate=\nmodifydate=\npdf=\nprint=\nemail=\nlanguage=\nkeyref=',3,0,3,'','',0,3,''),(8,'Example News Item 3','example-news-item-3','<p>{image}Lorem ipsum dolor sit amet, consetetur sadipscing elitr, sed diam nonumy eirmod tempor invidunt ut labore et dolore magna aliquyam erat,\r\nsed diam voluptua. At vero eos et accusam et justo duo dolores et ea rebum. Stet clita kasd gubergren, no sea takimata sanctus est Lorem ipsum dolor sit\r\namet. Lorem ipsum dolor sit amet, consetetur sadipscing elitr, sed diam nonumy eirmod tempor invidunt ut labore et dolore magna aliquyam erat, sed diam\r\nvoluptua. At vero eos et accusam et justo duo dolores et ea rebum. Stet clita kasd gubergren, no sea takimata sanctus est Lorem ipsum dolor sit amet. Lorem\r\nipsum dolor sit amet, consetetur sadipscing elitr, sed diam nonumy eirmod tempor invidunt ut labore et dolore magna aliquyam erat, sed diam voluptua. At\r\nvero eos et accusam et justo duo dolores et ea rebum. Stet clita kasd gubergren, no sea takimata sanctus est Lorem ipsum dolor sit amet.</p>','',1,1,0,1,'2004-04-12 11:54:06',62,'','2004-07-07 18:08:23',62,0,'0000-00-00 00:00:00','2004-07-07 00:00:00','0000-00-00 00:00:00','fruit/pears.jpg|right||0','','',1,0,4,'','',0,2,''),(9,'Example News Item 4','example-news-item-4','<p>Lorem ipsum dolor sit amet, consetetur sadipscing elitr, sed diam nonumy eirmod tempor invidunt ut labore et dolore magna aliquyam erat,\r\nsed diam voluptua. Lorem ipsum dolor sit amet, consetetur sadipscing elitr, sed diam nonumy eirmod tempor invidunt ut labore et dolore magna aliquyam erat, sed diam\r\nvoluptua. At\r\nvero eos et accusam et justo duo dolores et ea rebum. Stet clita kasd gubergren, no sea takimata sanctus est Lorem ipsum dolor sit amet.</p>','<p>{image}Duis autem vel eum iriure dolor in hendrerit in vulputate\r\nvelit esse molestie consequat, vel illum dolore eu feugiat nulla facilisis at\r\nvero eros et accumsan et iusto odio dignissim qui blandit praesent luptatum\r\nzzril delenit augue duis dolore te feugait nulla facilisi. Lorem ipsum dolor\r\nsit amet, consectetuer adipiscing elit, sed diam nonummy nibh euismod tincidunt\r\nut laoreet dolore magna aliquam erat volutpat.</p>\r\n\r\n<hr class=\"system-pagebreak\" /><p>{image}Ut wisi enim ad minim veniam, quis nostrud exerci tation\r\nullamcorper suscipit lobortis nisl ut aliquip ex ea commodo consequat. Duis\r\nautem vel eum iriure dolor in hendrerit in vulputate velit esse molestie\r\nconsequat, vel illum dolore eu feugiat nulla facilisis at vero eros et accumsan\r\net iusto odio dignissim qui blandit praesent luptatum zzril delenit augue duis\r\ndolore te feugait nulla facilisi.</p>\r\n\r\n<p>{image}Nam liber tempor cum soluta nobis eleifend option congue\r\nnihil imperdiet doming id quod mazim placerat facer possim assum. Lorem ipsum\r\ndolor sit amet, consectetuer adipiscing elit, sed diam nonummy nibh euismod\r\ntincidunt ut laoreet dolore magna aliquam erat volutpat. Ut wisi enim ad minim\r\nveniam, quis nostrud exerci tation ullamcorper suscipit lobortis nisl ut\r\naliquip ex ea commodo consequat.</p>\r\n\r\n<p>Duis autem vel eum iriure dolor in hendrerit in vulputate\r\nvelit esse molestie consequat, vel illum dolore eu feugiat nulla facilisis. At\r\nvero eos et accusam et justo duo dolores et ea rebum. Stet clita kasd\r\ngubergren, no sea takimata sanctus est Lorem ipsum dolor sit amet. Lorem ipsum\r\ndolor sit amet, consetetur sadipscing elitr, sed diam nonumy eirmod tempor\r\ninvidunt ut labore et dolore magna aliquyam erat, sed diam voluptua. At vero\r\neos et accusam et justo duo dolores et ea rebum. Stet clita kasd gubergren, no\r\nsea takimata sanctus est Lorem ipsum dolor sit amet. Lorem ipsum dolor sit\r\namet, consetetur sadipscing elitr, At accusam aliquyam diam diam dolore dolores\r\nduo eirmod eos erat, et nonumy sed tempor et et invidunt justo labore Stet\r\nclita ea et gubergren, kasd magna no rebum. sanctus sea sed takimata ut vero\r\nvoluptua. est Lorem ipsum dolor sit amet. Lorem ipsum dolor sit amet,\r\nconsetetur sadipscing elitr, sed diam nonumy eirmod tempor invidunt ut labore\r\net dolore magna aliquyam erat.</p>\r\n\r\n<hr class=\"system-pagebreak\" /><p>Consetetur sadipscing elitr, sed diam nonumy eirmod tempor\r\ninvidunt ut labore et dolore magna aliquyam erat, sed diam voluptua. At vero\r\neos et accusam et justo duo dolores et ea rebum. Stet clita kasd gubergren, no\r\nsea takimata sanctus est Lorem ipsum dolor sit amet. Lorem ipsum dolor sit\r\namet, consetetur sadipscing elitr, sed diam nonumy eirmod tempor invidunt ut\r\nlabore et dolore magna aliquyam erat, sed diam voluptua. At vero eos et accusam\r\net justo duo dolores et ea rebum. Stet clita kasd gubergren, no sea takimata\r\nsanctus est Lorem ipsum dolor sit amet. Lorem ipsum dolor sit amet, consetetur\r\nsadipscing elitr, sed diam nonumy eirmod tempor invidunt ut labore et dolore\r\nmagna aliquyam erat, sed diam voluptua. At vero eos et accusam et justo duo\r\ndolores et ea rebum. Stet clita kasd gubergren, no sea takimata sanctus est\r\nLorem ipsum dolor sit amet.</p>',1,1,0,1,'2004-07-07 11:54:06',62,'','2004-07-07 18:10:23',62,0,'0000-00-00 00:00:00','2004-07-07 00:00:00','0000-00-00 00:00:00','fruit/strawberry.jpg|left||0\r\nfruit/pears.jpg|right||0\r\nfruit/cherry.jpg|left||0','','',1,0,5,'','',0,7,''),(10,'How do I localise Joomla! to my language?','how-do-i-localise-joomla-to-my-language','<h4>General<br /></h4><p>In Joomla! 1.5 all user interfaces can be localised. This includes the installation, the administrator interface and the front end site.</p><p>The core release of Joomla! 1.5 is shipped with mutliple language choices in the installation but languages for the site and administration interfaces need to be added after installation. (Other than English). Links to such language packs exist below.</p>','<p>Translation Teams for Joomla! 1.5 may have also released fully localised installation packages where site, administrator and sample data are in the local language. These localised releases can be found in the specific team projects on the Joomla! Forge.</p><h4>How do I install language packs?</h4><ul><li>First download both the admin and the site language packs that you require.</li><li>Install each pack separately using the Extensions-&gt;Install/Uninstall menu selection and then the package file upload facility.</li><li>Go to the Language Manager and be sure to select Site or Admin in the sub-menu. Then select the appropriate language and make it the default one using the toolbar button.</li></ul><h4>How do I select languages?</h4><ul><li>Default language can be individually set for site and for admin</li><li>In addition, users can define their preferred language for each site and admin. This takes affect after logging in<br /></li><li>While logging in to the admin, a language can be selected for the particular session.</li></ul><h4>Where can I find Language Packs and Localised Releases?</h4><p><em>Please note that Joomla! 1.5 is new and language packs for this version may have not been released at this time.</em> </p><ul><li><a href=\"http://forge.joomla.org/sf/frs/do/viewSummary/projects.joomla_translations/frs\" target=\"_blank\" title=\"Accredited Translations\">The Joomla! Accredited Translations Project</a>  - This is a joint repository for language packs that were developed by teams that are members of the Joomla! Translations Working Group.</li><li><a href=\"http://extensions.joomla.org/component/option,com_mtree/task,listcats/cat_id,1837/Itemid,35/\" target=\"_blank\" title=\"Translations\">The Joomla! Extensions Site - Translations</a>  <br /></li><li><a href=\"http://dev.joomla.org/content/view/42/66/\" target=\"_blank\" title=\"Translation Work Group Teams\">List of Translation Teams and Translation Partner Sites for Joomla! 1.5</a> <br /></li></ul><h4>Mutli-lingual sites:</h4><p>Joomla! can be adapted to provide multi-lingual sites by installing the Joom-Fish component. </p><ul><li> <a href=\"http://extensions.joomla.org/component/option,com_mtree/task,listcats/cat_id,1838/Itemid,35/\" target=\"_blank\" title=\"Joom-Fish\">The Joomla! Extenstions Site  - Multi-lingual Content</a></li></ul><br />',1,3,0,32,'2006-09-30 16:06:37',62,'','2006-10-11 14:52:22',71,0,'0000-00-00 00:00:00','2006-09-29 12:00:00','0000-00-00 00:00:00','','','pageclass_sfx=\r\nitem_title=1\r\nlink_titles=\r\nintrotext=1\r\nsection=0\r\nsection_link=0\r\ncategory=0\r\ncategory_link=0\r\nrating=\r\nauthor=\r\ncreatedate=\r\nmodifydate=\r\npdf=\r\nprint=\r\nemail=\r\nlanguage=\r\nkeyref=',6,0,5,'','',0,6,''),(11,'How do I upgrade to Joomla! 1.5 ?','how-do-i-upgrade-to-joomla-15','<p>Joomla 1.5 does not provide an upgrade path from earlier versions. Converting an older site to a Joomla 1.5 site requires creation of a new empty site using Joomla 1.5 and then populating the new site with the content from the old site. This migration of content is not a one-to-one process and involves conversions and modifications to the content dump.</p> <p>There are two ways to perform the migration:</p>',' <div id=\"post_content-107\"><li>An automated method of migration has been provided which uses a migrator component to create the migration dump out of the old site (Mambo 4.5.x up to Joomla 1.0.x) and a smart import facility in the Joomla 1.5 Installation that performs required conversions and modifications during the installation process.</li> <li>Migration can be performed manually. This involves exporting the required tables, manually performing required conversions and modifications and then importing the content to the new site after it is installed.</li>  <p><!--more--></p> <h4><strong> Automated migration</strong></h4>  <p>This is a two phased process using two tools. The first tool is a migrator component named \'com_migrator\'. This component has been contributed by Harald Baer and is based on his \'eBackup\' component. The migrator needs to be installed on the old site and when activated it prepares the required export dump of the old site\'s data. The second tool is built into the Joomla 1.5 installation process. The exported content dump is loaded to the new site and all conversions and modification are performed \'on-the-fly\'.</p> <p><u><br /> Step 1 - Using com_migrator to export data from old site:</u></p> <li>Install the com_migrator component on the <u><strong>old</strong></u> site. It can be found at the <a href=\"http://forge.joomla.org/sf/frs/do/listReleases/projects.joomla_addons/frs.com_migrator\" target=\"_blank\">Joomla! official Addons forge</a> .<br /></li> <li>Select the component in the component menu of the administrator.</li> <li>Click on the \'Dump it\' icon. Three exported gzipped export scripts will be created. The first is a complete backup of the old site. The second is the migration content of all core elements which will be imported to the new site. The third is a backup of all 3PD component tables.</li> <li>Click on the download icon of the particular exports files needed and store locally.</li> <li>Multiple export sets can be created.</li> <li>The exported data is not modified in anyway and the original encoding is preserved. This makes the com_migrator tool a recommended tool to use for manual migration as well.</li> <p><u><br /> Step 2 - Using the migration facility to import and convert data during Joomla 1.5 installation:</u></p><p>Note: This function requires use of the iconv function in PHP to convert encodings. If iconv is not found a warning will be provided.<br /></p> <li>In step 6 - Configuration select the \'Load Migration Script\' option in the \'Load Sample Data, Restore or Migrate Backed Up Content\' section of the page.</li> <li>Enter the table prefix used in the content dump. For example: \'#_\' or \'#__\' are acceptable values.</li> <li>Select the encoding of the dumped content in the dropdown list. This should be the encoding used on the pages of the old site. (As defined in the _ISO variable in the language file or as seen in the browser page info/encoding/source)</li> <li>Browse the local host and select the migration export and click on \'Upload and Execute\'</li> <li>A success message should appear or alternately a listing of db errors</li> <li>Complete the other required fields in the Configuration step such as Site Name and Admin details and advance to the final step of installation. (Admin details will be ignored as the imported data will take priority. Please remember admin name and password from the old site)</li> <p><u><br /></u></p></div>',1,3,0,28,'2006-10-01 00:27:52',62,'','2006-10-11 16:22:49',70,0,'0000-00-00 00:00:00','2006-09-29 16:00:00','0000-00-00 00:00:00','','','pageclass_sfx=\r\nitem_title=1\r\nlink_titles=\r\nintrotext=1\r\nsection=0\r\nsection_link=0\r\ncategory=0\r\ncategory_link=0\r\nrating=\r\nauthor=\r\ncreatedate=\r\nmodifydate=\r\npdf=\r\nprint=\r\nemail=\r\nlanguage=\r\nkeyref=',6,0,3,'','',0,9,''),(12,'Why does Joomla! 1.5 use utf-8 encoding?','why-does-joomla-15-use-utf-8-encoding','<p>Well... how about never needing to mess with encoding settings again?</p><p>Ever needed to display several languages on one page or site and something always came up in Giberish?</p><p>With utf-8 (a variant of Unicode) glyphs (charcter forms) of all basically all languages can be displayed with one single encoding setting. For example if you might wish to say WELCOME in as many language possible you could do the following:</p>','',1,3,0,31,'2006-10-05 03:11:29',62,'','2006-10-11 14:57:22',67,0,'0000-00-00 00:00:00','2006-10-03 12:00:00','0000-00-00 00:00:00','','','pageclass_sfx=\r\nitem_title=1\r\nlink_titles=\r\nintrotext=1\r\nsection=0\r\nsection_link=0\r\ncategory=0\r\ncategory_link=0\r\nrating=\r\nauthor=\r\ncreatedate=\r\nmodifydate=\r\npdf=\r\nprint=\r\nemail=\r\nlanguage=\r\nkeyref=',5,0,8,'','',0,25,''),(13,'What happened to the locale setting?','what-happened-to-the-locale-setting','This is now defined in the language &lt;lang&gt;.xml file in the language metadata settings. If you are having locale problems (dates don\'t appear in your language) you might want to check/edit the entries in the locale tag. Note that multiple locale strings can be set and the host will usually accept the first one recognised.','',1,3,0,28,'2006-10-06 18:47:35',62,'','2006-10-11 14:51:18',67,0,'0000-00-00 00:00:00','2006-10-05 16:00:00','0000-00-00 00:00:00','','','pageclass_sfx=\nitem_title=1\nlink_titles=\nintrotext=1\nsection=0\nsection_link=0\ncategory=0\ncategory_link=0\nrating=\nauthor=\ncreatedate=\nmodifydate=\npdf=\nprint=\nemail=\nlanguage=\nkeyref=',4,0,2,'','',0,6,''),(14,'What is the FTP layer for?','what-is-the-ftp-layer-for','<p>This allows file operations (such installing extensions or updating the main configuration) without having to make all the folders and files writeable. This makes the site admin\'s life a lot easier and increases security of the site</p><p>You can check the write status of relevent folders by going to \'\'Help-&gt;System Info\" and then in the sub-menu to \"Directory Permissions\". With FTP even if all directories are red, Joomla! will operate smoothly.</p><p>NOTE: the FTP layer is not required on a Windows host. </p>','',1,3,0,31,'2006-10-06 21:27:49',62,'','2006-10-11 14:54:20',67,0,'0000-00-00 00:00:00','2006-10-05 16:00:00','0000-00-00 00:00:00','','','pageclass_sfx=\nitem_title=1\nlink_titles=\nintrotext=1\nsection=0\nsection_link=0\ncategory=0\ncategory_link=0\nrating=\nauthor=\ncreatedate=\nmodifydate=\npdf=\nprint=\nemail=\nlanguage=\nkeyref=',4,0,6,'','',0,8,''),(15,'Can Joomla! 1.5 operate with PHP Safe Mode On?','can-joomla-15-operate-with-php-safe-mode-on','<p>Yes it can! This is a significant security improvement.</p><p>The safe mode limits PHP file to be able to perfom actions only on files/folders who\'s owner is the same as PHP is currently using (this is usually \'apache\'). As files normally are created either by the Joomla! application or by FTP access, the combination of PHP file actions and the FTP layer allows Joomla! to operate in PHP Safe Mode.</p>','',1,3,0,31,'2006-10-06 21:28:35',62,'','2006-10-11 14:59:13',67,0,'0000-00-00 00:00:00','2006-10-05 16:00:00','0000-00-00 00:00:00','','','pageclass_sfx=\nitem_title=1\nlink_titles=\nintrotext=1\nsection=0\nsection_link=0\ncategory=0\ncategory_link=0\nrating=\nauthor=\ncreatedate=\nmodifydate=\npdf=\nprint=\nemail=\nlanguage=\nkeyref=',4,0,4,'','',0,3,''),(16,'Only one edit window! How do I create \"Read more...\"?','only-one-edit-window-how-do-i-create-read-more','<p>This is now implemented by inserting a tag (button is in the editor area) a dotted line appears in the edited text showing the split location for the \"Read more...\". A new bot takes care of the rest.</p><p>It is worth mentioning that this does not have a negative effect on migrated data from older sites. The new implementation is fully backward compatible.</p>','',1,3,0,28,'2006-10-06 21:29:28',62,'','2006-10-11 14:58:07',67,0,'0000-00-00 00:00:00','2006-10-05 16:00:00','0000-00-00 00:00:00','','','pageclass_sfx=\nitem_title=1\nlink_titles=\nintrotext=1\nsection=0\nsection_link=0\ncategory=0\ncategory_link=0\nrating=\nauthor=\ncreatedate=\nmodifydate=\npdf=\nprint=\nemail=\nlanguage=\nkeyref=',4,0,4,'','',0,8,''),(17,'My MySql database does not support UTF-8. Do I have a problem?','my-mysql-database-does-not-support-utf-8-do-i-have-a-problem','No you don\'t. Versions of MySql lower than 4.1 do not have build in utf-8 support. However, Joomla! 1.5 has made provisions for backward compatibility and is able to use utf-8 on older databases. Let the installer take care of all settings and there is no need to make any changes to the database (charset, collation or any other).','',1,3,0,31,'2006-10-07 13:30:37',62,'','2006-10-11 14:54:40',67,0,'0000-00-00 00:00:00','2006-10-06 00:00:00','0000-00-00 00:00:00','','','pageclass_sfx=\nitem_title=1\nlink_titles=\nintrotext=1\nsection=0\nsection_link=0\ncategory=0\ncategory_link=0\nrating=\nauthor=\ncreatedate=\nmodifydate=\npdf=\nprint=\nemail=\nlanguage=\nkeyref=',6,0,7,'','',0,5,''),(18,'Joomla! Features','joomla-features','<h4><font color=\"#ff6600\">Joomla! features:</font></h4> <ul><li>Completely database driven site engines </li><li>News, products or services sections fully editable and manageable</li><li>Topics sections can be added to by contributing authors </li><li>Fully customisable layouts including left, center and right menu boxes </li><li>Browser upload of images to your own library for use anywhere in the site </li><li>Dynamic Forum/Poll/Voting booth for on-the-spot results </li><li>Runs on Linux, FreeBSD, MacOSX server, Solaris and AIX','  </li></ul> <h4>Extensive Administration:</h4> <ul><li>Change order of objects including news, FAQs, articles etc. </li><li>Random Newsflash generator </li><li>Remote author submission module for News, Articles, FAQs and Links </li><li>Object hierarchy - as many sections, departments, divisions and pages as you want </li><li>Image library - store all your PNGs, PDFs, DOCs, XLSs, GIFs and JPEGs online for easy use </li><li>Automatic Path-Finder. Place a picture and let Joomla! fix the link </li><li>News feed manager. Choose from over 360 news feeds from around the world </li><li>Archive manager. Put your old articles into cold storage rather than throw them out </li><li>Email-a-friend and Print-format for every story and article </li><li>In-line Text editor similar to Word Pad </li><li>User editable look and feel </li><li>Polls/Surveys - Now put a different one on each page </li><li>Custom Page Modules. Download custom page modules to spice up your site </li><li>Template Manager. Download templates and implement them in seconds </li><li>Layout preview. See how it looks before going live </li><li>Banner manager. Make money out of your site</li></ul>',1,4,0,29,'2006-10-09 01:32:45',62,'','2006-10-11 17:28:28',67,0,'0000-00-00 00:00:00','2006-10-07 08:00:00','0000-00-00 00:00:00','','','pageclass_sfx=\nitem_title=1\nlink_titles=\nintrotext=1\nsection=0\nsection_link=0\ncategory=0\ncategory_link=0\nrating=\nauthor=\ncreatedate=\nmodifydate=\npdf=\nprint=\nemail=\nlanguage=\nkeyref=',8,0,4,'','',0,52,''),(19,'Joomla! Overview','joomla-overview','<p>If you\'re new to web publishing systems, you\'ll find that Joomla! delivers sophisticated solutions to your online needs. It can deliver a robust enterprise-level website, empowered by endless extensibility for your bespoke publishing needs. Moreover, it is often the system of choice for small business or home users who want a professional looking site that\'s simple to deploy and use. We do content right.<br /> </p><p>So what\'s the catch? How much does this system cost? Well, there\'s good news ... and more good news! Joomla! 1.5 is free released under an Open Source license.</p><p>Had you invested in a commercial alternatives, there\'d be nothing but moths left in your wallet.</p>Joomla! is set to change all that ... Joomla! is different from the normal models for content management software. For a start, it\'s not complicated. Joomla! has been developed for everybody. It\'s licensed under the GNU/GPL license, easy to install and administer and reliable. Joomla! doesn\'t even require the user or administrator of the system to know HTML to operate it once it\'s up and running.','',1,4,0,29,'2006-10-09 09:49:20',62,'','2006-10-11 15:58:31',67,0,'0000-00-00 00:00:00','2006-10-07 12:00:00','0000-00-00 00:00:00','','','pageclass_sfx=\r\nitem_title=1\r\nlink_titles=\r\nintrotext=1\r\nsection=0\r\nsection_link=0\r\ncategory=0\r\ncategory_link=0\r\nrating=\r\nauthor=\r\ncreatedate=\r\nmodifydate=\r\npdf=\r\nprint=\r\nemail=\r\nlanguage=\r\nkeyref=',9,0,2,'','',0,80,''),(20,'Support and Documentation','support-and-documentation','<h1>Support </h1><p>Support for the Joomla! CMS can be found on several places. The best place to start would be the official <a href=\"http://help.joomla.org/\" target=\"_blank\">Help Site</a> . On the Help Site you can find a lot of documantation such as an Administrator manual, Developer info, Frequently Asked Questions and so on.</p><p>Of course you should not forget the Help System of the CMS itself. On the topmenu in the Backend Administrator you find the Help button which will provide you with lots of explanation on features. <br /></p><p>Another great place would of course be the <a href=\"http://forum.joomla.org/\" target=\"_blank\">Forum</a> . On the Joomla! Forum you can find help and support from both Community members, but also from Joomla! Core members and Working Group members. The forum contains a lot of information, FAQ\'s, just about anything you are looking for in terms of support.</p><p>Two other resources for Support are the <a href=\"http://dev.joomla.org/\" target=\"_blank\">Developer Site</a>  and the <a href=\"http://extensions.joomla.org/\" target=\"_blank\">Extensions Site</a> . The Developer Site for example provides lots of technical info to developers. The Joomla! Core members are regularly posting there blog reports about several topics such as programming techniques used in Joomla!, Security, Events and more.</p><h1>Documentation </h1><p>Joomla! Documentation can of course be found on the <a href=\"http://help.joomla.org/\" target=\"_blank\">Help Site</a> . You can find information such as an Installation Guide, User and Administrator manuals, Frueqently Asked Questions and a lot more.</p><p>Other than the documantation provided by the joomla! Core team, there are also books written about Joomla! You can find a listing of these books in the <a href=\"http://help.joomla.org/content/section/44/254/\" target=\"_blank\">Joomla! Bookshelf</a> . </p><p>Can you help?</p><p>Yes! If you have any suggestions for us, please post them to: <br /><a href=\"http://forum.joomla.org/index.php/board,59.0.html\" target=\"_blank\" title=\"http://forum.joomla.org/index.php/board,59.0.html\" class=\"urlextern\" onclick=\"return svchk()\" onkeypress=\"return svchk()\">http://forum.joomla.org/index.php/board,59.0.html</a><br /></p>','',1,4,0,25,'2006-10-09 10:33:57',62,'','2006-10-11 16:00:30',67,0,'0000-00-00 00:00:00','2006-10-07 12:00:00','0000-00-00 00:00:00','','','pageclass_sfx=\r\nitem_title=1\r\nlink_titles=\r\nintrotext=1\r\nsection=0\r\nsection_link=0\r\ncategory=0\r\ncategory_link=0\r\nrating=\r\nauthor=\r\ncreatedate=\r\nmodifydate=\r\npdf=\r\nprint=\r\nemail=\r\nlanguage=\r\nkeyref=',9,0,1,'','',0,1,''),(21,'Joomla! Facts','joomla-facts','<p>Here are some interesting facts about Joomla!</p><ul><li><span>Over 60,000 registered users on the Official Joomla! community site forum and more on the many international community sites.</span><br /></li><li><span>1168 Projects on the Joomla! Forge (<a href=\"http://forge.joomla.org/\">forge.joomla.org</a> ). All for open source addons by third party developers. </span></li><li><span>890+ extensions for Joomla! registered on the Extension site (<a href=\"http://extensions.joomla.org/\">extensions.joomla.org</a>)</span></li><li><span>Joomla.org exceeds 2 TB of traffic per month!</span></li><li><span>Alexa report [October 2006]: Joomla.org at #492 of top 500 busiest websites in the world.</span></li><li><span>Community <a href=\"http://forum.joomla.org\" title=\"Joomla Forum\">forums</a> , over half a million posts, and 60 000 activated users. </span>Growing at over 1200 posts per day and 150 new partcipants each day!</li></ul><p>&nbsp;</p>','',1,4,0,30,'2006-10-09 18:46:37',62,'','2006-10-11 17:59:02',67,0,'0000-00-00 00:00:00','2006-10-07 16:00:00','0000-00-00 00:00:00','','','pageclass_sfx=\nitem_title=1\nlink_titles=\nintrotext=1\nsection=0\nsection_link=0\ncategory=0\ncategory_link=0\nrating=\nauthor=\ncreatedate=\nmodifydate=\npdf=\nprint=\nemail=\nlanguage=\nkeyref=',10,0,1,'','',0,47,''),(22,'What\'s New In 1.5?','whats-new-in-15','<p>As with previous releases, Joomla! provides a unified and easy-to-use framework for delivering content for websites of all kinds. To support the changing nature of the Internet and emerging web technologies, Joomla! required substantial restructuring of its core functionality and we also used this effort to simplify many challenges within the current user interface. Joomla! 1.5 has many new features.<br /></p>','<p>&nbsp;</p><p style=\"margin-bottom: 0in\">   The goals for the Joomla! 1.5 release are to: </p>    <ul><li>     <p style=\"margin-bottom: 0in\">       Substantially improve usability, manageability, and scalability far beyond the original Mambo foundations.     </p>   </li><li>     <p style=\"margin-bottom: 0in\"> Expand accessibility to support internationalisation, double-byte characters and Right-to-Left support for Arabic and Hebrew languages. </p>   </li><li>     <p style=\"margin-bottom: 0in\"> Extend the integration of external applications through Web Services and remote authentication such as the Lightweight Directory Access Protocol (LDAP). </p>   </li><li>     <p style=\"margin-bottom: 0in\"> Enhance the content delivery, template and presentation capabilities to support accessibility standards and content delivery to any destination. </p>   </li><li>     <p style=\"margin-bottom: 0in\">       Achieve a more sustainable and flexible framework for component and extension developers.     </p>   </li><li>     <p style=\"margin-bottom: 0in\">       Deliver backwards compatibility with previous releases of components, templates, modules and other extensions.</p></li></ul><p>&nbsp;</p>',1,4,0,29,'2006-10-12 00:13:58',62,'','2006-10-11 16:23:48',70,0,'0000-00-00 00:00:00','2006-10-10 20:00:00','0000-00-00 00:00:00','','','pageclass_sfx=\nitem_title=1\nlink_titles=\nintrotext=1\nsection=0\nsection_link=0\ncategory=0\ncategory_link=0\nrating=\nauthor=\ncreatedate=\nmodifydate=\npdf=\nprint=\nemail=\nlanguage=\nkeyref=',5,0,1,'','',0,32,''),(23,'Platforms and Open Standards','platforms-and-open-standards','<p class=\"MsoNormal\">Joomla! runs on any platform including Windows, most flavors of Linux, Several Unix versions, and the Apple OSX platform.  Joomla! depends PHP and the MySQL database to deliver dynamic content.  </p>            <p class=\"MsoNormal\">The minimum requirements are:<br /></p>      <ul><li>Apache 1.x, 2.x and higher<br /></li><li>PHP 4.3 and higher</li><li>MySQL 3.23 and higher</li></ul>','',1,4,0,25,'2006-10-11 08:22:14',62,'','2006-10-11 16:00:59',67,0,'0000-00-00 00:00:00','2006-10-10 12:00:00','0000-00-00 00:00:00','','','pageclass_sfx=\nitem_title=1\nlink_titles=\nintrotext=1\nsection=0\nsection_link=0\ncategory=0\ncategory_link=0\nrating=\nauthor=\ncreatedate=\nmodifydate=\npdf=\nprint=\nemail=\nlanguage=\nkeyref=',3,0,3,'','',0,8,''),(24,'Content Layouts','content-layouts','<p>Joomla! provides plenty of flexibility when displaying your web content. Whether you are using Joomla! for a blog site, news or a website for a company, you\'ll find one or more content styles to showcase your information. You can also change the style of content dynamically depending on your preferences. Joomla calls how a page is laid out a <strong>layout</strong>. Use the guide below to understand which layouts are available and how you might use them. </p> <h2>Content </h2> <p>Joomla! makes it extremely easy to add and display content. All content  is placed where your mainbody tag in your template is located. There are three main types of layouts available in Joomla! and all of them can be customised via parameters. The display and parameters are set in the menu item used to display the content your working on. You create these layouts by creating a menu item and choosing how you want the content to display.</p> <h3>Blog layout<br /> </h3> <p>Blog layout will show a listing of all content items of the selected blog type (section or category) in the mainbody position of your template. It will give you the standard title, and Intro of each content article in that particular Category and/or Section. You can customise this layout via the use of the content parameters, (See Content Parameters) this is done from the menu not the section manager!</p> <h3>Blog Archive layout<br /> </h3> <p>A Blog Archive layout will give you a similar output of content as the normal Blog Display but will add at the top two dropdown boxes for Month and year plus a search button to allow users to search for all archived content from a specific month and year</p> <h3>Table layout<br /> </h3> <p>Table layout will simply give you a table of all the titles in that particular section or category. No intro will be displayed just the titles. You can set how many titles will be displayed in this table by Parameters. The table layout will also provide a filter section so that users can reorder, filter and set how many titles are listed on a single page (up to 50)</p> <h2>Wrapper</h2> <p>Wrappers allow you to place stand alone applications and 3rd party websites inside your Joomla! site. The content within a wrapper appears within the primary content area defined by the \"mainbody\" tag and allows you to display content to display them as part of your own site. A Wrapper will place an IFRAME into the content section of your website and wrap your standard template navigation around it so it appears in the same way a content item would.</p> <h2>Content Parameters</h2> <p>The parameters for each layout type can be found on the right hand side of the editor boxes in the menu item configuration screen. The parameters available depend largely on what kind of layout you are configuring.</p>','',1,4,0,29,'2006-10-13 00:33:10',62,'','2006-10-11 15:59:47',67,0,'0000-00-00 00:00:00','2006-10-11 08:00:00','0000-00-00 00:00:00','','','pageclass_sfx=\r\nitem_title=1\r\nlink_titles=\r\nintrotext=1\r\nsection=0\r\nsection_link=0\r\ncategory=0\r\ncategory_link=0\r\nrating=\r\nauthor=\r\ncreatedate=\r\nmodifydate=\r\npdf=\r\nprint=\r\nemail=\r\nlanguage=\r\nkeyref=',8,0,5,'','',0,45,''),(25,'What are the requirements to run Joomla! 1.5?','what-are-the-requirements-to-run-joomla-15','Joomla! runs on the php pre-processor. Php comes in many flavors, for a lot of operating systems. Beside php you will need a web server. Most of the times Apache is used, but also php can run on different web-servers like Microsoft IIS. Joomla! also depends on a database, for this currently you can only use MySQL. <br /><br />Many people know from their own experience that it\'s not easy to install an Apache web server and it gets harder if you want to add MySQL, PHP and Perl. XAMPP is an easy to install Apache distribution containing MySQL, PHP and Perl. XAMPP is really very easy to install and to use - just download, extract and start. You can even install it on your local desktop or laptop with Windows XP. <br /><br />The minimum version requirements are:<br /><ul><li>Apache 1.x or 2.x<br /></li><li>PHP 4.3 or up<br /></li><li>MySQL 3.23 or up</li></ul>','',1,3,0,31,'2006-10-11 02:42:31',62,'','2006-10-11 14:50:45',67,0,'0000-00-00 00:00:00','2006-10-10 08:00:00','0000-00-00 00:00:00','','','pageclass_sfx=\nitem_title=1\nlink_titles=\nintrotext=1\nsection=0\nsection_link=0\ncategory=0\ncategory_link=0\nrating=\nauthor=\ncreatedate=\nmodifydate=\npdf=\nprint=\nemail=\nlanguage=\nkeyref=',2,0,5,'','',0,0,''),(26,'Extensions','extensions','<p>Out of the box, Joomla does a great job of managing the content needed to make your website sing. But for many people, the true power of Joomla lies in the application framework that makes it possible for thousands of developers around the world to create powerful add-ons that are called <strong>extensions</strong>. An extension is used to add capabilities to Joomla! that do not exist in the base core code. Here are just some examples of the hundreds of available extensions:</p> <ul>   <li>Dynamic form builders</li>   <li>Business or organisational directories</li>   <li>Document management</li>   <li>Image and multimedia galleries</li>   <li>E-commerce and shopping cart engines</li>   <li>Forums and chat software</li>   <li>Calendars</li>   <li>Email newsletters</li>   <li>Data collection and reporting tools</li>   <li>Banner advertising systems</li>   <li>Paid subscription services</li>   <li>and many, many more</li> </ul> <p>You can find more examples over at our growing <a href=\"http://extensions.joomla.org\" target=\"_blank\" title=\"Joomla! Extensions Directory\">Joomla! Extensions Directory</a>. Prepare to be amazed at the amount of exciting work produced by our active developer community!</p><p>A useful guide to the extension site can be found at:<br /><a href=\"http://extensions.joomla.org/content/view/15/63/%20\" target=\"_blank\" title=\"Guide to the Joomla! Extension site\">http://extensions.joomla.org/content/view/15/63/ </a> <br /></p> <h3>Types of Extensions </h3><p>There are five types of extensions:</p> <ul>   <li>Components</li>   <li>Modules</li>   <li>Templates</li>   <li>Plugins</li>   <li>Languages</li> </ul> <p>You can read more about the specifics of these using the links in the article table of contents (another useful feature of Joomla!) at the top right or by clicking on the next link below.<br /> </p> <hr class=\"system-pagebreak\" title=\"Components\" /> <h3><img src=\"http://extensions.joomla.org/components/com_mtree/img/ext_com.png\" border=\"0\" alt=\"Component - Joomla! Extension Directory\" title=\"Component - Joomla! Extension Directory\" width=\"17\" height=\"17\" /> Components</h3> <p>A component is the largest and most complex of the extension types.  Components are like mini-applications that renders the main body of the  page. An analogy that might make the relationship easier to understand  would be that Joomla! is a book and all the components are chapters in  the book. The core content component (com_content), for example, is the  mini-application that handles all core content rendering just as the  core registration component (com_user) is the mini-application  that handles user registration.</p> <p>Many of Joomla\'s core features are provided by the use of default components such as:</p> <ul>   <li>Contacts</li>   <li>Front Page</li>   <li>Newsfeeds</li>   <li>Banners</li>   <li>Mass Mail</li>   <li>Polls</li>   <li>RSS Syndication</li> </ul> <p>A Component will manage data, set displays, provide functions and in general can perform any operation that doesn\'t fall under the general functions of the core code.</p> <p>Components work hand in hand with Modules and Plugins to provide a rich variety of content display and functionality aside from the standard article and content display. Components make it possible to completely transform Joomla and greatly expand its capabilities.</p> <p>More information on components is available from the Joomla! help manual: Components<br />   <a href=\"http://help.joomla.org/content/view/77/153/\" target=\"_blank\" title=\"Joomla! help manual: Components\">http://help.joomla.org/content/view/77/153/</a></p> <hr class=\"system-pagebreak\" title=\"Modules\" /> <h3><img src=\"http://extensions.joomla.org/components/com_mtree/img/ext_mod.png\" border=\"0\" alt=\"Module - Joomla! Extension Directory\" title=\"Module - Joomla! Extension Directory\" width=\"17\" height=\"17\" /> Modules</h3> <p>A more lightweight and flexible extension used for page rendering is a  module. Modules are used for small bits of the page that are generally  less complex and able to be seen across different components. To  continue in our book analogy, a module can be looked at as a footnote  or header block, or perhaps an image/caption block that can be rendered  on a particular page. Obviously you can have a footnote on any page but  not all pages will have them. Footnotes also might appear regardless of  which chapter you are reading. Simlarly modules can be rendered  regardless of which component you have loaded.</p> <p>Modules are like little mini-applets that can be placed anywhere on your site. They work in conjunction with components in some cases and in others are complete stand alone snippets of code used to display some data from the database such as Content (Newsflash) Modules are usually used to output data but they can also be form items to input data (Login Module and Polls as an example)</p> <p>Modules can be assigned to module positions which are defined in both your template and backend under the Site/Template Manager/Module Positions menu items. For example, \"left\" and \"right\" are common for a 3 column layout. </p> <h4>Displaying Modules</h4> <p>Each module is assigned to a module position on your site. If you wish it to display in two different locations you must copy the module and assign the copy to display at the new location. You can also set which menu items (and thus pages) a module will display on. You can select all menu items or you can pick and choose specific menu items by holding down the control key and selecting multiple menu items one by one in the Modules Edit screen</p> <p>Note your Main Menu is a Module! When you create a new menu in the menu manager you are actually copying the Main Menu module code and giving it the name of your new menu. When you copy a module you do not copy all it\'s parameters you simply allow Joomla to use the same code with two separate settings.</p> <h4>NewsFlash Example</h4> <p>NewsFlash is a Module which will display content items from your site in an assignable module position. It can be used and configured to display one category, all categories or to randomly choose content items to highlight to users. It will display as much of an article as you set, and will show a \"read more\" link to take the user to the full page.</p> <p>The Newsflash component is particularly useful for things like Site News or to show the latest content item added to your site.</p> <p>More information on Modules is available from the Joomla! help manual: Modules<br />   <a href=\"http://help.joomla.org/content/view/91/153/\" target=\"_blank\" title=\"Joomla! help manual: Modules\">http://help.joomla.org/content/view/91/153/</a></p> <hr class=\"system-pagebreak\" title=\"Plugins\" /> <h3><img src=\"http://extensions.joomla.org/components/com_mtree/img/ext_plugin.png\" border=\"0\" alt=\"Plugin - Joomla! Extension Directory\" title=\"Plugin - Joomla! Extension Directory\" width=\"17\" height=\"17\" /> Plugins</h3> <p>One  of the more advanced extensions for Joomla! is the plugin (formerly called a mambot). In previous  versions plugins were known as mambots. Along with the development of  Joomla! 1.5, mambots have been renamed to plugins and their  functionality has been expanded. A plugin is a section of code that  runs when a pre-defined event happens within Joomla! Editors are  plugins, for example, that execute when the Joomla! event  \"onGetEditorArea\" occurs. Using a plugin allows a developer to change  the way their code behaves depending upon which plugins are installed  to react to an event.</p> <p>More information on Plugins is available from the Joomla! help manual: Plugins<br />   <a href=\"http://help.joomla.org/content/view/110/153/\" target=\"_blank\" title=\"Joomla! help manual: Plugins\">http://help.joomla.org/content/view/110/153/</a></p> <hr class=\"system-pagebreak\" title=\"Languages\" /> <h3><img src=\"http://extensions.joomla.org/components/com_mtree/img/ext_lang.png\" border=\"0\" alt=\"Language - Joomla! Extensions Directory\" title=\"Language - Joomla! Extensions Directory\" width=\"17\" height=\"17\" /> Languages</h3> <p>New  to Joomla! 1.5 and perhaps the most basic and critical extension is a  language. Languages are packaged as either a core language pack or an  extension language pack. They allow both the Joomla! core as well as  third party components and modules to be internationalised.</p> <p>More information on languages is available from the Joomla! help manual: Languages<br />   <a href=\"http://help.joomla.org/content/view/23/160/\" target=\"_blank\" title=\"Joomla! help manual: Languages\">http://help.joomla.org/content/view/23/160/</a></p>','',1,4,0,29,'2006-10-11 12:00:00',62,'','2006-10-11 16:00:17',65,0,'0000-00-00 00:00:00','2006-10-11 04:00:00','0000-00-00 00:00:00','','','pageclass_sfx=\r\nitem_title=1\r\nlink_titles=\r\nintrotext=1\r\nsection=0\r\nsection_link=0\r\ncategory=0\r\ncategory_link=0\r\nrating=\r\nauthor=\r\ncreatedate=\r\nmodifydate=\r\npdf=\r\nprint=\r\nemail=\r\nlanguage=\r\nkeyref=',19,0,3,'About Joomla!, General, Extensions','',0,55,''),(27,'The Joomla Community','the-joomla-community','<p><strong>Got a question? </strong>With over 60,000 members, the online forum at <a href=\"http://forum.joomla.org/\" target=\"_blank\">Joomla.org</a>  are a great resource for both new an experienced users. Go ahead, ask your toughest questions, the community is waiting to see what you\'re going to do with your Joomla! site.</p><p><strong>Do you want to show off your new Joomla website?</strong> Go ahead, we have a section dedicated to that on our forum. </p><p><strong>Do you want to join in?</strong><br /></p><p>If you think working with Joomla! is fun, wait until you start working on it. We\'re passionate about helping Joomla! users make the jump to becoming contributing members of the community, so there are many ways you can help Joomla\'s development:</p>                  <ul><li>Submit news about Joomla!. We syndicate all Joomla! related news on our <a href=\"http://news.joomla.org\" title=\"Joomla! News Portal\">news portal</a>. If you have some Joomla! news that you would like to share with the community, please submit your short story, article, announcement or review <a href=\"http://www.joomla.org/component/option,com_submissions/Itemid,75\" title=\"Submit News\">here</a>. </li><li>Report bugs and request features in our <a href=\"http://forge.joomla.org/sf/tracker/do/listTrackers/projects.joomla/tracker\" title=\"Joomla! developement trackers\">trackers</a>. Please read <a href=\"#reporting%20bugs\">Reporting bugs</a>, below, for details on how we like our bug reports served up</li><li>Submit patches for new and/or fixed behavior. Please read <a href=\"#Submitting%20patches\">Submitting patches</a>, below, for details on how to submit a patch.</li><li>Join the <a href=\"http://forum.joomla.org/index.php/board,126.0.html\" title=\"Joomla! development forums\">developer forums</a> and share your ideas for how to improve Joomla!. We\'re always open to suggestions, although we\'re likely to be skeptical of large-scale suggestions without some code to back it up.</li><li>Join any of the <a href=\"content/view/13/53/\" title=\"Joomla! working groups\">community working groups</a>  and bring your personal expertise to  the Joomla! community. More info about the different working groups can be found <a href=\"content/view/13/53/\" title=\"Joomla! working groups\">here</a>.      </li></ul>           <p> That\'s all you need to know if you\'d like to join the Joomla! development community.  </p>','',1,4,0,30,'2006-10-12 18:50:48',62,'','2006-10-11 16:07:14',65,0,'0000-00-00 00:00:00','2006-10-11 04:00:00','0000-00-00 00:00:00','','','pageclass_sfx=\r\nitem_title=1\r\nlink_titles=\r\nintrotext=1\r\nsection=0\r\nsection_link=0\r\ncategory=0\r\ncategory_link=0\r\nrating=\r\nauthor=\r\ncreatedate=\r\nmodifydate=\r\npdf=\r\nprint=\r\nemail=\r\nlanguage=\r\nkeyref=',7,0,2,'','',0,35,''),(28,'How do I install Joomla! 1.5?','how-do-i-install-joomla-15','Installing of Joomla! 1.5 is pretty easy. We assume you have set-up your website, and it is accessible with your browser.<br /><br />Download Joomla! 1.5, unzip it and put the files into the directory you website points to, fire up your browser and go to the page and the installation will start. We refer to the installation instructions on the help site for more information.<br />','',1,3,0,31,'2006-10-11 03:10:59',62,'','2006-10-11 14:50:14',67,0,'0000-00-00 00:00:00','2006-10-10 08:00:00','0000-00-00 00:00:00','','','pageclass_sfx=\nitem_title=1\nlink_titles=\nintrotext=1\nsection=0\nsection_link=0\ncategory=0\ncategory_link=0\nrating=\nauthor=\ncreatedate=\nmodifydate=\npdf=\nprint=\nemail=\nlanguage=\nkeyref=',2,0,3,'','',0,0,''),(29,'What is the purpose of the collation selection in the installation screen?','what-is-the-purpose-of-the-collation-selection-in-the-installation-screen','The collation option determines the way ordering in the database is done. In languages that use special characters, for instance the German umlaut, the database collation determines the sorting order. If you don\'t know which collation you need, select the \"utf8_general_ci\" as most languages use this. The other collations listed are exceptions in regards to the general collation. If your language is not listed in the list of collations it most likely means that \"utf8_general_ci is suitable.','',1,3,0,32,'2006-10-11 03:11:38',62,'','2006-10-11 14:49:24',67,0,'0000-00-00 00:00:00','2006-10-10 08:00:00','0000-00-00 00:00:00','','','pageclass_sfx=\nitem_title=1\nlink_titles=\nintrotext=1\nsection=0\nsection_link=0\ncategory=0\ncategory_link=0\nrating=\nauthor=\ncreatedate=\nmodifydate=\npdf=\nprint=\nemail=\nlanguage=\nkeyref=',2,0,4,'','',0,0,''),(30,'What languages are supported by Joomla! 1.5?','what-languages-are-supported-by-joomla-15','Within the installer you will find a wide collection of languages. The installer currently supports the following languages: Arabic, Bulgarian, Bengali, Czech, Danish, German, Greek, English, Spanish, Finnish, French, Hebrew, Devanagari(India), Croatian(Croatia), Magyar (Hungary), Italian, Malay,<br />Norwegian bokmal, Dutch, Portuguese(Brasil), Portugues(Portugal), Romanian, Russian, Serbian, Svenska, Thai and more are being added.<br /><br />By default the English language is installed for the back and front-ends. You can download the language files from the Joomla! extensions site. In addition some translation teams are offering fully localised versions of the entire package. Please check the <a href=\"http://help.joomla.org/content/view/1651/62/\" target=\"blank_\" title=\"Joomla! help site for links\">Joomla! help site for links</a>   to locations where languages and localised versions can be found.','',1,3,0,32,'2006-10-11 03:12:18',62,'','2006-10-11 15:30:06',67,0,'0000-00-00 00:00:00','2006-10-10 08:00:00','0000-00-00 00:00:00','','','pageclass_sfx=\nitem_title=1\nlink_titles=\nintrotext=1\nsection=0\nsection_link=0\ncategory=0\ncategory_link=0\nrating=\nauthor=\ncreatedate=\nmodifydate=\npdf=\nprint=\nemail=\nlanguage=\nkeyref=',2,0,2,'','',0,1,''),(31,'Is it useful to install the example data?','is-it-useful-to-install-the-example-data','This depends on what you want to achieve. If you are new to Joomla! and have no clue how all fits together, just install the example data. If you don\'t like the English example because you - for instance - speak Chinese, then leave it out.','',1,3,0,27,'2006-10-11 11:12:55',62,'','2006-10-11 14:48:40',67,0,'0000-00-00 00:00:00','2006-10-10 12:00:00','0000-00-00 00:00:00','','','pageclass_sfx=\nitem_title=1\nlink_titles=\nintrotext=1\nsection=0\nsection_link=0\ncategory=0\ncategory_link=0\nrating=\nauthor=\ncreatedate=\nmodifydate=\npdf=\nprint=\nemail=\nlanguage=\nkeyref=',3,0,3,'','',0,0,''),(32,'Where is the static content?','where-is-the-static-content','In Joomla! versions prior to 1.5 there was a distinctive difference on static and normal content. Both content types are still around, but are not handled as separate items. If you want to create static content, just select \"<span style=\"font-style: italic\">uncategorized</span>\" as section and category and the content is handled as static content.','',1,3,0,28,'2006-10-11 03:13:33',62,'','2006-10-11 14:48:11',67,0,'0000-00-00 00:00:00','2006-10-10 08:00:00','0000-00-00 00:00:00','','','pageclass_sfx=\nitem_title=1\nlink_titles=\nintrotext=1\nsection=0\nsection_link=0\ncategory=0\ncategory_link=0\nrating=\nauthor=\ncreatedate=\nmodifydate=\npdf=\nprint=\nemail=\nlanguage=\nkeyref=',2,0,6,'','',0,0,''),(33,'What is uncategorised content?','what-is-uncategorised-content','Most articles will be assigned to a section and category. In many cases, you might not know where you want it to appear so put the article in the uncategorized section. The articles marked as uncategorized are handled as static content.<br />','',1,3,0,31,'2006-10-11 19:14:11',62,'','2006-10-11 14:47:38',67,0,'0000-00-00 00:00:00','2006-10-10 16:00:00','0000-00-00 00:00:00','','','pageclass_sfx=\nitem_title=1\nlink_titles=\nintrotext=1\nsection=0\nsection_link=0\ncategory=0\ncategory_link=0\nrating=\nauthor=\ncreatedate=\nmodifydate=\npdf=\nprint=\nemail=\nlanguage=\nkeyref=',4,0,2,'','',0,2,''),(34,'Does the PDF icon render pictures and special characters?','does-the-pdf-icon-render-pictures-and-special-characters','Yes! Prior to Joomla! 1.5, only the text values of an article and only for ISO-8859-1 encoding was allowed in the PDF rendition. With the new PDF library in place, the complete article including images is rendered and applied to the PDF. The PDF generator also handles the UTF-8 texts and can handle any character sets from any language. The appropriate fonts must be installed but this is done automatically during a language pack installation.','',1,3,0,32,'2006-10-11 19:14:57',62,'','2006-10-11 14:46:59',67,0,'0000-00-00 00:00:00','2006-10-10 16:00:00','0000-00-00 00:00:00','','','pageclass_sfx=\nitem_title=1\nlink_titles=\nintrotext=1\nsection=0\nsection_link=0\ncategory=0\ncategory_link=0\nrating=\nauthor=\ncreatedate=\nmodifydate=\npdf=\nprint=\nemail=\nlanguage=\nkeyref=',4,0,3,'','',0,2,''),(35,'Is it possible to change the types of menu entries?','is-it-possible-to-change-the-types-of-menu-entries','You indeed can change the menu items type to whatever you want, even after they have been created. If you for instance want to change the blog section of a menu link, jump to the back end and edit the menu item. Push the \"<span style=\"font-style: italic\">change type</span>\" button and select the details for the menu you want to assign.','',1,3,0,31,'2006-10-11 03:15:36',62,'','2006-10-11 14:46:30',67,0,'0000-00-00 00:00:00','2006-10-10 08:00:00','0000-00-00 00:00:00','','','pageclass_sfx=\nitem_title=1\nlink_titles=\nintrotext=1\nsection=0\nsection_link=0\ncategory=0\ncategory_link=0\nrating=\nauthor=\ncreatedate=\nmodifydate=\npdf=\nprint=\nemail=\nlanguage=\nkeyref=',2,0,1,'','',0,0,''),(36,'Where did the installer go?','where-did-the-installer-go','The improved installer can be found under the extensions option. With versions prior to 1.5 you needed to select a specific extensions type when you wanted to install it, with Joomla! 1.5 you just select the extension you want to upload, and click on install. The installer will do all the hard work for you.','',1,3,0,28,'2006-10-11 03:16:20',62,'','2006-10-11 14:40:10',67,0,'0000-00-00 00:00:00','2006-10-10 08:00:00','0000-00-00 00:00:00','','','pageclass_sfx=\nitem_title=1\nlink_titles=\nintrotext=1\nsection=0\nsection_link=0\ncategory=0\ncategory_link=0\nrating=\nauthor=\ncreatedate=\nmodifydate=\npdf=\nprint=\nemail=\nlanguage=\nkeyref=',2,0,1,'','',0,0,''),(37,'Where did the Mambots go?','where-did-the-mambots-go','Mambots have been renamed as \"Plugins\" Mambots were introduced in Mambo and offered possibilities to add plugin logic to your site to mainly for the purpose of manipulating content. In Joomla!, Plugins will now have much broader capabilities than Mambots. Plugins are able to extend functionality at the framework layer as well.','',1,3,0,28,'2006-10-11 11:17:00',62,'','2006-10-11 14:44:47',67,0,'0000-00-00 00:00:00','2006-10-10 12:00:00','0000-00-00 00:00:00','','','pageclass_sfx=\nitem_title=1\nlink_titles=\nintrotext=1\nsection=0\nsection_link=0\ncategory=0\ncategory_link=0\nrating=\nauthor=\ncreatedate=\nmodifydate=\npdf=\nprint=\nemail=\nlanguage=\nkeyref=',3,0,5,'','',0,0,''),(38,'I installed with my own language, but the back end is still in English','i-installed-with-my-own-language-but-the-back-end-is-still-in-english','<p>A lot of different languages are available for the back end, but by default this language may not be installed. If you want a translated back end, get your language pack and install it using the back end installer. After this, go to the extensions menu, select language manager and make your language the default one. Your back end will be translated instantaneously.</p><p>Users who have access rights to the back end may choose the language they prefer in their personal details parameters.</p><p>This is of course also true for the front-end language. </p><p> A good place to find where to download your languages and localised versions of Joomla is on our <a href=\"http://help.joomla.org/content/view/1651/62/\" target=\"blank_\" title=\"Help Site\">Help Site</a>.</p>','',1,3,0,32,'2006-10-11 19:18:14',62,'','2006-10-11 14:45:16',67,0,'0000-00-00 00:00:00','2006-10-10 16:00:00','0000-00-00 00:00:00','','','pageclass_sfx=\nitem_title=1\nlink_titles=\nintrotext=1\nsection=0\nsection_link=0\ncategory=0\ncategory_link=0\nrating=\nauthor=\ncreatedate=\nmodifydate=\npdf=\nprint=\nemail=\nlanguage=\nkeyref=',4,0,1,'','',0,2,''),(39,'How do I remove an article?','how-do-i-remove-an-article','<p>To completely remove an article, select the articles that you want to delete and move them to the trash. Next, open the Article Trash in the Content menu and select the articles you want to delete. After deleting an article, it is no longer available and it is not possible to undo this operation.  </p>','',1,3,0,27,'2006-10-11 11:19:01',62,'','2006-10-11 14:41:30',67,0,'0000-00-00 00:00:00','2006-10-10 12:00:00','0000-00-00 00:00:00','','','pageclass_sfx=\nitem_title=1\nlink_titles=\nintrotext=1\nsection=0\nsection_link=0\ncategory=0\ncategory_link=0\nrating=\nauthor=\ncreatedate=\nmodifydate=\npdf=\nprint=\nemail=\nlanguage=\nkeyref=',3,0,2,'','',0,1,''),(40,'What is the difference between archiving and trashing an article?','what-is-the-difference-between-archiving-and-trashing-an-article','<p>When you archive an article, the content is put into a state which removes it from your site as published content. The article is still available from within the administration interface and can be retrieved for archival purposes. Trashed articles are just one step from being deleted but are still available until you remove the items from the trash manager. You should use archive if you consider an article important, but not current. Trashed should be used when you want to delete the content entirely from your site and from future search results.  </p><br />','',1,3,0,27,'2006-10-11 11:19:43',62,'','2006-10-11 14:40:55',67,0,'0000-00-00 00:00:00','2006-10-10 12:00:00','0000-00-00 00:00:00','','','pageclass_sfx=\nitem_title=1\nlink_titles=\nintrotext=1\nsection=0\nsection_link=0\ncategory=0\ncategory_link=0\nrating=\nauthor=\ncreatedate=\nmodifydate=\npdf=\nprint=\nemail=\nlanguage=\nkeyref=',3,0,1,'','',0,1,''),(41,'Newsflash 5','newsflash-5','Joomla! 1.5 - \'Experience the Freedom\'!. It has never been easier to create your own dynamic site. Manage all your content from the best CMS admin interface and in virtually any language you speak.<br />','',1,1,0,3,'2006-10-12 02:17:31',62,'','2006-10-11 14:27:56',67,0,'0000-00-00 00:00:00','2006-10-11 08:00:00','0000-00-00 00:00:00','','','pageclass_sfx=\nitem_title=1\nlink_titles=\nintrotext=1\nsection=0\nsection_link=0\ncategory=0\ncategory_link=0\nrating=\nauthor=\ncreatedate=\nmodifydate=\npdf=\nprint=\nemail=\nlanguage=\nkeyref=',2,0,2,'','',0,0,''),(42,'Newsflash 4','newsflash-4','Yesterday all servers in the U.S. went out on strike in a bid to get more RAM and better CPUs. A spokes person said that the need for better RAM was due to some fool increasing the front-side bus speed. In future, busses will be told to slow down in residential motherboards.','',1,1,0,3,'2006-10-12 02:25:50',62,'','2006-10-11 14:27:27',67,0,'0000-00-00 00:00:00','2006-10-11 08:00:00','0000-00-00 00:00:00','','','pageclass_sfx=\nitem_title=1\nlink_titles=\nintrotext=1\nsection=0\nsection_link=0\ncategory=0\ncategory_link=0\nrating=\nauthor=\ncreatedate=\nmodifydate=\npdf=\nprint=\nemail=\nlanguage=\nkeyref=',2,0,1,'','',0,1,''),(43,'Example Pages and Menu Links','example-pages-and-menu-links','<p>This page is an example of content that is \"uncategorized\". You will see there is a new menu in the left column. It shows links to the SAME content presented in 4 different page layouts.</p><ul><li>A Blog of a section</li><li>A Table of a Section</li><li>A Blog of a Category</li><li>A Table of a Category</li></ul><p>Follow the links in the Example Pages menu to see some of the options available to you to present content.</p><p>You can also have links to components and individual articles. This is all controlled in the menu links. </p>','',1,0,0,0,'2006-10-12 11:26:52',70,'','2006-10-11 15:38:54',70,0,'0000-00-00 00:00:00','2006-10-11 12:00:00','0000-00-00 00:00:00','','','pageclass_sfx=\nitem_title=1\nlink_titles=\nintrotext=1\nsection=0\nsection_link=0\ncategory=0\ncategory_link=0\nrating=\nauthor=\ncreatedate=\nmodifydate=\npdf=\nprint=\nemail=\nlanguage=\nkeyref=',3,0,2,'Uncategorized, Uncategorized, Example Pages and Menu Links','',0,25,'');
/*!40000 ALTER TABLE `internal_content` ENABLE KEYS */;
UNLOCK TABLES;

--
-- Table structure for table `internal_content_frontpage`
--

DROP TABLE IF EXISTS `internal_content_frontpage`;
/*!40101 SET @saved_cs_client     = @@character_set_client */;
/*!40101 SET character_set_client = utf8 */;
CREATE TABLE `internal_content_frontpage` (
  `content_id` int(11) NOT NULL DEFAULT '0',
  `ordering` int(11) NOT NULL DEFAULT '0',
  PRIMARY KEY (`content_id`)
) ENGINE=MyISAM DEFAULT CHARSET=utf8;
/*!40101 SET character_set_client = @saved_cs_client */;

--
-- Dumping data for table `internal_content_frontpage`
--

LOCK TABLES `internal_content_frontpage` WRITE;
/*!40000 ALTER TABLE `internal_content_frontpage` DISABLE KEYS */;
INSERT INTO `internal_content_frontpage` VALUES (6,2),(14,4),(7,3),(1,1),(16,5);
/*!40000 ALTER TABLE `internal_content_frontpage` ENABLE KEYS */;
UNLOCK TABLES;

--
-- Table structure for table `internal_content_rating`
--

DROP TABLE IF EXISTS `internal_content_rating`;
/*!40101 SET @saved_cs_client     = @@character_set_client */;
/*!40101 SET character_set_client = utf8 */;
CREATE TABLE `internal_content_rating` (
  `content_id` int(11) NOT NULL DEFAULT '0',
  `rating_sum` int(11) unsigned NOT NULL DEFAULT '0',
  `rating_count` int(11) unsigned NOT NULL DEFAULT '0',
  `lastip` varchar(150) NOT NULL DEFAULT '',
  PRIMARY KEY (`content_id`)
) ENGINE=MyISAM DEFAULT CHARSET=utf8;
/*!40101 SET character_set_client = @saved_cs_client */;

--
-- Dumping data for table `internal_content_rating`
--

LOCK TABLES `internal_content_rating` WRITE;
/*!40000 ALTER TABLE `internal_content_rating` DISABLE KEYS */;
/*!40000 ALTER TABLE `internal_content_rating` ENABLE KEYS */;
UNLOCK TABLES;

--
-- Table structure for table `internal_core_acl_aro`
--

DROP TABLE IF EXISTS `internal_core_acl_aro`;
/*!40101 SET @saved_cs_client     = @@character_set_client */;
/*!40101 SET character_set_client = utf8 */;
CREATE TABLE `internal_core_acl_aro` (
  `id` int(11) NOT NULL AUTO_INCREMENT,
  `section_value` varchar(240) NOT NULL DEFAULT '0',
  `value` varchar(240) NOT NULL DEFAULT '',
  `order_value` int(11) NOT NULL DEFAULT '0',
  `name` varchar(255) NOT NULL DEFAULT '',
  `hidden` int(11) NOT NULL DEFAULT '0',
  PRIMARY KEY (`id`),
  UNIQUE KEY `__section_value_value_aro` (`section_value`(100),`value`(100)),
  KEY `internal_gacl_hidden_aro` (`hidden`)
) ENGINE=MyISAM AUTO_INCREMENT=11 DEFAULT CHARSET=utf8;
/*!40101 SET character_set_client = @saved_cs_client */;

--
-- Dumping data for table `internal_core_acl_aro`
--

LOCK TABLES `internal_core_acl_aro` WRITE;
/*!40000 ALTER TABLE `internal_core_acl_aro` DISABLE KEYS */;
INSERT INTO `internal_core_acl_aro` VALUES (10,'users','62',0,'Administrator',0);
/*!40000 ALTER TABLE `internal_core_acl_aro` ENABLE KEYS */;
UNLOCK TABLES;

--
-- Table structure for table `internal_core_acl_aro_groups`
--

DROP TABLE IF EXISTS `internal_core_acl_aro_groups`;
/*!40101 SET @saved_cs_client     = @@character_set_client */;
/*!40101 SET character_set_client = utf8 */;
CREATE TABLE `internal_core_acl_aro_groups` (
  `id` int(11) NOT NULL AUTO_INCREMENT,
  `parent_id` int(11) NOT NULL DEFAULT '0',
  `name` varchar(255) NOT NULL DEFAULT '',
  `lft` int(11) NOT NULL DEFAULT '0',
  `rgt` int(11) NOT NULL DEFAULT '0',
  `value` varchar(255) NOT NULL DEFAULT '',
  PRIMARY KEY (`id`),
  KEY `internal_gacl_parent_id_aro_groups` (`parent_id`),
  KEY `internal_gacl_lft_rgt_aro_groups` (`lft`,`rgt`)
) ENGINE=MyISAM AUTO_INCREMENT=31 DEFAULT CHARSET=utf8;
/*!40101 SET character_set_client = @saved_cs_client */;

--
-- Dumping data for table `internal_core_acl_aro_groups`
--

LOCK TABLES `internal_core_acl_aro_groups` WRITE;
/*!40000 ALTER TABLE `internal_core_acl_aro_groups` DISABLE KEYS */;
INSERT INTO `internal_core_acl_aro_groups` VALUES (17,0,'ROOT',1,22,'ROOT'),(28,17,'USERS',2,21,'USERS'),(29,28,'Public Frontend',3,12,'Public Frontend'),(18,29,'Registered',4,11,'Registered'),(19,18,'Author',5,10,'Author'),(20,19,'Editor',6,9,'Editor'),(21,20,'Publisher',7,8,'Publisher'),(30,28,'Public Backend',13,20,'Public Backend'),(23,30,'Manager',14,19,'Manager'),(24,23,'Administrator',15,18,'Administrator'),(25,24,'Super Administrator',16,17,'Super Administrator');
/*!40000 ALTER TABLE `internal_core_acl_aro_groups` ENABLE KEYS */;
UNLOCK TABLES;

--
-- Table structure for table `internal_core_acl_aro_sections`
--

DROP TABLE IF EXISTS `internal_core_acl_aro_sections`;
/*!40101 SET @saved_cs_client     = @@character_set_client */;
/*!40101 SET character_set_client = utf8 */;
CREATE TABLE `internal_core_acl_aro_sections` (
  `section_id` int(11) NOT NULL AUTO_INCREMENT,
  `value` varchar(230) NOT NULL DEFAULT '',
  `order_value` int(11) NOT NULL DEFAULT '0',
  `name` varchar(230) NOT NULL DEFAULT '',
  `hidden` int(11) NOT NULL DEFAULT '0',
  PRIMARY KEY (`section_id`),
  UNIQUE KEY `value_aro_sections` (`value`),
  UNIQUE KEY `internal_gacl_value_aro_sections` (`value`),
  KEY `hidden_aro_sections` (`hidden`),
  KEY `internal_gacl_hidden_aro_sections` (`hidden`)
) ENGINE=MyISAM AUTO_INCREMENT=11 DEFAULT CHARSET=utf8;
/*!40101 SET character_set_client = @saved_cs_client */;

--
-- Dumping data for table `internal_core_acl_aro_sections`
--

LOCK TABLES `internal_core_acl_aro_sections` WRITE;
/*!40000 ALTER TABLE `internal_core_acl_aro_sections` DISABLE KEYS */;
INSERT INTO `internal_core_acl_aro_sections` VALUES (10,'users',1,'Users',0);
/*!40000 ALTER TABLE `internal_core_acl_aro_sections` ENABLE KEYS */;
UNLOCK TABLES;

--
-- Table structure for table `internal_core_acl_groups_aro_map`
--

DROP TABLE IF EXISTS `internal_core_acl_groups_aro_map`;
/*!40101 SET @saved_cs_client     = @@character_set_client */;
/*!40101 SET character_set_client = utf8 */;
CREATE TABLE `internal_core_acl_groups_aro_map` (
  `group_id` int(11) NOT NULL DEFAULT '0',
  `section_value` varchar(240) NOT NULL DEFAULT '',
  `aro_id` int(11) NOT NULL DEFAULT '0',
  UNIQUE KEY `group_id_aro_id_groups_aro_map` (`group_id`,`section_value`,`aro_id`)
) ENGINE=MyISAM DEFAULT CHARSET=utf8;
/*!40101 SET character_set_client = @saved_cs_client */;

--
-- Dumping data for table `internal_core_acl_groups_aro_map`
--

LOCK TABLES `internal_core_acl_groups_aro_map` WRITE;
/*!40000 ALTER TABLE `internal_core_acl_groups_aro_map` DISABLE KEYS */;
INSERT INTO `internal_core_acl_groups_aro_map` VALUES (25,'',10);
/*!40000 ALTER TABLE `internal_core_acl_groups_aro_map` ENABLE KEYS */;
UNLOCK TABLES;

--
-- Table structure for table `internal_core_log_items`
--

DROP TABLE IF EXISTS `internal_core_log_items`;
/*!40101 SET @saved_cs_client     = @@character_set_client */;
/*!40101 SET character_set_client = utf8 */;
CREATE TABLE `internal_core_log_items` (
  `time_stamp` date NOT NULL DEFAULT '0000-00-00',
  `item_table` varchar(50) NOT NULL DEFAULT '',
  `item_id` int(11) unsigned NOT NULL DEFAULT '0',
  `hits` int(11) unsigned NOT NULL DEFAULT '0'
) ENGINE=MyISAM DEFAULT CHARSET=utf8;
/*!40101 SET character_set_client = @saved_cs_client */;

--
-- Dumping data for table `internal_core_log_items`
--

LOCK TABLES `internal_core_log_items` WRITE;
/*!40000 ALTER TABLE `internal_core_log_items` DISABLE KEYS */;
/*!40000 ALTER TABLE `internal_core_log_items` ENABLE KEYS */;
UNLOCK TABLES;

--
-- Table structure for table `internal_core_log_searches`
--

DROP TABLE IF EXISTS `internal_core_log_searches`;
/*!40101 SET @saved_cs_client     = @@character_set_client */;
/*!40101 SET character_set_client = utf8 */;
CREATE TABLE `internal_core_log_searches` (
  `search_term` text NOT NULL,
  `hits` int(11) unsigned NOT NULL DEFAULT '0'
) ENGINE=MyISAM DEFAULT CHARSET=utf8;
/*!40101 SET character_set_client = @saved_cs_client */;

--
-- Dumping data for table `internal_core_log_searches`
--

LOCK TABLES `internal_core_log_searches` WRITE;
/*!40000 ALTER TABLE `internal_core_log_searches` DISABLE KEYS */;
/*!40000 ALTER TABLE `internal_core_log_searches` ENABLE KEYS */;
UNLOCK TABLES;

--
-- Table structure for table `internal_groups`
--

DROP TABLE IF EXISTS `internal_groups`;
/*!40101 SET @saved_cs_client     = @@character_set_client */;
/*!40101 SET character_set_client = utf8 */;
CREATE TABLE `internal_groups` (
  `id` tinyint(3) unsigned NOT NULL DEFAULT '0',
  `name` varchar(150) NOT NULL DEFAULT '',
  PRIMARY KEY (`id`)
) ENGINE=MyISAM DEFAULT CHARSET=utf8;
/*!40101 SET character_set_client = @saved_cs_client */;

--
-- Dumping data for table `internal_groups`
--

LOCK TABLES `internal_groups` WRITE;
/*!40000 ALTER TABLE `internal_groups` DISABLE KEYS */;
INSERT INTO `internal_groups` VALUES (0,'Public'),(1,'Registered'),(2,'Special');
/*!40000 ALTER TABLE `internal_groups` ENABLE KEYS */;
UNLOCK TABLES;

--
-- Table structure for table `internal_menu`
--

DROP TABLE IF EXISTS `internal_menu`;
/*!40101 SET @saved_cs_client     = @@character_set_client */;
/*!40101 SET character_set_client = utf8 */;
CREATE TABLE `internal_menu` (
  `id` int(11) NOT NULL AUTO_INCREMENT,
  `menutype` varchar(225) DEFAULT NULL,
  `name` text,
  `link` text,
  `type` varchar(150) NOT NULL DEFAULT '',
  `published` tinyint(1) NOT NULL DEFAULT '0',
  `parent` int(11) unsigned NOT NULL DEFAULT '0',
  `componentid` int(11) unsigned NOT NULL DEFAULT '0',
  `sublevel` int(11) DEFAULT '0',
  `ordering` int(11) DEFAULT '0',
  `checked_out` int(11) unsigned NOT NULL DEFAULT '0',
  `checked_out_time` datetime NOT NULL DEFAULT '0000-00-00 00:00:00',
  `pollid` int(11) NOT NULL DEFAULT '0',
  `browserNav` tinyint(4) DEFAULT '0',
  `access` tinyint(3) unsigned NOT NULL DEFAULT '0',
  `utaccess` tinyint(3) unsigned NOT NULL DEFAULT '0',
  `params` text NOT NULL,
  `lft` int(11) unsigned NOT NULL DEFAULT '0',
  `rgt` int(11) unsigned NOT NULL DEFAULT '0',
  `home` int(1) unsigned NOT NULL DEFAULT '0',
  PRIMARY KEY (`id`),
  KEY `componentid` (`componentid`,`menutype`,`published`,`access`),
  KEY `menutype` (`menutype`)
) ENGINE=MyISAM AUTO_INCREMENT=54 DEFAULT CHARSET=utf8;
/*!40101 SET character_set_client = @saved_cs_client */;

--
-- Dumping data for table `internal_menu`
--

LOCK TABLES `internal_menu` WRITE;
/*!40000 ALTER TABLE `internal_menu` DISABLE KEYS */;
INSERT INTO `internal_menu` VALUES (1,'mainmenu','Home','index.php?option=com_content&view=frontpage','component',1,0,20,0,1,0,'0000-00-00 00:00:00',0,0,0,3,'leading=1\r\nintro=2\r\nlink=1\r\nimage=1\r\npage_title=0\r\nheader=Welcome to the Frontpage\r\norderby_sec=front\r\nprint=0\r\npdf=0\r\nemail=0\r\nback_button=0',0,0,1),(2,'mainmenu','Joomla! License','index.php?option=com_content&view=article&id=5','component',1,0,20,0,4,0,'0000-00-00 00:00:00',0,0,0,0,'article_id=5',0,0,0),(41,'mainmenu','FAQ','index.php?option=com_content&view=section&id=3','component',1,0,20,0,6,0,'0000-00-00 00:00:00',0,0,0,0,'orderby=\nother_cat_section=1\nempty_cat_section=0\npage_title=1\ndescription=0\ndescription_image=0\nother_cat=1\nempty_cat=0\ncat_items=1\ncat_description=1\ndate_format=\ndate=\nauthor=\nhits=\nheadings=1\nnavigation=1\norder_select=1\ndisplay=1\ndisplay_num=50\nfilter=1\nfilter_type=title\nmenu_image=-1\npageclass_sfx=\nsecure=0\n\n',0,0,0),(11,'othermenu','Joomla! Home','http://www.joomla.org','url',1,0,0,0,1,0,'0000-00-00 00:00:00',0,0,0,3,'',0,0,0),(12,'othermenu','Joomla! Forums','http://forum.joomla.org','url',1,0,0,0,1,0,'0000-00-00 00:00:00',0,0,0,3,'',0,0,0),(13,'othermenu','Joomla! Help','http://help.joomla.org','url',1,0,0,0,1,0,'0000-00-00 00:00:00',0,0,0,3,'',0,0,0),(14,'othermenu','OSM Home','http://www.opensourcematters.org','url',1,0,0,0,1,0,'0000-00-00 00:00:00',0,0,0,4,'',0,0,0),(15,'othermenu','Administrator','administrator/','url',1,0,0,0,3,0,'0000-00-00 00:00:00',0,0,0,3,'menu_image=-1',0,0,0),(18,'topmenu','News','index.php?option=com_newsfeeds&view=newsfeed&id=1&feedid=1','component',-2,0,11,0,1,0,'0000-00-00 00:00:00',0,0,0,3,'menu_image=-1\nsecure=0\npageclass_sfx=\nheader=\npage_title=1\nfeed_image=1\nfeed_descr=1\nitem_descr=1\nword_count=50\n\n',0,0,0),(20,'usermenu','Your Details','index.php?option=com_user&task=edit','url',1,0,0,0,1,0,'0000-00-00 00:00:00',0,0,1,3,'',0,0,0),(24,'usermenu','Logout','index.php?option=com_login&view=login','component',1,0,14,0,5,0,'0000-00-00 00:00:00',0,0,1,3,'',0,0,0),(38,'keyconcepts','Content Layouts','index.php?option=com_content&view=article&id=24','component',1,0,20,0,3,0,'0000-00-00 00:00:00',0,0,0,0,'unique_itemid=0\nmenu_image=-1\nsecure=0\n\n',0,0,0),(27,'mainmenu','Joomla! Overview','index.php?option=com_content&view=article&id=19','component',1,0,20,0,2,0,'0000-00-00 00:00:00',0,0,0,0,'unique_itemid=0\nmenu_image=-1\nsecure=0\n\n',0,0,0),(28,'topmenu','About Joomla!','index.php?option=com_content&view=article&id=25','component',-2,0,20,0,2,0,'0000-00-00 00:00:00',0,0,0,0,'unique_itemid=0\nmenu_image=-1\nsecure=0\n\n',0,0,0),(29,'topmenu','Features','index.php?option=com_content&view=article&id=22','component',-2,0,20,0,3,0,'0000-00-00 00:00:00',0,0,0,0,'unique_itemid=0\nmenu_image=-1\nsecure=0\n\n',0,0,0),(30,'topmenu','The Community','index.php?option=com_content&view=article&id=35','component',-2,0,20,0,4,0,'0000-00-00 00:00:00',0,0,0,0,'unique_itemid=0\nmenu_image=-1\nsecure=0\n\n',0,0,0),(34,'mainmenu','What\'s New in 1.5?','index.php?option=com_content&view=article&id=22','component',1,0,20,0,3,0,'0000-00-00 00:00:00',0,0,0,0,'unique_itemid=0\nmenu_image=-1\nsecure=0\n\n',0,0,0),(40,'keyconcepts','Extensions','index.php?option=com_content&view=article&id=26','component',1,0,20,0,2,0,'0000-00-00 00:00:00',0,0,0,0,'unique_itemid=0\nmenu_image=-1\nsecure=0\n\n',0,0,0),(37,'mainmenu','More about Joomla!','index.php?option=com_content&view=section&id=4','component',1,0,20,0,5,0,'0000-00-00 00:00:00',0,0,0,0,'orderby=\nother_cat_section=1\nempty_cat_section=0\npage_title=1\ndescription=0\ndescription_image=0\nother_cat=1\nempty_cat=0\ncat_items=1\ncat_description=1\ndate_format=\ndate=\nauthor=\nhits=\nheadings=1\nnavigation=1\norder_select=1\ndisplay=1\ndisplay_num=50\nfilter=1\nfilter_type=title\nmenu_image=-1\npageclass_sfx=\nsecure=0\n\n',0,0,0),(43,'keyconcepts','Example Pages','index.php?option=com_content&view=article&id=43','component',1,0,20,0,4,0,'0000-00-00 00:00:00',0,0,0,0,'unique_itemid=0\nmenu_image=-1\nsecure=0\n\n',0,0,0),(44,'ExamplePages','Section Blog','index.php?option=com_content&view=section&layout=blog&id=3','component',1,0,20,0,1,0,'0000-00-00 00:00:00',0,0,0,0,'header=\npage_title=1\nleading=1\nintro=4\ncolumns=2\nlink=4\norderby_pri=\norderby_sec=\npagination=2\npagination_results=1\nimage=1\ndescription=0\ndescription_image=0\ncategory=0\ncategory_link=0\nitem_title=1\nlink_titles=\nreadmore=\nrating=\nauthor=\ncreatedate=\nmodifydate=\npdf=\nprint=\nemail=\nmenu_image=-1\npageclass_sfx=\nsecure=0\n\n',0,0,0),(45,'ExamplePages','Section Table','index.php?option=com_content&view=section&id=3','component',1,0,20,0,2,0,'0000-00-00 00:00:00',0,0,0,0,'orderby=\nother_cat_section=1\nempty_cat_section=0\npage_title=1\ndescription=0\ndescription_image=0\nother_cat=1\nempty_cat=0\ncat_items=1\ncat_description=1\ndate_format=\ndate=\nauthor=\nhits=\nheadings=1\nnavigation=1\norder_select=1\ndisplay=1\ndisplay_num=50\nfilter=1\nfilter_type=title\nmenu_image=-1\npageclass_sfx=\nsecure=0\n\n',0,0,0),(46,'ExamplePages','Category Blog','index.php?option=com_content&view=category&layout=blog&id=31','component',1,0,20,0,3,0,'0000-00-00 00:00:00',0,0,0,0,'header=\npage_title=1\nleading=1\nintro=4\ncolumns=2\nlink=4\norderby_pri=\norderby_sec=\npagination=2\npagination_results=1\nimage=1\ndescription=0\ndescription_image=0\ncategory=0\ncategory_link=0\nitem_title=1\nlink_titles=\nreadmore=\nrating=\nauthor=\ncreatedate=\nmodifydate=\npdf=\nprint=\nemail=\nmenu_image=-1\npageclass_sfx=\nsecure=0\n\n',0,0,0),(47,'ExamplePages','Category Table','index.php?option=com_content&view=category&id=32','component',1,0,20,0,4,0,'0000-00-00 00:00:00',0,0,0,0,'page_title=1\norderby=\ndate_format=\ndate=\nauthor=\nhits=\nheadings=1\nnavigation=1\ndisplay=1\ndisplay_num=50\nfilter=1\nfilter_type=title\nother_cat=1\nempty_cat=0\ncat_items=1\ncat_description=1\nmenu_image=-1\npageclass_sfx=\nsecure=0\n\n',0,0,0),(48,'mainmenu','Web Links','index.php?option=com_weblinks&view=categories','component',1,0,4,0,8,0,'0000-00-00 00:00:00',0,0,0,0,'menu_image=-1\npageclass_sfx=\nback_button=\npage_title=1\nheader=\nheadings=1\nhits=\nitem_description=1\nother_cat_section=1\nother_cat=1\ndescription=1\ndescription_text=\nimage=-1\nimage_align=right\nweblink_icons=\n\n',0,0,0),(49,'mainmenu','News Feeds','index.php?option=com_newsfeeds&view=categories','component',1,0,11,0,9,0,'0000-00-00 00:00:00',0,0,0,0,'menu_image=-1\nsecure=0\npageclass_sfx=\npage_title=1\nheader=\nother_cat_section=1\nother_cat=1\ncat_description=1\ncat_items=1\ndescription=1\ndescription_text=\nimage=-1\nimage_align=right\nheadings=1\nname=1\narticles=1\nlink=1\nfeed_image=1\nfeed_descr=1\nitem_descr=1\nword_count=0\n\n',0,0,0),(50,'mainmenu','The News','index.php?option=com_content&view=category&layout=blog&id=1','component',1,0,20,0,7,0,'0000-00-00 00:00:00',0,0,0,0,'header=\npage_title=1\nleading=0\nintro=3\ncolumns=1\nlink=6\norderby_pri=\norderby_sec=\npagination=2\npagination_results=1\nimage=1\ndescription=0\ndescription_image=0\ncategory=0\ncategory_link=0\nitem_title=1\nlink_titles=\nreadmore=\nrating=\nauthor=\ncreatedate=\nmodifydate=\npdf=\nprint=\nemail=\nmenu_image=-1\npageclass_sfx=\nsecure=0\n\n',0,0,0),(51,'topmenu','Home','1','menulink',1,0,0,0,5,0,'0000-00-00 00:00:00',0,0,0,0,'menu_item=1\n\n',0,0,0),(52,'topmenu','CRM','index.php?option=com_wrapper&view=wrapper','component',1,0,17,0,6,0,'0000-00-00 00:00:00',0,0,0,0,'url=http://spartan.mediavessel.com/internal/vtiger_crm/index.php\npage_title=0\nheader=\nscrolling=auto\nwidth=100%\nheight=500\nheight_auto=1\nadd=1\nmenu_image=-1\npageclass_sfx=\n\n',0,0,0),(53,'topmenu','ERP','index.php?option=com_wrapper&view=wrapper','component',1,0,17,0,7,0,'0000-00-00 00:00:00',0,0,0,0,'url=http://spartan.mediavessel.com/internal/webERP/index.php\npage_title=0\nheader=\nscrolling=auto\nwidth=100%\nheight=500\nheight_auto=1\nadd=1\nmenu_image=-1\npageclass_sfx=\n\n',0,0,0);
/*!40000 ALTER TABLE `internal_menu` ENABLE KEYS */;
UNLOCK TABLES;

--
-- Table structure for table `internal_menu_types`
--

DROP TABLE IF EXISTS `internal_menu_types`;
/*!40101 SET @saved_cs_client     = @@character_set_client */;
/*!40101 SET character_set_client = utf8 */;
CREATE TABLE `internal_menu_types` (
  `id` int(10) unsigned NOT NULL AUTO_INCREMENT,
  `menutype` varchar(225) NOT NULL DEFAULT '',
  `title` text NOT NULL,
  `description` text NOT NULL,
  PRIMARY KEY (`id`),
  UNIQUE KEY `menutype` (`menutype`)
) ENGINE=MyISAM AUTO_INCREMENT=9 DEFAULT CHARSET=utf8;
/*!40101 SET character_set_client = @saved_cs_client */;

--
-- Dumping data for table `internal_menu_types`
--

LOCK TABLES `internal_menu_types` WRITE;
/*!40000 ALTER TABLE `internal_menu_types` DISABLE KEYS */;
INSERT INTO `internal_menu_types` VALUES (1,'mainmenu','Main Menu','The main menu for the site'),(2,'usermenu','User Menu','A menu for logged in users'),(3,'topmenu','Top Menu','Top level navigation'),(4,'othermenu','Other Menu','Additional links'),(8,'ExamplePages','Example Pages','Example Pages'),(7,'keyconcepts','Key Concepts','This describes some critical information for new users.');
/*!40000 ALTER TABLE `internal_menu_types` ENABLE KEYS */;
UNLOCK TABLES;

--
-- Table structure for table `internal_messages`
--

DROP TABLE IF EXISTS `internal_messages`;
/*!40101 SET @saved_cs_client     = @@character_set_client */;
/*!40101 SET character_set_client = utf8 */;
CREATE TABLE `internal_messages` (
  `message_id` int(10) unsigned NOT NULL AUTO_INCREMENT,
  `user_id_from` int(10) unsigned NOT NULL DEFAULT '0',
  `user_id_to` int(10) unsigned NOT NULL DEFAULT '0',
  `folder_id` int(10) unsigned NOT NULL DEFAULT '0',
  `date_time` datetime NOT NULL DEFAULT '0000-00-00 00:00:00',
  `state` int(11) NOT NULL DEFAULT '0',
  `priority` int(1) unsigned NOT NULL DEFAULT '0',
  `subject` text NOT NULL,
  `message` text NOT NULL,
  PRIMARY KEY (`message_id`)
) ENGINE=MyISAM DEFAULT CHARSET=utf8;
/*!40101 SET character_set_client = @saved_cs_client */;

--
-- Dumping data for table `internal_messages`
--

LOCK TABLES `internal_messages` WRITE;
/*!40000 ALTER TABLE `internal_messages` DISABLE KEYS */;
/*!40000 ALTER TABLE `internal_messages` ENABLE KEYS */;
UNLOCK TABLES;

--
-- Table structure for table `internal_messages_cfg`
--

DROP TABLE IF EXISTS `internal_messages_cfg`;
/*!40101 SET @saved_cs_client     = @@character_set_client */;
/*!40101 SET character_set_client = utf8 */;
CREATE TABLE `internal_messages_cfg` (
  `user_id` int(10) unsigned NOT NULL DEFAULT '0',
  `cfg_name` text NOT NULL,
  `cfg_value` text NOT NULL,
  UNIQUE KEY `idx_user_var_name` (`user_id`,`cfg_name`(100))
) ENGINE=MyISAM DEFAULT CHARSET=utf8;
/*!40101 SET character_set_client = @saved_cs_client */;

--
-- Dumping data for table `internal_messages_cfg`
--

LOCK TABLES `internal_messages_cfg` WRITE;
/*!40000 ALTER TABLE `internal_messages_cfg` DISABLE KEYS */;
/*!40000 ALTER TABLE `internal_messages_cfg` ENABLE KEYS */;
UNLOCK TABLES;

--
-- Table structure for table `internal_modules`
--

DROP TABLE IF EXISTS `internal_modules`;
/*!40101 SET @saved_cs_client     = @@character_set_client */;
/*!40101 SET character_set_client = utf8 */;
CREATE TABLE `internal_modules` (
  `id` int(11) NOT NULL AUTO_INCREMENT,
  `title` text NOT NULL,
  `content` text NOT NULL,
  `ordering` int(11) NOT NULL DEFAULT '0',
  `position` varchar(150) DEFAULT NULL,
  `checked_out` int(11) unsigned NOT NULL DEFAULT '0',
  `checked_out_time` datetime NOT NULL DEFAULT '0000-00-00 00:00:00',
  `published` tinyint(1) NOT NULL DEFAULT '0',
  `module` varchar(150) DEFAULT NULL,
  `numnews` int(11) NOT NULL DEFAULT '0',
  `access` tinyint(3) unsigned NOT NULL DEFAULT '0',
  `showtitle` tinyint(3) unsigned NOT NULL DEFAULT '1',
  `params` text NOT NULL,
  `iscore` tinyint(4) NOT NULL DEFAULT '0',
  `client_id` tinyint(4) NOT NULL DEFAULT '0',
  `control` text NOT NULL,
  PRIMARY KEY (`id`),
  KEY `published` (`published`,`access`),
  KEY `newsfeeds` (`module`,`published`)
) ENGINE=MyISAM AUTO_INCREMENT=42 DEFAULT CHARSET=utf8;
/*!40101 SET character_set_client = @saved_cs_client */;

--
-- Dumping data for table `internal_modules`
--

LOCK TABLES `internal_modules` WRITE;
/*!40000 ALTER TABLE `internal_modules` DISABLE KEYS */;
INSERT INTO `internal_modules` VALUES (3,'Main Menu','',1,'left',0,'0000-00-00 00:00:00',0,'mod_mainmenu',0,0,1,'menutype=mainmenu\nmoduleclass_sfx=_menu\n',1,0,''),(9,'Login','',1,'login',0,'0000-00-00 00:00:00',1,'mod_login',0,0,1,'',1,1,''),(18,'Popular','',3,'cpanel',0,'0000-00-00 00:00:00',1,'mod_popular',0,2,1,'',0,1,''),(19,'Recent added Articles','',4,'cpanel',0,'0000-00-00 00:00:00',1,'mod_latest',0,2,1,'',0,1,''),(20,'Menu Stats','',5,'cpanel',0,'0000-00-00 00:00:00',1,'mod_stats',0,2,1,'',0,1,''),(21,'Unread Messages','',1,'header',0,'0000-00-00 00:00:00',1,'mod_unread',0,2,1,'',1,1,''),(22,'Online Users','',2,'header',0,'0000-00-00 00:00:00',1,'mod_online',0,2,1,'',1,1,''),(23,'Toolbar','',1,'toolbar',0,'0000-00-00 00:00:00',1,'mod_toolbar',0,2,1,'',1,1,''),(24,'Quick Icons','',1,'icon',0,'0000-00-00 00:00:00',1,'mod_quickicon',0,2,1,'',1,1,''),(27,'Logged in Users','',2,'cpanel',0,'0000-00-00 00:00:00',1,'mod_logged',0,2,1,'',0,1,''),(29,'Footer','',0,'footer',0,'0000-00-00 00:00:00',1,'mod_footer',0,0,1,'',1,1,''),(31,'Breadcrumbs','',1,'breadcrumb',0,'0000-00-00 00:00:00',1,'mod_breadcrumbs',0,0,1,'moduleclass_sfx=\ncache=0\nshowHome=1\nhomeText=Home\nshowComponent=1\nseparator=\n\n',1,0,''),(33,'Admin Menu','',1,'menu',0,'0000-00-00 00:00:00',1,'mod_menu',0,2,1,'cache=1',0,1,''),(34,'Admin SubMenu','',1,'submenu',0,'0000-00-00 00:00:00',1,'mod_submenu',0,2,1,'',0,1,''),(35,'User Status','',1,'status',0,'0000-00-00 00:00:00',1,'mod_status',0,2,1,'',0,1,''),(36,'Title','',1,'title',0,'0000-00-00 00:00:00',1,'mod_title',0,2,1,'',0,1,''),(1,'Polls','',1,'right',0,'0000-00-00 00:00:00',0,'mod_poll',0,0,1,'id=14\ncache=1',0,0,''),(2,'User Menu','',2,'left',0,'0000-00-00 00:00:00',0,'mod_mainmenu',0,1,1,'menutype=usermenu\nmoduleclass_sfx=_menu\ncache=1',1,0,''),(4,'Login Form','',6,'left',0,'0000-00-00 00:00:00',0,'mod_login',0,0,1,'greeting=1\nname=0',1,0,''),(5,'Latest News','',4,'user1',0,'0000-00-00 00:00:00',0,'mod_latestnews',0,0,1,'cache=1',1,0,''),(6,'Statistics','',4,'left',0,'0000-00-00 00:00:00',0,'mod_stats',0,0,1,'serverinfo=1\nsiteinfo=1\ncounter=1\nincrease=0\nmoduleclass_sfx=',0,0,''),(7,'Who\'s Online','',1,'right',0,'0000-00-00 00:00:00',0,'mod_whosonline',0,0,1,'online=1\nusers=1\nmoduleclass_sfx=',0,0,''),(8,'Popular','',6,'user2',0,'0000-00-00 00:00:00',0,'mod_mostread',0,0,1,'cache=1',0,0,''),(10,'Archive','',7,'left',0,'0000-00-00 00:00:00',0,'mod_archive',0,0,1,'cache=1',1,0,''),(11,'Sections','',8,'left',0,'0000-00-00 00:00:00',0,'mod_sections',0,0,1,'cache=1',1,0,''),(12,'Newsflash','',1,'top',0,'0000-00-00 00:00:00',0,'mod_newsflash',0,0,1,'catid=3\r\nstyle=random\r\nitems=\r\nmoduleclass_sfx=',0,0,''),(13,'Related Items','',9,'left',0,'0000-00-00 00:00:00',0,'mod_related_items',0,0,1,'',0,0,''),(14,'Search','',1,'user4',0,'0000-00-00 00:00:00',0,'mod_search',0,0,0,'cache=1',0,0,''),(15,'Random Image','',9,'right',0,'0000-00-00 00:00:00',0,'mod_random_image',0,0,1,'',0,0,''),(16,'Top Menu','',1,'user3',0,'0000-00-00 00:00:00',1,'mod_mainmenu',0,0,0,'cache=1\nmenutype=topmenu\nmenu_style=list_flat\nmenu_images=n\nmenu_images_align=left\nexpand_menu=n\nclass_sfx=-nav\nmoduleclass_sfx=\nindent_image1=0\nindent_image2=0\nindent_image3=0\nindent_image4=0\nindent_image5=0\nindent_image6=0',1,0,''),(17,'Banners','',1,'banner',0,'0000-00-00 00:00:00',0,'mod_banners',0,0,0,'banner_cids=\nmoduleclass_sfx=\n',1,0,''),(25,'Other Menu','',2,'left',0,'0000-00-00 00:00:00',0,'mod_mainmenu',0,0,0,'menutype=othermenu\nmenu_style=list\ncache=1\nmenu_images=0\nmenu_images_align=0\nexpand_menu=0\nclass_sfx=\nmoduleclass_sfx=\nindent_image=0\nindent_image1=\nindent_image2=\nindent_image3=\nindent_image4=\nindent_image5=\nindent_image6=\nmoduleclass_sfx=_menu\n',0,0,''),(26,'Wrapper','',10,'left',0,'0000-00-00 00:00:00',0,'mod_wrapper',0,0,1,'',0,0,''),(28,'Footer','',1,'footer',0,'0000-00-00 00:00:00',1,'mod_footer',0,0,1,'',1,0,''),(30,'Feed Display','',11,'left',0,'0000-00-00 00:00:00',0,'mod_feed',0,0,1,'',1,0,''),(32,'Syndication','',3,'syndicate',0,'0000-00-00 00:00:00',0,'mod_syndicate',0,0,0,'',1,0,''),(37,'Resources','',4,'left',0,'0000-00-00 00:00:00',0,'mod_mainmenu',0,0,1,'cache=1\nclass_sfx=\nmoduleclass_sfx=_menu\nmenutype=othermenu\nmenu_style=list\nstartLevel=0\nendLevel=0\nshowAllChildren=0\nfull_active_id=0\nmenu_images=0\nmenu_images_align=0\nexpand_menu=0\nactivate_parent=0\nindent_image=0\nindent_image1=\nindent_image2=\nindent_image3=\nindent_image4=\nindent_image5=\nindent_image6=\nspacer=\nend_spacer=\nwindow_open=\n\n',0,0,''),(38,'Advertisement','',3,'right',0,'0000-00-00 00:00:00',0,'mod_banners',0,0,1,'count=4\r\nrandomise=0\r\ncid=0\r\ncatid=14\r\nheader_text=Featured Links:\r\nfooter_text=<a href=\"http://www.joomla.org\">Ads by Joomla!</a>\r\nmoduleclass_sfx=_text\r\ncache=0\r\n\r\n',0,0,''),(39,'Example Pages','',3,'left',0,'0000-00-00 00:00:00',0,'mod_mainmenu',0,0,1,'cache=1\nclass_sfx=\nmoduleclass_sfx=_menu\nmenutype=ExamplePages\nmenu_style=list_flat\nstartLevel=0\nendLevel=0\nshowAllChildren=0\nfull_active_id=0\nmenu_images=0\nmenu_images_align=0\nexpand_menu=0\nactivate_parent=0\nindent_image=0\nindent_image1=\nindent_image2=\nindent_image3=\nindent_image4=\nindent_image5=\nindent_image6=\nspacer=\nend_spacer=\nwindow_open=\n\n',0,0,''),(40,'Key Concepts','',2,'left',0,'0000-00-00 00:00:00',0,'mod_mainmenu',0,0,1,'cache=1\nclass_sfx=\nmoduleclass_sfx=_menu\nmenutype=keyconcepts\nmenu_style=list\nstartLevel=0\nendLevel=0\nshowAllChildren=0\nfull_active_id=0\nmenu_images=0\nmenu_images_align=0\nexpand_menu=0\nactivate_parent=0\nindent_image=0\nindent_image1=\nindent_image2=\nindent_image3=\nindent_image4=\nindent_image5=\nindent_image6=\nspacer=\nend_spacer=\nwindow_open=\n\n',0,0,''),(41,'Welcome to Joomla!','<div style=\"padding: 5px\"><p>Congratulations on choosing Joomla! as your content management system. We hope you are able to create a successful website with our program and maybe, you are able to give something back to the community later.</p><p>To make your start with Joomla! as smooth as possible, we want to give you some pointers to documentation, common questions and help on securing your server.</p><p>You should start with the &quot;<a href=\"http://forum.joomla.org/index.php/topic,47524.0.html\" target=\"_blank\">Beginners guide to Joomla!</a>&quot; and for securing your server, you should read this <a href=\"http://forum.joomla.org/index.php/topic,81058.0.html\" target=\"_blank\">security checklist</a>.</p><p>For your most common questions, you should first look in the <a href=\"http://forum.joomla.org\" target=\"_blank\">forum</a> and there especially into the <a href=\"http://forum.joomla.org/index.php/board,49.0.html\" target=\"_blank\">FAQ forum</a>. The forum is most likely the biggest resource on Joomla! there is and you will find almost every question answered at least once, so please first use the search function and then ask your question. <img alt=\"Smile\" border=\"0\" src=\"../plugins/editors/tinymce/jscripts/tiny_mce/plugins/emotions/images/smiley-smile.gif\" title=\"Smile\" /></p><p>Security is a big concern for us, which is why we would like you to subscribe to the <a href=\"http://forum.joomla.org/index.php/board,8.0.html\" target=\"_blank\">anouncenment forum</a> to always get the latest informations on new releases for Joomla! Also, you should regularly check the <a href=\"http://forum.joomla.org/index.php/board,267.0.html\" target=\"_blank\">security forum</a>.</p><p>We hope you have much fun and success with Joomla! and hope to see you in the forum among the hundreds and thousands of contributors.</p><p>Your Joomla! team</p><p>P.S.: To remove this message, delete the &quot;Welcome to Joomla!&quot;-module in the administrator screen of the module manager.</p></div>',1,'cpanel',0,'0000-00-00 00:00:00',1,'mod_custom',0,2,1,'moduleclass_sfx=\n\n',1,1,'');
/*!40000 ALTER TABLE `internal_modules` ENABLE KEYS */;
UNLOCK TABLES;

--
-- Table structure for table `internal_modules_menu`
--

DROP TABLE IF EXISTS `internal_modules_menu`;
/*!40101 SET @saved_cs_client     = @@character_set_client */;
/*!40101 SET character_set_client = utf8 */;
CREATE TABLE `internal_modules_menu` (
  `moduleid` int(11) NOT NULL DEFAULT '0',
  `menuid` int(11) NOT NULL DEFAULT '0',
  PRIMARY KEY (`moduleid`,`menuid`)
) ENGINE=MyISAM DEFAULT CHARSET=utf8;
/*!40101 SET character_set_client = @saved_cs_client */;

--
-- Dumping data for table `internal_modules_menu`
--

LOCK TABLES `internal_modules_menu` WRITE;
/*!40000 ALTER TABLE `internal_modules_menu` DISABLE KEYS */;
INSERT INTO `internal_modules_menu` VALUES (1,1),(2,0),(3,0),(4,1),(5,1),(5,2),(5,4),(5,27),(5,36),(7,1),(8,1),(8,2),(8,4),(8,27),(8,36),(12,0),(14,0),(16,0),(17,0),(25,1),(26,0),(28,0),(30,0),(31,0),(32,0),(40,0);
/*!40000 ALTER TABLE `internal_modules_menu` ENABLE KEYS */;
UNLOCK TABLES;

--
-- Table structure for table `internal_newsfeeds`
--

DROP TABLE IF EXISTS `internal_newsfeeds`;
/*!40101 SET @saved_cs_client     = @@character_set_client */;
/*!40101 SET character_set_client = utf8 */;
CREATE TABLE `internal_newsfeeds` (
  `catid` int(11) NOT NULL DEFAULT '0',
  `id` int(11) NOT NULL AUTO_INCREMENT,
  `name` text NOT NULL,
  `link` text NOT NULL,
  `filename` varchar(200) DEFAULT NULL,
  `published` tinyint(1) NOT NULL DEFAULT '0',
  `numarticles` int(11) unsigned NOT NULL DEFAULT '1',
  `cache_time` int(11) unsigned NOT NULL DEFAULT '3600',
  `checked_out` tinyint(3) unsigned NOT NULL DEFAULT '0',
  `checked_out_time` datetime NOT NULL DEFAULT '0000-00-00 00:00:00',
  `ordering` int(11) NOT NULL DEFAULT '0',
  `rtl` tinyint(4) NOT NULL DEFAULT '0',
  PRIMARY KEY (`id`),
  KEY `published` (`published`)
) ENGINE=MyISAM AUTO_INCREMENT=10 DEFAULT CHARSET=utf8;
/*!40101 SET character_set_client = @saved_cs_client */;

--
-- Dumping data for table `internal_newsfeeds`
--

LOCK TABLES `internal_newsfeeds` WRITE;
/*!40000 ALTER TABLE `internal_newsfeeds` DISABLE KEYS */;
INSERT INTO `internal_newsfeeds` VALUES (4,1,'Joomla! - Official News','http://www.joomla.org/index.php?option=com_rss_xtd&feed=RSS2.0&type=com_frontpage&Itemid=1','',1,5,3600,0,'0000-00-00 00:00:00',8,0),(4,2,'Joomla! - Community News','http://www.joomla.org/index.php?option=com_rss_xtd&feed=RSS2.0&type=com_content&task=blogcategory&id=0&Itemid=33','',1,5,3600,0,'0000-00-00 00:00:00',9,0),(4,3,'OpenSourceMatters','http://www.opensourcematters.org/index2.php?option=com_rss&feed=RSS2.0&no_html=1','',1,5,3600,0,'0000-00-00 00:00:00',10,0),(10,4,'Linux Today','http://linuxtoday.com/backend/my-netscape.rdf','',1,3,3600,0,'0000-00-00 00:00:00',1,0),(5,5,'Business News','http://headlines.internet.com/internetnews/bus-news/news.rss','',1,3,3600,0,'0000-00-00 00:00:00',2,0),(11,6,'Web Developer News','http://headlines.internet.com/internetnews/wd-news/news.rss','',1,3,3600,0,'0000-00-00 00:00:00',3,0),(10,7,'Linux Central:New Products','http://linuxcentral.com/backend/lcnew.rdf','',1,3,3600,0,'0000-00-00 00:00:00',4,0),(10,8,'Linux Central:Best Selling','http://linuxcentral.com/backend/lcbestns.rdf','',1,3,3600,0,'0000-00-00 00:00:00',5,0),(10,9,'Linux Central:Daily Specials','http://linuxcentral.com/backend/lcspecialns.rdf','',1,3,3600,0,'0000-00-00 00:00:00',6,0);
/*!40000 ALTER TABLE `internal_newsfeeds` ENABLE KEYS */;
UNLOCK TABLES;

--
-- Table structure for table `internal_plugins`
--

DROP TABLE IF EXISTS `internal_plugins`;
/*!40101 SET @saved_cs_client     = @@character_set_client */;
/*!40101 SET character_set_client = utf8 */;
CREATE TABLE `internal_plugins` (
  `id` int(11) NOT NULL AUTO_INCREMENT,
  `name` text NOT NULL,
  `element` text NOT NULL,
  `folder` varchar(100) NOT NULL DEFAULT '',
  `access` tinyint(3) unsigned NOT NULL DEFAULT '0',
  `ordering` int(11) NOT NULL DEFAULT '0',
  `published` tinyint(3) NOT NULL DEFAULT '0',
  `iscore` tinyint(3) NOT NULL DEFAULT '0',
  `client_id` tinyint(3) NOT NULL DEFAULT '0',
  `checked_out` int(11) unsigned NOT NULL DEFAULT '0',
  `checked_out_time` datetime NOT NULL DEFAULT '0000-00-00 00:00:00',
  `params` text NOT NULL,
  PRIMARY KEY (`id`),
  KEY `idx_folder` (`published`,`client_id`,`access`,`folder`)
) ENGINE=MyISAM AUTO_INCREMENT=36 DEFAULT CHARSET=utf8;
/*!40101 SET character_set_client = @saved_cs_client */;

--
-- Dumping data for table `internal_plugins`
--

LOCK TABLES `internal_plugins` WRITE;
/*!40000 ALTER TABLE `internal_plugins` DISABLE KEYS */;
INSERT INTO `internal_plugins` VALUES (2,'Content - Pagebreak','pagebreak','content',0,10000,1,1,0,0,'0000-00-00 00:00:00',''),(4,'Content - SEF','sef','content',0,3,1,0,0,0,'0000-00-00 00:00:00',''),(5,'Content - Rating','vote','content',0,4,1,1,0,0,'0000-00-00 00:00:00',''),(6,'Search - Content','content','search',0,1,1,1,0,0,'0000-00-00 00:00:00',''),(7,'Search - Weblinks','weblinks','search',0,2,1,1,0,0,'0000-00-00 00:00:00',''),(8,'Content - Code Highlighter (Joomla)','code','content',0,2,0,0,0,0,'0000-00-00 00:00:00',''),(9,'Editor - No Editor','none','editors',0,0,1,1,0,0,'0000-00-00 00:00:00',''),(10,'Editor - TinyMCE 2.0','tinymce','editors',0,0,1,1,0,0,'0000-00-00 00:00:00','theme=advanced\ncleanup=1\ncleanup_startup=0\nautosave=0\ncompressed=0\nrelative_urls=1\ntext_direction=ltr\nlang_mode=0\nlang_code=en\ninvalid_elements=applet\ncontent_css=1\ncontent_css_custom=\nnewlines=0\ntoolbar=top\nhr=1\nsmilies=1\ntable=1\nstyle=1\nlayer=1\nxhtmlxtras=0\ntemplate=0\ndirectionality=1\nfullscreen=1\nhtml_height=550\nhtml_width=750\npreview=1\ninsertdate=1\nformat_date=%Y-%m-%d\ninserttime=1\nformat_time=%H:%M:%S\n\n'),(11,'Editor Button - Image','image','editors-xtd',0,0,1,0,0,0,'0000-00-00 00:00:00',''),(12,'Editor Button - Pagebreak','pagebreak','editors-xtd',0,0,1,0,0,0,'0000-00-00 00:00:00',''),(13,'Search - Contacts','contacts','search',0,3,1,1,0,0,'0000-00-00 00:00:00',''),(14,'Search - Categories','categories','search',0,4,1,0,0,0,'0000-00-00 00:00:00',''),(15,'Search - Sections','sections','search',0,5,1,0,0,0,'0000-00-00 00:00:00',''),(16,'Content - Email Cloaking','emailcloak','content',0,5,1,0,0,0,'0000-00-00 00:00:00',''),(17,'Content - Code Hightlighter (GeSHi)','geshi','content',0,5,0,0,0,0,'0000-00-00 00:00:00',''),(18,'Search - Newsfeeds','newsfeeds','search',0,6,1,0,0,0,'0000-00-00 00:00:00',''),(19,'Content - Load Module','loadmodule','content',0,6,1,0,0,0,'0000-00-00 00:00:00',''),(20,'Authentication - Joomla','joomla','authentication',0,1,1,1,0,0,'0000-00-00 00:00:00',''),(21,'Authentication - LDAP','ldap','authentication',0,2,0,1,0,0,'0000-00-00 00:00:00',''),(22,'Authentication - GMail','gmail','authentication',0,4,0,0,0,0,'0000-00-00 00:00:00',''),(25,'Content - Page Navigation','pagenavigation','content',0,2,1,1,0,0,'0000-00-00 00:00:00',''),(26,'Editor - XStandard Lite 1.7','xstandard','editors',0,0,1,1,0,0,'0000-00-00 00:00:00',''),(27,'XML-RPC - Joomla','joomla','xmlrpc',0,7,1,1,0,0,'0000-00-00 00:00:00',''),(28,'XML-RPC - Blogger API','blogger','xmlrpc',0,7,1,1,0,0,'0000-00-00 00:00:00',''),(30,'Editor Button - Readmore','readmore','editors-xtd',0,0,1,0,0,0,'0000-00-00 00:00:00',''),(31,'User - Joomla!','joomla','user',0,0,1,0,0,0,'0000-00-00 00:00:00',''),(32,'Authentication - OpenID','openid','authentication',0,3,0,0,0,0,'0000-00-00 00:00:00',''),(33,'System - Debug','debug','system',0,1,1,0,0,0,'0000-00-00 00:00:00',''),(34,'System - Legacy','legacy','system',0,2,0,1,0,0,'0000-00-00 00:00:00',''),(35,'System - Cache','cache','system',0,3,0,1,0,0,'0000-00-00 00:00:00','');
/*!40000 ALTER TABLE `internal_plugins` ENABLE KEYS */;
UNLOCK TABLES;

--
-- Table structure for table `internal_poll_data`
--

DROP TABLE IF EXISTS `internal_poll_data`;
/*!40101 SET @saved_cs_client     = @@character_set_client */;
/*!40101 SET character_set_client = utf8 */;
CREATE TABLE `internal_poll_data` (
  `id` int(11) NOT NULL AUTO_INCREMENT,
  `pollid` int(11) NOT NULL DEFAULT '0',
  `text` text NOT NULL,
  `hits` int(11) NOT NULL DEFAULT '0',
  PRIMARY KEY (`id`),
  KEY `pollid` (`pollid`,`text`(1))
) ENGINE=MyISAM AUTO_INCREMENT=13 DEFAULT CHARSET=utf8;
/*!40101 SET character_set_client = @saved_cs_client */;

--
-- Dumping data for table `internal_poll_data`
--

LOCK TABLES `internal_poll_data` WRITE;
/*!40000 ALTER TABLE `internal_poll_data` DISABLE KEYS */;
INSERT INTO `internal_poll_data` VALUES (1,14,'Community Sites',2),(2,14,'Public Brand Sites',2),(3,14,'eCommerce',0),(4,14,'Blogs',0),(5,14,'Intranets',0),(6,14,'Photo and Media Sites',0),(7,14,'All of the Above!',3),(8,14,'',0),(9,14,'',0),(10,14,'',0),(11,14,'',0),(12,14,'',0);
/*!40000 ALTER TABLE `internal_poll_data` ENABLE KEYS */;
UNLOCK TABLES;

--
-- Table structure for table `internal_poll_date`
--

DROP TABLE IF EXISTS `internal_poll_date`;
/*!40101 SET @saved_cs_client     = @@character_set_client */;
/*!40101 SET character_set_client = utf8 */;
CREATE TABLE `internal_poll_date` (
  `id` bigint(20) NOT NULL AUTO_INCREMENT,
  `date` datetime NOT NULL DEFAULT '0000-00-00 00:00:00',
  `vote_id` int(11) NOT NULL DEFAULT '0',
  `poll_id` int(11) NOT NULL DEFAULT '0',
  PRIMARY KEY (`id`),
  KEY `poll_id` (`poll_id`)
) ENGINE=MyISAM AUTO_INCREMENT=8 DEFAULT CHARSET=utf8;
/*!40101 SET character_set_client = @saved_cs_client */;

--
-- Dumping data for table `internal_poll_date`
--

LOCK TABLES `internal_poll_date` WRITE;
/*!40000 ALTER TABLE `internal_poll_date` DISABLE KEYS */;
INSERT INTO `internal_poll_date` VALUES (1,'2006-10-09 13:01:58',1,14),(2,'2006-10-10 15:19:43',7,14),(3,'2006-10-11 11:08:16',7,14),(4,'2006-10-11 15:02:26',2,14),(5,'2006-10-11 15:43:03',7,14),(6,'2006-10-11 15:43:38',7,14),(7,'2006-10-12 00:51:13',2,14);
/*!40000 ALTER TABLE `internal_poll_date` ENABLE KEYS */;
UNLOCK TABLES;

--
-- Table structure for table `internal_poll_menu`
--

DROP TABLE IF EXISTS `internal_poll_menu`;
/*!40101 SET @saved_cs_client     = @@character_set_client */;
/*!40101 SET character_set_client = utf8 */;
CREATE TABLE `internal_poll_menu` (
  `pollid` int(11) NOT NULL DEFAULT '0',
  `menuid` int(11) NOT NULL DEFAULT '0',
  PRIMARY KEY (`pollid`,`menuid`)
) ENGINE=MyISAM DEFAULT CHARSET=utf8;
/*!40101 SET character_set_client = @saved_cs_client */;

--
-- Dumping data for table `internal_poll_menu`
--

LOCK TABLES `internal_poll_menu` WRITE;
/*!40000 ALTER TABLE `internal_poll_menu` DISABLE KEYS */;
/*!40000 ALTER TABLE `internal_poll_menu` ENABLE KEYS */;
UNLOCK TABLES;

--
-- Table structure for table `internal_polls`
--

DROP TABLE IF EXISTS `internal_polls`;
/*!40101 SET @saved_cs_client     = @@character_set_client */;
/*!40101 SET character_set_client = utf8 */;
CREATE TABLE `internal_polls` (
  `id` int(11) unsigned NOT NULL AUTO_INCREMENT,
  `title` text NOT NULL,
  `voters` int(9) NOT NULL DEFAULT '0',
  `checked_out` int(11) NOT NULL DEFAULT '0',
  `checked_out_time` datetime NOT NULL DEFAULT '0000-00-00 00:00:00',
  `published` tinyint(1) NOT NULL DEFAULT '0',
  `access` int(11) NOT NULL DEFAULT '0',
  `lag` int(11) NOT NULL DEFAULT '0',
  PRIMARY KEY (`id`)
) ENGINE=MyISAM AUTO_INCREMENT=15 DEFAULT CHARSET=utf8;
/*!40101 SET character_set_client = @saved_cs_client */;

--
-- Dumping data for table `internal_polls`
--

LOCK TABLES `internal_polls` WRITE;
/*!40000 ALTER TABLE `internal_polls` DISABLE KEYS */;
INSERT INTO `internal_polls` VALUES (14,'Joomla! is used for?',7,0,'0000-00-00 00:00:00',1,0,86400);
/*!40000 ALTER TABLE `internal_polls` ENABLE KEYS */;
UNLOCK TABLES;

--
-- Table structure for table `internal_sections`
--

DROP TABLE IF EXISTS `internal_sections`;
/*!40101 SET @saved_cs_client     = @@character_set_client */;
/*!40101 SET character_set_client = utf8 */;
CREATE TABLE `internal_sections` (
  `id` int(11) NOT NULL AUTO_INCREMENT,
  `title` text NOT NULL,
  `name` text NOT NULL,
  `image` text NOT NULL,
  `scope` varchar(50) NOT NULL DEFAULT '',
  `image_position` varchar(90) NOT NULL DEFAULT '',
  `description` text NOT NULL,
  `published` tinyint(1) NOT NULL DEFAULT '0',
  `checked_out` int(11) unsigned NOT NULL DEFAULT '0',
  `checked_out_time` datetime NOT NULL DEFAULT '0000-00-00 00:00:00',
  `ordering` int(11) NOT NULL DEFAULT '0',
  `access` tinyint(3) unsigned NOT NULL DEFAULT '0',
  `count` int(11) NOT NULL DEFAULT '0',
  `params` text NOT NULL,
  PRIMARY KEY (`id`),
  KEY `idx_scope` (`scope`)
) ENGINE=MyISAM AUTO_INCREMENT=5 DEFAULT CHARSET=utf8;
/*!40101 SET character_set_client = @saved_cs_client */;

--
-- Dumping data for table `internal_sections`
--

LOCK TABLES `internal_sections` WRITE;
/*!40000 ALTER TABLE `internal_sections` DISABLE KEYS */;
INSERT INTO `internal_sections` VALUES (1,'News','The News','articles.jpg','content','right','Select a news topic from the list below, then select a news article to read.',1,0,'0000-00-00 00:00:00',3,0,2,''),(3,'FAQs','Frequently Asked Questions','key.jpg','content','left','From the list below choose one of our FAQs topics, then select an FAQ to read. If you have a question which is not in this section, please contact us.',1,0,'0000-00-00 00:00:00',5,0,22,''),(4,'About Joomla!','About Joomla!','','content','left','',1,0,'0000-00-00 00:00:00',2,0,14,'');
/*!40000 ALTER TABLE `internal_sections` ENABLE KEYS */;
UNLOCK TABLES;

--
-- Table structure for table `internal_session`
--

DROP TABLE IF EXISTS `internal_session`;
/*!40101 SET @saved_cs_client     = @@character_set_client */;
/*!40101 SET character_set_client = utf8 */;
CREATE TABLE `internal_session` (
  `username` varchar(150) DEFAULT '',
  `time` varchar(14) DEFAULT '',
  `session_id` varchar(200) NOT NULL DEFAULT '0',
  `guest` tinyint(4) DEFAULT '1',
  `userid` int(11) DEFAULT '0',
  `usertype` varchar(150) DEFAULT '',
  `gid` tinyint(3) unsigned NOT NULL DEFAULT '0',
  `client_id` tinyint(3) unsigned NOT NULL DEFAULT '0',
  `data` text,
  PRIMARY KEY (`session_id`),
  KEY `whosonline` (`guest`,`usertype`)
) ENGINE=MyISAM DEFAULT CHARSET=utf8;
/*!40101 SET character_set_client = @saved_cs_client */;

--
-- Dumping data for table `internal_session`
--

LOCK TABLES `internal_session` WRITE;
/*!40000 ALTER TABLE `internal_session` DISABLE KEYS */;
INSERT INTO `internal_session` VALUES ('','1174929410','2697df0726bd67e924c0daf3753b0e7a',1,0,'',0,0,NULL),('admin','1174929417','b3ecfe5850c9b339b248a083c02d7faa',0,62,'Super Administrator',25,1,NULL);
/*!40000 ALTER TABLE `internal_session` ENABLE KEYS */;
UNLOCK TABLES;

--
-- Table structure for table `internal_stats_agents`
--

DROP TABLE IF EXISTS `internal_stats_agents`;
/*!40101 SET @saved_cs_client     = @@character_set_client */;
/*!40101 SET character_set_client = utf8 */;
CREATE TABLE `internal_stats_agents` (
  `agent` varchar(255) NOT NULL DEFAULT '',
  `type` tinyint(1) unsigned NOT NULL DEFAULT '0',
  `hits` int(11) unsigned NOT NULL DEFAULT '1'
) ENGINE=MyISAM DEFAULT CHARSET=utf8;
/*!40101 SET character_set_client = @saved_cs_client */;

--
-- Dumping data for table `internal_stats_agents`
--

LOCK TABLES `internal_stats_agents` WRITE;
/*!40000 ALTER TABLE `internal_stats_agents` DISABLE KEYS */;
/*!40000 ALTER TABLE `internal_stats_agents` ENABLE KEYS */;
UNLOCK TABLES;

--
-- Table structure for table `internal_template_positions`
--

DROP TABLE IF EXISTS `internal_template_positions`;
/*!40101 SET @saved_cs_client     = @@character_set_client */;
/*!40101 SET character_set_client = utf8 */;
CREATE TABLE `internal_template_positions` (
  `id` int(11) NOT NULL AUTO_INCREMENT,
  `position` varchar(150) NOT NULL DEFAULT '',
  `description` text NOT NULL,
  PRIMARY KEY (`id`)
) ENGINE=MyISAM AUTO_INCREMENT=35 DEFAULT CHARSET=utf8;
/*!40101 SET character_set_client = @saved_cs_client */;

--
-- Dumping data for table `internal_template_positions`
--

LOCK TABLES `internal_template_positions` WRITE;
/*!40000 ALTER TABLE `internal_template_positions` DISABLE KEYS */;
INSERT INTO `internal_template_positions` VALUES (1,'left',''),(2,'right',''),(3,'top',''),(4,'bottom',''),(5,'inset',''),(6,'banner',''),(7,'header',''),(8,'footer',''),(9,'newsflash',''),(10,'legals',''),(11,'pathway',''),(12,'breadcrumb',''),(13,'toolbar',''),(14,'menu',''),(15,'cpanel',''),(16,'user1',''),(17,'user2',''),(18,'user3',''),(19,'user4',''),(20,'user5',''),(21,'user6',''),(22,'user7',''),(23,'user8',''),(24,'user9',''),(25,'advert1',''),(26,'advert2',''),(27,'advert3',''),(28,'icon',''),(29,'debug',''),(30,'submenu',''),(31,'status',''),(32,'title',''),(33,'syndicate',''),(34,'cp_shell','');
/*!40000 ALTER TABLE `internal_template_positions` ENABLE KEYS */;
UNLOCK TABLES;

--
-- Table structure for table `internal_templates_menu`
--

DROP TABLE IF EXISTS `internal_templates_menu`;
/*!40101 SET @saved_cs_client     = @@character_set_client */;
/*!40101 SET character_set_client = utf8 */;
CREATE TABLE `internal_templates_menu` (
  `template` text NOT NULL,
  `menuid` int(11) NOT NULL DEFAULT '0',
  `client_id` tinyint(4) NOT NULL DEFAULT '0',
  PRIMARY KEY (`template`(255),`menuid`)
) ENGINE=MyISAM DEFAULT CHARSET=utf8;
/*!40101 SET character_set_client = @saved_cs_client */;

--
-- Dumping data for table `internal_templates_menu`
--

LOCK TABLES `internal_templates_menu` WRITE;
/*!40000 ALTER TABLE `internal_templates_menu` DISABLE KEYS */;
INSERT INTO `internal_templates_menu` VALUES ('rhuk_milkyway',0,0),('khepri',0,1);
/*!40000 ALTER TABLE `internal_templates_menu` ENABLE KEYS */;
UNLOCK TABLES;

--
-- Table structure for table `internal_users`
--

DROP TABLE IF EXISTS `internal_users`;
/*!40101 SET @saved_cs_client     = @@character_set_client */;
/*!40101 SET character_set_client = utf8 */;
CREATE TABLE `internal_users` (
  `id` int(11) NOT NULL AUTO_INCREMENT,
  `name` text NOT NULL,
  `username` varchar(150) NOT NULL DEFAULT '',
  `email` varchar(100) NOT NULL DEFAULT '',
  `password` varchar(100) NOT NULL DEFAULT '',
  `usertype` varchar(75) NOT NULL DEFAULT '',
  `block` tinyint(4) NOT NULL DEFAULT '0',
  `sendEmail` tinyint(4) DEFAULT '0',
  `gid` tinyint(3) unsigned NOT NULL DEFAULT '1',
  `registerDate` datetime NOT NULL DEFAULT '0000-00-00 00:00:00',
  `lastvisitDate` datetime NOT NULL DEFAULT '0000-00-00 00:00:00',
  `activation` varchar(100) NOT NULL DEFAULT '',
  `params` text NOT NULL,
  PRIMARY KEY (`id`),
  KEY `usertype` (`usertype`),
  KEY `idx_name` (`name`(255))
) ENGINE=MyISAM AUTO_INCREMENT=63 DEFAULT CHARSET=utf8;
/*!40101 SET character_set_client = @saved_cs_client */;

--
-- Dumping data for table `internal_users`
--

LOCK TABLES `internal_users` WRITE;
/*!40000 ALTER TABLE `internal_users` DISABLE KEYS */;
INSERT INTO `internal_users` VALUES (62,'Administrator','admin','gareth@mahsie.com','1cc4e9a2f44b20ebf711479e2cb3b7fe','Super Administrator',0,1,25,'2007-03-21 22:06:37','2007-03-26 13:08:27','','');
/*!40000 ALTER TABLE `internal_users` ENABLE KEYS */;
UNLOCK TABLES;

--
-- Table structure for table `internal_weblinks`
--

DROP TABLE IF EXISTS `internal_weblinks`;
/*!40101 SET @saved_cs_client     = @@character_set_client */;
/*!40101 SET character_set_client = utf8 */;
CREATE TABLE `internal_weblinks` (
  `id` int(11) unsigned NOT NULL AUTO_INCREMENT,
  `catid` int(11) NOT NULL DEFAULT '0',
  `sid` int(11) NOT NULL DEFAULT '0',
  `title` text NOT NULL,
  `url` varchar(250) NOT NULL DEFAULT '',
  `description` text NOT NULL,
  `date` datetime NOT NULL DEFAULT '0000-00-00 00:00:00',
  `hits` int(11) NOT NULL DEFAULT '0',
  `published` tinyint(1) NOT NULL DEFAULT '0',
  `checked_out` int(11) NOT NULL DEFAULT '0',
  `checked_out_time` datetime NOT NULL DEFAULT '0000-00-00 00:00:00',
  `ordering` int(11) NOT NULL DEFAULT '0',
  `archived` tinyint(1) NOT NULL DEFAULT '0',
  `approved` tinyint(1) NOT NULL DEFAULT '1',
  `params` text NOT NULL,
  PRIMARY KEY (`id`),
  KEY `catid` (`catid`,`published`,`archived`)
) ENGINE=MyISAM AUTO_INCREMENT=6 DEFAULT CHARSET=utf8;
/*!40101 SET character_set_client = @saved_cs_client */;

--
-- Dumping data for table `internal_weblinks`
--

LOCK TABLES `internal_weblinks` WRITE;
/*!40000 ALTER TABLE `internal_weblinks` DISABLE KEYS */;
INSERT INTO `internal_weblinks` VALUES (1,2,0,'Joomla!','http://www.joomla.org','Home of Joomla!','2005-02-14 15:19:02',2,1,0,'0000-00-00 00:00:00',1,0,1,'target=0'),(2,2,0,'php.net','http://www.php.net','The language that Joomla! is developed in','2004-07-07 11:33:24',5,1,0,'0000-00-00 00:00:00',3,0,1,''),(3,2,0,'MySQL','http://www.mysql.com','The database that Joomla! uses','2004-07-07 10:18:31',0,1,0,'0000-00-00 00:00:00',5,0,1,''),(4,2,0,'OpenSourceMatters','http://www.opensourcematters.org','Home of OSM','2005-02-14 15:19:02',10,1,0,'0000-00-00 00:00:00',2,0,1,'target=0'),(5,2,0,'Joomla! - Forums','http://forum.joomla.org','Joomla! Forums','2005-02-14 15:19:02',3,1,0,'0000-00-00 00:00:00',4,0,1,'target=0');
/*!40000 ALTER TABLE `internal_weblinks` ENABLE KEYS */;
UNLOCK TABLES;

--
-- Table structure for table `inventorynotification`
--

DROP TABLE IF EXISTS `inventorynotification`;
/*!40101 SET @saved_cs_client     = @@character_set_client */;
/*!40101 SET character_set_client = utf8 */;
CREATE TABLE `inventorynotification` (
  `notificationid` int(19) NOT NULL AUTO_INCREMENT,
  `notificationname` varchar(200) DEFAULT NULL,
  `notificationsubject` varchar(200) DEFAULT NULL,
  `notificationbody` longtext,
  `label` varchar(50) DEFAULT NULL,
  PRIMARY KEY (`notificationid`)
) ENGINE=InnoDB AUTO_INCREMENT=4 DEFAULT CHARSET=latin1;
/*!40101 SET character_set_client = @saved_cs_client */;

--
-- Dumping data for table `inventorynotification`
--

LOCK TABLES `inventorynotification` WRITE;
/*!40000 ALTER TABLE `inventorynotification` DISABLE KEYS */;
INSERT INTO `inventorynotification` VALUES (1,'InvoiceNotification','{PRODUCTNAME} Stock Level is Low','Dear {HANDLER},\n\nThe current stock of {PRODUCTNAME} in our warehouse is {CURRENTSTOCK}. Kindly procure required number of units as the stock level is below reorder level {REORDERLEVELVALUE}.\n\nPlease treat this information as Urgent as the invoice is already sent  to the customer.\n\nSeverity: Critical\n\nThanks,\n{CURRENTUSER} ','InvoiceNotificationDescription'),(2,'QuoteNotification','Quote given for {PRODUCTNAME}','Dear {HANDLER},\n\nQuote is generated for {QUOTEQUANTITY} units of {PRODUCTNAME}. The current stock of {PRODUCTNAME} in our warehouse is {CURRENTSTOCK}. \n\nSeverity: Minor\n\nThanks,\n{CURRENTUSER} ','QuoteNotificationDescription'),(3,'SalesOrderNotification','Sales Order generated for {PRODUCTNAME}','Dear {HANDLER},\n\nSalesOrder is generated for {SOQUANTITY} units of {PRODUCTNAME}. The current stock of {PRODUCTNAME} in our warehouse is {CURRENTSTOCK}. \n\nPlease treat this information  with priority as the sales order is already generated.\n\nSeverity: Major\n\nThanks,\n{CURRENTUSER} ','SalesOrderNotificationDescription');
/*!40000 ALTER TABLE `inventorynotification` ENABLE KEYS */;
UNLOCK TABLES;

--
-- Table structure for table `inventorynotification_seq`
--

DROP TABLE IF EXISTS `inventorynotification_seq`;
/*!40101 SET @saved_cs_client     = @@character_set_client */;
/*!40101 SET character_set_client = utf8 */;
CREATE TABLE `inventorynotification_seq` (
  `id` int(11) NOT NULL DEFAULT '0'
) ENGINE=MyISAM DEFAULT CHARSET=latin1;
/*!40101 SET character_set_client = @saved_cs_client */;

--
-- Dumping data for table `inventorynotification_seq`
--

LOCK TABLES `inventorynotification_seq` WRITE;
/*!40000 ALTER TABLE `inventorynotification_seq` DISABLE KEYS */;
INSERT INTO `inventorynotification_seq` VALUES (3);
/*!40000 ALTER TABLE `inventorynotification_seq` ENABLE KEYS */;
UNLOCK TABLES;

--
-- Table structure for table `invoice`
--

DROP TABLE IF EXISTS `invoice`;
/*!40101 SET @saved_cs_client     = @@character_set_client */;
/*!40101 SET character_set_client = utf8 */;
CREATE TABLE `invoice` (
  `invoiceid` int(19) NOT NULL DEFAULT '0',
  `subject` varchar(100) DEFAULT NULL,
  `salesorderid` int(19) DEFAULT NULL,
  `customerno` varchar(100) DEFAULT NULL,
  `notes` varchar(100) DEFAULT NULL,
  `invoicedate` date DEFAULT NULL,
  `duedate` date DEFAULT NULL,
  `invoiceterms` varchar(100) DEFAULT NULL,
  `type` varchar(100) DEFAULT NULL,
  `salestax` decimal(11,3) DEFAULT NULL,
  `adjustment` decimal(11,3) DEFAULT NULL,
  `salescommission` decimal(11,3) DEFAULT NULL,
  `exciseduty` decimal(11,3) DEFAULT NULL,
  `subtotal` decimal(11,3) DEFAULT NULL,
  `total` decimal(11,3) DEFAULT NULL,
  `shipping` varchar(100) DEFAULT NULL,
  `accountid` int(19) DEFAULT NULL,
  `terms_conditions` longtext,
  `purchaseorder` varchar(200) DEFAULT NULL,
  `invoicestatus` varchar(200) DEFAULT NULL,
  PRIMARY KEY (`invoiceid`),
  CONSTRAINT `fk_Invoice1` FOREIGN KEY (`invoiceid`) REFERENCES `crmentity` (`crmid`) ON DELETE CASCADE
) ENGINE=InnoDB DEFAULT CHARSET=latin1;
/*!40101 SET character_set_client = @saved_cs_client */;

--
-- Dumping data for table `invoice`
--

LOCK TABLES `invoice` WRITE;
/*!40000 ALTER TABLE `invoice` DISABLE KEYS */;
/*!40000 ALTER TABLE `invoice` ENABLE KEYS */;
UNLOCK TABLES;

--
-- Table structure for table `invoicebillads`
--

DROP TABLE IF EXISTS `invoicebillads`;
/*!40101 SET @saved_cs_client     = @@character_set_client */;
/*!40101 SET character_set_client = utf8 */;
CREATE TABLE `invoicebillads` (
  `invoicebilladdressid` int(19) NOT NULL DEFAULT '0',
  `bill_city` varchar(30) DEFAULT NULL,
  `bill_code` varchar(30) DEFAULT NULL,
  `bill_country` varchar(30) DEFAULT NULL,
  `bill_state` varchar(30) DEFAULT NULL,
  `bill_street` varchar(250) DEFAULT NULL,
  PRIMARY KEY (`invoicebilladdressid`),
  CONSTRAINT `fk_InvoiceBillAds` FOREIGN KEY (`invoicebilladdressid`) REFERENCES `invoice` (`invoiceid`) ON DELETE CASCADE
) ENGINE=InnoDB DEFAULT CHARSET=latin1;
/*!40101 SET character_set_client = @saved_cs_client */;

--
-- Dumping data for table `invoicebillads`
--

LOCK TABLES `invoicebillads` WRITE;
/*!40000 ALTER TABLE `invoicebillads` DISABLE KEYS */;
/*!40000 ALTER TABLE `invoicebillads` ENABLE KEYS */;
UNLOCK TABLES;

--
-- Table structure for table `invoicecf`
--

DROP TABLE IF EXISTS `invoicecf`;
/*!40101 SET @saved_cs_client     = @@character_set_client */;
/*!40101 SET character_set_client = utf8 */;
CREATE TABLE `invoicecf` (
  `invoiceid` int(19) NOT NULL DEFAULT '0',
  PRIMARY KEY (`invoiceid`),
  CONSTRAINT `fk_InvoiceCF` FOREIGN KEY (`invoiceid`) REFERENCES `invoice` (`invoiceid`) ON DELETE CASCADE
) ENGINE=InnoDB DEFAULT CHARSET=latin1;
/*!40101 SET character_set_client = @saved_cs_client */;

--
-- Dumping data for table `invoicecf`
--

LOCK TABLES `invoicecf` WRITE;
/*!40000 ALTER TABLE `invoicecf` DISABLE KEYS */;
/*!40000 ALTER TABLE `invoicecf` ENABLE KEYS */;
UNLOCK TABLES;

--
-- Table structure for table `invoiceproductrel`
--

DROP TABLE IF EXISTS `invoiceproductrel`;
/*!40101 SET @saved_cs_client     = @@character_set_client */;
/*!40101 SET character_set_client = utf8 */;
CREATE TABLE `invoiceproductrel` (
  `invoiceid` int(19) NOT NULL DEFAULT '0',
  `productid` int(19) NOT NULL DEFAULT '0',
  `quantity` int(19) DEFAULT NULL,
  `listprice` decimal(11,3) DEFAULT NULL,
  PRIMARY KEY (`invoiceid`,`productid`),
  KEY `InvoiceProductRel_IDX1` (`productid`),
  CONSTRAINT `fk_InvoiceProductRel` FOREIGN KEY (`invoiceid`) REFERENCES `invoice` (`invoiceid`) ON DELETE CASCADE,
  CONSTRAINT `fk_InvoiceProductRel2` FOREIGN KEY (`productid`) REFERENCES `stockmaster` (`productid`) ON DELETE CASCADE
) ENGINE=InnoDB DEFAULT CHARSET=latin1;
/*!40101 SET character_set_client = @saved_cs_client */;

--
-- Dumping data for table `invoiceproductrel`
--

LOCK TABLES `invoiceproductrel` WRITE;
/*!40000 ALTER TABLE `invoiceproductrel` DISABLE KEYS */;
/*!40000 ALTER TABLE `invoiceproductrel` ENABLE KEYS */;
UNLOCK TABLES;

--
-- Table structure for table `invoiceshipads`
--

DROP TABLE IF EXISTS `invoiceshipads`;
/*!40101 SET @saved_cs_client     = @@character_set_client */;
/*!40101 SET character_set_client = utf8 */;
CREATE TABLE `invoiceshipads` (
  `invoiceshipaddressid` int(19) NOT NULL DEFAULT '0',
  `ship_city` varchar(30) DEFAULT NULL,
  `ship_code` varchar(30) DEFAULT NULL,
  `ship_country` varchar(30) DEFAULT NULL,
  `ship_state` varchar(30) DEFAULT NULL,
  `ship_street` varchar(250) DEFAULT NULL,
  PRIMARY KEY (`invoiceshipaddressid`),
  CONSTRAINT `fk_InvoiceShipAds` FOREIGN KEY (`invoiceshipaddressid`) REFERENCES `invoice` (`invoiceid`) ON DELETE CASCADE
) ENGINE=InnoDB DEFAULT CHARSET=latin1;
/*!40101 SET character_set_client = @saved_cs_client */;

--
-- Dumping data for table `invoiceshipads`
--

LOCK TABLES `invoiceshipads` WRITE;
/*!40000 ALTER TABLE `invoiceshipads` DISABLE KEYS */;
/*!40000 ALTER TABLE `invoiceshipads` ENABLE KEYS */;
UNLOCK TABLES;

--
-- Table structure for table `invoicestatus`
--

DROP TABLE IF EXISTS `invoicestatus`;
/*!40101 SET @saved_cs_client     = @@character_set_client */;
/*!40101 SET character_set_client = utf8 */;
CREATE TABLE `invoicestatus` (
  `inovicestatusid` int(19) NOT NULL AUTO_INCREMENT,
  `invoicestatus` varchar(200) NOT NULL DEFAULT '',
  `sortorderid` int(19) NOT NULL DEFAULT '0',
  `presence` int(1) NOT NULL DEFAULT '1',
  PRIMARY KEY (`inovicestatusid`),
  UNIQUE KEY `invoicestatus_UK0` (`invoicestatus`)
) ENGINE=InnoDB AUTO_INCREMENT=6 DEFAULT CHARSET=latin1;
/*!40101 SET character_set_client = @saved_cs_client */;

--
-- Dumping data for table `invoicestatus`
--

LOCK TABLES `invoicestatus` WRITE;
/*!40000 ALTER TABLE `invoicestatus` DISABLE KEYS */;
INSERT INTO `invoicestatus` VALUES (1,'Created',0,1),(2,'Approved',1,1),(3,'Sent',2,1),(4,'Credit Invoice',3,1),(5,'Paid',4,1);
/*!40000 ALTER TABLE `invoicestatus` ENABLE KEYS */;
UNLOCK TABLES;

--
-- Table structure for table `jos_banner`
--

DROP TABLE IF EXISTS `jos_banner`;
/*!40101 SET @saved_cs_client     = @@character_set_client */;
/*!40101 SET character_set_client = utf8 */;
CREATE TABLE `jos_banner` (
  `bid` int(11) NOT NULL AUTO_INCREMENT,
  `cid` int(11) NOT NULL DEFAULT '0',
  `type` varchar(10) NOT NULL DEFAULT 'banner',
  `name` varchar(50) NOT NULL DEFAULT '',
  `imptotal` int(11) NOT NULL DEFAULT '0',
  `impmade` int(11) NOT NULL DEFAULT '0',
  `clicks` int(11) NOT NULL DEFAULT '0',
  `imageurl` varchar(100) NOT NULL DEFAULT '',
  `clickurl` varchar(200) NOT NULL DEFAULT '',
  `date` datetime DEFAULT NULL,
  `showBanner` tinyint(1) NOT NULL DEFAULT '0',
  `checked_out` tinyint(1) NOT NULL DEFAULT '0',
  `checked_out_time` datetime NOT NULL DEFAULT '0000-00-00 00:00:00',
  `editor` varchar(50) DEFAULT NULL,
  `custombannercode` text,
  PRIMARY KEY (`bid`),
  KEY `viewbanner` (`showBanner`)
) ENGINE=MyISAM AUTO_INCREMENT=3 DEFAULT CHARSET=latin1;
/*!40101 SET character_set_client = @saved_cs_client */;

--
-- Dumping data for table `jos_banner`
--

LOCK TABLES `jos_banner` WRITE;
/*!40000 ALTER TABLE `jos_banner` DISABLE KEYS */;
INSERT INTO `jos_banner` VALUES (1,1,'banner','OSM 1',0,1164,3,'osmbanner1.png','http://www.opensourcematters.org','2004-07-07 15:31:29',1,0,'0000-00-00 00:00:00',NULL,NULL),(2,1,'banner','OSM 2',0,1131,4,'osmbanner2.png','http://www.opensourcematters.org','2004-07-07 15:31:29',1,0,'0000-00-00 00:00:00',NULL,NULL);
/*!40000 ALTER TABLE `jos_banner` ENABLE KEYS */;
UNLOCK TABLES;

--
-- Table structure for table `jos_bannerclient`
--

DROP TABLE IF EXISTS `jos_bannerclient`;
/*!40101 SET @saved_cs_client     = @@character_set_client */;
/*!40101 SET character_set_client = utf8 */;
CREATE TABLE `jos_bannerclient` (
  `cid` int(11) NOT NULL AUTO_INCREMENT,
  `name` varchar(60) NOT NULL DEFAULT '',
  `contact` varchar(60) NOT NULL DEFAULT '',
  `email` varchar(60) NOT NULL DEFAULT '',
  `extrainfo` text NOT NULL,
  `checked_out` tinyint(1) NOT NULL DEFAULT '0',
  `checked_out_time` time DEFAULT NULL,
  `editor` varchar(50) DEFAULT NULL,
  PRIMARY KEY (`cid`)
) ENGINE=MyISAM AUTO_INCREMENT=2 DEFAULT CHARSET=latin1;
/*!40101 SET character_set_client = @saved_cs_client */;

--
-- Dumping data for table `jos_bannerclient`
--

LOCK TABLES `jos_bannerclient` WRITE;
/*!40000 ALTER TABLE `jos_bannerclient` DISABLE KEYS */;
INSERT INTO `jos_bannerclient` VALUES (1,'Open Source Matters','Administrator','admin@opensourcematters.org','',0,'00:00:00',NULL);
/*!40000 ALTER TABLE `jos_bannerclient` ENABLE KEYS */;
UNLOCK TABLES;

--
-- Table structure for table `jos_bannerfinish`
--

DROP TABLE IF EXISTS `jos_bannerfinish`;
/*!40101 SET @saved_cs_client     = @@character_set_client */;
/*!40101 SET character_set_client = utf8 */;
CREATE TABLE `jos_bannerfinish` (
  `bid` int(11) NOT NULL AUTO_INCREMENT,
  `cid` int(11) NOT NULL DEFAULT '0',
  `type` varchar(10) NOT NULL DEFAULT '',
  `name` varchar(50) NOT NULL DEFAULT '',
  `impressions` int(11) NOT NULL DEFAULT '0',
  `clicks` int(11) NOT NULL DEFAULT '0',
  `imageurl` varchar(50) NOT NULL DEFAULT '',
  `datestart` datetime DEFAULT NULL,
  `dateend` datetime DEFAULT NULL,
  PRIMARY KEY (`bid`)
) ENGINE=MyISAM DEFAULT CHARSET=latin1;
/*!40101 SET character_set_client = @saved_cs_client */;

--
-- Dumping data for table `jos_bannerfinish`
--

LOCK TABLES `jos_bannerfinish` WRITE;
/*!40000 ALTER TABLE `jos_bannerfinish` DISABLE KEYS */;
/*!40000 ALTER TABLE `jos_bannerfinish` ENABLE KEYS */;
UNLOCK TABLES;

--
-- Table structure for table `jos_categories`
--

DROP TABLE IF EXISTS `jos_categories`;
/*!40101 SET @saved_cs_client     = @@character_set_client */;
/*!40101 SET character_set_client = utf8 */;
CREATE TABLE `jos_categories` (
  `id` int(11) NOT NULL AUTO_INCREMENT,
  `parent_id` int(11) NOT NULL DEFAULT '0',
  `title` varchar(50) NOT NULL DEFAULT '',
  `name` varchar(255) NOT NULL DEFAULT '',
  `image` varchar(100) NOT NULL DEFAULT '',
  `section` varchar(50) NOT NULL DEFAULT '',
  `image_position` varchar(10) NOT NULL DEFAULT '',
  `description` text NOT NULL,
  `published` tinyint(1) NOT NULL DEFAULT '0',
  `checked_out` int(11) unsigned NOT NULL DEFAULT '0',
  `checked_out_time` datetime NOT NULL DEFAULT '0000-00-00 00:00:00',
  `editor` varchar(50) DEFAULT NULL,
  `ordering` int(11) NOT NULL DEFAULT '0',
  `access` tinyint(3) unsigned NOT NULL DEFAULT '0',
  `count` int(11) NOT NULL DEFAULT '0',
  `params` text NOT NULL,
  PRIMARY KEY (`id`),
  KEY `cat_idx` (`section`,`published`,`access`),
  KEY `idx_section` (`section`),
  KEY `idx_access` (`access`),
  KEY `idx_checkout` (`checked_out`)
) ENGINE=MyISAM AUTO_INCREMENT=13 DEFAULT CHARSET=latin1;
/*!40101 SET character_set_client = @saved_cs_client */;

--
-- Dumping data for table `jos_categories`
--

LOCK TABLES `jos_categories` WRITE;
/*!40000 ALTER TABLE `jos_categories` DISABLE KEYS */;
INSERT INTO `jos_categories` VALUES (1,0,'Latest','Latest News','taking_notes.jpg','1','left','The latest news from the Joomla! Team',1,0,'0000-00-00 00:00:00','',0,0,1,''),(2,0,'Joomla!','Joomla!','clock.jpg','com_weblinks','left','A selection of links that are all related to the Joomla! Project.',1,0,'0000-00-00 00:00:00',NULL,0,0,0,''),(3,0,'Newsflash','Newsflash','','2','left','',1,0,'0000-00-00 00:00:00','',0,0,0,''),(4,0,'Joomla!','Joomla!','','com_newsfeeds','left','',1,0,'0000-00-00 00:00:00',NULL,2,0,0,''),(5,0,'Business: general','Business: general','','com_newsfeeds','left','',1,0,'0000-00-00 00:00:00',NULL,1,0,0,''),(7,0,'Examples','Example FAQs','key.jpg','3','left','Here you will find an example set of FAQs.',1,0,'0000-00-00 00:00:00',NULL,0,0,2,''),(9,0,'Finance','Finance','','com_newsfeeds','left','',1,0,'0000-00-00 00:00:00',NULL,5,0,0,''),(10,0,'Linux','Linux','','com_newsfeeds','left','<br />\r\n',1,0,'0000-00-00 00:00:00',NULL,6,0,0,''),(11,0,'Internet','Internet','','com_newsfeeds','left','',1,0,'0000-00-00 00:00:00',NULL,7,0,0,''),(12,0,'Contacts','Contacts','','com_contact_details','left','Contact Details for this website',1,0,'0000-00-00 00:00:00',NULL,0,0,0,'');
/*!40000 ALTER TABLE `jos_categories` ENABLE KEYS */;
UNLOCK TABLES;

--
-- Table structure for table `jos_components`
--

DROP TABLE IF EXISTS `jos_components`;
/*!40101 SET @saved_cs_client     = @@character_set_client */;
/*!40101 SET character_set_client = utf8 */;
CREATE TABLE `jos_components` (
  `id` int(11) NOT NULL AUTO_INCREMENT,
  `name` varchar(50) NOT NULL DEFAULT '',
  `link` varchar(255) NOT NULL DEFAULT '',
  `menuid` int(11) unsigned NOT NULL DEFAULT '0',
  `parent` int(11) unsigned NOT NULL DEFAULT '0',
  `admin_menu_link` varchar(255) NOT NULL DEFAULT '',
  `admin_menu_alt` varchar(255) NOT NULL DEFAULT '',
  `option` varchar(50) NOT NULL DEFAULT '',
  `ordering` int(11) NOT NULL DEFAULT '0',
  `admin_menu_img` varchar(255) NOT NULL DEFAULT '',
  `iscore` tinyint(4) NOT NULL DEFAULT '0',
  `params` text NOT NULL,
  PRIMARY KEY (`id`)
) ENGINE=MyISAM AUTO_INCREMENT=22 DEFAULT CHARSET=latin1;
/*!40101 SET character_set_client = @saved_cs_client */;

--
-- Dumping data for table `jos_components`
--

LOCK TABLES `jos_components` WRITE;
/*!40000 ALTER TABLE `jos_components` DISABLE KEYS */;
INSERT INTO `jos_components` VALUES (1,'Banners','',0,0,'','Banner Management','com_banners',0,'js/ThemeOffice/component.png',0,''),(2,'Manage Banners','',0,1,'option=com_banners','Active Banners','com_banners',1,'js/ThemeOffice/edit.png',0,''),(3,'Manage Clients','',0,1,'option=com_banners&task=listclients','Manage Clients','com_banners',2,'js/ThemeOffice/categories.png',0,''),(4,'Web Links','option=com_weblinks',0,0,'','Manage Weblinks','com_weblinks',0,'js/ThemeOffice/globe2.png',0,''),(5,'Web Link Items','',0,4,'option=com_weblinks','View existing weblinks','com_weblinks',1,'js/ThemeOffice/edit.png',0,''),(6,'Web Link Categories','',0,4,'option=categories&section=com_weblinks','Manage weblink categories','',2,'js/ThemeOffice/categories.png',0,''),(7,'Contacts','option=com_contact',0,0,'','Edit contact details','com_contact',0,'js/ThemeOffice/user.png',1,''),(8,'Manage Contacts','',0,7,'option=com_contact','Edit contact details','com_contact',0,'js/ThemeOffice/edit.png',1,''),(9,'Contact Categories','',0,7,'option=categories&section=com_contact_details','Manage contact categories','',2,'js/ThemeOffice/categories.png',1,''),(10,'Front Page','option=com_frontpage',0,0,'','Manage Front Page Items','com_frontpage',0,'js/ThemeOffice/component.png',1,''),(11,'Polls','option=com_poll',0,0,'option=com_poll','Manage Polls','com_poll',0,'js/ThemeOffice/component.png',0,''),(12,'News Feeds','option=com_newsfeeds',0,0,'','News Feeds Management','com_newsfeeds',0,'js/ThemeOffice/component.png',0,''),(13,'Manage News Feeds','',0,12,'option=com_newsfeeds','Manage News Feeds','com_newsfeeds',1,'js/ThemeOffice/edit.png',0,''),(14,'Manage Categories','',0,12,'option=com_categories&section=com_newsfeeds','Manage Categories','',2,'js/ThemeOffice/categories.png',0,''),(15,'Login','option=com_login',0,0,'','','com_login',0,'',1,''),(16,'Search','option=com_search',0,0,'','','com_search',0,'',1,''),(17,'Syndicate','',0,0,'option=com_syndicate&hidemainmenu=1','Manage Syndication Settings','com_syndicate',0,'js/ThemeOffice/component.png',0,''),(18,'Mass Mail','',0,0,'option=com_massmail&hidemainmenu=1','Send Mass Mail','com_massmail',0,'js/ThemeOffice/mass_email.png',0,''),(19,'VirtueMart','option=com_virtuemart',0,0,'option=com_virtuemart','VirtueMart','com_virtuemart',0,'../administrator/components/com_virtuemart/favicon.ico',0,''),(20,'virtuemart_version','',0,9999,'','','',0,'',0,'RELEASE=1.0.10\nDEV_STATUS=stable'),(21,'joomlaXplorer','option=com_joomlaxplorer',0,0,'option=com_joomlaxplorer','joomlaXplorer','com_joomlaxplorer',0,'../administrator/components/com_joomlaxplorer/_img/joomla_x_icon.png',0,'');
/*!40000 ALTER TABLE `jos_components` ENABLE KEYS */;
UNLOCK TABLES;

--
-- Table structure for table `jos_contact_details`
--

DROP TABLE IF EXISTS `jos_contact_details`;
/*!40101 SET @saved_cs_client     = @@character_set_client */;
/*!40101 SET character_set_client = utf8 */;
CREATE TABLE `jos_contact_details` (
  `id` int(11) NOT NULL AUTO_INCREMENT,
  `name` varchar(100) NOT NULL DEFAULT '',
  `con_position` varchar(50) DEFAULT NULL,
  `address` text,
  `suburb` varchar(50) DEFAULT NULL,
  `state` varchar(20) DEFAULT NULL,
  `country` varchar(50) DEFAULT NULL,
  `postcode` varchar(10) DEFAULT NULL,
  `telephone` varchar(25) DEFAULT NULL,
  `fax` varchar(25) DEFAULT NULL,
  `misc` mediumtext,
  `image` varchar(100) DEFAULT NULL,
  `imagepos` varchar(20) DEFAULT NULL,
  `email_to` varchar(100) DEFAULT NULL,
  `default_con` tinyint(1) unsigned NOT NULL DEFAULT '0',
  `published` tinyint(1) unsigned NOT NULL DEFAULT '0',
  `checked_out` int(11) unsigned NOT NULL DEFAULT '0',
  `checked_out_time` datetime NOT NULL DEFAULT '0000-00-00 00:00:00',
  `ordering` int(11) NOT NULL DEFAULT '0',
  `params` text NOT NULL,
  `user_id` int(11) NOT NULL DEFAULT '0',
  `catid` int(11) NOT NULL DEFAULT '0',
  `access` tinyint(3) unsigned NOT NULL DEFAULT '0',
  PRIMARY KEY (`id`)
) ENGINE=MyISAM AUTO_INCREMENT=2 DEFAULT CHARSET=latin1;
/*!40101 SET character_set_client = @saved_cs_client */;

--
-- Dumping data for table `jos_contact_details`
--

LOCK TABLES `jos_contact_details` WRITE;
/*!40000 ALTER TABLE `jos_contact_details` DISABLE KEYS */;
INSERT INTO `jos_contact_details` VALUES (1,'Name','Position','Street','Suburb','State','Country','Zip Code','Telephone','Fax','Miscellanous info','asterisk.png','top','email@email.com',1,1,0,'0000-00-00 00:00:00',1,'',0,12,0);
/*!40000 ALTER TABLE `jos_contact_details` ENABLE KEYS */;
UNLOCK TABLES;

--
-- Table structure for table `jos_content`
--

DROP TABLE IF EXISTS `jos_content`;
/*!40101 SET @saved_cs_client     = @@character_set_client */;
/*!40101 SET character_set_client = utf8 */;
CREATE TABLE `jos_content` (
  `id` int(11) unsigned NOT NULL AUTO_INCREMENT,
  `title` varchar(100) NOT NULL DEFAULT '',
  `title_alias` varchar(100) NOT NULL DEFAULT '',
  `introtext` mediumtext NOT NULL,
  `fulltext` mediumtext NOT NULL,
  `state` tinyint(3) NOT NULL DEFAULT '0',
  `sectionid` int(11) unsigned NOT NULL DEFAULT '0',
  `mask` int(11) unsigned NOT NULL DEFAULT '0',
  `catid` int(11) unsigned NOT NULL DEFAULT '0',
  `created` datetime NOT NULL DEFAULT '0000-00-00 00:00:00',
  `created_by` int(11) unsigned NOT NULL DEFAULT '0',
  `created_by_alias` varchar(100) NOT NULL DEFAULT '',
  `modified` datetime NOT NULL DEFAULT '0000-00-00 00:00:00',
  `modified_by` int(11) unsigned NOT NULL DEFAULT '0',
  `checked_out` int(11) unsigned NOT NULL DEFAULT '0',
  `checked_out_time` datetime NOT NULL DEFAULT '0000-00-00 00:00:00',
  `publish_up` datetime NOT NULL DEFAULT '0000-00-00 00:00:00',
  `publish_down` datetime NOT NULL DEFAULT '0000-00-00 00:00:00',
  `images` text NOT NULL,
  `urls` text NOT NULL,
  `attribs` text NOT NULL,
  `version` int(11) unsigned NOT NULL DEFAULT '1',
  `parentid` int(11) unsigned NOT NULL DEFAULT '0',
  `ordering` int(11) NOT NULL DEFAULT '0',
  `metakey` text NOT NULL,
  `metadesc` text NOT NULL,
  `access` int(11) unsigned NOT NULL DEFAULT '0',
  `hits` int(11) unsigned NOT NULL DEFAULT '0',
  PRIMARY KEY (`id`),
  KEY `idx_section` (`sectionid`),
  KEY `idx_access` (`access`),
  KEY `idx_checkout` (`checked_out`),
  KEY `idx_state` (`state`),
  KEY `idx_catid` (`catid`),
  KEY `idx_mask` (`mask`)
) ENGINE=MyISAM AUTO_INCREMENT=12 DEFAULT CHARSET=latin1;
/*!40101 SET character_set_client = @saved_cs_client */;

--
-- Dumping data for table `jos_content`
--

LOCK TABLES `jos_content` WRITE;
/*!40000 ALTER TABLE `jos_content` DISABLE KEYS */;
INSERT INTO `jos_content` VALUES (1,'Welcome to your organization\'s new site!','Welcome','<p>If you&#39;ve read anything at all about Content Management Systems (CMS), you&#39;ll probably know at least three things: CMS are the most exciting way to do business, CMS can be really, I mean <em>really</em>, complicated and lastly Portals are absolutely, outrageously, often <em>unaffordably</em> expensive. <br /><br />{mosimage}Mahsie CMS is set to change all that ... Mahsie CMS is different from the normal models for portal software. For a start, it&#39;s not complicated. It is based on the Joomla! CMS and has been developed for the masses. It&#39;s licensed under the GNU/GPL license, easy to install and administer and reliable. It doesn&#39;t even require the user or administrator of the system to know HTML to operate it once it&#39;s up and running.</p><p>&nbsp;This demo is designed to highlight its features and how it integrates with Mahsie&#39;s ERP and CRM solutions.&nbsp;&nbsp; Please use the menu at the left to select where you would like to go!</p>','<h4><font color=\"#ff6600\">Mahsie CMS features:</font></h4> <ul> <li>Completely database driven site engines </li> <li>News, products or services sections fully editable and manageable</li>  <li>Topics sections can be added to by contributing authors </li> <li>Fully customisable layouts including left, center and right menu boxes </li> <li>Browser upload of images to your own library for use anywhere in the site </li> <li>Dynamic Forum/Poll/Voting booth for on-the-spot results </li> <li>Runs on Linux, FreeBSD, MacOSX server, Solaris and AIX  </li></ul> <h4>Extensive Administration:</h4> <ul> <li>Change order of objects including news, FAQs, articles etc. </li> <li>Random Newsflash generator </li> <li>Remote author submission module for News, Articles, FAQs and Links </li> <li>Object hierarchy - as many sections, departments, divisions and pages as you want </li> <li>Image library - store all your PNGs, PDFs, DOCs, XLSs, GIFs and JPEGs online for easy use </li> <li>Automatic Path-Finder. Place a picture and let Joomla! fix the link </li> <li>News feed manager. Choose from over 360 news feeds from around the world </li> <li>Archive manager. Put your old articles into cold storage rather than throw them out </li> <li>Email-a-friend and Print-format for every story and article </li> <li>In-line Text editor similar to Word Pad </li> <li>User editable look and feel </li> <li>Polls/Surveys - Now put a different one on each page </li> <li>Custom Page Modules. Download custom page modules to spice up your site </li> <li>Template Manager. Download templates and implement them in seconds </li> <li>Layout preview. See how it looks before going live </li> <li>Banner manager. Make money out of your site</li></ul>',1,1,0,1,'2004-06-12 11:54:06',62,'Web Master','2007-04-23 13:17:31',63,0,'0000-00-00 00:00:00','2004-01-01 00:00:00','0000-00-00 00:00:00','asterisk.png|left|Joomla! Logo|1|Example Caption|bottom|center|120','','pageclass_sfx=\nback_button=\nitem_title=1\nlink_titles=\nintrotext=1\nsection=0\nsection_link=0\ncategory=0\ncategory_link=0\nrating=\nauthor=\ncreatedate=\nmodifydate=\npdf=\nprint=\nemail=\nkeyref=\ndocbook_type=',3,0,1,'','',0,17),(2,'Newsflash 1','','Joomla! 1.0 - \'Experience the Freedom\'!. It has never been easier to create\r\nyour own dynamic site. Manage all your content from the best CMS admin\r\ninterface.','',1,2,1,3,'2004-08-09 08:30:34',62,'','0000-00-00 00:00:00',0,0,'0000-00-00 00:00:00','2004-08-09 00:00:00','0000-00-00 00:00:00','','','',1,0,1,'','',0,7),(3,'Newsflash 2','','Yesterday all servers in the U.S. went out on strike in a bid to get more RAM and better CPUs. A spokes person said that the need for better RAM was due to some fool increasing the front-side bus speed. In future, busses will be told to slow down in residential motherboards.','',1,2,1,3,'2004-08-09 08:30:34',62,'','0000-00-00 00:00:00',0,0,'0000-00-00 00:00:00','2004-08-09 00:00:00','0000-00-00 00:00:00','','','',1,0,2,'','',0,8),(4,'Newsflash 3','','Aoccdrnig to a rscheearch at an Elingsh uinervtisy, it deosn\'t mttaer in waht oredr the ltteers in a wrod are, the olny iprmoetnt tihng is taht frist and lsat ltteer is at the rghit pclae. The rset can be a toatl mses and you can sitll raed it wouthit porbelm. Tihs is bcuseae we do not raed ervey lteter by itslef but the wrod as a wlohe.','',1,2,1,3,'2004-08-09 08:30:34',62,'','0000-00-00 00:00:00',0,0,'0000-00-00 00:00:00','2004-08-09 00:00:00','0000-00-00 00:00:00','','','',1,0,3,'','',0,8),(5,'Joomla! License Guidelines','','<p>This website is powered by <a href=\"http://www.joomla.org/\">Joomla!</a>  The software and default templates on which it runs are Copyright 2005 <a href=\"http://www.opensourcematters.org/\">Open Source Matters</a>.  All other content and data, including data entered into this website and templates added after installation, are copyrighted by their respective copyright owners.</p><p>If you want to distribute, copy or modify Joomla!, you are welcome to do so under the terms of the <a href=\"http://www.gnu.org/copyleft/gpl.html#SEC1\">GNU General Public License</a>.  If you are unfamiliar with this license, you might want to read <a href=\"http://www.gnu.org/copyleft/gpl.html#SEC4\">\'How To Apply These Terms To Your Program\'</a> and the <a href=\"http://www.gnu.org/licenses/gpl-faq.html\">\'GNU General Public License FAQ\'</a>.</p>','',1,0,0,0,'2004-08-19 20:11:07',62,'','2004-08-19 20:14:49',62,0,'0000-00-00 00:00:00','2004-08-19 00:00:00','0000-00-00 00:00:00','','','menu_image=\nitem_title=1\npageclass_sfx=\nback_button=\nrating=\nauthor=\ncreatedate=\nmodifydate=\npdf=\nprint=\nemail=',1,0,11,'','',0,10),(6,'Example News Item 1','News1','{mosimage}Lorem ipsum dolor sit amet, consetetur sadipscing elitr, sed diam nonumy eirmod tempor invidunt ut labore et dolore magna aliquyam erat,\r\nsed diam voluptua. At vero eos et accusam et justo duo dolores et ea rebum. Stet clita kasd gubergren, no sea takimata sanctus est Lorem ipsum dolor sit\r\namet. Lorem ipsum dolor sit amet, consetetur sadipscing elitr, sed diam nonumy eirmod tempor invidunt ut labore et dolore magna aliquyam erat, sed diam\r\nvoluptua. At vero eos et accusam et justo duo dolores et ea rebum.','<p>{mosimage}Duis autem vel eum iriure dolor in hendrerit in vulputate\r\nvelit esse molestie consequat, vel illum dolore eu feugiat nulla facilisis at\r\nvero eros et accumsan et iusto odio dignissim qui blandit praesent luptatum\r\nzzril delenit augue duis dolore te feugait nulla facilisi. Lorem ipsum dolor\r\nsit amet, consectetuer adipiscing elit, sed diam nonummy nibh euismod tincidunt\r\nut laoreet dolore magna aliquam erat volutpat.</p>\r\n\r\n<p>Ut wisi enim ad minim veniam, quis nostrud exerci tation\r\nullamcorper suscipit lobortis nisl ut aliquip ex ea commodo consequat. Duis\r\nautem vel eum iriure dolor in hendrerit in vulputate velit esse molestie\r\nconsequat, vel illum dolore eu feugiat nulla facilisis at vero eros et accumsan\r\net iusto odio dignissim qui blandit praesent luptatum zzril delenit augue duis\r\ndolore te feugait nulla facilisi.</p>\r\n\r\n<p>Nam liber tempor cum soluta nobis eleifend option congue\r\nnihil imperdiet doming id quod mazim placerat facer possim assum. Lorem ipsum\r\ndolor sit amet, consectetuer adipiscing elit, sed diam nonummy nibh euismod\r\ntincidunt ut laoreet dolore magna aliquam erat volutpat. Ut wisi enim ad minim\r\nveniam, quis nostrud exerci tation ullamcorper suscipit lobortis nisl ut\r\naliquip ex ea commodo consequat.</p>\r\n\r\n<p>Duis autem vel eum iriure dolor in hendrerit in vulputate\r\nvelit esse molestie consequat, vel illum dolore eu feugiat nulla facilisis. At\r\nvero eos et accusam et justo duo dolores et ea rebum. Stet clita kasd\r\ngubergren, no sea takimata sanctus est Lorem ipsum dolor sit amet. Lorem ipsum\r\ndolor sit amet, consetetur sadipscing elitr, sed diam nonumy eirmod tempor\r\ninvidunt ut labore et dolore magna aliquyam erat, sed diam voluptua. At vero\r\neos et accusam et justo duo dolores et ea rebum. Stet clita kasd gubergren, no\r\nsea takimata sanctus est Lorem ipsum dolor sit amet. Lorem ipsum dolor sit\r\namet, consetetur sadipscing elitr, At accusam aliquyam diam diam dolore dolores\r\nduo eirmod eos erat, et nonumy sed tempor et et invidunt justo labore Stet\r\nclita ea et gubergren, kasd magna no rebum. sanctus sea sed takimata ut vero\r\nvoluptua. est Lorem ipsum dolor sit amet. Lorem ipsum dolor sit amet,\r\nconsetetur sadipscing elitr, sed diam nonumy eirmod tempor invidunt ut labore\r\net dolore magna aliquyam erat.</p>\r\n\r\n<p>Consetetur sadipscing elitr, sed diam nonumy eirmod tempor\r\ninvidunt ut labore et dolore magna aliquyam erat, sed diam voluptua. At vero\r\neos et accusam et justo duo dolores et ea rebum. Stet clita kasd gubergren, no\r\nsea takimata sanctus est Lorem ipsum dolor sit amet. Lorem ipsum dolor sit\r\namet, consetetur sadipscing elitr, sed diam nonumy eirmod tempor invidunt ut\r\nlabore et dolore magna aliquyam erat, sed diam voluptua. At vero eos et accusam\r\net justo duo dolores et ea rebum. Stet clita kasd gubergren, no sea takimata\r\nsanctus est Lorem ipsum dolor sit amet. Lorem ipsum dolor sit amet, consetetur\r\nsadipscing elitr, sed diam nonumy eirmod tempor invidunt ut labore et dolore\r\nmagna aliquyam erat, sed diam voluptua. At vero eos et accusam et justo duo\r\ndolores et ea rebum. Stet clita kasd gubergren, no sea takimata sanctus est\r\nLorem ipsum dolor sit amet.</p>',1,1,0,1,'2004-07-07 11:54:06',62,'','2004-07-07 18:05:05',62,0,'0000-00-00 00:00:00','2004-07-07 00:00:00','0000-00-00 00:00:00','food/coffee.jpg|left||0\r\nfood/bread.jpg|right||0','','',1,0,2,'','',0,25),(7,'Example News Item 2','News2','<p>{mosimage}Lorem ipsum dolor sit amet, consetetur sadipscing elitr, sed diam nonumy eirmod tempor invidunt ut labore et dolore magna aliquyam erat,\r\nsed diam voluptua. At vero eos et accusam et justo duo dolores et ea rebum. Stet clita kasd gubergren, no sea takimata sanctus est Lorem ipsum dolor sit\r\namet. Lorem ipsum dolor sit amet, consetetur sadipscing elitr, sed diam nonumy eirmod tempor invidunt ut labore et dolore magna aliquyam erat, sed diam\r\nvoluptua. At vero eos et accusam et justo duo dolores et ea rebum. Stet clita kasd gubergren, no sea takimata sanctus est Lorem ipsum dolor sit amet. Lorem\r\nipsum dolor sit amet, consetetur sadipscing elitr, sed diam nonumy eirmod tempor invidunt ut labore et dolore magna aliquyam erat, sed diam voluptua. At\r\nvero eos et accusam et justo duo dolores et ea rebum. Stet clita kasd gubergren, no sea takimata sanctus est Lorem ipsum dolor sit amet.</p>','',1,1,0,1,'2004-07-07 11:54:06',62,'','2004-07-07 18:11:30',62,0,'0000-00-00 00:00:00','2004-07-07 00:00:00','0000-00-00 00:00:00','food/bun.jpg|right||0','','',1,0,3,'','',0,30),(8,'Example News Item 3','News3','<p>{mosimage}Lorem ipsum dolor sit amet, consetetur sadipscing elitr, sed diam nonumy eirmod tempor invidunt ut labore et dolore magna aliquyam erat,\r\nsed diam voluptua. At vero eos et accusam et justo duo dolores et ea rebum. Stet clita kasd gubergren, no sea takimata sanctus est Lorem ipsum dolor sit\r\namet. Lorem ipsum dolor sit amet, consetetur sadipscing elitr, sed diam nonumy eirmod tempor invidunt ut labore et dolore magna aliquyam erat, sed diam\r\nvoluptua. At vero eos et accusam et justo duo dolores et ea rebum. Stet clita kasd gubergren, no sea takimata sanctus est Lorem ipsum dolor sit amet. Lorem\r\nipsum dolor sit amet, consetetur sadipscing elitr, sed diam nonumy eirmod tempor invidunt ut labore et dolore magna aliquyam erat, sed diam voluptua. At\r\nvero eos et accusam et justo duo dolores et ea rebum. Stet clita kasd gubergren, no sea takimata sanctus est Lorem ipsum dolor sit amet.</p>','',1,1,0,1,'2004-04-12 11:54:06',62,'','2004-07-07 18:08:23',62,0,'0000-00-00 00:00:00','2004-07-07 00:00:00','0000-00-00 00:00:00','fruit/pears.jpg|right||0','','',1,0,4,'','',0,27),(9,'Example News Item 4','News4','<p>Lorem ipsum dolor sit amet, consetetur sadipscing elitr, sed diam nonumy eirmod tempor invidunt ut labore et dolore magna aliquyam erat,\r\nsed diam voluptua. Lorem ipsum dolor sit amet, consetetur sadipscing elitr, sed diam nonumy eirmod tempor invidunt ut labore et dolore magna aliquyam erat, sed diam\r\nvoluptua. At\r\nvero eos et accusam et justo duo dolores et ea rebum. Stet clita kasd gubergren, no sea takimata sanctus est Lorem ipsum dolor sit amet.</p>','<p>{mosimage}Duis autem vel eum iriure dolor in hendrerit in vulputate\r\nvelit esse molestie consequat, vel illum dolore eu feugiat nulla facilisis at\r\nvero eros et accumsan et iusto odio dignissim qui blandit praesent luptatum\r\nzzril delenit augue duis dolore te feugait nulla facilisi. Lorem ipsum dolor\r\nsit amet, consectetuer adipiscing elit, sed diam nonummy nibh euismod tincidunt\r\nut laoreet dolore magna aliquam erat volutpat.</p>\r\n\r\n{mospagebreak}<p>{mosimage}Ut wisi enim ad minim veniam, quis nostrud exerci tation\r\nullamcorper suscipit lobortis nisl ut aliquip ex ea commodo consequat. Duis\r\nautem vel eum iriure dolor in hendrerit in vulputate velit esse molestie\r\nconsequat, vel illum dolore eu feugiat nulla facilisis at vero eros et accumsan\r\net iusto odio dignissim qui blandit praesent luptatum zzril delenit augue duis\r\ndolore te feugait nulla facilisi.</p>\r\n\r\n<p>{mosimage}Nam liber tempor cum soluta nobis eleifend option congue\r\nnihil imperdiet doming id quod mazim placerat facer possim assum. Lorem ipsum\r\ndolor sit amet, consectetuer adipiscing elit, sed diam nonummy nibh euismod\r\ntincidunt ut laoreet dolore magna aliquam erat volutpat. Ut wisi enim ad minim\r\nveniam, quis nostrud exerci tation ullamcorper suscipit lobortis nisl ut\r\naliquip ex ea commodo consequat.</p>\r\n\r\n<p>Duis autem vel eum iriure dolor in hendrerit in vulputate\r\nvelit esse molestie consequat, vel illum dolore eu feugiat nulla facilisis. At\r\nvero eos et accusam et justo duo dolores et ea rebum. Stet clita kasd\r\ngubergren, no sea takimata sanctus est Lorem ipsum dolor sit amet. Lorem ipsum\r\ndolor sit amet, consetetur sadipscing elitr, sed diam nonumy eirmod tempor\r\ninvidunt ut labore et dolore magna aliquyam erat, sed diam voluptua. At vero\r\neos et accusam et justo duo dolores et ea rebum. Stet clita kasd gubergren, no\r\nsea takimata sanctus est Lorem ipsum dolor sit amet. Lorem ipsum dolor sit\r\namet, consetetur sadipscing elitr, At accusam aliquyam diam diam dolore dolores\r\nduo eirmod eos erat, et nonumy sed tempor et et invidunt justo labore Stet\r\nclita ea et gubergren, kasd magna no rebum. sanctus sea sed takimata ut vero\r\nvoluptua. est Lorem ipsum dolor sit amet. Lorem ipsum dolor sit amet,\r\nconsetetur sadipscing elitr, sed diam nonumy eirmod tempor invidunt ut labore\r\net dolore magna aliquyam erat.</p>\r\n\r\n{mospagebreak}<p>Consetetur sadipscing elitr, sed diam nonumy eirmod tempor\r\ninvidunt ut labore et dolore magna aliquyam erat, sed diam voluptua. At vero\r\neos et accusam et justo duo dolores et ea rebum. Stet clita kasd gubergren, no\r\nsea takimata sanctus est Lorem ipsum dolor sit amet. Lorem ipsum dolor sit\r\namet, consetetur sadipscing elitr, sed diam nonumy eirmod tempor invidunt ut\r\nlabore et dolore magna aliquyam erat, sed diam voluptua. At vero eos et accusam\r\net justo duo dolores et ea rebum. Stet clita kasd gubergren, no sea takimata\r\nsanctus est Lorem ipsum dolor sit amet. Lorem ipsum dolor sit amet, consetetur\r\nsadipscing elitr, sed diam nonumy eirmod tempor invidunt ut labore et dolore\r\nmagna aliquyam erat, sed diam voluptua. At vero eos et accusam et justo duo\r\ndolores et ea rebum. Stet clita kasd gubergren, no sea takimata sanctus est\r\nLorem ipsum dolor sit amet.</p>',1,1,0,1,'2004-07-07 11:54:06',62,'','2004-07-07 18:10:23',62,0,'0000-00-00 00:00:00','2004-07-07 00:00:00','0000-00-00 00:00:00','fruit/strawberry.jpg|left||0\r\nfruit/pears.jpg|right||0\r\nfruit/cherry.jpg|left||0','','',1,0,5,'','',0,54),(10,'Example FAQ Item 1','FAQ1','<p>Lorem ipsum dolor sit amet, consetetur sadipscing elitr, sed diam nonumy eirmod tempor invidunt ut labore et dolore magna aliquyam erat,\r\nsed diam voluptua. Lorem ipsum dolor sit amet, consetetur sadipscing elitr, sed diam nonumy eirmod tempor invidunt ut labore et dolore magna aliquyam erat, sed diam\r\nvoluptua. At\r\nvero eos et accusam et justo duo dolores et ea rebum. Stet clita kasd gubergren, no sea takimata sanctus est Lorem ipsum dolor sit amet.</p>','',1,3,0,7,'2004-05-12 11:54:06',62,'','2004-07-07 18:10:23',62,0,'0000-00-00 00:00:00','2004-01-01 00:00:00','0000-00-00 00:00:00','','','',1,0,5,'','',0,19),(11,'Example FAQ Item 2','FAQ2','<p>Lorem ipsum dolor sit amet, consetetur sadipscing elitr, sed diam nonumy eirmod tempor invidunt ut labore et dolore magna aliquyam erat,\r\nsed diam voluptua. Lorem ipsum dolor sit amet, consetetur sadipscing elitr, sed diam nonumy eirmod tempor invidunt ut labore et dolore magna aliquyam erat, sed diam\r\nvoluptua. At\r\nvero eos et accusam et justo duo dolores et ea rebum. Stet clita kasd gubergren, no sea takimata sanctus est Lorem ipsum dolor sit amet.</p>','<p>{mosimage}Duis autem vel eum iriure dolor in hendrerit in vulputate\r\nvelit esse molestie consequat, vel illum dolore eu feugiat nulla facilisis at\r\nvero eros et accumsan et iusto odio dignissim qui blandit praesent luptatum\r\nzzril delenit augue duis dolore te feugait nulla facilisi. Lorem ipsum dolor\r\nsit amet, consectetuer adipiscing elit, sed diam nonummy nibh euismod tincidunt\r\nut laoreet dolore magna aliquam erat volutpat.</p>\r\n\r\n<p>{mosimage}Ut wisi enim ad minim veniam, quis nostrud exerci tation\r\nullamcorper suscipit lobortis nisl ut aliquip ex ea commodo consequat. Duis\r\nautem vel eum iriure dolor in hendrerit in vulputate velit esse molestie\r\nconsequat, vel illum dolore eu feugiat nulla facilisis at vero eros et accumsan\r\net iusto odio dignissim qui blandit praesent luptatum zzril delenit augue duis\r\ndolore te feugait nulla facilisi.</p>\r\n\r\n<p>{mosimage}Nam liber tempor cum soluta nobis eleifend option congue\r\nnihil imperdiet doming id quod mazim placerat facer possim assum. Lorem ipsum\r\ndolor sit amet, consectetuer adipiscing elit, sed diam nonummy nibh euismod\r\ntincidunt ut laoreet dolore magna aliquam erat volutpat. Ut wisi enim ad minim\r\nveniam, quis nostrud exerci tation ullamcorper suscipit lobortis nisl ut\r\naliquip ex ea commodo consequat.</p>\r\n\r\n<p>Duis autem vel eum iriure dolor in hendrerit in vulputate\r\nvelit esse molestie consequat, vel illum dolore eu feugiat nulla facilisis. At\r\nvero eos et accusam et justo duo dolores et ea rebum. Stet clita kasd\r\ngubergren, no sea takimata sanctus est Lorem ipsum dolor sit amet. Lorem ipsum\r\ndolor sit amet, consetetur sadipscing elitr, sed diam nonumy eirmod tempor\r\ninvidunt ut labore et dolore magna aliquyam erat, sed diam voluptua. At vero\r\neos et accusam et justo duo dolores et ea rebum. Stet clita kasd gubergren, no\r\nsea takimata sanctus est Lorem ipsum dolor sit amet. Lorem ipsum dolor sit\r\namet, consetetur sadipscing elitr, At accusam aliquyam diam diam dolore dolores\r\nduo eirmod eos erat, et nonumy sed tempor et et invidunt justo labore Stet\r\nclita ea et gubergren, kasd magna no rebum. sanctus sea sed takimata ut vero\r\nvoluptua. est Lorem ipsum dolor sit amet. Lorem ipsum dolor sit amet,\r\nconsetetur sadipscing elitr, sed diam nonumy eirmod tempor invidunt ut labore\r\net dolore magna aliquyam erat.</p>\r\n\r\n<p>Consetetur sadipscing elitr, sed diam nonumy eirmod tempor\r\ninvidunt ut labore et dolore magna aliquyam erat, sed diam voluptua. At vero\r\neos et accusam et justo duo dolores et ea rebum. Stet clita kasd gubergren, no\r\nsea takimata sanctus est Lorem ipsum dolor sit amet. Lorem ipsum dolor sit\r\namet, consetetur sadipscing elitr, sed diam nonumy eirmod tempor invidunt ut\r\nlabore et dolore magna aliquyam erat, sed diam voluptua. At vero eos et accusam\r\net justo duo dolores et ea rebum. Stet clita kasd gubergren, no sea takimata\r\nsanctus est Lorem ipsum dolor sit amet. Lorem ipsum dolor sit amet, consetetur\r\nsadipscing elitr, sed diam nonumy eirmod tempor invidunt ut labore et dolore\r\nmagna aliquyam erat, sed diam voluptua. At vero eos et accusam et justo duo\r\ndolores et ea rebum. Stet clita kasd gubergren, no sea takimata sanctus est\r\nLorem ipsum dolor sit amet.</p>',1,3,0,7,'2004-05-12 11:54:06',62,'Web master','2004-07-07 18:10:23',62,0,'0000-00-00 00:00:00','2004-01-01 00:00:00','0000-00-00 00:00:00','fruit/cherry.jpg|left||0\r\nfruit/peas.jpg|right||0\r\nfood/milk.jpg|left||0','','',1,0,5,'','',0,22);
/*!40000 ALTER TABLE `jos_content` ENABLE KEYS */;
UNLOCK TABLES;

--
-- Table structure for table `jos_content_frontpage`
--

DROP TABLE IF EXISTS `jos_content_frontpage`;
/*!40101 SET @saved_cs_client     = @@character_set_client */;
/*!40101 SET character_set_client = utf8 */;
CREATE TABLE `jos_content_frontpage` (
  `content_id` int(11) NOT NULL DEFAULT '0',
  `ordering` int(11) NOT NULL DEFAULT '0',
  PRIMARY KEY (`content_id`)
) ENGINE=MyISAM DEFAULT CHARSET=latin1;
/*!40101 SET character_set_client = @saved_cs_client */;

--
-- Dumping data for table `jos_content_frontpage`
--

LOCK TABLES `jos_content_frontpage` WRITE;
/*!40000 ALTER TABLE `jos_content_frontpage` DISABLE KEYS */;
INSERT INTO `jos_content_frontpage` VALUES (1,1),(2,2),(3,3),(4,4),(5,5);
/*!40000 ALTER TABLE `jos_content_frontpage` ENABLE KEYS */;
UNLOCK TABLES;

--
-- Table structure for table `jos_content_rating`
--

DROP TABLE IF EXISTS `jos_content_rating`;
/*!40101 SET @saved_cs_client     = @@character_set_client */;
/*!40101 SET character_set_client = utf8 */;
CREATE TABLE `jos_content_rating` (
  `content_id` int(11) NOT NULL DEFAULT '0',
  `rating_sum` int(11) unsigned NOT NULL DEFAULT '0',
  `rating_count` int(11) unsigned NOT NULL DEFAULT '0',
  `lastip` varchar(50) NOT NULL DEFAULT '',
  PRIMARY KEY (`content_id`)
) ENGINE=MyISAM DEFAULT CHARSET=latin1;
/*!40101 SET character_set_client = @saved_cs_client */;

--
-- Dumping data for table `jos_content_rating`
--

LOCK TABLES `jos_content_rating` WRITE;
/*!40000 ALTER TABLE `jos_content_rating` DISABLE KEYS */;
/*!40000 ALTER TABLE `jos_content_rating` ENABLE KEYS */;
UNLOCK TABLES;

--
-- Table structure for table `jos_core_acl_aro`
--

DROP TABLE IF EXISTS `jos_core_acl_aro`;
/*!40101 SET @saved_cs_client     = @@character_set_client */;
/*!40101 SET character_set_client = utf8 */;
CREATE TABLE `jos_core_acl_aro` (
  `aro_id` int(11) NOT NULL AUTO_INCREMENT,
  `section_value` varchar(240) NOT NULL DEFAULT '0',
  `value` varchar(240) NOT NULL DEFAULT '',
  `order_value` int(11) NOT NULL DEFAULT '0',
  `name` varchar(255) NOT NULL DEFAULT '',
  `hidden` int(11) NOT NULL DEFAULT '0',
  PRIMARY KEY (`aro_id`),
  UNIQUE KEY `jos_gacl_section_value_value_aro` (`section_value`(100),`value`(100)),
  KEY `jos_gacl_hidden_aro` (`hidden`)
) ENGINE=MyISAM AUTO_INCREMENT=42 DEFAULT CHARSET=latin1;
/*!40101 SET character_set_client = @saved_cs_client */;

--
-- Dumping data for table `jos_core_acl_aro`
--

LOCK TABLES `jos_core_acl_aro` WRITE;
/*!40000 ALTER TABLE `jos_core_acl_aro` DISABLE KEYS */;
INSERT INTO `jos_core_acl_aro` VALUES (10,'users','62',0,'Administrator',0),(11,'users','63',0,'superadmin',0),(12,'users','64',0,'demo',0),(14,'users','66',0,'Test Test',0),(15,'users','67',0,'Testing Testing',0),(16,'users','68',0,'TEST1 TEST1',0),(17,'users','69',0,'TEST5 TEST5',0),(18,'users','70',0,'TEST6 TEST6',0),(19,'users','71',0,'TEST7 TEST7',0),(20,'users','72',0,'TEST TEST',0),(32,'users','84',0,'Gareth Spanglett',0),(31,'users','83',0,'Gareth Spanglett',0),(33,'users','85',0,'Klaus Vachon',0),(34,'users','86',0,'Jeffrey Moncrieff',0),(35,'users','87',0,'Gareth Spanglett',0),(36,'users','88',0,'Vic Vaid',0),(37,'users','89',0,'Jeffrey Moncrieff',0),(38,'users','90',0,'Jeff Moncrieff',0),(39,'users','91',0,'Jeffrey Moncrieff',0),(40,'users','92',0,'Jeff Moncrieff',0),(41,'users','93',0,'Paul Testion',0);
/*!40000 ALTER TABLE `jos_core_acl_aro` ENABLE KEYS */;
UNLOCK TABLES;

--
-- Table structure for table `jos_core_acl_aro_groups`
--

DROP TABLE IF EXISTS `jos_core_acl_aro_groups`;
/*!40101 SET @saved_cs_client     = @@character_set_client */;
/*!40101 SET character_set_client = utf8 */;
CREATE TABLE `jos_core_acl_aro_groups` (
  `group_id` int(11) NOT NULL AUTO_INCREMENT,
  `parent_id` int(11) NOT NULL DEFAULT '0',
  `name` varchar(255) NOT NULL DEFAULT '',
  `lft` int(11) NOT NULL DEFAULT '0',
  `rgt` int(11) NOT NULL DEFAULT '0',
  PRIMARY KEY (`group_id`),
  KEY `parent_id_aro_groups` (`parent_id`),
  KEY `jos_gacl_parent_id_aro_groups` (`parent_id`),
  KEY `jos_gacl_lft_rgt_aro_groups` (`lft`,`rgt`)
) ENGINE=MyISAM AUTO_INCREMENT=31 DEFAULT CHARSET=latin1;
/*!40101 SET character_set_client = @saved_cs_client */;

--
-- Dumping data for table `jos_core_acl_aro_groups`
--

LOCK TABLES `jos_core_acl_aro_groups` WRITE;
/*!40000 ALTER TABLE `jos_core_acl_aro_groups` DISABLE KEYS */;
INSERT INTO `jos_core_acl_aro_groups` VALUES (17,0,'ROOT',1,22),(28,17,'USERS',2,21),(29,28,'Public Frontend',3,12),(18,29,'Registered',4,11),(19,18,'Author',5,10),(20,19,'Editor',6,9),(21,20,'Publisher',7,8),(30,28,'Public Backend',13,20),(23,30,'Manager',14,19),(24,23,'Administrator',15,18),(25,24,'Super Administrator',16,17);
/*!40000 ALTER TABLE `jos_core_acl_aro_groups` ENABLE KEYS */;
UNLOCK TABLES;

--
-- Table structure for table `jos_core_acl_aro_sections`
--

DROP TABLE IF EXISTS `jos_core_acl_aro_sections`;
/*!40101 SET @saved_cs_client     = @@character_set_client */;
/*!40101 SET character_set_client = utf8 */;
CREATE TABLE `jos_core_acl_aro_sections` (
  `section_id` int(11) NOT NULL AUTO_INCREMENT,
  `value` varchar(230) NOT NULL DEFAULT '',
  `order_value` int(11) NOT NULL DEFAULT '0',
  `name` varchar(230) NOT NULL DEFAULT '',
  `hidden` int(11) NOT NULL DEFAULT '0',
  PRIMARY KEY (`section_id`),
  UNIQUE KEY `value_aro_sections` (`value`),
  UNIQUE KEY `jos_gacl_value_aro_sections` (`value`),
  KEY `hidden_aro_sections` (`hidden`),
  KEY `jos_gacl_hidden_aro_sections` (`hidden`)
) ENGINE=MyISAM AUTO_INCREMENT=11 DEFAULT CHARSET=latin1;
/*!40101 SET character_set_client = @saved_cs_client */;

--
-- Dumping data for table `jos_core_acl_aro_sections`
--

LOCK TABLES `jos_core_acl_aro_sections` WRITE;
/*!40000 ALTER TABLE `jos_core_acl_aro_sections` DISABLE KEYS */;
INSERT INTO `jos_core_acl_aro_sections` VALUES (10,'users',1,'Users',0);
/*!40000 ALTER TABLE `jos_core_acl_aro_sections` ENABLE KEYS */;
UNLOCK TABLES;

--
-- Table structure for table `jos_core_acl_groups_aro_map`
--

DROP TABLE IF EXISTS `jos_core_acl_groups_aro_map`;
/*!40101 SET @saved_cs_client     = @@character_set_client */;
/*!40101 SET character_set_client = utf8 */;
CREATE TABLE `jos_core_acl_groups_aro_map` (
  `group_id` int(11) NOT NULL DEFAULT '0',
  `section_value` varchar(240) NOT NULL DEFAULT '',
  `aro_id` int(11) NOT NULL DEFAULT '0',
  UNIQUE KEY `group_id_aro_id_groups_aro_map` (`group_id`,`section_value`,`aro_id`)
) ENGINE=MyISAM DEFAULT CHARSET=latin1;
/*!40101 SET character_set_client = @saved_cs_client */;

--
-- Dumping data for table `jos_core_acl_groups_aro_map`
--

LOCK TABLES `jos_core_acl_groups_aro_map` WRITE;
/*!40000 ALTER TABLE `jos_core_acl_groups_aro_map` DISABLE KEYS */;
INSERT INTO `jos_core_acl_groups_aro_map` VALUES (18,'',14),(18,'',15),(18,'',16),(18,'',17),(18,'',18),(18,'',19),(18,'',20),(18,'',31),(18,'',32),(18,'',33),(18,'',34),(18,'',35),(18,'',36),(18,'',37),(18,'',38),(18,'',39),(18,'',40),(18,'',41),(24,'',12),(25,'',10),(25,'',11);
/*!40000 ALTER TABLE `jos_core_acl_groups_aro_map` ENABLE KEYS */;
UNLOCK TABLES;

--
-- Table structure for table `jos_core_log_items`
--

DROP TABLE IF EXISTS `jos_core_log_items`;
/*!40101 SET @saved_cs_client     = @@character_set_client */;
/*!40101 SET character_set_client = utf8 */;
CREATE TABLE `jos_core_log_items` (
  `time_stamp` date NOT NULL DEFAULT '0000-00-00',
  `item_table` varchar(50) NOT NULL DEFAULT '',
  `item_id` int(11) unsigned NOT NULL DEFAULT '0',
  `hits` int(11) unsigned NOT NULL DEFAULT '0'
) ENGINE=MyISAM DEFAULT CHARSET=latin1;
/*!40101 SET character_set_client = @saved_cs_client */;

--
-- Dumping data for table `jos_core_log_items`
--

LOCK TABLES `jos_core_log_items` WRITE;
/*!40000 ALTER TABLE `jos_core_log_items` DISABLE KEYS */;
INSERT INTO `jos_core_log_items` VALUES ('2010-09-30','#__content',1,1),('2010-12-13','#__content',1,1),('2010-12-13','#__content',4,1),('2010-12-14','#__content',11,2),('2010-12-14','#__content',4,1),('2010-12-14','#__content',1,3),('2010-12-14','#__content',6,4),('2010-12-14','#__content',10,2),('2010-12-14','#__content',3,2),('2010-12-14','#__content',9,5),('2010-12-14','#__content',7,3),('2010-12-14','#__content',2,2),('2010-12-14','#__content',8,3),('2010-12-16','#__content',10,1),('2010-12-16','#__content',1,1),('2010-12-16','#__content',11,1),('2010-12-17','#__content',6,2),('2010-12-17','#__content',7,2),('2010-12-17','#__content',8,3),('2010-12-17','#__content',9,2),('2010-12-18','#__content',7,2),('2010-12-18','#__content',9,3),('2010-12-18','#__content',8,1),('2010-12-20','#__content',9,2),('2010-12-24','#__content',9,1),('2010-12-26','#__content',9,1),('2010-12-28','#__content',9,1),('2010-12-28','#__content',3,1),('2010-12-28','#__content',4,1),('2010-12-28','#__content',1,1),('2010-12-29','#__content',2,1),('2010-12-31','#__content',9,1),('2011-01-01','#__content',6,2),('2011-01-02','#__content',7,1),('2011-01-04','#__content',8,1),('2011-01-04','#__content',9,1),('2011-01-04','#__content',1,1),('2011-01-04','#__content',11,1),('2011-01-05','#__content',10,1),('2011-01-07','#__content',9,1),('2011-01-08','#__content',7,1),('2011-01-09','#__content',8,1),('2011-01-11','#__content',9,1),('2011-01-18','#__content',2,1),('2011-01-19','#__content',9,1),('2011-01-19','#__content',3,1),('2011-01-20','#__content',3,1),('2011-01-20','#__content',4,1),('2011-01-20','#__content',6,3),('2011-01-21','#__content',1,1),('2011-01-22','#__content',7,1),('2011-01-22','#__content',11,1),('2011-01-22','#__content',8,1),('2011-01-22','#__content',1,1),('2011-01-23','#__content',9,1),('2011-01-23','#__content',10,1),('2011-01-24','#__content',9,1),('2011-01-26','#__content',7,2),('2011-01-26','#__content',8,1),('2011-01-27','#__content',9,2),('2011-02-02','#__content',9,2),('2011-02-04','#__content',9,2),('2011-02-05','#__content',6,1),('2011-02-06','#__content',6,1),('2011-02-07','#__content',6,1),('2011-02-09','#__content',8,1),('2011-02-09','#__content',7,1),('2011-02-10','#__content',7,1),('2011-02-11','#__content',11,2),('2011-02-11','#__content',2,1),('2011-02-11','#__content',9,1),('2011-02-11','#__content',4,1),('2011-02-11','#__content',3,1),('2011-02-11','#__content',7,1),('2011-02-13','#__content',8,2),('2011-02-13','#__content',10,1),('2011-02-14','#__content',1,2),('2011-02-15','#__content',1,1),('2011-02-15','#__content',9,1),('2011-02-17','#__content',9,1),('2011-02-19','#__content',4,2),('2011-02-19','#__content',1,1),('2011-02-19','#__content',3,1),('2011-02-22','#__content',10,2),('2011-02-22','#__content',1,2),('2011-02-22','#__content',11,2),('2011-02-22','#__content',6,3),('2011-02-22','#__content',3,1),('2011-02-22','#__content',2,2),('2011-02-22','#__content',9,1),('2011-02-22','#__content',8,1),('2011-02-22','#__content',7,2),('2011-02-23','#__content',8,1),('2011-02-23','#__content',9,2),('2011-02-23','#__content',7,1),('2011-02-24','#__content',8,1),('2011-02-24','#__content',9,3),('2011-02-24','#__content',6,1),('2011-02-25','#__content',9,1),('2011-02-25','#__content',6,1),('2011-02-26','#__content',8,1),('2011-02-26','#__content',9,1),('2011-02-28','#__content',7,2),('2011-03-01','#__content',8,1),('2011-03-02','#__content',8,1),('2011-03-03','#__content',7,1),('2011-03-05','#__content',10,1),('2011-03-06','#__content',10,1),('2011-03-06','#__content',11,1),('2011-03-06','#__content',9,1),('2011-03-07','#__content',11,1),('2011-03-07','#__content',9,2),('2011-03-08','#__content',9,1),('2011-03-10','#__content',6,1),('2011-03-11','#__content',8,2),('2011-03-11','#__content',7,2),('2011-03-13','#__content',11,1),('2011-03-14','#__content',9,1),('2011-03-15','#__content',8,2),('2011-03-15','#__content',7,2),('2011-03-15','#__content',9,1),('2011-03-18','#__content',8,1),('2011-03-18','#__content',7,1),('2011-03-19','#__content',9,1),('2011-03-19','#__content',8,1),('2011-03-19','#__content',7,1),('2011-03-19','#__content',10,1),('2011-03-20','#__content',6,1),('2011-03-20','#__content',7,1);
/*!40000 ALTER TABLE `jos_core_log_items` ENABLE KEYS */;
UNLOCK TABLES;

--
-- Table structure for table `jos_core_log_searches`
--

DROP TABLE IF EXISTS `jos_core_log_searches`;
/*!40101 SET @saved_cs_client     = @@character_set_client */;
/*!40101 SET character_set_client = utf8 */;
CREATE TABLE `jos_core_log_searches` (
  `search_term` varchar(128) NOT NULL DEFAULT '',
  `hits` int(11) unsigned NOT NULL DEFAULT '0'
) ENGINE=MyISAM DEFAULT CHARSET=latin1;
/*!40101 SET character_set_client = @saved_cs_client */;

--
-- Dumping data for table `jos_core_log_searches`
--

LOCK TABLES `jos_core_log_searches` WRITE;
/*!40000 ALTER TABLE `jos_core_log_searches` DISABLE KEYS */;
/*!40000 ALTER TABLE `jos_core_log_searches` ENABLE KEYS */;
UNLOCK TABLES;

--
-- Table structure for table `jos_groups`
--

DROP TABLE IF EXISTS `jos_groups`;
/*!40101 SET @saved_cs_client     = @@character_set_client */;
/*!40101 SET character_set_client = utf8 */;
CREATE TABLE `jos_groups` (
  `id` tinyint(3) unsigned NOT NULL DEFAULT '0',
  `name` varchar(50) NOT NULL DEFAULT '',
  PRIMARY KEY (`id`)
) ENGINE=MyISAM DEFAULT CHARSET=latin1;
/*!40101 SET character_set_client = @saved_cs_client */;

--
-- Dumping data for table `jos_groups`
--

LOCK TABLES `jos_groups` WRITE;
/*!40000 ALTER TABLE `jos_groups` DISABLE KEYS */;
INSERT INTO `jos_groups` VALUES (0,'Public'),(1,'Registered'),(2,'Special');
/*!40000 ALTER TABLE `jos_groups` ENABLE KEYS */;
UNLOCK TABLES;

--
-- Table structure for table `jos_mambots`
--

DROP TABLE IF EXISTS `jos_mambots`;
/*!40101 SET @saved_cs_client     = @@character_set_client */;
/*!40101 SET character_set_client = utf8 */;
CREATE TABLE `jos_mambots` (
  `id` int(11) NOT NULL AUTO_INCREMENT,
  `name` varchar(100) NOT NULL DEFAULT '',
  `element` varchar(100) NOT NULL DEFAULT '',
  `folder` varchar(100) NOT NULL DEFAULT '',
  `access` tinyint(3) unsigned NOT NULL DEFAULT '0',
  `ordering` int(11) NOT NULL DEFAULT '0',
  `published` tinyint(3) NOT NULL DEFAULT '0',
  `iscore` tinyint(3) NOT NULL DEFAULT '0',
  `client_id` tinyint(3) NOT NULL DEFAULT '0',
  `checked_out` int(11) unsigned NOT NULL DEFAULT '0',
  `checked_out_time` datetime NOT NULL DEFAULT '0000-00-00 00:00:00',
  `params` text NOT NULL,
  PRIMARY KEY (`id`),
  KEY `idx_folder` (`published`,`client_id`,`access`,`folder`)
) ENGINE=MyISAM AUTO_INCREMENT=20 DEFAULT CHARSET=latin1;
/*!40101 SET character_set_client = @saved_cs_client */;

--
-- Dumping data for table `jos_mambots`
--

LOCK TABLES `jos_mambots` WRITE;
/*!40000 ALTER TABLE `jos_mambots` DISABLE KEYS */;
INSERT INTO `jos_mambots` VALUES (1,'MOS Image','mosimage','content',0,-10000,1,1,0,0,'0000-00-00 00:00:00',''),(2,'MOS Pagination','mospaging','content',0,10000,1,1,0,0,'0000-00-00 00:00:00',''),(3,'Legacy Mambot Includer','legacybots','content',0,1,0,1,0,0,'0000-00-00 00:00:00',''),(4,'SEF','mossef','content',0,3,1,0,0,0,'0000-00-00 00:00:00',''),(5,'MOS Rating','mosvote','content',0,4,1,1,0,0,'0000-00-00 00:00:00',''),(6,'Search Content','content.searchbot','search',0,1,1,1,0,0,'0000-00-00 00:00:00',''),(7,'Search Weblinks','weblinks.searchbot','search',0,2,1,1,0,0,'0000-00-00 00:00:00',''),(8,'Code support','moscode','content',0,2,0,0,0,0,'0000-00-00 00:00:00',''),(9,'No WYSIWYG Editor','none','editors',0,0,1,1,0,0,'0000-00-00 00:00:00',''),(10,'TinyMCE WYSIWYG Editor','tinymce','editors',0,0,1,1,0,0,'0000-00-00 00:00:00','theme=advanced'),(11,'MOS Image Editor Button','mosimage.btn','editors-xtd',0,0,1,0,0,0,'0000-00-00 00:00:00',''),(12,'MOS Pagebreak Editor Button','mospage.btn','editors-xtd',0,0,1,0,0,0,'0000-00-00 00:00:00',''),(13,'Search Contacts','contacts.searchbot','search',0,3,1,1,0,0,'0000-00-00 00:00:00',''),(14,'Search Categories','categories.searchbot','search',0,4,1,0,0,0,'0000-00-00 00:00:00',''),(15,'Search Sections','sections.searchbot','search',0,5,1,0,0,0,'0000-00-00 00:00:00',''),(16,'Email Cloaking','mosemailcloak','content',0,5,1,0,0,0,'0000-00-00 00:00:00',''),(17,'GeSHi','geshi','content',0,5,0,0,0,0,'0000-00-00 00:00:00',''),(18,'Search Newsfeeds','newsfeeds.searchbot','search',0,6,1,0,0,0,'0000-00-00 00:00:00',''),(19,'Load Module Positions','mosloadposition','content',0,6,1,0,0,0,'0000-00-00 00:00:00','');
/*!40000 ALTER TABLE `jos_mambots` ENABLE KEYS */;
UNLOCK TABLES;

--
-- Table structure for table `jos_menu`
--

DROP TABLE IF EXISTS `jos_menu`;
/*!40101 SET @saved_cs_client     = @@character_set_client */;
/*!40101 SET character_set_client = utf8 */;
CREATE TABLE `jos_menu` (
  `id` int(11) NOT NULL AUTO_INCREMENT,
  `menutype` varchar(25) DEFAULT NULL,
  `name` varchar(100) DEFAULT NULL,
  `link` text,
  `type` varchar(50) NOT NULL DEFAULT '',
  `published` tinyint(1) NOT NULL DEFAULT '0',
  `parent` int(11) unsigned NOT NULL DEFAULT '0',
  `componentid` int(11) unsigned NOT NULL DEFAULT '0',
  `sublevel` int(11) DEFAULT '0',
  `ordering` int(11) DEFAULT '0',
  `checked_out` int(11) unsigned NOT NULL DEFAULT '0',
  `checked_out_time` datetime NOT NULL DEFAULT '0000-00-00 00:00:00',
  `pollid` int(11) NOT NULL DEFAULT '0',
  `browserNav` tinyint(4) DEFAULT '0',
  `access` tinyint(3) unsigned NOT NULL DEFAULT '0',
  `utaccess` tinyint(3) unsigned NOT NULL DEFAULT '0',
  `params` text NOT NULL,
  PRIMARY KEY (`id`),
  KEY `componentid` (`componentid`,`menutype`,`published`,`access`),
  KEY `menutype` (`menutype`)
) ENGINE=MyISAM AUTO_INCREMENT=27 DEFAULT CHARSET=latin1;
/*!40101 SET character_set_client = @saved_cs_client */;

--
-- Dumping data for table `jos_menu`
--

LOCK TABLES `jos_menu` WRITE;
/*!40000 ALTER TABLE `jos_menu` DISABLE KEYS */;
INSERT INTO `jos_menu` VALUES (1,'mainmenu','About MWDS','index.php?option=com_frontpage','components',1,0,10,0,1,0,'0000-00-00 00:00:00',0,0,0,3,'menu_image=-1\npageclass_sfx=\nheader=Welcome to the Frontpage\npage_title=0\nback_button=0\nleading=1\nintro=2\ncolumns=2\nlink=1\norderby_pri=\norderby_sec=front\npagination=2\npagination_results=1\nimage=1\nsection=0\nsection_link=0\ncategory=0\ncategory_link=0\nitem_title=1\nlink_titles=\nreadmore=\nrating=\nauthor=\ncreatedate=\nmodifydate=\npdf=0\nprint=0\nemail=0\nunpublished=0'),(2,'mainmenu','News','index.php?option=com_content&task=section&id=1','content_section',0,0,1,0,4,0,'0000-00-00 00:00:00',0,0,0,3,''),(3,'mainmenu','Contact Us','index.php?option=com_contact','components',1,0,7,0,7,0,'0000-00-00 00:00:00',0,0,0,3,''),(23,'mainmenu','Links','index.php?option=com_weblinks','components',0,0,4,0,6,0,'0000-00-00 00:00:00',0,0,0,0,'menu_image=web_links.jpg\npageclass_sfx=\nback_button=\npage_title=1\nheader=\nheadings=1\nhits=\nitem_description=1\nother_cat=1\ndescription=1\ndescription_text=\nimage=-1\nimage_align=right\nweblink_icons='),(5,'mainmenu','Search','index.php?option=com_search','components',1,0,16,0,8,0,'0000-00-00 00:00:00',0,0,0,3,''),(6,'mainmenu','Joomla! License','index.php?option=com_content&task=view&id=5','content_typed',0,0,5,0,3,0,'0000-00-00 00:00:00',0,0,0,0,''),(7,'mainmenu','News Feeds','index.php?option=com_newsfeeds','components',0,0,12,0,9,0,'0000-00-00 00:00:00',0,0,0,3,'menu_image=-1\npageclass_sfx=\nback_button=\npage_title=1\nheader='),(8,'mainmenu','Wrapper','index.php?option=com_wrapper','wrapper',0,0,0,0,11,0,'0000-00-00 00:00:00',0,0,0,3,'menu_image=-1\npageclass_sfx=\nback_button=\npage_title=1\nheader=\nscrolling=auto\nwidth=100%\nheight=600\nheight_auto=0\nurl=www.joomla.org'),(9,'mainmenu','Blog','index.php?option=com_content&task=blogsection&id=0','content_blog_section',0,0,0,0,5,0,'0000-00-00 00:00:00',0,0,0,3,'menu_image=-1\npageclass_sfx=\nback_button=\nheader=A blog of all sections with no images\npage_title=1\nleading=0\nintro=6\ncolumns=2\nlink=4\norderby_pri=\norderby_sec=\npagination=2\npagination_results=1\nimage=0\ndescription=0\ndescription_image=0\ncategory=0\ncategory_link=0\nitem_title=1\nlink_titles=\nreadmore=\nrating=\nauthor=\ncreatedate=\nmodifydate=\npdf=\nprint=\nemail=\nsectionid='),(10,'othermenu','Joomla! Home','http://www.joomla.org','url',1,0,0,0,1,0,'0000-00-00 00:00:00',0,0,0,3,''),(11,'othermenu','Joomla! Forums','http://forum.joomla.org','url',1,0,0,0,1,0,'0000-00-00 00:00:00',0,0,0,3,''),(12,'othermenu','OSM Home','http://www.opensourcematters.org','url',1,0,0,0,1,0,'0000-00-00 00:00:00',0,0,0,3,''),(24,'othermenu','Administrator','administrator/','url',1,0,0,0,3,0,'0000-00-00 00:00:00',0,0,0,3,'menu_image=-1'),(21,'usermenu','Your Details','index.php?option=com_user&task=UserDetails','url',1,0,0,0,1,0,'0000-00-00 00:00:00',0,0,1,3,''),(13,'usermenu','Submit News','index.php?option=com_content&task=new&sectionid=1&Itemid=0','url',0,0,0,0,2,0,'0000-00-00 00:00:00',0,0,1,2,''),(14,'usermenu','Submit WebLink','index.php?option=com_weblinks&task=new','url',0,0,0,0,4,0,'0000-00-00 00:00:00',0,0,1,2,''),(15,'usermenu','Check-In My Items','index.php?option=com_user&task=CheckIn','url',0,0,0,0,5,0,'0000-00-00 00:00:00',0,0,1,2,''),(16,'usermenu','Logout','index.php?option=com_login','components',1,0,15,0,5,0,'0000-00-00 00:00:00',0,0,1,3,''),(17,'topmenu','Home','index.php','url',1,0,0,0,1,0,'0000-00-00 00:00:00',0,0,0,3,''),(18,'topmenu','Contact Us','index.php?option=com_contact&Itemid=3','url',1,0,0,0,2,0,'0000-00-00 00:00:00',0,0,0,3,''),(19,'topmenu','News','index.php?option=com_content&task=section&id=1&Itemid=2','url',1,0,0,0,3,0,'0000-00-00 00:00:00',0,0,0,3,''),(20,'topmenu','Links','index.php?option=com_weblinks&Itemid=23','url',1,0,0,0,4,0,'0000-00-00 00:00:00',0,0,0,3,'menu_image=-1'),(25,'mainmenu','FAQs','index.php?option=com_content&task=category&sectionid=3&id=7','content_category',1,0,7,0,10,0,'0000-00-00 00:00:00',0,0,0,0,'menu_image=-1\npage_title=1\npageclass_sfx=\nback_button=\norderby=\ndate_format=\ndate=\nauthor=\ntitle=1\nhits=\nheadings=1\nnavigation=1\norder_select=1\ndisplay=1\ndisplay_num=50\nfilter=1\nfilter_type=title\nother_cat=1\nempty_cat=0\ncat_items=1\ncat_description=1'),(26,'mainmenu','Our Catalog','index.php?option=com_virtuemart','components',1,0,19,0,2,0,'0000-00-00 00:00:00',0,0,0,0,'');
/*!40000 ALTER TABLE `jos_menu` ENABLE KEYS */;
UNLOCK TABLES;

--
-- Table structure for table `jos_messages`
--

DROP TABLE IF EXISTS `jos_messages`;
/*!40101 SET @saved_cs_client     = @@character_set_client */;
/*!40101 SET character_set_client = utf8 */;
CREATE TABLE `jos_messages` (
  `message_id` int(10) unsigned NOT NULL AUTO_INCREMENT,
  `user_id_from` int(10) unsigned NOT NULL DEFAULT '0',
  `user_id_to` int(10) unsigned NOT NULL DEFAULT '0',
  `folder_id` int(10) unsigned NOT NULL DEFAULT '0',
  `date_time` datetime NOT NULL DEFAULT '0000-00-00 00:00:00',
  `state` int(11) NOT NULL DEFAULT '0',
  `priority` int(1) unsigned NOT NULL DEFAULT '0',
  `subject` varchar(230) NOT NULL DEFAULT '',
  `message` text NOT NULL,
  PRIMARY KEY (`message_id`)
) ENGINE=MyISAM DEFAULT CHARSET=latin1;
/*!40101 SET character_set_client = @saved_cs_client */;

--
-- Dumping data for table `jos_messages`
--

LOCK TABLES `jos_messages` WRITE;
/*!40000 ALTER TABLE `jos_messages` DISABLE KEYS */;
/*!40000 ALTER TABLE `jos_messages` ENABLE KEYS */;
UNLOCK TABLES;

--
-- Table structure for table `jos_messages_cfg`
--

DROP TABLE IF EXISTS `jos_messages_cfg`;
/*!40101 SET @saved_cs_client     = @@character_set_client */;
/*!40101 SET character_set_client = utf8 */;
CREATE TABLE `jos_messages_cfg` (
  `user_id` int(10) unsigned NOT NULL DEFAULT '0',
  `cfg_name` varchar(100) NOT NULL DEFAULT '',
  `cfg_value` varchar(255) NOT NULL DEFAULT '',
  UNIQUE KEY `idx_user_var_name` (`user_id`,`cfg_name`)
) ENGINE=MyISAM DEFAULT CHARSET=latin1;
/*!40101 SET character_set_client = @saved_cs_client */;

--
-- Dumping data for table `jos_messages_cfg`
--

LOCK TABLES `jos_messages_cfg` WRITE;
/*!40000 ALTER TABLE `jos_messages_cfg` DISABLE KEYS */;
/*!40000 ALTER TABLE `jos_messages_cfg` ENABLE KEYS */;
UNLOCK TABLES;

--
-- Table structure for table `jos_modules`
--

DROP TABLE IF EXISTS `jos_modules`;
/*!40101 SET @saved_cs_client     = @@character_set_client */;
/*!40101 SET character_set_client = utf8 */;
CREATE TABLE `jos_modules` (
  `id` int(11) NOT NULL AUTO_INCREMENT,
  `title` text NOT NULL,
  `content` text NOT NULL,
  `ordering` int(11) NOT NULL DEFAULT '0',
  `position` varchar(10) DEFAULT NULL,
  `checked_out` int(11) unsigned NOT NULL DEFAULT '0',
  `checked_out_time` datetime NOT NULL DEFAULT '0000-00-00 00:00:00',
  `published` tinyint(1) NOT NULL DEFAULT '0',
  `module` varchar(50) DEFAULT NULL,
  `numnews` int(11) NOT NULL DEFAULT '0',
  `access` tinyint(3) unsigned NOT NULL DEFAULT '0',
  `showtitle` tinyint(3) unsigned NOT NULL DEFAULT '1',
  `params` text NOT NULL,
  `iscore` tinyint(4) NOT NULL DEFAULT '0',
  `client_id` tinyint(4) NOT NULL DEFAULT '0',
  PRIMARY KEY (`id`),
  KEY `published` (`published`,`access`),
  KEY `newsfeeds` (`module`,`published`)
) ENGINE=MyISAM AUTO_INCREMENT=34 DEFAULT CHARSET=latin1;
/*!40101 SET character_set_client = @saved_cs_client */;

--
-- Dumping data for table `jos_modules`
--

LOCK TABLES `jos_modules` WRITE;
/*!40000 ALTER TABLE `jos_modules` DISABLE KEYS */;
INSERT INTO `jos_modules` VALUES (1,'Polls','',1,'right',0,'0000-00-00 00:00:00',0,'mod_poll',0,0,1,'',0,0),(2,'User Menu','',4,'left',0,'0000-00-00 00:00:00',1,'mod_mainmenu',0,1,1,'menutype=usermenu',1,0),(3,'Main Menu','',1,'left',0,'0000-00-00 00:00:00',1,'mod_mainmenu',0,0,1,'menutype=mainmenu',1,0),(4,'Login Form','',5,'left',0,'0000-00-00 00:00:00',1,'mod_login',0,0,1,'',1,0),(5,'Syndicate','',7,'left',0,'0000-00-00 00:00:00',0,'mod_rssfeed',0,0,1,'',1,0),(6,'Latest News','',4,'user1',0,'0000-00-00 00:00:00',0,'mod_latestnews',0,0,1,'',1,0),(7,'Statistics','',6,'left',0,'0000-00-00 00:00:00',0,'mod_stats',0,0,1,'serverinfo=1\nsiteinfo=1\ncounter=1\nincrease=0\nmoduleclass_sfx=',0,0),(8,'Who\'s Online','',1,'right',0,'0000-00-00 00:00:00',0,'mod_whosonline',0,0,1,'online=1\nusers=1\nmoduleclass_sfx=',0,0),(9,'Popular','',6,'user2',0,'0000-00-00 00:00:00',0,'mod_mostread',0,0,1,'',0,0),(10,'Template Chooser','',8,'left',0,'0000-00-00 00:00:00',0,'mod_templatechooser',0,0,1,'show_preview=1',0,0),(11,'Archive','',9,'left',0,'0000-00-00 00:00:00',0,'mod_archive',0,0,1,'',1,0),(12,'Sections','',10,'left',0,'0000-00-00 00:00:00',0,'mod_sections',0,0,1,'',1,0),(13,'Newsflash','',1,'top',0,'0000-00-00 00:00:00',0,'mod_newsflash',0,0,1,'catid=3\r\nstyle=random\r\nitems=\r\nmoduleclass_sfx=',0,0),(14,'Related Items','',11,'left',0,'0000-00-00 00:00:00',0,'mod_related_items',0,0,1,'',0,0),(15,'Search','',1,'user4',0,'0000-00-00 00:00:00',1,'mod_search',0,0,0,'',0,0),(16,'Random Image','',9,'right',0,'0000-00-00 00:00:00',1,'mod_random_image',0,0,1,'',0,0),(17,'Top Menu','',1,'user3',0,'0000-00-00 00:00:00',1,'mod_mainmenu',0,0,0,'menutype=topmenu\nmenu_style=list_flat\nmenu_images=n\nmenu_images_align=left\nexpand_menu=n\nclass_sfx=-nav\nmoduleclass_sfx=\nindent_image1=0\nindent_image2=0\nindent_image3=0\nindent_image4=0\nindent_image5=0\nindent_image6=0',1,0),(18,'Banners','',1,'banner',0,'0000-00-00 00:00:00',0,'mod_banners',0,0,0,'banner_cids=\nmoduleclass_sfx=\n',1,0),(19,'Components','',2,'cpanel',0,'0000-00-00 00:00:00',1,'mod_components',0,99,1,'',1,1),(20,'Popular','',3,'cpanel',0,'0000-00-00 00:00:00',1,'mod_popular',0,99,1,'',0,1),(21,'Latest Items','',4,'cpanel',0,'0000-00-00 00:00:00',1,'mod_latest',0,99,1,'',0,1),(22,'Menu Stats','',5,'cpanel',0,'0000-00-00 00:00:00',1,'mod_stats',0,99,1,'',0,1),(23,'Unread Messages','',1,'header',0,'0000-00-00 00:00:00',1,'mod_unread',0,99,1,'',1,1),(24,'Online Users','',2,'header',0,'0000-00-00 00:00:00',1,'mod_online',0,99,1,'',1,1),(25,'Full Menu','',1,'top',0,'0000-00-00 00:00:00',1,'mod_fullmenu',0,99,1,'',1,1),(26,'Pathway','',1,'pathway',0,'0000-00-00 00:00:00',1,'mod_pathway',0,99,1,'',1,1),(27,'Toolbar','',1,'toolbar',0,'0000-00-00 00:00:00',1,'mod_toolbar',0,99,1,'',1,1),(28,'System Message','',1,'inset',0,'0000-00-00 00:00:00',1,'mod_mosmsg',0,99,1,'',1,1),(29,'Quick Icons','',1,'icon',0,'0000-00-00 00:00:00',1,'mod_quickicon',0,99,1,'',1,1),(30,'Other Menu','',3,'left',0,'0000-00-00 00:00:00',0,'mod_mainmenu',0,0,0,'menutype=othermenu\nmenu_style=vert_indent\ncache=0\nmenu_images=0\nmenu_images_align=0\nexpand_menu=0\nclass_sfx=\nmoduleclass_sfx=\nindent_image=0\nindent_image1=\nindent_image2=\nindent_image3=\nindent_image4=\nindent_image5=\nindent_image6=',0,0),(31,'Wrapper','',12,'left',0,'0000-00-00 00:00:00',0,'mod_wrapper',0,0,1,'',0,0),(32,'Logged','',0,'cpanel',0,'0000-00-00 00:00:00',1,'mod_logged',0,99,1,'',0,1),(33,'Our Catalog','',2,'left',0,'0000-00-00 00:00:00',1,'mod_virtuemart',0,0,1,'cache=0\nclass_sfx=\nmoduleclass_sfx=\npretext=\nshow_login_form=no\nshow_categories=yes\nshow_listall=yes\nshow_minicart=yes\nshow_productsearch=yes\nshow_product_parameter_search=no\nmenutype=links\njscook_type=menu\njscookMenu_style=ThemeOffice\nmenu_orientation=hbr\njscookTree_style=ThemeXP\nroot_label=Shop',0,0);
/*!40000 ALTER TABLE `jos_modules` ENABLE KEYS */;
UNLOCK TABLES;

--
-- Table structure for table `jos_modules_menu`
--

DROP TABLE IF EXISTS `jos_modules_menu`;
/*!40101 SET @saved_cs_client     = @@character_set_client */;
/*!40101 SET character_set_client = utf8 */;
CREATE TABLE `jos_modules_menu` (
  `moduleid` int(11) NOT NULL DEFAULT '0',
  `menuid` int(11) NOT NULL DEFAULT '0',
  PRIMARY KEY (`moduleid`,`menuid`)
) ENGINE=MyISAM DEFAULT CHARSET=latin1;
/*!40101 SET character_set_client = @saved_cs_client */;

--
-- Dumping data for table `jos_modules_menu`
--

LOCK TABLES `jos_modules_menu` WRITE;
/*!40000 ALTER TABLE `jos_modules_menu` DISABLE KEYS */;
INSERT INTO `jos_modules_menu` VALUES (1,1),(2,0),(3,0),(4,1),(5,1),(6,1),(6,2),(6,4),(6,27),(6,36),(8,1),(9,1),(9,2),(9,4),(9,27),(9,36),(10,1),(13,0),(15,0),(17,0),(18,0),(30,0),(33,0);
/*!40000 ALTER TABLE `jos_modules_menu` ENABLE KEYS */;
UNLOCK TABLES;

--
-- Table structure for table `jos_newsfeeds`
--

DROP TABLE IF EXISTS `jos_newsfeeds`;
/*!40101 SET @saved_cs_client     = @@character_set_client */;
/*!40101 SET character_set_client = utf8 */;
CREATE TABLE `jos_newsfeeds` (
  `catid` int(11) NOT NULL DEFAULT '0',
  `id` int(11) NOT NULL AUTO_INCREMENT,
  `name` text NOT NULL,
  `link` text NOT NULL,
  `filename` varchar(200) DEFAULT NULL,
  `published` tinyint(1) NOT NULL DEFAULT '0',
  `numarticles` int(11) unsigned NOT NULL DEFAULT '1',
  `cache_time` int(11) unsigned NOT NULL DEFAULT '3600',
  `checked_out` tinyint(3) unsigned NOT NULL DEFAULT '0',
  `checked_out_time` datetime NOT NULL DEFAULT '0000-00-00 00:00:00',
  `ordering` int(11) NOT NULL DEFAULT '0',
  PRIMARY KEY (`id`),
  KEY `published` (`published`)
) ENGINE=MyISAM AUTO_INCREMENT=11 DEFAULT CHARSET=latin1;
/*!40101 SET character_set_client = @saved_cs_client */;

--
-- Dumping data for table `jos_newsfeeds`
--

LOCK TABLES `jos_newsfeeds` WRITE;
/*!40000 ALTER TABLE `jos_newsfeeds` DISABLE KEYS */;
INSERT INTO `jos_newsfeeds` VALUES (4,1,'Joomla! - Official News','http://www.joomla.org/index.php?option=com_rss_xtd&feed=RSS2.0&type=com_frontpage&Itemid=1','',1,5,3600,0,'0000-00-00 00:00:00',8),(4,2,'Joomla! - Community News','http://www.joomla.org/index.php?option=com_rss_xtd&feed=RSS2.0&type=com_content&task=blogcategory&id=0&Itemid=33','',1,5,3600,0,'0000-00-00 00:00:00',9),(10,4,'Linux Today','http://linuxtoday.com/backend/my-netscape.rdf','',1,3,3600,0,'0000-00-00 00:00:00',1),(5,5,'Business News','http://headlines.internet.com/internetnews/bus-news/news.rss','',1,3,3600,0,'0000-00-00 00:00:00',2),(11,6,'Web Developer News','http://headlines.internet.com/internetnews/wd-news/news.rss','',1,3,3600,0,'0000-00-00 00:00:00',3),(10,7,'Linux Central:New Products','http://linuxcentral.com/backend/lcnew.rdf','',1,3,3600,0,'0000-00-00 00:00:00',4),(10,8,'Linux Central:Best Selling','http://linuxcentral.com/backend/lcbestns.rdf','',1,3,3600,0,'0000-00-00 00:00:00',5),(10,9,'Linux Central:Daily Specials','http://linuxcentral.com/backend/lcspecialns.rdf','',1,3,3600,0,'0000-00-00 00:00:00',6),(9,10,'Internet:Finance News','http://headlines.internet.com/internetnews/fina-news/news.rss','',1,3,3600,0,'0000-00-00 00:00:00',7);
/*!40000 ALTER TABLE `jos_newsfeeds` ENABLE KEYS */;
UNLOCK TABLES;

--
-- Table structure for table `jos_poll_data`
--

DROP TABLE IF EXISTS `jos_poll_data`;
/*!40101 SET @saved_cs_client     = @@character_set_client */;
/*!40101 SET character_set_client = utf8 */;
CREATE TABLE `jos_poll_data` (
  `id` int(11) NOT NULL AUTO_INCREMENT,
  `pollid` int(4) NOT NULL DEFAULT '0',
  `text` text NOT NULL,
  `hits` int(11) NOT NULL DEFAULT '0',
  PRIMARY KEY (`id`),
  KEY `pollid` (`pollid`,`text`(1))
) ENGINE=MyISAM AUTO_INCREMENT=13 DEFAULT CHARSET=latin1;
/*!40101 SET character_set_client = @saved_cs_client */;

--
-- Dumping data for table `jos_poll_data`
--

LOCK TABLES `jos_poll_data` WRITE;
/*!40000 ALTER TABLE `jos_poll_data` DISABLE KEYS */;
INSERT INTO `jos_poll_data` VALUES (1,14,'Absolutely simple',1),(2,14,'Reasonably easy',0),(3,14,'Not straight-forward but I worked it out',0),(4,14,'I had to install extra server stuff',0),(5,14,'I had no idea and got my friend to do it',0),(6,14,'My dog ran away with the README ...',0),(7,14,'',0),(8,14,'',0),(9,14,'',0),(10,14,'',0),(11,14,'',0),(12,14,'',0);
/*!40000 ALTER TABLE `jos_poll_data` ENABLE KEYS */;
UNLOCK TABLES;

--
-- Table structure for table `jos_poll_date`
--

DROP TABLE IF EXISTS `jos_poll_date`;
/*!40101 SET @saved_cs_client     = @@character_set_client */;
/*!40101 SET character_set_client = utf8 */;
CREATE TABLE `jos_poll_date` (
  `id` bigint(20) NOT NULL AUTO_INCREMENT,
  `date` datetime NOT NULL DEFAULT '0000-00-00 00:00:00',
  `vote_id` int(11) NOT NULL DEFAULT '0',
  `poll_id` int(11) NOT NULL DEFAULT '0',
  PRIMARY KEY (`id`),
  KEY `poll_id` (`poll_id`)
) ENGINE=MyISAM DEFAULT CHARSET=latin1;
/*!40101 SET character_set_client = @saved_cs_client */;

--
-- Dumping data for table `jos_poll_date`
--

LOCK TABLES `jos_poll_date` WRITE;
/*!40000 ALTER TABLE `jos_poll_date` DISABLE KEYS */;
/*!40000 ALTER TABLE `jos_poll_date` ENABLE KEYS */;
UNLOCK TABLES;

--
-- Table structure for table `jos_poll_menu`
--

DROP TABLE IF EXISTS `jos_poll_menu`;
/*!40101 SET @saved_cs_client     = @@character_set_client */;
/*!40101 SET character_set_client = utf8 */;
CREATE TABLE `jos_poll_menu` (
  `pollid` int(11) NOT NULL DEFAULT '0',
  `menuid` int(11) NOT NULL DEFAULT '0',
  PRIMARY KEY (`pollid`,`menuid`)
) ENGINE=MyISAM DEFAULT CHARSET=latin1;
/*!40101 SET character_set_client = @saved_cs_client */;

--
-- Dumping data for table `jos_poll_menu`
--

LOCK TABLES `jos_poll_menu` WRITE;
/*!40000 ALTER TABLE `jos_poll_menu` DISABLE KEYS */;
INSERT INTO `jos_poll_menu` VALUES (14,1);
/*!40000 ALTER TABLE `jos_poll_menu` ENABLE KEYS */;
UNLOCK TABLES;

--
-- Table structure for table `jos_polls`
--

DROP TABLE IF EXISTS `jos_polls`;
/*!40101 SET @saved_cs_client     = @@character_set_client */;
/*!40101 SET character_set_client = utf8 */;
CREATE TABLE `jos_polls` (
  `id` int(11) unsigned NOT NULL AUTO_INCREMENT,
  `title` varchar(100) NOT NULL DEFAULT '',
  `voters` int(9) NOT NULL DEFAULT '0',
  `checked_out` int(11) NOT NULL DEFAULT '0',
  `checked_out_time` datetime NOT NULL DEFAULT '0000-00-00 00:00:00',
  `published` tinyint(1) NOT NULL DEFAULT '0',
  `access` int(11) NOT NULL DEFAULT '0',
  `lag` int(11) NOT NULL DEFAULT '0',
  PRIMARY KEY (`id`)
) ENGINE=MyISAM AUTO_INCREMENT=15 DEFAULT CHARSET=latin1;
/*!40101 SET character_set_client = @saved_cs_client */;

--
-- Dumping data for table `jos_polls`
--

LOCK TABLES `jos_polls` WRITE;
/*!40000 ALTER TABLE `jos_polls` DISABLE KEYS */;
INSERT INTO `jos_polls` VALUES (14,'This Joomla! installation was ....',1,0,'0000-00-00 00:00:00',1,0,86400);
/*!40000 ALTER TABLE `jos_polls` ENABLE KEYS */;
UNLOCK TABLES;

--
-- Table structure for table `jos_sections`
--

DROP TABLE IF EXISTS `jos_sections`;
/*!40101 SET @saved_cs_client     = @@character_set_client */;
/*!40101 SET character_set_client = utf8 */;
CREATE TABLE `jos_sections` (
  `id` int(11) NOT NULL AUTO_INCREMENT,
  `title` varchar(50) NOT NULL DEFAULT '',
  `name` varchar(255) NOT NULL DEFAULT '',
  `image` varchar(100) NOT NULL DEFAULT '',
  `scope` varchar(50) NOT NULL DEFAULT '',
  `image_position` varchar(10) NOT NULL DEFAULT '',
  `description` text NOT NULL,
  `published` tinyint(1) NOT NULL DEFAULT '0',
  `checked_out` int(11) unsigned NOT NULL DEFAULT '0',
  `checked_out_time` datetime NOT NULL DEFAULT '0000-00-00 00:00:00',
  `ordering` int(11) NOT NULL DEFAULT '0',
  `access` tinyint(3) unsigned NOT NULL DEFAULT '0',
  `count` int(11) NOT NULL DEFAULT '0',
  `params` text NOT NULL,
  PRIMARY KEY (`id`),
  KEY `idx_scope` (`scope`)
) ENGINE=MyISAM AUTO_INCREMENT=4 DEFAULT CHARSET=latin1;
/*!40101 SET character_set_client = @saved_cs_client */;

--
-- Dumping data for table `jos_sections`
--

LOCK TABLES `jos_sections` WRITE;
/*!40000 ALTER TABLE `jos_sections` DISABLE KEYS */;
INSERT INTO `jos_sections` VALUES (1,'News','The News','articles.jpg','content','right','Select a news topic from the list below, then select a news article to read.',1,0,'0000-00-00 00:00:00',1,0,1,''),(2,'Newsflashes','Newsflashes','','content','left','',1,0,'0000-00-00 00:00:00',2,0,1,''),(3,'FAQs','Frequently Asked Questions','pastarchives.jpg','content','left','From the list below choose one of our FAQs topics, then select an FAQ to read. If you have a question which is not in this section, please contact us.',1,0,'0000-00-00 00:00:00',2,0,1,'');
/*!40000 ALTER TABLE `jos_sections` ENABLE KEYS */;
UNLOCK TABLES;

--
-- Table structure for table `jos_session`
--

DROP TABLE IF EXISTS `jos_session`;
/*!40101 SET @saved_cs_client     = @@character_set_client */;
/*!40101 SET character_set_client = utf8 */;
CREATE TABLE `jos_session` (
  `username` varchar(50) DEFAULT '',
  `time` varchar(14) DEFAULT '',
  `session_id` varchar(200) NOT NULL DEFAULT '0',
  `guest` tinyint(4) DEFAULT '1',
  `userid` int(11) DEFAULT '0',
  `usertype` varchar(50) DEFAULT '',
  `gid` tinyint(3) unsigned NOT NULL DEFAULT '0',
  PRIMARY KEY (`session_id`),
  KEY `whosonline` (`guest`,`usertype`)
) ENGINE=MyISAM DEFAULT CHARSET=latin1;
/*!40101 SET character_set_client = @saved_cs_client */;

--
-- Dumping data for table `jos_session`
--

LOCK TABLES `jos_session` WRITE;
/*!40000 ALTER TABLE `jos_session` DISABLE KEYS */;
INSERT INTO `jos_session` VALUES ('admin','1299428331','a50df2ba3909c361593b65ff04ae206a',1,62,'Super Administrator',0);
/*!40000 ALTER TABLE `jos_session` ENABLE KEYS */;
UNLOCK TABLES;

--
-- Table structure for table `jos_stats_agents`
--

DROP TABLE IF EXISTS `jos_stats_agents`;
/*!40101 SET @saved_cs_client     = @@character_set_client */;
/*!40101 SET character_set_client = utf8 */;
CREATE TABLE `jos_stats_agents` (
  `agent` varchar(255) NOT NULL DEFAULT '',
  `type` tinyint(1) unsigned NOT NULL DEFAULT '0',
  `hits` int(11) unsigned NOT NULL DEFAULT '1'
) ENGINE=MyISAM DEFAULT CHARSET=latin1;
/*!40101 SET character_set_client = @saved_cs_client */;

--
-- Dumping data for table `jos_stats_agents`
--

LOCK TABLES `jos_stats_agents` WRITE;
/*!40000 ALTER TABLE `jos_stats_agents` DISABLE KEYS */;
INSERT INTO `jos_stats_agents` VALUES ('Unknown',0,15),('Unknown',1,1571),('',2,1),('Mozilla Firefox 3.6.10',0,4),('Linux',1,11),('Unknown',2,23),('Mozilla 5.0',0,1555),('Safari 534.3',0,1),('com',2,1553),('Windows XP',1,8),('Mozilla Firefox 3.6.12',0,3),('au',2,2),('MS Internet Explorer 8.0',0,2),('net',2,6),('Mozilla Firefox 3.6.13',0,3),('Mozilla Firefox 3.5.7',0,1),('uk',2,1),('pk',2,2),('ro',2,1),('Mozilla Firefox 3.0.7',0,4),('Mozilla Firefox 3.6.15',0,1),('Mozilla Firefox 23.0',0,1),('ca',2,1);
/*!40000 ALTER TABLE `jos_stats_agents` ENABLE KEYS */;
UNLOCK TABLES;

--
-- Table structure for table `jos_template_positions`
--

DROP TABLE IF EXISTS `jos_template_positions`;
/*!40101 SET @saved_cs_client     = @@character_set_client */;
/*!40101 SET character_set_client = utf8 */;
CREATE TABLE `jos_template_positions` (
  `id` int(11) NOT NULL AUTO_INCREMENT,
  `position` varchar(10) NOT NULL DEFAULT '',
  `description` varchar(255) NOT NULL DEFAULT '',
  PRIMARY KEY (`id`)
) ENGINE=MyISAM AUTO_INCREMENT=28 DEFAULT CHARSET=latin1;
/*!40101 SET character_set_client = @saved_cs_client */;

--
-- Dumping data for table `jos_template_positions`
--

LOCK TABLES `jos_template_positions` WRITE;
/*!40000 ALTER TABLE `jos_template_positions` DISABLE KEYS */;
INSERT INTO `jos_template_positions` VALUES (1,'left',''),(2,'right',''),(3,'top',''),(4,'bottom',''),(5,'inset',''),(6,'banner',''),(7,'header',''),(8,'footer',''),(9,'newsflash',''),(10,'legals',''),(11,'pathway',''),(12,'toolbar',''),(13,'cpanel',''),(14,'user1',''),(15,'user2',''),(16,'user3',''),(17,'user4',''),(18,'user5',''),(19,'user6',''),(20,'user7',''),(21,'user8',''),(22,'user9',''),(23,'advert1',''),(24,'advert2',''),(25,'advert3',''),(26,'icon',''),(27,'debug','');
/*!40000 ALTER TABLE `jos_template_positions` ENABLE KEYS */;
UNLOCK TABLES;

--
-- Table structure for table `jos_templates_menu`
--

DROP TABLE IF EXISTS `jos_templates_menu`;
/*!40101 SET @saved_cs_client     = @@character_set_client */;
/*!40101 SET character_set_client = utf8 */;
CREATE TABLE `jos_templates_menu` (
  `template` varchar(50) NOT NULL DEFAULT '',
  `menuid` int(11) NOT NULL DEFAULT '0',
  `client_id` tinyint(4) NOT NULL DEFAULT '0',
  PRIMARY KEY (`template`,`menuid`)
) ENGINE=MyISAM DEFAULT CHARSET=latin1;
/*!40101 SET character_set_client = @saved_cs_client */;

--
-- Dumping data for table `jos_templates_menu`
--

LOCK TABLES `jos_templates_menu` WRITE;
/*!40000 ALTER TABLE `jos_templates_menu` DISABLE KEYS */;
INSERT INTO `jos_templates_menu` VALUES ('247portal-b-blue',0,0),('joomla_admin',0,1);
/*!40000 ALTER TABLE `jos_templates_menu` ENABLE KEYS */;
UNLOCK TABLES;

--
-- Table structure for table `jos_users`
--

DROP TABLE IF EXISTS `jos_users`;
/*!40101 SET @saved_cs_client     = @@character_set_client */;
/*!40101 SET character_set_client = utf8 */;
CREATE TABLE `jos_users` (
  `id` int(11) NOT NULL AUTO_INCREMENT,
  `name` varchar(50) NOT NULL DEFAULT '',
  `username` varchar(25) NOT NULL DEFAULT '',
  `email` varchar(100) NOT NULL DEFAULT '',
  `password` varchar(100) NOT NULL DEFAULT '',
  `usertype` varchar(25) NOT NULL DEFAULT '',
  `block` tinyint(4) NOT NULL DEFAULT '0',
  `sendEmail` tinyint(4) DEFAULT '0',
  `gid` tinyint(3) unsigned NOT NULL DEFAULT '1',
  `registerDate` datetime NOT NULL DEFAULT '0000-00-00 00:00:00',
  `lastvisitDate` datetime NOT NULL DEFAULT '0000-00-00 00:00:00',
  `activation` varchar(100) NOT NULL DEFAULT '',
  `params` text NOT NULL,
  PRIMARY KEY (`id`),
  KEY `usertype` (`usertype`),
  KEY `idx_name` (`name`)
) ENGINE=MyISAM AUTO_INCREMENT=94 DEFAULT CHARSET=latin1;
/*!40101 SET character_set_client = @saved_cs_client */;

--
-- Dumping data for table `jos_users`
--

LOCK TABLES `jos_users` WRITE;
/*!40000 ALTER TABLE `jos_users` DISABLE KEYS */;
INSERT INTO `jos_users` VALUES (62,'demosite','admin','demo@mwds.ca','2f642318bd8bb41e572ef093976ede7a','Super Administrator',0,1,25,'2007-03-20 13:12:55','2010-09-29 21:36:19','','expired=\nexpired_time='),(63,'superadmin','superadmin','super@mwds.ca','30851bcc4a5dba6c82bec2da4a5fb8129381c45f','Super Administrator',0,0,25,'2007-03-20 13:36:13','2007-03-22 12:03:41','','editor=tinymce\nexpired=\nexpired_time='),(64,'demo','demo','info@mahsie.com','fe01ce2a7fbac8fafaed7c982a04e229','Administrator',0,0,24,'2007-03-20 13:37:23','2007-03-21 17:38:31','','editor='),(84,'Gareth Spanglett','gareth@mahsie.com','gareth@mahsie.com','a40e9097b80e805e8baa180700bb381d','Registered',0,0,18,'2007-05-08 12:22:37','2007-05-15 10:12:39','',''),(83,'Gareth Spanglett','gareth@agora_group.com','gareth@agora-group.com','836eb198e5c22f27629e3c777f920f56','Registered',0,0,18,'2007-04-23 13:50:09','2007-05-15 11:39:21','',''),(85,'Klaus Vachon','mikepowers40@yahoo.ca','mikepowers40@yahoo.ca','fcbbc8a0835dbbb50734c2fabf70c793','Registered',0,0,18,'2007-05-15 10:16:06','2007-05-24 10:09:56','',''),(86,'Jeffrey Moncrieff','jeffrey.moncrieff@mahsie.','jeffrey.moncrieff@mahsie.com','9665ef7d9826749565ebe42a10645b1d','Registered',0,0,18,'2007-06-18 12:30:32','2007-06-18 12:30:34','',''),(87,'Gareth Spanglett','prsidoro@mavericsolutions','prsidoro@mavericsolutions.ca','b74fad8f3d103852a23764edf9b1290c','Registered',0,0,18,'2007-06-18 20:08:39','2007-07-04 07:43:23','',''),(88,'Vic Vaid','vic@vaid.com','vic@vaid.com','9bbcdca3dcbc442c3e353cbdb48b324d','Registered',0,0,18,'2007-06-25 18:17:02','2007-07-03 16:11:14','',''),(89,'Jeffrey Moncrieff','jmoncrieff@mahsie.com','jmoncrieff@mahsie.com','187ab6abcf30ce9b2573f14f248896d3','Registered',0,0,18,'2007-08-13 02:24:30','2007-08-18 00:53:50','',''),(90,'Jeff Moncrieff','effrey.moncrieff@yahoo.c','effrey.moncrieff@yahoo.ca','10926d4863b25d5ef0044572b9e0c4d1','Registered',0,0,18,'2010-09-29 23:02:20','2010-10-05 16:31:43','',''),(91,'Jeffrey Moncrieff','jeff@mwds.ca','jeff@mwds.ca','a7bd70c5ed8941c1edefdbd3fb981115','Registered',0,0,18,'2010-12-12 04:11:54','2010-12-13 10:01:37','',''),(92,'Jeff Moncrieff','jeffrey.moncrieff@mwds.ca','jeffrey.moncrieff@mwds.ca','00b91fcdc37993d9b2f1969ece2b152d','Registered',0,0,18,'2010-12-12 05:08:02','2010-12-12 05:08:02','',''),(93,'Paul Testion','jeffrey.moncrieff@yahoo.c','jeffrey.moncrieff@yahoo.ca','a87fdd58be738bc5cbf152d4d59476e9','Registered',0,0,18,'2010-12-13 10:05:22','2010-12-13 10:05:22','','');
/*!40000 ALTER TABLE `jos_users` ENABLE KEYS */;
UNLOCK TABLES;

--
-- Table structure for table `jos_usertypes`
--

DROP TABLE IF EXISTS `jos_usertypes`;
/*!40101 SET @saved_cs_client     = @@character_set_client */;
/*!40101 SET character_set_client = utf8 */;
CREATE TABLE `jos_usertypes` (
  `id` tinyint(3) unsigned NOT NULL DEFAULT '0',
  `name` varchar(50) NOT NULL DEFAULT '',
  `mask` varchar(11) NOT NULL DEFAULT '',
  PRIMARY KEY (`id`)
) ENGINE=MyISAM DEFAULT CHARSET=latin1;
/*!40101 SET character_set_client = @saved_cs_client */;

--
-- Dumping data for table `jos_usertypes`
--

LOCK TABLES `jos_usertypes` WRITE;
/*!40000 ALTER TABLE `jos_usertypes` DISABLE KEYS */;
INSERT INTO `jos_usertypes` VALUES (0,'superadministrator',''),(1,'administrator',''),(2,'editor',''),(3,'user',''),(4,'author',''),(5,'publisher',''),(6,'manager','');
/*!40000 ALTER TABLE `jos_usertypes` ENABLE KEYS */;
UNLOCK TABLES;

--
-- Table structure for table `jos_vm_affiliate`
--

DROP TABLE IF EXISTS `jos_vm_affiliate`;
/*!40101 SET @saved_cs_client     = @@character_set_client */;
/*!40101 SET character_set_client = utf8 */;
CREATE TABLE `jos_vm_affiliate` (
  `affiliate_id` int(11) NOT NULL AUTO_INCREMENT,
  `user_id` int(11) NOT NULL DEFAULT '0',
  `active` char(1) NOT NULL DEFAULT 'N',
  `rate` int(11) NOT NULL DEFAULT '0',
  PRIMARY KEY (`affiliate_id`)
) ENGINE=MyISAM DEFAULT CHARSET=latin1 COMMENT='Used to store affiliate user entries';
/*!40101 SET character_set_client = @saved_cs_client */;

--
-- Dumping data for table `jos_vm_affiliate`
--

LOCK TABLES `jos_vm_affiliate` WRITE;
/*!40000 ALTER TABLE `jos_vm_affiliate` DISABLE KEYS */;
/*!40000 ALTER TABLE `jos_vm_affiliate` ENABLE KEYS */;
UNLOCK TABLES;

--
-- Table structure for table `jos_vm_affiliate_sale`
--

DROP TABLE IF EXISTS `jos_vm_affiliate_sale`;
/*!40101 SET @saved_cs_client     = @@character_set_client */;
/*!40101 SET character_set_client = utf8 */;
CREATE TABLE `jos_vm_affiliate_sale` (
  `order_id` int(11) NOT NULL DEFAULT '0',
  `visit_id` varchar(32) NOT NULL DEFAULT '',
  `affiliate_id` int(11) NOT NULL DEFAULT '0',
  `rate` int(2) NOT NULL DEFAULT '0',
  PRIMARY KEY (`order_id`)
) ENGINE=MyISAM DEFAULT CHARSET=latin1 COMMENT='Stores orders that affiliates have placed';
/*!40101 SET character_set_client = @saved_cs_client */;

--
-- Dumping data for table `jos_vm_affiliate_sale`
--

LOCK TABLES `jos_vm_affiliate_sale` WRITE;
/*!40000 ALTER TABLE `jos_vm_affiliate_sale` DISABLE KEYS */;
/*!40000 ALTER TABLE `jos_vm_affiliate_sale` ENABLE KEYS */;
UNLOCK TABLES;

--
-- Table structure for table `jos_vm_auth_user_vendor`
--

DROP TABLE IF EXISTS `jos_vm_auth_user_vendor`;
/*!40101 SET @saved_cs_client     = @@character_set_client */;
/*!40101 SET character_set_client = utf8 */;
CREATE TABLE `jos_vm_auth_user_vendor` (
  `user_id` int(11) DEFAULT NULL,
  `vendor_id` int(11) DEFAULT NULL,
  KEY `idx_auth_user_vendor_user_id` (`user_id`),
  KEY `idx_auth_user_vendor_vendor_id` (`vendor_id`)
) ENGINE=MyISAM DEFAULT CHARSET=latin1 COMMENT='Maps a user to a vendor';
/*!40101 SET character_set_client = @saved_cs_client */;

--
-- Dumping data for table `jos_vm_auth_user_vendor`
--

LOCK TABLES `jos_vm_auth_user_vendor` WRITE;
/*!40000 ALTER TABLE `jos_vm_auth_user_vendor` DISABLE KEYS */;
INSERT INTO `jos_vm_auth_user_vendor` VALUES (62,1),(65,1),(66,1),(67,1),(68,1),(69,1),(70,1),(71,1),(72,1),(73,1),(74,1),(75,1),(77,1),(79,1),(80,1),(81,1),(82,1),(78,1),(83,1),(84,1),(85,1),(86,1),(87,1),(88,1),(89,1),(90,1),(91,1),(92,1),(93,1);
/*!40000 ALTER TABLE `jos_vm_auth_user_vendor` ENABLE KEYS */;
UNLOCK TABLES;

--
-- Table structure for table `jos_vm_category`
--

DROP TABLE IF EXISTS `jos_vm_category`;
/*!40101 SET @saved_cs_client     = @@character_set_client */;
/*!40101 SET character_set_client = utf8 */;
CREATE TABLE `jos_vm_category` (
  `category_id` int(11) NOT NULL AUTO_INCREMENT,
  `vendor_id` int(11) NOT NULL DEFAULT '0',
  `category_name` varchar(128) NOT NULL DEFAULT '',
  `category_description` text,
  `category_thumb_image` varchar(255) DEFAULT NULL,
  `category_full_image` varchar(255) DEFAULT NULL,
  `category_publish` char(1) DEFAULT NULL,
  `cdate` int(11) DEFAULT NULL,
  `mdate` int(11) DEFAULT NULL,
  `category_browsepage` varchar(255) NOT NULL DEFAULT 'browse_1',
  `products_per_row` tinyint(2) NOT NULL DEFAULT '1',
  `category_flypage` varchar(255) DEFAULT NULL,
  `list_order` int(11) DEFAULT NULL,
  `ptcode` varchar(20) NOT NULL DEFAULT '',
  PRIMARY KEY (`category_id`),
  KEY `idx_category_vendor_id` (`vendor_id`),
  KEY `idx_category_name` (`category_name`)
) ENGINE=MyISAM AUTO_INCREMENT=32 DEFAULT CHARSET=latin1 COMMENT='Product Categories are stored here';
/*!40101 SET character_set_client = @saved_cs_client */;

--
-- Dumping data for table `jos_vm_category`
--

LOCK TABLES `jos_vm_category` WRITE;
/*!40000 ALTER TABLE `jos_vm_category` DISABLE KEYS */;
INSERT INTO `jos_vm_category` VALUES (1,1,'Our Products','Products available for sale from our organization.','df09aef5743778ed9c5a8943a52dd55f.jpg','25cdbc5a2e7ba0725c99098f53a95d96.jpg','Y',950319905,1178641858,'browse_3',3,'',1,''),(2,1,'Power Tools','Power Tools','fc8802c7eaa1149bde98a541742217de.jpg','fe2f63f4c46023e3b33404c80bdd2bfe.jpg','N',950319916,960304104,'browse_4',4,'',2,''),(3,1,'Our Services','Services available for purchase online.','69f3431a3a75b8dc8b3cb258ecf8669b.jpg','e162f8072785a1037851c778b0579824.jpg','Y',950321122,1178641802,'browse_2',2,'shop.garden_flypage',3,''),(4,1,'Outdoor Tools','Outdoor Tools',NULL,NULL,'N',955626629,958889528,'browse_1',1,NULL,4,''),(5,1,'Indoor Tools','Indoor Tools',NULL,NULL,'N',958892894,958892894,'browse_1',1,NULL,5,''),(6,1,'Products','Products for sale from our organization','','','N',1178635942,1178635942,'browse_1',1,'shop.flypage',4,''),(7,1,'Services','List of our services','','','N',1178636017,1178636017,'browse_1',1,'shop.flypage',5,''),(8,1,'su,','test',NULL,NULL,'1',1187386742,1187386742,'brower_1',4,NULL,0,'1'),(9,1,'Durms','Drums',NULL,NULL,'Y',1187393534,1187393534,'browse_1',4,'',3,'DUMS'),(10,1,'tfgm','mrmj',NULL,NULL,'1',1187395496,1187395496,'browse_1',4,NULL,0,'GMEM'),(11,1,'dcm','mdkm,',NULL,NULL,'1',1187401167,1187401167,'brower_1',4,NULL,7,'PET'),(12,1,'dcm','FBN',NULL,NULL,'1',1187401369,1187401369,'brower_1',4,NULL,7,'VJ10'),(13,1,'md','test',NULL,NULL,'1',1187401524,1187401524,'brower_1',4,NULL,7,'CK39'),(14,1,'Phones PBX Systems','VOIP',NULL,NULL,'1',1187401882,1187401882,'brower_1',4,NULL,3,'PHO_'),(15,1,'pbx11','rffjk',NULL,NULL,'1',1187402039,1187402039,'brower_1',4,NULL,78,'PBX1'),(16,1,'Voip','Voip',NULL,NULL,'1',1187402188,1187402188,'brower_1',4,NULL,4,'VOIP'),(17,1,' IQREN','KJ FPOINO',NULL,NULL,'1',1187402558,1187402558,'brower_1',4,NULL,7,'BFBI'),(18,1,'TEE','TEE',NULL,NULL,'1',1187402745,1187402745,'brower_1',4,NULL,1,'TRE'),(19,1,'pet','dn',NULL,NULL,'1',1187403312,1187403312,'brower_1',4,NULL,4,'PET1'),(20,1,'TESRT9','TEST',NULL,NULL,'1',1187403432,1187403432,'brower_1',4,NULL,5,'TEST'),(21,1,'rk','ke',NULL,NULL,'1',1187403454,1187403454,'brower_1',4,NULL,8,'TES'),(22,1,'te','ey',NULL,NULL,'N',1187403531,1187403531,'brower_1',4,NULL,8,'TES8'),(23,1,'Cars','Cars','','','Y',1187408269,1187584877,'brower_1',2,'',6,'CAR'),(24,1,'133','TEST',NULL,NULL,'1',1187581075,1187581075,'brower_1',0,NULL,4,'PT10'),(25,1,'Car Parts','Car Parts',NULL,NULL,'1',1187583050,1187583050,'brower_1',14,NULL,7,'CARP'),(26,1,'Car Parts','Car Parts',NULL,NULL,'1',1187583194,1187583194,'brower_1',34,NULL,4,'CARP'),(27,1,'test','Car Parts',NULL,NULL,'1',1187584580,1187584797,'brower_1',14,NULL,4,'CARPA'),(28,1,'test','Car Parts',NULL,NULL,'1',1187584771,1187584797,'brower_1',14,NULL,4,'CARPA'),(29,1,'test','Car Parts',NULL,NULL,'1',1187584797,1187584797,'brower_1',14,NULL,4,'CARPA'),(30,1,'Car Parts','Car Parts',NULL,NULL,'Y',1187584981,1187584981,'brower_1',14,NULL,1,'CARPRT'),(31,1,'power inverter','power inverters<br /> ','http://demo.mwds/redriven/cat-picts/POWER-thumb.jpg','http://demo.mwds/redriven/cat-picts/POWER.jpg','Y',1285809736,1285809736,'brower_1',1,NULL,0,'POWER');
/*!40000 ALTER TABLE `jos_vm_category` ENABLE KEYS */;
UNLOCK TABLES;

--
-- Table structure for table `jos_vm_category_xref`
--

DROP TABLE IF EXISTS `jos_vm_category_xref`;
/*!40101 SET @saved_cs_client     = @@character_set_client */;
/*!40101 SET character_set_client = utf8 */;
CREATE TABLE `jos_vm_category_xref` (
  `category_parent_id` int(11) NOT NULL DEFAULT '0',
  `category_child_id` int(11) NOT NULL DEFAULT '0',
  `category_list` int(11) DEFAULT NULL,
  KEY `category_xref_category_parent_id` (`category_parent_id`),
  KEY `category_xref_category_child_id` (`category_child_id`),
  KEY `idx_category_xref_category_list` (`category_list`)
) ENGINE=MyISAM DEFAULT CHARSET=latin1 COMMENT='Category child-parent relation list';
/*!40101 SET character_set_client = @saved_cs_client */;

--
-- Dumping data for table `jos_vm_category_xref`
--

LOCK TABLES `jos_vm_category_xref` WRITE;
/*!40000 ALTER TABLE `jos_vm_category_xref` DISABLE KEYS */;
INSERT INTO `jos_vm_category_xref` VALUES (0,1,NULL),(0,2,NULL),(0,3,NULL),(2,4,NULL),(2,5,NULL),(0,6,NULL),(0,7,NULL),(0,10,NULL),(0,18,NULL),(0,22,NULL),(0,23,NULL),(0,27,NULL),(0,27,NULL),(0,27,NULL),(0,30,NULL),(0,31,NULL);
/*!40000 ALTER TABLE `jos_vm_category_xref` ENABLE KEYS */;
UNLOCK TABLES;

--
-- Table structure for table `jos_vm_country`
--

DROP TABLE IF EXISTS `jos_vm_country`;
/*!40101 SET @saved_cs_client     = @@character_set_client */;
/*!40101 SET character_set_client = utf8 */;
CREATE TABLE `jos_vm_country` (
  `country_id` int(11) NOT NULL AUTO_INCREMENT,
  `zone_id` int(11) NOT NULL DEFAULT '1',
  `country_name` varchar(64) DEFAULT NULL,
  `country_3_code` char(3) DEFAULT NULL,
  `country_2_code` char(2) DEFAULT NULL,
  PRIMARY KEY (`country_id`),
  KEY `idx_country_name` (`country_name`)
) ENGINE=MyISAM AUTO_INCREMENT=240 DEFAULT CHARSET=latin1 COMMENT='Country records';
/*!40101 SET character_set_client = @saved_cs_client */;

--
-- Dumping data for table `jos_vm_country`
--

LOCK TABLES `jos_vm_country` WRITE;
/*!40000 ALTER TABLE `jos_vm_country` DISABLE KEYS */;
INSERT INTO `jos_vm_country` VALUES (1,1,'Afghanistan','AFG','AF'),(2,1,'Albania','ALB','AL'),(3,1,'Algeria','DZA','DZ'),(4,1,'American Samoa','ASM','AS'),(5,1,'Andorra','AND','AD'),(6,1,'Angola','AGO','AO'),(7,1,'Anguilla','AIA','AI'),(8,1,'Antarctica','ATA','AQ'),(9,1,'Antigua and Barbuda','ATG','AG'),(10,1,'Argentina','ARG','AR'),(11,1,'Armenia','ARM','AM'),(12,1,'Aruba','ABW','AW'),(13,1,'Australia','AUS','AU'),(14,1,'Austria','AUT','AT'),(15,1,'Azerbaijan','AZE','AZ'),(16,1,'Bahamas','BHS','BS'),(17,1,'Bahrain','BHR','BH'),(18,1,'Bangladesh','BGD','BD'),(19,1,'Barbados','BRB','BB'),(20,1,'Belarus','BLR','BY'),(21,1,'Belgium','BEL','BE'),(22,1,'Belize','BLZ','BZ'),(23,1,'Benin','BEN','BJ'),(24,1,'Bermuda','BMU','BM'),(25,1,'Bhutan','BTN','BT'),(26,1,'Bolivia','BOL','BO'),(27,1,'Bosnia and Herzegowina','BIH','BA'),(28,1,'Botswana','BWA','BW'),(29,1,'Bouvet Island','BVT','BV'),(30,1,'Brazil','BRA','BR'),(31,1,'British Indian Ocean Territory','IOT','IO'),(32,1,'Brunei Darussalam','BRN','BN'),(33,1,'Bulgaria','BGR','BG'),(34,1,'Burkina Faso','BFA','BF'),(35,1,'Burundi','BDI','BI'),(36,1,'Cambodia','KHM','KH'),(37,1,'Cameroon','CMR','CM'),(38,1,'Canada','CAN','CA'),(39,1,'Cape Verde','CPV','CV'),(40,1,'Cayman Islands','CYM','KY'),(41,1,'Central African Republic','CAF','CF'),(42,1,'Chad','TCD','TD'),(43,1,'Chile','CHL','CL'),(44,1,'China','CHN','CN'),(45,1,'Christmas Island','CXR','CX'),(46,1,'Cocos (Keeling) Islands','CCK','CC'),(47,1,'Colombia','COL','CO'),(48,1,'Comoros','COM','KM'),(49,1,'Congo','COG','CG'),(50,1,'Cook Islands','COK','CK'),(51,1,'Costa Rica','CRI','CR'),(52,1,'Cote D\'Ivoire','CIV','CI'),(53,1,'Croatia','HRV','HR'),(54,1,'Cuba','CUB','CU'),(55,1,'Cyprus','CYP','CY'),(56,1,'Czech Republic','CZE','CZ'),(57,1,'Denmark','DNK','DK'),(58,1,'Djibouti','DJI','DJ'),(59,1,'Dominica','DMA','DM'),(60,1,'Dominican Republic','DOM','DO'),(61,1,'East Timor','TMP','TP'),(62,1,'Ecuador','ECU','EC'),(63,1,'Egypt','EGY','EG'),(64,1,'El Salvador','SLV','SV'),(65,1,'Equatorial Guinea','GNQ','GQ'),(66,1,'Eritrea','ERI','ER'),(67,1,'Estonia','EST','EE'),(68,1,'Ethiopia','ETH','ET'),(69,1,'Falkland Islands (Malvinas)','FLK','FK'),(70,1,'Faroe Islands','FRO','FO'),(71,1,'Fiji','FJI','FJ'),(72,1,'Finland','FIN','FI'),(73,1,'France','FRA','FR'),(74,1,'France, Metropolitan','FXX','FX'),(75,1,'French Guiana','GUF','GF'),(76,1,'French Polynesia','PYF','PF'),(77,1,'French Southern Territories','ATF','TF'),(78,1,'Gabon','GAB','GA'),(79,1,'Gambia','GMB','GM'),(80,1,'Georgia','GEO','GE'),(81,1,'Germany','DEU','DE'),(82,1,'Ghana','GHA','GH'),(83,1,'Gibraltar','GIB','GI'),(84,1,'Greece','GRC','GR'),(85,1,'Greenland','GRL','GL'),(86,1,'Grenada','GRD','GD'),(87,1,'Guadeloupe','GLP','GP'),(88,1,'Guam','GUM','GU'),(89,1,'Guatemala','GTM','GT'),(90,1,'Guinea','GIN','GN'),(91,1,'Guinea-bissau','GNB','GW'),(92,1,'Guyana','GUY','GY'),(93,1,'Haiti','HTI','HT'),(94,1,'Heard and Mc Donald Islands','HMD','HM'),(95,1,'Honduras','HND','HN'),(96,1,'Hong Kong','HKG','HK'),(97,1,'Hungary','HUN','HU'),(98,1,'Iceland','ISL','IS'),(99,1,'India','IND','IN'),(100,1,'Indonesia','IDN','ID'),(101,1,'Iran (Islamic Republic of)','IRN','IR'),(102,1,'Iraq','IRQ','IQ'),(103,1,'Ireland','IRL','IE'),(104,1,'Israel','ISR','IL'),(105,1,'Italy','ITA','IT'),(106,1,'Jamaica','JAM','JM'),(107,1,'Japan','JPN','JP'),(108,1,'Jordan','JOR','JO'),(109,1,'Kazakhstan','KAZ','KZ'),(110,1,'Kenya','KEN','KE'),(111,1,'Kiribati','KIR','KI'),(112,1,'Korea, Democratic People\'s Republic of','PRK','KP'),(113,1,'Korea, Republic of','KOR','KR'),(114,1,'Kuwait','KWT','KW'),(115,1,'Kyrgyzstan','KGZ','KG'),(116,1,'Lao People\'s Democratic Republic','LAO','LA'),(117,1,'Latvia','LVA','LV'),(118,1,'Lebanon','LBN','LB'),(119,1,'Lesotho','LSO','LS'),(120,1,'Liberia','LBR','LR'),(121,1,'Libyan Arab Jamahiriya','LBY','LY'),(122,1,'Liechtenstein','LIE','LI'),(123,1,'Lithuania','LTU','LT'),(124,1,'Luxembourg','LUX','LU'),(125,1,'Macau','MAC','MO'),(126,1,'Macedonia, The Former Yugoslav Republic of','MKD','MK'),(127,1,'Madagascar','MDG','MG'),(128,1,'Malawi','MWI','MW'),(129,1,'Malaysia','MYS','MY'),(130,1,'Maldives','MDV','MV'),(131,1,'Mali','MLI','ML'),(132,1,'Malta','MLT','MT'),(133,1,'Marshall Islands','MHL','MH'),(134,1,'Martinique','MTQ','MQ'),(135,1,'Mauritania','MRT','MR'),(136,1,'Mauritius','MUS','MU'),(137,1,'Mayotte','MYT','YT'),(138,1,'Mexico','MEX','MX'),(139,1,'Micronesia, Federated States of','FSM','FM'),(140,1,'Moldova, Republic of','MDA','MD'),(141,1,'Monaco','MCO','MC'),(142,1,'Mongolia','MNG','MN'),(143,1,'Montserrat','MSR','MS'),(144,1,'Morocco','MAR','MA'),(145,1,'Mozambique','MOZ','MZ'),(146,1,'Myanmar','MMR','MM'),(147,1,'Namibia','NAM','NA'),(148,1,'Nauru','NRU','NR'),(149,1,'Nepal','NPL','NP'),(150,1,'Netherlands','NLD','NL'),(151,1,'Netherlands Antilles','ANT','AN'),(152,1,'New Caledonia','NCL','NC'),(153,1,'New Zealand','NZL','NZ'),(154,1,'Nicaragua','NIC','NI'),(155,1,'Niger','NER','NE'),(156,1,'Nigeria','NGA','NG'),(157,1,'Niue','NIU','NU'),(158,1,'Norfolk Island','NFK','NF'),(159,1,'Northern Mariana Islands','MNP','MP'),(160,1,'Norway','NOR','NO'),(161,1,'Oman','OMN','OM'),(162,1,'Pakistan','PAK','PK'),(163,1,'Palau','PLW','PW'),(164,1,'Panama','PAN','PA'),(165,1,'Papua New Guinea','PNG','PG'),(166,1,'Paraguay','PRY','PY'),(167,1,'Peru','PER','PE'),(168,1,'Philippines','PHL','PH'),(169,1,'Pitcairn','PCN','PN'),(170,1,'Poland','POL','PL'),(171,1,'Portugal','PRT','PT'),(172,1,'Puerto Rico','PRI','PR'),(173,1,'Qatar','QAT','QA'),(174,1,'Reunion','REU','RE'),(175,1,'Romania','ROM','RO'),(176,1,'Russian Federation','RUS','RU'),(177,1,'Rwanda','RWA','RW'),(178,1,'Saint Kitts and Nevis','KNA','KN'),(179,1,'Saint Lucia','LCA','LC'),(180,1,'Saint Vincent and the Grenadines','VCT','VC'),(181,1,'Samoa','WSM','WS'),(182,1,'San Marino','SMR','SM'),(183,1,'Sao Tome and Principe','STP','ST'),(184,1,'Saudi Arabia','SAU','SA'),(185,1,'Senegal','SEN','SN'),(186,1,'Seychelles','SYC','SC'),(187,1,'Sierra Leone','SLE','SL'),(188,1,'Singapore','SGP','SG'),(189,1,'Slovakia (Slovak Republic)','SVK','SK'),(190,1,'Slovenia','SVN','SI'),(191,1,'Solomon Islands','SLB','SB'),(192,1,'Somalia','SOM','SO'),(193,1,'South Africa','ZAF','ZA'),(194,1,'South Georgia and the South Sandwich Islands','SGS','GS'),(195,1,'Spain','ESP','ES'),(196,1,'Sri Lanka','LKA','LK'),(197,1,'St. Helena','SHN','SH'),(198,1,'St. Pierre and Miquelon','SPM','PM'),(199,1,'Sudan','SDN','SD'),(200,1,'Suriname','SUR','SR'),(201,1,'Svalbard and Jan Mayen Islands','SJM','SJ'),(202,1,'Swaziland','SWZ','SZ'),(203,1,'Sweden','SWE','SE'),(204,1,'Switzerland','CHE','CH'),(205,1,'Syrian Arab Republic','SYR','SY'),(206,1,'Taiwan','TWN','TW'),(207,1,'Tajikistan','TJK','TJ'),(208,1,'Tanzania, United Republic of','TZA','TZ'),(209,1,'Thailand','THA','TH'),(210,1,'Togo','TGO','TG'),(211,1,'Tokelau','TKL','TK'),(212,1,'Tonga','TON','TO'),(213,1,'Trinidad and Tobago','TTO','TT'),(214,1,'Tunisia','TUN','TN'),(215,1,'Turkey','TUR','TR'),(216,1,'Turkmenistan','TKM','TM'),(217,1,'Turks and Caicos Islands','TCA','TC'),(218,1,'Tuvalu','TUV','TV'),(219,1,'Uganda','UGA','UG'),(220,1,'Ukraine','UKR','UA'),(221,1,'United Arab Emirates','ARE','AE'),(222,1,'United Kingdom','GBR','GB'),(223,1,'United States','USA','US'),(224,1,'United States Minor Outlying Islands','UMI','UM'),(225,1,'Uruguay','URY','UY'),(226,1,'Uzbekistan','UZB','UZ'),(227,1,'Vanuatu','VUT','VU'),(228,1,'Vatican City State (Holy See)','VAT','VA'),(229,1,'Venezuela','VEN','VE'),(230,1,'Viet Nam','VNM','VN'),(231,1,'Virgin Islands (British)','VGB','VG'),(232,1,'Virgin Islands (U.S.)','VIR','VI'),(233,1,'Wallis and Futuna Islands','WLF','WF'),(234,1,'Western Sahara','ESH','EH'),(235,1,'Yemen','YEM','YE'),(236,1,'Yugoslavia','YUG','YU'),(237,1,'Democratic Republic of Congo','DRC','DC'),(238,1,'Zambia','ZMB','ZM'),(239,1,'Zimbabwe','ZWE','ZW');
/*!40000 ALTER TABLE `jos_vm_country` ENABLE KEYS */;
UNLOCK TABLES;

--
-- Table structure for table `jos_vm_coupons`
--

DROP TABLE IF EXISTS `jos_vm_coupons`;
/*!40101 SET @saved_cs_client     = @@character_set_client */;
/*!40101 SET character_set_client = utf8 */;
CREATE TABLE `jos_vm_coupons` (
  `coupon_id` int(16) NOT NULL AUTO_INCREMENT,
  `coupon_code` varchar(32) NOT NULL DEFAULT '',
  `percent_or_total` enum('percent','total') NOT NULL DEFAULT 'percent',
  `coupon_type` enum('gift','permanent') NOT NULL DEFAULT 'gift',
  `coupon_value` decimal(12,2) NOT NULL DEFAULT '0.00',
  PRIMARY KEY (`coupon_id`)
) ENGINE=MyISAM AUTO_INCREMENT=5 DEFAULT CHARSET=latin1 COMMENT='Used to store coupon codes';
/*!40101 SET character_set_client = @saved_cs_client */;

--
-- Dumping data for table `jos_vm_coupons`
--

LOCK TABLES `jos_vm_coupons` WRITE;
/*!40000 ALTER TABLE `jos_vm_coupons` DISABLE KEYS */;
INSERT INTO `jos_vm_coupons` VALUES (1,'test1','total','gift',6.00),(2,'test2','percent','permanent',15.00),(3,'test3','total','permanent',4.00),(4,'test4','total','gift',15.00);
/*!40000 ALTER TABLE `jos_vm_coupons` ENABLE KEYS */;
UNLOCK TABLES;

--
-- Table structure for table `jos_vm_creditcard`
--

DROP TABLE IF EXISTS `jos_vm_creditcard`;
/*!40101 SET @saved_cs_client     = @@character_set_client */;
/*!40101 SET character_set_client = utf8 */;
CREATE TABLE `jos_vm_creditcard` (
  `creditcard_id` int(11) NOT NULL AUTO_INCREMENT,
  `vendor_id` int(11) NOT NULL DEFAULT '0',
  `creditcard_name` varchar(70) NOT NULL DEFAULT '',
  `creditcard_code` varchar(30) NOT NULL DEFAULT '',
  PRIMARY KEY (`creditcard_id`)
) ENGINE=MyISAM AUTO_INCREMENT=8 DEFAULT CHARSET=latin1 COMMENT='Used to store credit card types';
/*!40101 SET character_set_client = @saved_cs_client */;

--
-- Dumping data for table `jos_vm_creditcard`
--

LOCK TABLES `jos_vm_creditcard` WRITE;
/*!40000 ALTER TABLE `jos_vm_creditcard` DISABLE KEYS */;
INSERT INTO `jos_vm_creditcard` VALUES (1,1,'Visa','VISA'),(2,1,'MasterCard','MC'),(3,1,'American Express','amex'),(4,1,'Discover Card','discover'),(5,1,'Diners Club','diners'),(6,1,'JCB','jcb'),(7,1,'Australian Bankcard','australian_bc');
/*!40000 ALTER TABLE `jos_vm_creditcard` ENABLE KEYS */;
UNLOCK TABLES;

--
-- Table structure for table `jos_vm_csv`
--

DROP TABLE IF EXISTS `jos_vm_csv`;
/*!40101 SET @saved_cs_client     = @@character_set_client */;
/*!40101 SET character_set_client = utf8 */;
CREATE TABLE `jos_vm_csv` (
  `field_id` int(11) NOT NULL AUTO_INCREMENT,
  `field_name` varchar(128) NOT NULL DEFAULT '',
  `field_default_value` text,
  `field_ordering` int(3) NOT NULL DEFAULT '0',
  `field_required` char(1) DEFAULT 'N',
  PRIMARY KEY (`field_id`)
) ENGINE=MyISAM AUTO_INCREMENT=26 DEFAULT CHARSET=latin1 COMMENT='Holds all fields which are used on CVS Ex-/Import';
/*!40101 SET character_set_client = @saved_cs_client */;

--
-- Dumping data for table `jos_vm_csv`
--

LOCK TABLES `jos_vm_csv` WRITE;
/*!40000 ALTER TABLE `jos_vm_csv` DISABLE KEYS */;
INSERT INTO `jos_vm_csv` VALUES (1,'product_sku','',1,'Y'),(2,'product_s_desc','',5,'N'),(3,'product_desc','',6,'N'),(4,'product_thumb_image','',7,'N'),(5,'product_full_image','',8,'N'),(6,'product_weight','',9,'N'),(7,'product_weight_uom','KG',10,'N'),(8,'product_length','',11,'N'),(9,'product_width','',12,'N'),(10,'product_height','',13,'N'),(11,'product_lwh_uom','',14,'N'),(12,'product_in_stock','0',15,'N'),(13,'product_available_date','',16,'N'),(14,'product_discount_id','',17,'N'),(15,'product_name','',2,'Y'),(16,'product_price','',4,'N'),(17,'category_path','',3,'Y'),(18,'manufacturer_id','',18,'N'),(19,'product_tax_id','',19,'N'),(20,'product_sales','',20,'N'),(21,'product_parent_sku','0',21,'N'),(22,'attribute','',22,'N'),(23,'custom_attribute','',23,'N'),(24,'attributes','',24,'N'),(25,'attribute_values','',25,'N');
/*!40000 ALTER TABLE `jos_vm_csv` ENABLE KEYS */;
UNLOCK TABLES;

--
-- Table structure for table `jos_vm_currency`
--

DROP TABLE IF EXISTS `jos_vm_currency`;
/*!40101 SET @saved_cs_client     = @@character_set_client */;
/*!40101 SET character_set_client = utf8 */;
CREATE TABLE `jos_vm_currency` (
  `currency_id` int(11) NOT NULL AUTO_INCREMENT,
  `currency_name` varchar(64) DEFAULT NULL,
  `currency_code` char(3) DEFAULT NULL,
  PRIMARY KEY (`currency_id`),
  KEY `idx_currency_name` (`currency_name`)
) ENGINE=MyISAM AUTO_INCREMENT=158 DEFAULT CHARSET=latin1 COMMENT='Used to store currencies';
/*!40101 SET character_set_client = @saved_cs_client */;

--
-- Dumping data for table `jos_vm_currency`
--

LOCK TABLES `jos_vm_currency` WRITE;
/*!40000 ALTER TABLE `jos_vm_currency` DISABLE KEYS */;
INSERT INTO `jos_vm_currency` VALUES (1,'Andorran Peseta','ADP'),(2,'United Arab Emirates Dirham','AED'),(3,'Afghanistan Afghani','AFA'),(4,'Albanian Lek','ALL'),(5,'Netherlands Antillian Guilder','ANG'),(6,'Angolan Kwanza','AOK'),(7,'Argentinian Austral','ARA'),(9,'Australian Dollar','AUD'),(10,'Aruban Florin','AWG'),(11,'Barbados Dollar','BBD'),(12,'Bangladeshi Taka','BDT'),(14,'Bulgarian Lev','BGL'),(15,'Bahraini Dinar','BHD'),(16,'Burundi Franc','BIF'),(17,'Bermudian Dollar','BMD'),(18,'Brunei Dollar','BND'),(19,'Bolivian Boliviano','BOB'),(20,'Brazilian Real','BRL'),(21,'Bahamian Dollar','BSD'),(22,'Bhutan Ngultrum','BTN'),(23,'Burma Kyat','BUK'),(24,'Botswanian Pula','BWP'),(25,'Belize Dollar','BZD'),(26,'Canadian Dollar','CAD'),(27,'Swiss Franc','CHF'),(28,'Chilean Unidades de Fomento','CLF'),(29,'Chilean Peso','CLP'),(30,'Yuan (Chinese) Renminbi','CNY'),(31,'Colombian Peso','COP'),(32,'Costa Rican Colon','CRC'),(33,'Czech Koruna','CZK'),(34,'Cuban Peso','CUP'),(35,'Cape Verde Escudo','CVE'),(36,'Cyprus Pound','CYP'),(40,'Danish Krone','DKK'),(41,'Dominican Peso','DOP'),(42,'Algerian Dinar','DZD'),(43,'Ecuador Sucre','ECS'),(44,'Egyptian Pound','EGP'),(46,'Ethiopian Birr','ETB'),(47,'Euro','EUR'),(49,'Fiji Dollar','FJD'),(50,'Falkland Islands Pound','FKP'),(52,'British Pound','GBP'),(53,'Ghanaian Cedi','GHC'),(54,'Gibraltar Pound','GIP'),(55,'Gambian Dalasi','GMD'),(56,'Guinea Franc','GNF'),(58,'Guatemalan Quetzal','GTQ'),(59,'Guinea-Bissau Peso','GWP'),(60,'Guyanan Dollar','GYD'),(61,'Hong Kong Dollar','HKD'),(62,'Honduran Lempira','HNL'),(63,'Haitian Gourde','HTG'),(64,'Hungarian Forint','HUF'),(65,'Indonesian Rupiah','IDR'),(66,'Irish Punt','IEP'),(67,'Israeli Shekel','ILS'),(68,'Indian Rupee','INR'),(69,'Iraqi Dinar','IQD'),(70,'Iranian Rial','IRR'),(73,'Jamaican Dollar','JMD'),(74,'Jordanian Dinar','JOD'),(75,'Japanese Yen','JPY'),(76,'Kenyan Schilling','KES'),(77,'Kampuchean (Cambodian) Riel','KHR'),(78,'Comoros Franc','KMF'),(79,'North Korean Won','KPW'),(80,'(South) Korean Won','KRW'),(81,'Kuwaiti Dinar','KWD'),(82,'Cayman Islands Dollar','KYD'),(83,'Lao Kip','LAK'),(84,'Lebanese Pound','LBP'),(85,'Sri Lanka Rupee','LKR'),(86,'Liberian Dollar','LRD'),(87,'Lesotho Loti','LSL'),(89,'Libyan Dinar','LYD'),(90,'Moroccan Dirham','MAD'),(91,'Malagasy Franc','MGF'),(92,'Mongolian Tugrik','MNT'),(93,'Macau Pataca','MOP'),(94,'Mauritanian Ouguiya','MRO'),(95,'Maltese Lira','MTL'),(96,'Mauritius Rupee','MUR'),(97,'Maldive Rufiyaa','MVR'),(98,'Malawi Kwacha','MWK'),(99,'Mexican Peso','MXP'),(100,'Malaysian Ringgit','MYR'),(101,'Mozambique Metical','MZM'),(102,'Nigerian Naira','NGN'),(103,'Nicaraguan Cordoba','NIC'),(105,'Norwegian Kroner','NOK'),(106,'Nepalese Rupee','NPR'),(107,'New Zealand Dollar','NZD'),(108,'Omani Rial','OMR'),(109,'Panamanian Balboa','PAB'),(110,'Peruvian Inti','PEI'),(111,'Papua New Guinea Kina','PGK'),(112,'Philippine Peso','PHP'),(113,'Pakistan Rupee','PKR'),(114,'Polish Zloty','PLZ'),(116,'Paraguay Guarani','PYG'),(117,'Qatari Rial','QAR'),(118,'Romanian Leu','ROL'),(119,'Rwanda Franc','RWF'),(120,'Saudi Arabian Riyal','SAR'),(121,'Solomon Islands Dollar','SBD'),(122,'Seychelles Rupee','SCR'),(123,'Sudanese Pound','SDP'),(124,'Swedish Krona','SEK'),(125,'Singapore Dollar','SGD'),(126,'St. Helena Pound','SHP'),(127,'Sierra Leone Leone','SLL'),(128,'Somali Schilling','SOS'),(129,'Suriname Guilder','SRG'),(130,'Sao Tome and Principe Dobra','STD'),(131,'Russian Ruble','RUB'),(132,'El Salvador Colon','SVC'),(133,'Syrian Potmd','SYP'),(134,'Swaziland Lilangeni','SZL'),(135,'Thai Bath','THB'),(136,'Tunisian Dinar','TND'),(137,'Tongan Pa\'anga','TOP'),(138,'East Timor Escudo','TPE'),(139,'Turkish Lira','TRL'),(140,'Trinidad and Tobago Dollar','TTD'),(141,'Taiwan Dollar','TWD'),(142,'Tanzanian Schilling','TZS'),(143,'Uganda Shilling','UGS'),(144,'US Dollar','USD'),(145,'Uruguayan Peso','UYP'),(146,'Venezualan Bolivar','VEB'),(147,'Vietnamese Dong','VND'),(148,'Vanuatu Vatu','VUV'),(149,'Samoan Tala','WST'),(150,'Democratic Yemeni Dinar','YDD'),(151,'Yemeni Rial','YER'),(152,'New Yugoslavia Dinar','YUD'),(153,'South African Rand','ZAR'),(154,'Zambian Kwacha','ZMK'),(155,'Zaire Zaire','ZRZ'),(156,'Zimbabwe Dollar','ZWD'),(157,'Slovak Koruna','SKK');
/*!40000 ALTER TABLE `jos_vm_currency` ENABLE KEYS */;
UNLOCK TABLES;

--
-- Table structure for table `jos_vm_function`
--

DROP TABLE IF EXISTS `jos_vm_function`;
/*!40101 SET @saved_cs_client     = @@character_set_client */;
/*!40101 SET character_set_client = utf8 */;
CREATE TABLE `jos_vm_function` (
  `function_id` int(11) NOT NULL AUTO_INCREMENT,
  `module_id` int(11) DEFAULT NULL,
  `function_name` varchar(32) DEFAULT NULL,
  `function_class` varchar(32) DEFAULT NULL,
  `function_method` varchar(32) DEFAULT NULL,
  `function_description` text,
  `function_perms` varchar(255) DEFAULT NULL,
  PRIMARY KEY (`function_id`),
  KEY `idx_function_module_id` (`module_id`),
  KEY `idx_function_name` (`function_name`)
) ENGINE=MyISAM AUTO_INCREMENT=169 DEFAULT CHARSET=latin1 COMMENT='Used to map a function alias to a ''real'' class::function';
/*!40101 SET character_set_client = @saved_cs_client */;

--
-- Dumping data for table `jos_vm_function`
--

LOCK TABLES `jos_vm_function` WRITE;
/*!40000 ALTER TABLE `jos_vm_function` DISABLE KEYS */;
INSERT INTO `jos_vm_function` VALUES (1,1,'userAdd','ps_user','add','','admin,storeadmin'),(2,1,'userDelete','ps_user','delete','','admin,storeadmin'),(3,1,'userUpdate','ps_user','update','','admin,storeadmin'),(4,1,'adminPasswdUpdate','ps_user','update_admin_passwd','Updates Site Administrator Password','admin'),(31,2,'productAdd','ps_product','add','','admin,storeadmin'),(6,1,'functionAdd','ps_function','add','','admin'),(7,1,'functionUpdate','ps_function','update','','admin'),(8,1,'functionDelete','ps_function','delete','','admin'),(9,1,'userLogout','ps_user','logout','','none'),(10,1,'userAddressAdd','ps_user_address','add','','admin,storeadmin,shopper,demo'),(11,1,'userAddressUpdate','ps_user_address','update','','admin,storeadmin,shopper'),(12,1,'userAddressDelete','ps_user_address','delete','','admin,storeadmin,shopper'),(13,1,'moduleAdd','ps_module','add','','admin'),(14,1,'moduleUpdate','ps_module','update','','admin'),(15,1,'moduleDelete','ps_module','delete','','admin'),(16,1,'userLogin','ps_user','login','','none'),(17,3,'vendorAdd','ps_vendor','add','','admin'),(18,3,'vendorUpdate','ps_vendor','update','','admin,storeadmin'),(19,3,'vendorDelete','ps_vendor','delete','','admin'),(20,3,'vendorCategoryAdd','ps_vendor_category','add','','admin'),(21,3,'vendorCategoryUpdate','ps_vendor_category','update','','admin'),(22,3,'vendorCategoryDelete','ps_vendor_category','delete','','admin'),(23,4,'shopperAdd','ps_shopper','add','','none'),(24,4,'shopperDelete','ps_shopper','delete','','admin,storeadmin'),(25,4,'shopperUpdate','ps_shopper','update','','admin,storeadmin,shopper'),(26,4,'shopperGroupAdd','ps_shopper_group','add','','admin,storeadmin'),(27,4,'shopperGroupUpdate','ps_shopper_group','update','','admin,storeadmin'),(28,4,'shopperGroupDelete','ps_shopper_group','delete','','admin,storeadmin'),(29,5,'orderSearch','ps_order','find','','admin,storeadmin,demo'),(30,5,'orderStatusSet','ps_order','order_status_update','','admin,storeadmin'),(32,2,'productDelete','ps_product','delete','','admin,storeadmin'),(33,2,'productUpdate','ps_product','update','','admin,storeadmin'),(34,2,'productCategoryAdd','ps_product_category','add','','admin,storeadmin'),(35,2,'productCategoryUpdate','ps_product_category','update','','admin,storeadmin'),(36,2,'productCategoryDelete','ps_product_category','delete','','admin,storeadmin'),(37,2,'productPriceAdd','ps_product_price','add','','admin,storeadmin'),(38,2,'productPriceUpdate','ps_product_price','update','','admin,storeadmin'),(39,2,'productPriceDelete','ps_product_price','delete','','admin,storeadmin'),(40,2,'productAttributeAdd','ps_product_attribute','add','','admin,storeadmin'),(41,2,'productAttributeUpdate','ps_product_attribute','update','','admin,storeadmin'),(42,2,'productAttributeDelete','ps_product_attribute','delete','','admin,storeadmin'),(43,7,'cartAdd','ps_cart','add','','none'),(44,7,'cartUpdate','ps_cart','update','','none'),(45,7,'cartDelete','ps_cart','delete','','none'),(46,10,'checkoutComplete','ps_checkout','add','','shopper,storeadmin,admin'),(47,1,'setLanguage','ps_module','set_language','','none'),(48,8,'paymentMethodUpdate','ps_payment_method','update','','admin,storeadmin'),(49,8,'paymentMethodAdd','ps_payment_method','add','','admin,storeadmin'),(50,8,'paymentMethodDelete','ps_payment_method','delete','','admin,storeadmin'),(51,5,'orderDelete','ps_order','delete','','admin,storeadmin'),(52,11,'addTaxRate','ps_tax','add','','admin,storeadmin'),(53,11,'updateTaxRate','ps_tax','update','','admin,storeadmin'),(54,11,'deleteTaxRate','ps_tax','delete','','admin,storeadmin'),(55,10,'checkoutValidateST','ps_checkout','validate_shipto','','none'),(59,5,'orderStatusUpdate','ps_order_status','update','','admin,storeadmin'),(60,5,'orderStatusAdd','ps_order_status','add','','storeadmin,admin'),(61,5,'orderStatusDelete','ps_order_status','delete','','admin,storeadmin'),(62,1,'currencyAdd','ps_currency','add','add a currency','storeadmin,admin'),(63,1,'currencyUpdate','ps_currency','update','        update a currency','storeadmin,admin'),(64,1,'currencyDelete','ps_currency','delete','delete a currency','storeadmin,admin'),(65,1,'countryAdd','ps_country','add','Add a country ','storeadmin,admin'),(66,1,'countryUpdate','ps_country','update','Update a country record','storeadmin,admin'),(67,1,'countryDelete','ps_country','delete','Delete a country record','storeadmin,admin'),(68,2,'product_csv','ps_csv','upload_csv','','admin'),(110,7,'waitingListAdd','zw_waiting_list','add','','none'),(111,13,'addzone','ps_zone','add','This will add a zone','admin,storeadmin'),(112,13,'updatezone','ps_zone','update','This will update a zone','admin,storeadmin'),(113,13,'deletezone','ps_zone','delete','This will delete a zone','admin,storeadmin'),(114,13,'zoneassign','ps_zone','assign','This will assign a country to a zone','admin,storeadmin'),(115,1,'writeConfig','ps_config','writeconfig','This will write the configuration details to phpshop.cfg.php','admin'),(116,12839,'carrierAdd','ps_shipping','add','','admin,storeadmin'),(117,12839,'carrierDelete','ps_shipping','delete','','admin,storeadmin'),(118,12839,'carrierUpdate','ps_shipping','update','','admin,storeadmin'),(119,12839,'rateAdd','ps_shipping','rate_add','','admin,storeadmin'),(120,12839,'rateUpdate','ps_shipping','rate_update','','admin,shopadmin'),(121,12839,'rateDelete','ps_shipping','rate_delete','','admin,storeadmin'),(122,10,'checkoutProcess','ps_checkout','process','','shopper,storeadmin,admin,demo'),(123,5,'downloadRequest','ps_order','download_request','This checks if the download request is valid and sends the file to the browser as file download if the request was successful, otherwise echoes an error','admin,storeadmin,shopper'),(124,98,'affiliateAdd','ps_affiliate','add','','admin,storeadmin'),(125,98,'affiliateUpdate','ps_affiliate','update','','admin,storeadmin'),(126,98,'affiliateDelete','ps_affiliate','delete','','admin,storeadmin'),(127,98,'affiliateEmail','ps_affiliate','email','','admin,storeadmin'),(128,99,'manufacturerAdd','ps_manufacturer','add','','admin,storeadmin'),(129,99,'manufacturerUpdate','ps_manufacturer','update','','admin,storeadmin'),(130,99,'manufacturerDelete','ps_manufacturer','delete','','admin,storeadmin'),(131,99,'manufacturercategoryAdd','ps_manufacturer_category','add','','admin,storeadmin'),(132,99,'manufacturercategoryUpdate','ps_manufacturer_category','update','','admin,storeadmin'),(133,99,'manufacturercategoryDelete','ps_manufacturer_category','delete','','admin,storeadmin'),(134,7,'addReview','ps_reviews','process_review','This lets the user add a review and rating to a product.','admin,storeadmin,shopper,demo'),(135,7,'productReviewDelete','ps_reviews','delete_review','This deletes a review and from a product.','admin,storeadmin'),(136,8,'creditcardAdd','ps_creditcard','add','Adds a Credit Card entry.','admin,storeadmin'),(137,8,'creditcardUpdate','ps_creditcard','update','Updates a Credit Card entry.','admin,storeadmin'),(138,8,'creditcardDelete','ps_creditcard','delete','Deletes a Credit Card entry.','admin,storeadmin'),(139,2,'changePublishState','vmAbstractObject.class','handlePublishState','Changes the publish field of an item, so that it can be published or unpublished easily.','admin,storeadmin'),(140,2,'export_csv','ps_csv','export_csv','This function exports all relevant product data to CSV.','admin,storeadmin'),(141,2,'reorder','ps_product_category','reorder','Changes the list order of a category.','admin,storeadmin'),(142,2,'discountAdd','ps_product_discount','add','Adds a discount.','admin,storeadmin'),(143,2,'discountUpdate','ps_product_discount','update','Updates a discount.','admin,storeadmin'),(144,2,'discountDelete','ps_product_discount','delete','Deletes a discount.','admin,storeadmin'),(145,8,'shippingmethodSave','ps_shipping_method','save','','admin,storeadmin'),(146,2,'uploadProductFile','ps_product_files','add','Uploads and Adds a Product Image/File.','admin,storeadmin'),(147,2,'updateProductFile','ps_product_files','update','Updates a Product Image/File.','admin,storeadmin'),(148,2,'deleteProductFile','ps_product_files','delete','Deletes a Product Image/File.','admin,storeadmin'),(149,12843,'couponAdd','ps_coupon','add_coupon_code','Adds a Coupon.','admin,storeadmin'),(150,12843,'couponUpdate','ps_coupon','update_coupon','Updates a Coupon.','admin,storeadmin'),(151,12843,'couponDelete','ps_coupon','remove_coupon_code','Deletes a Coupon.','admin,storeadmin'),(152,12843,'couponProcess','ps_coupon','process_coupon_code','Processes a Coupon.','admin,storeadmin,shopper,demo'),(153,2,'ProductTypeAdd','ps_product_type','add','Function add a Product Type and create new table product_type_<id>.','admin'),(154,2,'ProductTypeUpdate','ps_product_type','update','Update a Product Type.','admin'),(155,2,'ProductTypeDelete','ps_product_type','delete','Delete a Product Type and drop table product_type_<id>.','admin'),(156,2,'ProductTypeReorder','ps_product_type','reorder','Changes the list order of a Product Type.','admin'),(157,2,'ProductTypeAddParam','ps_product_type_parameter','add_parameter','Function add a Parameter into a Product Type and create new column in table product_type_<id>.','admin'),(158,2,'ProductTypeUpdateParam','ps_product_type_parameter','update_parameter','Function update a Parameter in a Product Type and a column in table product_type_<id>.','admin'),(159,2,'ProductTypeDeleteParam','ps_product_type_parameter','delete_parameter','Function delete a Parameter from a Product Type and drop a column in table product_type_<id>.','admin'),(160,2,'ProductTypeReorderParam','ps_product_type_parameter','reorder_parameter','Changes the list order of a Parameter.','admin'),(161,2,'productProductTypeAdd','ps_product_product_type','add','Add a Product into a Product Type.','admin,storeadmin'),(162,2,'productProductTypeDelete','ps_product_product_type','delete','Delete a Product from a Product Type.','admin,storeadmin'),(163,1,'stateAdd','ps_country','addState','Add a State ','storeadmin,admin'),(164,1,'stateUpdate','ps_country','updateState','Update a state record','storeadmin,admin'),(165,1,'stateDelete','ps_country','deleteState','Delete a state record','storeadmin,admin'),(166,2,'csvFieldAdd','ps_csv','add','Add a CSV Field ','storeadmin,admin'),(167,2,'csvFieldUpdate','ps_csv','update','Update a CSV Field','storeadmin,admin'),(168,2,'csvFieldDelete','ps_csv','delete','Delete a CSV Field','storeadmin,admin');
/*!40000 ALTER TABLE `jos_vm_function` ENABLE KEYS */;
UNLOCK TABLES;

--
-- Table structure for table `jos_vm_manufacturer`
--

DROP TABLE IF EXISTS `jos_vm_manufacturer`;
/*!40101 SET @saved_cs_client     = @@character_set_client */;
/*!40101 SET character_set_client = utf8 */;
CREATE TABLE `jos_vm_manufacturer` (
  `manufacturer_id` int(11) NOT NULL AUTO_INCREMENT,
  `mf_name` varchar(64) DEFAULT NULL,
  `mf_email` varchar(255) DEFAULT NULL,
  `mf_desc` text,
  `mf_category_id` int(11) DEFAULT NULL,
  `mf_url` varchar(255) NOT NULL DEFAULT '',
  PRIMARY KEY (`manufacturer_id`)
) ENGINE=MyISAM AUTO_INCREMENT=2 DEFAULT CHARSET=latin1 COMMENT='Manufacturers are those who create products';
/*!40101 SET character_set_client = @saved_cs_client */;

--
-- Dumping data for table `jos_vm_manufacturer`
--

LOCK TABLES `jos_vm_manufacturer` WRITE;
/*!40000 ALTER TABLE `jos_vm_manufacturer` DISABLE KEYS */;
INSERT INTO `jos_vm_manufacturer` VALUES (1,'Manufacturer','info@manufacturer.com','An example for a manufacturer',1,'http://www.a-url.com');
/*!40000 ALTER TABLE `jos_vm_manufacturer` ENABLE KEYS */;
UNLOCK TABLES;

--
-- Table structure for table `jos_vm_manufacturer_category`
--

DROP TABLE IF EXISTS `jos_vm_manufacturer_category`;
/*!40101 SET @saved_cs_client     = @@character_set_client */;
/*!40101 SET character_set_client = utf8 */;
CREATE TABLE `jos_vm_manufacturer_category` (
  `mf_category_id` int(11) NOT NULL AUTO_INCREMENT,
  `mf_category_name` varchar(64) DEFAULT NULL,
  `mf_category_desc` text,
  PRIMARY KEY (`mf_category_id`),
  KEY `idx_manufacturer_category_category_name` (`mf_category_name`)
) ENGINE=MyISAM AUTO_INCREMENT=2 DEFAULT CHARSET=latin1 COMMENT='Manufactorers are assigned to these categories';
/*!40101 SET character_set_client = @saved_cs_client */;

--
-- Dumping data for table `jos_vm_manufacturer_category`
--

LOCK TABLES `jos_vm_manufacturer_category` WRITE;
/*!40000 ALTER TABLE `jos_vm_manufacturer_category` DISABLE KEYS */;
INSERT INTO `jos_vm_manufacturer_category` VALUES (1,'-default-','This is the default manufacturer category');
/*!40000 ALTER TABLE `jos_vm_manufacturer_category` ENABLE KEYS */;
UNLOCK TABLES;

--
-- Table structure for table `jos_vm_module`
--

DROP TABLE IF EXISTS `jos_vm_module`;
/*!40101 SET @saved_cs_client     = @@character_set_client */;
/*!40101 SET character_set_client = utf8 */;
CREATE TABLE `jos_vm_module` (
  `module_id` int(11) NOT NULL AUTO_INCREMENT,
  `module_name` varchar(255) DEFAULT NULL,
  `module_description` text,
  `module_perms` varchar(255) DEFAULT NULL,
  `module_publish` char(1) DEFAULT NULL,
  `list_order` int(11) DEFAULT NULL,
  PRIMARY KEY (`module_id`),
  KEY `idx_module_name` (`module_name`),
  KEY `idx_module_list_order` (`list_order`)
) ENGINE=MyISAM AUTO_INCREMENT=12844 DEFAULT CHARSET=latin1 COMMENT='VirtueMart Core Modules, not: Joomla modules';
/*!40101 SET character_set_client = @saved_cs_client */;

--
-- Dumping data for table `jos_vm_module`
--

LOCK TABLES `jos_vm_module` WRITE;
/*!40000 ALTER TABLE `jos_vm_module` DISABLE KEYS */;
INSERT INTO `jos_vm_module` VALUES (1,'admin','<h4>ADMINISTRATIVE USERS ONLY</h4>\r\n\r\n<p>Only used for the following:</p>\r\n<OL>\r\n\r\n<LI>User Maintenance</LI>\r\n<LI>Module Maintenance</LI>\r\n<LI>Function Maintenance</LI>\r\n</OL>\r\n','admin','Y',1),(2,'product','<p>Here you can adminster your online catalog of products.  The Product Administrator allows you to create product categories, create new products, edit product attributes, and add product items for each attribute value.</p>','storeadmin,admin','Y',4),(3,'vendor','<h4>ADMINISTRATIVE USERS ONLY</h4>\r\n<p>Here you can manage the vendors on the phpShop system.</p>','admin','N',12),(4,'shopper','<p>Manage shoppers in your store.  Allows you to create shopper groups.  Shopper groups can be used when setting the price for a product.  This allows you to create different prices for different types of users.  An example of this would be to have a \'wholesale\' group and a \'retail\' group. </p>','admin,storeadmin','Y',4),(5,'order','<p>View Order and Update Order Status.</p>','admin,storeadmin','Y',5),(6,'msgs','This module is unprotected an used for displaying system messages to users.  We need to have an area that does not require authorization when things go wrong.','none','N',99),(7,'shop','This is the Washupito store module.  This is the demo store included with the phpShop distribution.','none','Y',99),(8,'store','','storeadmin,admin','Y',2),(9,'account','This module allows shoppers to update their account information and view previously placed orders.','shopper,storeadmin,admin,demo','N',99),(10,'checkout','','none','N',99),(11,'tax','The tax module allows you to set tax rates for states or regions within a country.  The rate is set as a decimal figure.  For example, 2 percent tax would be 0.02.','admin,storeadmin','Y',8),(12,'reportbasic','The report basic module allows you to do queries on all orders.','admin,storeadmin','Y',7),(13,'zone','This is the zone-shipping module. Here you can manage your shipping costs according to Zones.','admin,storeadmin','N',9),(12839,'shipping','<h4>Shipping</h4><p>Let this module calculate the shipping fees for your customers.<br>Create carriers for shipping areas and weight groups.</p>','admin,storeadmin','Y',10),(98,'affiliate','administrate the affiliates on your store.','storeadmin,admin','N',99),(99,'manufacturer','Manage the manufacturers of products in your store.','storeadmin,admin','Y',6),(12842,'help','Help Module','admin,storeadmin','Y',13),(12843,'coupon','Coupon Management','admin,storeadmin','Y',11);
/*!40000 ALTER TABLE `jos_vm_module` ENABLE KEYS */;
UNLOCK TABLES;

--
-- Table structure for table `jos_vm_order_history`
--

DROP TABLE IF EXISTS `jos_vm_order_history`;
/*!40101 SET @saved_cs_client     = @@character_set_client */;
/*!40101 SET character_set_client = utf8 */;
CREATE TABLE `jos_vm_order_history` (
  `order_status_history_id` int(11) NOT NULL AUTO_INCREMENT,
  `order_id` int(11) NOT NULL DEFAULT '0',
  `order_status_code` char(1) NOT NULL DEFAULT '0',
  `date_added` datetime NOT NULL DEFAULT '0000-00-00 00:00:00',
  `customer_notified` int(1) DEFAULT '0',
  `comments` text,
  PRIMARY KEY (`order_status_history_id`)
) ENGINE=MyISAM AUTO_INCREMENT=54 DEFAULT CHARSET=latin1 COMMENT='Stores all actions and changes that occur to an order';
/*!40101 SET character_set_client = @saved_cs_client */;

--
-- Dumping data for table `jos_vm_order_history`
--

LOCK TABLES `jos_vm_order_history` WRITE;
/*!40000 ALTER TABLE `jos_vm_order_history` DISABLE KEYS */;
INSERT INTO `jos_vm_order_history` VALUES (1,1,'P','2007-03-20 22:03:53',1,''),(2,2,'P','2007-03-21 09:47:50',1,''),(3,3,'P','2007-03-27 15:18:02',1,''),(4,4,'P','2007-03-27 23:13:43',1,''),(5,5,'P','2007-03-28 21:35:39',1,''),(6,6,'P','2007-04-02 18:10:26',1,''),(7,7,'P','2007-04-02 18:19:23',1,''),(8,8,'P','2007-04-02 20:56:49',1,''),(9,9,'P','2007-04-16 13:50:37',1,''),(10,10,'P','2007-04-16 14:00:46',1,''),(11,11,'P','2007-04-16 16:13:50',1,''),(12,12,'P','2007-04-16 19:19:16',1,''),(13,13,'P','2007-04-16 20:57:18',1,''),(14,14,'P','2007-04-16 22:18:36',1,''),(15,11,'C','2007-04-17 15:31:52',0,''),(16,12,'C','2007-04-17 15:32:02',1,''),(17,15,'P','2007-04-23 17:51:44',1,''),(18,15,'C','2007-04-23 17:54:29',1,''),(19,15,'C','2007-04-23 17:54:55',1,''),(20,16,'P','2007-04-23 18:05:24',1,''),(21,17,'P','2007-04-23 18:42:34',1,''),(22,18,'P','2007-04-23 18:44:01',1,''),(23,19,'P','2007-04-23 18:45:16',1,''),(24,20,'P','2007-04-23 18:48:58',1,''),(25,21,'P','2007-04-23 18:52:45',1,''),(26,22,'P','2007-05-08 16:22:56',1,''),(27,23,'P','2007-05-08 16:48:22',1,''),(28,24,'P','2007-05-08 17:08:04',1,''),(29,24,'C','2007-05-08 17:10:09',1,''),(30,25,'P','2007-05-15 14:18:20',1,''),(31,25,'C','2007-05-15 14:20:56',1,''),(32,26,'P','2007-06-18 16:31:07',1,''),(33,27,'P','2007-06-19 00:09:50',1,''),(34,28,'P','2007-06-25 02:49:51',1,''),(35,29,'P','2007-06-25 22:17:27',1,''),(36,29,'C','2007-06-25 22:19:25',1,''),(37,30,'P','2007-08-13 06:25:13',1,''),(38,31,'P','2007-08-18 04:54:44',1,''),(39,32,'P','2010-09-29 23:02:38',1,''),(40,33,'P','2010-09-29 23:26:35',1,''),(41,34,'P','2010-09-30 00:59:37',1,''),(42,35,'P','2010-09-30 01:30:58',1,''),(43,36,'P','2010-12-12 04:12:21',1,''),(44,37,'P','2010-12-12 04:22:57',1,''),(45,38,'P','2010-12-12 04:24:12',1,''),(46,39,'P','2010-12-12 04:45:07',1,''),(47,40,'P','2010-12-12 04:52:15',1,''),(48,41,'P','2010-12-12 05:09:16',1,''),(49,42,'P','2010-12-12 06:51:17',1,''),(50,43,'P','2010-12-13 07:17:03',1,''),(51,44,'P','2010-12-13 07:17:50',1,''),(52,45,'P','2010-12-13 09:11:17',1,''),(53,46,'P','2010-12-13 10:05:36',1,'');
/*!40000 ALTER TABLE `jos_vm_order_history` ENABLE KEYS */;
UNLOCK TABLES;

--
-- Table structure for table `jos_vm_order_item`
--

DROP TABLE IF EXISTS `jos_vm_order_item`;
/*!40101 SET @saved_cs_client     = @@character_set_client */;
/*!40101 SET character_set_client = utf8 */;
CREATE TABLE `jos_vm_order_item` (
  `order_item_id` int(11) NOT NULL AUTO_INCREMENT,
  `order_id` int(11) DEFAULT NULL,
  `user_info_id` varchar(32) DEFAULT NULL,
  `vendor_id` int(11) DEFAULT NULL,
  `product_id` int(11) DEFAULT NULL,
  `order_item_sku` varchar(64) NOT NULL DEFAULT '',
  `order_item_name` varchar(64) NOT NULL DEFAULT '',
  `product_quantity` int(11) DEFAULT NULL,
  `product_item_price` decimal(15,5) DEFAULT NULL,
  `product_final_price` decimal(12,2) NOT NULL DEFAULT '0.00',
  `order_item_currency` varchar(16) DEFAULT NULL,
  `order_status` char(1) DEFAULT NULL,
  `cdate` int(11) DEFAULT NULL,
  `mdate` int(11) DEFAULT NULL,
  `product_attribute` text,
  PRIMARY KEY (`order_item_id`),
  KEY `idx_order_item_order_id` (`order_id`),
  KEY `idx_order_item_user_info_id` (`user_info_id`),
  KEY `idx_order_item_vendor_id` (`vendor_id`)
) ENGINE=MyISAM AUTO_INCREMENT=53 DEFAULT CHARSET=latin1 COMMENT='Stores all items (products) which are part of an order';
/*!40101 SET character_set_client = @saved_cs_client */;

--
-- Dumping data for table `jos_vm_order_item`
--

LOCK TABLES `jos_vm_order_item` WRITE;
/*!40000 ALTER TABLE `jos_vm_order_item` DISABLE KEYS */;
INSERT INTO `jos_vm_order_item` VALUES (1,1,'ff51e9605bc27d8a451fb6f865ee7b0d',1,8,'P02','Circular Saw',1,177.52000,192.17,'USD','P',1174446233,1174446233,'Size:M; Power:middle'),(2,2,'ff51e9605bc27d8a451fb6f865ee7b0d',1,6,'H02','Hammer',1,1.00000,1.08,'USD','P',1174488470,1174488470,'Size:big; Material:wood_and_metal'),(3,3,'53b03e1404dd77552c914d45248cd927',1,6,'H02','Hammer',5,1.00000,1.08,'USD','P',1175023082,1175023082,'Size:big; Material:wood_and_metal'),(4,3,'53b03e1404dd77552c914d45248cd927',1,7,'P01','Chain Saw',2,149.99000,162.36,'USD','P',1175023082,1175023082,''),(5,4,'53b03e1404dd77552c914d45248cd927',1,7,'P01','Chain Saw',1,149.99000,162.36,'USD','P',1175051623,1175051623,''),(6,4,'53b03e1404dd77552c914d45248cd927',1,8,'P02','Circular Saw',1,177.52000,192.17,'USD','P',1175051623,1175051623,'Size:XL; Power:strong'),(7,5,'9588c81a1d70b873ea802cfd704c3f5c',1,6,'H02','Hammer',1,1.00000,1.08,'USD','P',1175132139,1175132139,'Size:big; Material:wood_and_metal'),(8,5,'9588c81a1d70b873ea802cfd704c3f5c',1,5,'H01','Nice Saw',1,23.14242,25.05,'USD','P',1175132139,1175132139,'Size:big; Power:100W'),(9,6,'801182246295ff864a139f1d508561e7',1,6,'H02','Hammer',1,1.00000,1.08,'USD','P',1175551826,1175551826,'Size:big; Material:wood_and_metal'),(10,7,'801182246295ff864a139f1d508561e7',1,11,'G01-01','Hand Shovel',1,4.99000,4.99,'USD','P',1175552363,1175552363,'Color: Red; Size: Small; '),(11,8,'4622be01ae387e45263b9175b73d2be0',1,6,'H02','Hammer',1,1.00000,1.08,'USD','P',1175561809,1175561809,'Size:big; Material:wood_and_metal'),(12,9,'53b03e1404dd77552c914d45248cd927',1,6,'H02','Hammer',1,1.00000,1.08,'USD','P',1176745837,1176745837,'Size:big; Material:wood_and_metal'),(13,10,'860099c64c05a44092a87ff112127bc9',1,11,'G01-01','Hand Shovel',1,4.99000,4.99,'USD','P',1176746446,1176746446,'Color: Red; Size: Small; '),(14,11,'41df4154907e658f52a6148456845e84',1,12,'G01-02','Hand Shovel',1,4.99000,4.99,'USD','C',1176754430,1176838312,'Color: Green; Size: Medium; '),(15,11,'41df4154907e658f52a6148456845e84',1,6,'H02','Hammer',1,1.00000,1.08,'USD','C',1176754430,1176838312,'Size:big; Material:wood_and_metal'),(16,11,'41df4154907e658f52a6148456845e84',1,8,'P02','Circular Saw',1,177.52000,192.17,'USD','C',1176754430,1176838312,'Size:XL; Power:strong'),(17,12,'41df4154907e658f52a6148456845e84',1,5,'H01','Nice Saw',1,23.14242,25.05,'USD','C',1176765556,1176838322,'Size:big; Power:100W'),(18,13,'41df4154907e658f52a6148456845e84',1,10,'P04','Power Sander',1,73.14242,79.18,'USD','P',1176771438,1176771438,'Size:big; Power:100W'),(19,14,'41df4154907e658f52a6148456845e84',1,9,'P03','Drill',1,48.12000,52.09,'USD','P',1176776316,1176776316,''),(20,15,'7b0f09a33dcbf7332983ddc5a93c5326',1,7,'P01','Chain Saw',1,0.25000,0.27,'USD','C',1177365104,1177365295,''),(21,16,'7b0f09a33dcbf7332983ddc5a93c5326',1,7,'P01','Chain Saw',1,0.25000,0.27,'USD','P',1177365924,1177365924,''),(22,17,'7b0f09a33dcbf7332983ddc5a93c5326',1,7,'P01','Chain Saw',1,0.25000,0.27,'USD','P',1177368154,1177368154,''),(23,18,'7b0f09a33dcbf7332983ddc5a93c5326',1,7,'P01','Chain Saw',1,0.25000,0.27,'USD','P',1177368241,1177368241,''),(24,19,'7b0f09a33dcbf7332983ddc5a93c5326',1,7,'P01','Chain Saw',1,0.25000,0.27,'USD','P',1177368316,1177368316,''),(25,20,'7b0f09a33dcbf7332983ddc5a93c5326',1,7,'P01','Chain Saw',1,0.25000,0.27,'USD','P',1177368538,1177368538,''),(26,21,'7b0f09a33dcbf7332983ddc5a93c5326',1,7,'P01','Chain Saw',1,0.25000,0.27,'USD','P',1177368765,1177368765,''),(27,22,'85b9a747854423227f3edb868bad3fbd',1,6,'H02','Hammer',1,1.00000,1.08,'USD','P',1178655776,1178655776,'Size:big; Material:wood_and_metal'),(28,23,'85b9a747854423227f3edb868bad3fbd',1,5,'H01','Lapel Pin',1,0.25000,0.27,'CAD','P',1178657302,1178657302,''),(29,24,'85b9a747854423227f3edb868bad3fbd',1,6,'H02','Mug',1,0.25000,0.27,'USD','C',1178658484,1178658609,'Size:big; Material:wood_and_metal'),(30,25,'2512d8a4b449603bf45009dc0d993e6a',1,5,'H01','Lapel Pin',2,0.25000,0.27,'CAD','C',1179253100,1179253256,''),(31,26,'b4aeeefb735d9567aca3a485e5b8eadc',1,5,'H01','Lapel Pin',1,0.25000,0.27,'CAD','P',1182198667,1182198667,''),(32,27,'cb5ca5b8921dd4f1239c21b8c737bbd2',1,5,'H01','Lapel Pin',1,0.25000,0.27,'CAD','P',1182226190,1182226190,''),(33,28,'cb5ca5b8921dd4f1239c21b8c737bbd2',1,6,'H02','Mug',1,0.25000,0.27,'USD','P',1182754191,1182754191,'Size:big; Material:wood_and_metal'),(34,29,'d95e7e9ed7d113d27e8e49a92261dd77',1,5,'H01','Lapel Pin',1,0.25000,0.27,'CAD','C',1182824247,1182824365,''),(35,30,'8b7989992ab99cee05e1aa2da07dc844',1,6,'H02','Mug',1,0.25000,0.27,'USD','P',1187000713,1187000713,'Size:big; Material:wood_and_metal'),(36,31,'8b7989992ab99cee05e1aa2da07dc844',1,25,'VW004','RAbIT',1,56.00000,56.00,'CDN','P',1187427284,1187427284,''),(37,32,'0b14a46f716fe025a71a56f925eb8132',1,43,'POW03','power inverter 250 volts',1,56.00000,56.00,'CDN','P',1285815758,1285815758,''),(38,33,'0b14a46f716fe025a71a56f925eb8132',1,6,'H02','Mug',1,0.25000,0.27,'USD','P',1285817195,1285817195,'Size:big; Material:wood_and_metal'),(39,34,'0b14a46f716fe025a71a56f925eb8132',1,40,'PW3502','power Invertors',1,56.00000,56.00,'CDN','P',1285822777,1285822777,''),(40,35,'0b14a46f716fe025a71a56f925eb8132',1,44,'POWER030','power Invertors 300 amp',1,56.00000,56.00,'CDN','P',1285824658,1285824658,''),(41,36,'9659ca075bf4bffa98e3757130306e3d',1,5,'H01','Lapel Pin',1,0.25000,0.27,'CAD','P',1292145141,1292145141,''),(42,37,'9659ca075bf4bffa98e3757130306e3d',1,43,'POW03','power inverter 250 volts',1,53.00000,53.00,'CDN','P',1292145777,1292145777,''),(43,38,'9659ca075bf4bffa98e3757130306e3d',1,43,'POW03','power inverter 250 volts',1,53.00000,53.00,'CDN','P',1292145852,1292145852,''),(44,39,'9659ca075bf4bffa98e3757130306e3d',1,43,'POW03','power inverter 250 volts',1,53.00000,53.00,'CDN','P',1292147107,1292147107,''),(45,40,'9659ca075bf4bffa98e3757130306e3d',1,43,'POW03','power inverter 250 volts',1,53.00000,53.00,'CDN','P',1292147535,1292147535,''),(46,41,'6fbb21b4224534ecc5beeac1b440332d',1,43,'POW03','power inverter 250 volts',1,53.00000,53.00,'CDN','P',1292148556,1292148556,''),(47,42,'9659ca075bf4bffa98e3757130306e3d',1,43,'POW03','power inverter 250 volts',2,53.00000,53.00,'CDN','P',1292154677,1292154677,''),(48,43,'9659ca075bf4bffa98e3757130306e3d',1,1,'G01','Tie',1,0.85000,0.92,'CAD','P',1292242623,1292242623,'Size:M'),(49,43,'9659ca075bf4bffa98e3757130306e3d',1,3,'G03','Membership',1,1.99000,2.15,'CAD','P',1292242623,1292242623,'Membership type:Family'),(50,44,'9659ca075bf4bffa98e3757130306e3d',1,1,'G01','Tie',1,0.85000,0.92,'CAD','P',1292242670,1292242670,'Size:L'),(51,45,'9659ca075bf4bffa98e3757130306e3d',1,25,'VW004','RAbIT',1,56.00000,56.00,'CDN','P',1292249477,1292249477,''),(52,46,'5cfe681fe7a1fe069f975d307e5434a4',1,43,'POW03','power inverter 250 volts',1,53.00000,53.00,'CDN','P',1292252736,1292252736,'');
/*!40000 ALTER TABLE `jos_vm_order_item` ENABLE KEYS */;
UNLOCK TABLES;

--
-- Table structure for table `jos_vm_order_payment`
--

DROP TABLE IF EXISTS `jos_vm_order_payment`;
/*!40101 SET @saved_cs_client     = @@character_set_client */;
/*!40101 SET character_set_client = utf8 */;
CREATE TABLE `jos_vm_order_payment` (
  `order_id` int(11) NOT NULL DEFAULT '0',
  `payment_method_id` int(11) DEFAULT NULL,
  `order_payment_code` varchar(30) NOT NULL DEFAULT '',
  `order_payment_number` blob,
  `order_payment_expire` int(11) DEFAULT NULL,
  `order_payment_name` varchar(255) DEFAULT NULL,
  `order_payment_log` text,
  `order_payment_trans_id` text NOT NULL,
  KEY `idx_order_payment_order_id` (`order_id`),
  KEY `idx_order_payment_method_id` (`payment_method_id`)
) ENGINE=MyISAM DEFAULT CHARSET=latin1 COMMENT='The payment method that was chosen for a specific order';
/*!40101 SET character_set_client = @saved_cs_client */;

--
-- Dumping data for table `jos_vm_order_payment`
--

LOCK TABLES `jos_vm_order_payment` WRITE;
/*!40000 ALTER TABLE `jos_vm_order_payment` DISABLE KEYS */;
INSERT INTO `jos_vm_order_payment` VALUES (1,4,'','',1164952800,'','',''),(2,2,'','&:|b',1188622800,'John Smith','Payment information captured for later processing.<br />',''),(3,2,'','',1164949200,'','Payment information captured for later processing.<br />',''),(4,2,'','',1164949200,'','Payment information captured for later processing.<br />',''),(5,2,'','',1164949200,'','Payment information captured for later processing.<br />',''),(6,4,'','',1164949200,'','',''),(7,4,'','',1164949200,'','',''),(8,4,'','',1164949200,'','',''),(9,2,'','',1164949200,'','Payment information captured for later processing.<br />',''),(10,2,'','',1164949200,'','Payment information captured for later processing.<br />',''),(11,2,'','&:|b',1175400000,'jmoncrieff','Payment information captured for later processing.<br />',''),(12,2,'','',1164949200,'','Payment information captured for later processing.<br />',''),(13,2,'','',1164949200,'','Payment information captured for later processing.<br />',''),(14,2,'','',1164949200,'','Payment information captured for later processing.<br />',''),(15,4,'','DOtL',1183262400,'PREFERRED CUSTOMER','',''),(16,4,'','',1164949200,'','',''),(17,18,'','',1164949200,'','',''),(18,18,'','',1164949200,'','',''),(19,18,'','',1164949200,'','',''),(20,18,'','',1164949200,'','',''),(21,18,'','',1164949200,'','',''),(22,4,'','',1164949200,'','',''),(23,2,'','',1164949200,'','Payment information captured for later processing.<br />',''),(24,4,'','',1164949200,'','',''),(25,4,'','',1164949200,'','',''),(26,4,'','',1164949200,'','',''),(27,4,'','',1164949200,'','',''),(28,4,'','',1164949200,'','',''),(29,4,'','',1164949200,'','',''),(30,2,'','',1164949200,'','Payment information captured for later processing.<br />',''),(31,4,'','',1164949200,'','',''),(32,2,'','',1259643600,'','Payment information captured for later processing.<br />',''),(33,2,'','',1259643600,'','Payment information captured for later processing.<br />',''),(34,2,'','',1259643600,'','Payment information captured for later processing.<br />',''),(35,2,'','',1259643600,'','Payment information captured for later processing.<br />',''),(36,2,'','',1259643600,'','Payment information captured for later processing.<br />',''),(37,18,'','',1259643600,'','',''),(38,2,'','',1259643600,'','Payment information captured for later processing.<br />',''),(39,2,'','',1259643600,'','Payment information captured for later processing.<br />',''),(40,2,'','',1259643600,'','Payment information captured for later processing.<br />',''),(41,2,'','',1259643600,'','Payment information captured for later processing.<br />',''),(42,2,'','',1259643600,'','Payment information captured for later processing.<br />',''),(43,4,'','',1259643600,'','',''),(44,2,'','',1259643600,'','Payment information captured for later processing.<br />',''),(45,2,'','',1259643600,'','Payment information captured for later processing.<br />',''),(46,2,'','',1259643600,'','Payment information captured for later processing.<br />','');
/*!40000 ALTER TABLE `jos_vm_order_payment` ENABLE KEYS */;
UNLOCK TABLES;

--
-- Table structure for table `jos_vm_order_status`
--

DROP TABLE IF EXISTS `jos_vm_order_status`;
/*!40101 SET @saved_cs_client     = @@character_set_client */;
/*!40101 SET character_set_client = utf8 */;
CREATE TABLE `jos_vm_order_status` (
  `order_status_id` int(11) NOT NULL AUTO_INCREMENT,
  `order_status_code` char(1) NOT NULL DEFAULT '',
  `order_status_name` varchar(64) DEFAULT NULL,
  `list_order` int(11) DEFAULT NULL,
  `vendor_id` int(11) DEFAULT NULL,
  PRIMARY KEY (`order_status_id`),
  KEY `idx_order_status_list_order` (`list_order`),
  KEY `idx_order_status_vendor_id` (`vendor_id`)
) ENGINE=MyISAM AUTO_INCREMENT=6 DEFAULT CHARSET=latin1 COMMENT='All available order statuses';
/*!40101 SET character_set_client = @saved_cs_client */;

--
-- Dumping data for table `jos_vm_order_status`
--

LOCK TABLES `jos_vm_order_status` WRITE;
/*!40000 ALTER TABLE `jos_vm_order_status` DISABLE KEYS */;
INSERT INTO `jos_vm_order_status` VALUES (1,'P','Pending',1,1),(2,'C','Confirmed',2,1),(3,'X','Cancelled',3,1),(4,'R','Refunded',4,1),(5,'S','Shipped',5,1);
/*!40000 ALTER TABLE `jos_vm_order_status` ENABLE KEYS */;
UNLOCK TABLES;

--
-- Table structure for table `jos_vm_order_user_info`
--

DROP TABLE IF EXISTS `jos_vm_order_user_info`;
/*!40101 SET @saved_cs_client     = @@character_set_client */;
/*!40101 SET character_set_client = utf8 */;
CREATE TABLE `jos_vm_order_user_info` (
  `order_info_id` int(11) NOT NULL AUTO_INCREMENT,
  `order_id` int(11) NOT NULL DEFAULT '0',
  `user_id` int(11) NOT NULL DEFAULT '0',
  `address_type` char(2) DEFAULT NULL,
  `address_type_name` varchar(32) DEFAULT NULL,
  `company` varchar(64) DEFAULT NULL,
  `title` varchar(32) DEFAULT NULL,
  `last_name` varchar(32) DEFAULT NULL,
  `first_name` varchar(32) DEFAULT NULL,
  `middle_name` varchar(32) DEFAULT NULL,
  `phone_1` varchar(32) DEFAULT NULL,
  `phone_2` varchar(32) DEFAULT NULL,
  `fax` varchar(32) DEFAULT NULL,
  `address_1` varchar(64) NOT NULL DEFAULT '',
  `address_2` varchar(64) DEFAULT NULL,
  `city` varchar(32) NOT NULL DEFAULT '',
  `state` varchar(32) NOT NULL DEFAULT '',
  `country` varchar(32) NOT NULL DEFAULT 'US',
  `zip` varchar(32) NOT NULL DEFAULT '',
  `user_email` varchar(255) DEFAULT NULL,
  `extra_field_1` varchar(255) DEFAULT NULL,
  `extra_field_2` varchar(255) DEFAULT NULL,
  `extra_field_3` varchar(255) DEFAULT NULL,
  `extra_field_4` char(1) DEFAULT NULL,
  `extra_field_5` char(1) DEFAULT NULL,
  `bank_account_nr` varchar(32) NOT NULL DEFAULT '',
  `bank_name` varchar(32) NOT NULL DEFAULT '',
  `bank_sort_code` varchar(16) NOT NULL DEFAULT '',
  `bank_iban` varchar(64) NOT NULL DEFAULT '',
  `bank_account_holder` varchar(48) NOT NULL DEFAULT '',
  `bank_account_type` enum('Checking','Business Checking','Savings') NOT NULL DEFAULT 'Checking',
  PRIMARY KEY (`order_info_id`),
  KEY `idx_order_info_order_id` (`order_id`)
) ENGINE=MyISAM AUTO_INCREMENT=47 DEFAULT CHARSET=latin1 COMMENT='Stores the BillTo and ShipTo Information at order time';
/*!40101 SET character_set_client = @saved_cs_client */;

--
-- Dumping data for table `jos_vm_order_user_info`
--

LOCK TABLES `jos_vm_order_user_info` WRITE;
/*!40000 ALTER TABLE `jos_vm_order_user_info` DISABLE KEYS */;
INSERT INTO `jos_vm_order_user_info` VALUES (1,1,65,'BT','-default-','','','Smith','John','','613-234-5678','','','1234 Main St.','','Ottawa','','CAN','K1A 1A1','gareth@agora2.com','','','','','','','','','','',''),(2,2,65,'BT','-default-','','','Smith','John','','613-234-5678','','','1234 Main St.','','Ottawa','','CAN','K1A 1A1','gareth@agora2.com','','','','','','','','','','',''),(3,3,77,'BT','-default-','Agora Communications Group','Mr.','Spanglett','Gareth','','613-761-1489','','','285 Churchill Ave. N.','','Ottawa','ON','CAN','K1Z 5B7','gareth@agora-group.com','','','','','','','','','','',''),(4,4,77,'BT','-default-','Agora Communications Group','Mr.','Spanglett','Gareth','','613-761-1489','','','285 Churchill Ave. N.','','Ottawa','ON','CAN','K1Z 5B7','gareth@agora-group.com','','','','','','','','','','',''),(5,5,80,'BT','-default-','Mahsie Open Soure','Mr.','Moncrieff','Jeffrey','Dean','613-830-0220','613-620-1771','','3  Ridgeburngate','','Ottawa','AB','CAN','Ontaio','jmoncrieff@mahsie.org','','','','','','','','','','',''),(6,6,79,'BT','-default-','jeffrey','','Moncrieff','Jeffrey','Dean','613-830-0220','','','3 Ridgeburn Gate','','Ottawa','AB','CAN','k1b4c1','jeff@mahsie.com','','','','','','','','','','',''),(7,7,79,'BT','-default-','jeffrey','','Moncrieff','Jeffrey','Dean','613-830-0220','','','3 Ridgeburn Gate','','Ottawa','AB','CAN','k1b4c1','jeff@mahsie.com','','','','','','','','','','',''),(8,8,81,'BT','-default-','Agora Communications Group','','Spanglett','Gareth','','613-761-1489','','','285 Churchill AVe.','','Ottawa','ON','CAN','K1Z 5B7','gspanglett@rogers.com','','','','','','','','','','',''),(9,9,77,'BT','-default-','Agora Communications Group','Mr.','Spanglett','Gareth','','613-761-1489','','','285 Churchill Ave. N.','','Ottawa','ON','CAN','K1Z 5B7','gareth@agora-group.com','','','','','','','','','','',''),(10,10,82,'BT','-default-','Acme Inc.','','Doe','John','','613-555-5555','','','1234 Main Street','','Ottawa','ON','CAN','K1Z 1Z1','quixote1024@yahoo.ca','','','','','','','','','','',''),(11,11,78,'BT','-default-','Mahsie','','Moncrieff','Jeffrey','','830-0220','','','3 ridgeburn Gate','','Ottawa','AB','CAN','k1b4c1','jmoncrieff@mahsie.com','','','','','','','','','','',''),(12,12,78,'BT','-default-','Mahsie','','Moncrieff','Jeffrey','','830-0220','','','3 ridgeburn Gate','','Ottawa','AB','CAN','k1b4c1','jmoncrieff@mahsie.com','','','','','','','','','','',''),(13,13,78,'BT','-default-','Mahsie','','Moncrieff','Jeffrey','','830-0220','','','3 ridgeburn Gate','','Ottawa','AB','CAN','k1b4c1','jmoncrieff@mahsie.com','','','','','','','','','','',''),(14,14,78,'BT','-default-','Mahsie','','Moncrieff','Jeffrey','','830-0220','','','3 ridgeburn Gate','','Ottawa','AB','CAN','k1b4c1','jmoncrieff@mahsie.com','','','','','','','','','','',''),(15,15,83,'BT','-default-','Agora','','Spanglett','Gareth','','613-761-1489','','','285 Churchill Ave. N.','','Ottawa','ON','CAN','K1Z 5B7','gareth@agora-group.com','','','','','','','','','','',''),(16,16,83,'BT','-default-','Agora','','Spanglett','Gareth','','613-761-1489','','','285 Churchill Ave. N.','','Ottawa','ON','CAN','K1Z 5B7','gareth@agora-group.com','','','','','','','','','','',''),(17,17,83,'BT','-default-','Agora','','Spanglett','Gareth','','613-761-1489','','','285 Churchill Ave. N.','','Ottawa','ON','CAN','K1Z 5B7','gareth@agora-group.com','','','','','','','','','','',''),(18,18,83,'BT','-default-','Agora','','Spanglett','Gareth','','613-761-1489','','','285 Churchill Ave. N.','','Ottawa','ON','CAN','K1Z 5B7','gareth@agora-group.com','','','','','','','','','','',''),(19,19,83,'BT','-default-','Agora','','Spanglett','Gareth','','613-761-1489','','','285 Churchill Ave. N.','','Ottawa','ON','CAN','K1Z 5B7','gareth@agora-group.com','','','','','','','','','','',''),(20,20,83,'BT','-default-','Agora','','Spanglett','Gareth','','613-761-1489','','','285 Churchill Ave. N.','','Ottawa','ON','CAN','K1Z 5B7','gareth@agora-group.com','','','','','','','','','','',''),(21,21,83,'BT','-default-','Agora','','Spanglett','Gareth','','613-761-1489','','','285 Churchill Ave. N.','','Ottawa','ON','CAN','K1Z 5B7','gareth@agora-group.com','','','','','','','','','','',''),(22,22,84,'BT','-default-','','','Spanglett','Gareth','','613-555-1212','','','1234 Main','','Ottawa','ON','CAN','K1Z 5B7','gareth@mahsie.com','','','','','','','','','','',''),(23,23,84,'BT','-default-','','','Spanglett','Gareth','','613-555-1212','','','1234 Main','','Ottawa','ON','CAN','K1Z 5B7','gareth@mahsie.com','','','','','','','','','','',''),(24,24,84,'BT','-default-','','','Spanglett','Gareth','','613-555-1212','','','1234 Main','','Ottawa','ON','CAN','K1Z 5B7','gareth@mahsie.com','','','','','','','','','','',''),(25,25,85,'BT','-default-','','','Vachon','Klaus','','613-555-1212','','','1234 Main Street','','Ottawa','ON','CAN','K1A 1A1','mikepowers40@yahoo.ca','','','','','','','','','','',''),(26,26,86,'BT','-default-','Mahsie','','Moncrieff','Jeffrey','','613-830-0220','','','3 ridgeBurn gate','','Ottawa','AB','CAN','ontario','jeffrey.moncrieff@mahsie.com','','','','','','','','','','',''),(27,27,87,'BT','-default-','','','Spanglett','Gareth','','613-761-1489','','','1234 Main','','Ottawa','ON','CAN','K1A1A1','prsidoro@mavericsolutions.ca','','','','','','','','','','',''),(28,28,87,'BT','-default-','','','Spanglett','Gareth','','613-761-1489','','','1234 Main','','Ottawa','ON','CAN','K1A1A1','prsidoro@mavericsolutions.ca','','','','','','','','','','',''),(29,29,88,'BT','-default-','Acme Inc.','','Vaid','Vic','','613-555-5555','','','1234 Main St.','','Ottawa','ON','CAN','K1Z5B7','vic@vaid.com','','','','','','','','','','',''),(30,30,89,'BT','-default-','mahsie OSS','','Moncrieff','Jeffrey','jdmonc','613-830-0220','','','3 ridgebun Gate','','Gloucester','AB','CAN','k1b4c1','jmoncrieff@mahsie.com','','','','','','','','','','',''),(31,31,89,'BT','-default-','mahsie OSS','','Moncrieff','Jeffrey','jdmonc','613-830-0220','','','3 ridgebun Gate','','Gloucester','AB','CAN','k1b4c1','jmoncrieff@mahsie.com','','','','','','','','','','',''),(32,32,90,'BT','-default-','MWDS','','Moncrieff','Jeff','','613-8300220','','','3 ridgeburn','','Ottawa','AB','CAN','k1b4c1','jeffrey.moncrieff@yahoo.ca','','','','','','','','','','',''),(33,33,90,'BT','-default-','MWDS','','Moncrieff','Jeff','','613-8300220','','','3 ridgeburn','','Ottawa','AB','CAN','k1b4c1','jeffrey.moncrieff@yahoo.ca','','','','','','','','','','',''),(34,34,90,'BT','-default-','MWDS','','Moncrieff','Jeff','','613-8300220','','','3 ridgeburn','','Ottawa','AB','CAN','k1b4c1','jeffrey.moncrieff@yahoo.ca','','','','','','','','','','',''),(35,35,90,'BT','-default-','MWDS','','Moncrieff','Jeff','','613-8300220','','','3 ridgeburn','','Ottawa','AB','CAN','k1b4c1','jeffrey.moncrieff@yahoo.ca','','','','','','','','','','',''),(36,36,91,'BT','-default-','mwds ottawa','Mr.','Moncrieff','Jeffrey','Dean','555-555-5555','','','4 woodbuirn','','Ottawa','AB','CAN','ontario','jeff@mwds.ca','','','','','','','','','','',''),(37,37,91,'BT','-default-','mwds ottawa','Mr.','Moncrieff','Jeffrey','Dean','555-555-5555','','','4 woodbuirn','','Ottawa','AB','CAN','ontario','jeff@mwds.ca','','','','','','','','','','',''),(38,38,91,'BT','-default-','mwds ottawa','Mr.','Moncrieff','Jeffrey','Dean','555-555-5555','','','4 woodbuirn','','Ottawa','AB','CAN','ontario','jeff@mwds.ca','','','','','','','','','','',''),(39,39,91,'BT','-default-','mwds ottawa','Mr.','Moncrieff','Jeffrey','Dean','555-555-5555','','','4 woodbuirn','','Ottawa','AB','CAN','ontario','jeff@mwds.ca','','','','','','','','','','',''),(40,40,91,'BT','-default-','mwds ottawa','Mr.','Moncrieff','Jeffrey','Dean','555-555-5555','','','4 woodbuirn','','Ottawa','AB','CAN','ontario','jeff@mwds.ca','','','','','','','','','','',''),(41,41,92,'BT','-default-','','','Moncrieff','Jeff','','555-555-5555','','','3 ridgeburn','','Ottawa','ON','CAN','k1b4c1','jeffrey.moncrieff@mwds.ca','','','','','','','','','','',''),(42,42,91,'BT','-default-','mwds ottawa','Mr.','Moncrieff','Jeffrey','Dean','555-555-5555','','','4 woodbuirn','','Ottawa','AB','CAN','ontario','jeff@mwds.ca','','','','','','','','','','',''),(43,43,91,'BT','-default-','mwds ottawa','Mr.','Moncrieff','Jeffrey','Dean','555-555-5555','','','4 woodbuirn','','Ottawa','AB','CAN','ontario','jeff@mwds.ca','','','','','','','','','','',''),(44,44,91,'BT','-default-','mwds ottawa','Mr.','Moncrieff','Jeffrey','Dean','555-555-5555','','','4 woodbuirn','','Ottawa','AB','CAN','ontario','jeff@mwds.ca','','','','','','','','','','',''),(45,45,91,'BT','-default-','mwds ottawa','Mr.','Moncrieff','Jeffrey','Dean','555-555-5555','','','4 woodbuirn','','Ottawa','AB','CAN','ontario','jeff@mwds.ca','','','','','','','','','','',''),(46,46,93,'BT','-default-','','','Testion','Paul','','613-8300220','','','40 wood','','Nashvile','AL','USA','Tn','jeffrey.moncrieff@yahoo.ca','','','','','','','','','','','');
/*!40000 ALTER TABLE `jos_vm_order_user_info` ENABLE KEYS */;
UNLOCK TABLES;

--
-- Table structure for table `jos_vm_orders`
--

DROP TABLE IF EXISTS `jos_vm_orders`;
/*!40101 SET @saved_cs_client     = @@character_set_client */;
/*!40101 SET character_set_client = utf8 */;
CREATE TABLE `jos_vm_orders` (
  `order_id` int(11) NOT NULL AUTO_INCREMENT,
  `user_id` int(11) NOT NULL DEFAULT '0',
  `vendor_id` int(11) NOT NULL DEFAULT '0',
  `order_number` varchar(32) DEFAULT NULL,
  `user_info_id` varchar(32) DEFAULT NULL,
  `order_total` decimal(15,2) NOT NULL DEFAULT '0.00',
  `order_subtotal` decimal(15,5) DEFAULT NULL,
  `order_tax` decimal(10,2) DEFAULT NULL,
  `order_tax_details` text NOT NULL,
  `order_shipping` decimal(10,2) DEFAULT NULL,
  `order_shipping_tax` decimal(10,2) DEFAULT NULL,
  `coupon_discount` decimal(12,2) NOT NULL DEFAULT '0.00',
  `order_discount` decimal(12,2) NOT NULL DEFAULT '0.00',
  `order_currency` varchar(16) DEFAULT NULL,
  `order_status` char(1) DEFAULT NULL,
  `cdate` int(11) DEFAULT NULL,
  `mdate` int(11) DEFAULT NULL,
  `ship_method_id` varchar(255) DEFAULT NULL,
  `customer_note` text NOT NULL,
  `ip_address` varchar(15) NOT NULL DEFAULT '',
  PRIMARY KEY (`order_id`),
  KEY `idx_orders_user_id` (`user_id`),
  KEY `idx_orders_vendor_id` (`vendor_id`),
  KEY `idx_orders_order_number` (`order_number`),
  KEY `idx_orders_user_info_id` (`user_info_id`),
  KEY `idx_orders_ship_method_id` (`ship_method_id`)
) ENGINE=MyISAM AUTO_INCREMENT=47 DEFAULT CHARSET=latin1 COMMENT='Used to store all orders';
/*!40101 SET character_set_client = @saved_cs_client */;

--
-- Dumping data for table `jos_vm_orders`
--

LOCK TABLES `jos_vm_orders` WRITE;
/*!40000 ALTER TABLE `jos_vm_orders` DISABLE KEYS */;
INSERT INTO `jos_vm_orders` VALUES (1,65,1,'69cf6ced4318d9783d1baaec9998613d','ff51e9605bc27d8a451fb6f865ee7b0d',237.17,177.52424,14.65,'a:0:{}',45.00,0.00,0.00,0.00,'USD','P',1174446233,1174446233,'standard_shipping|DHL|World_1 &gt;12kg|45.00|15','','74.104.4.25'),(2,65,1,'8901396fb7f50480f540920e487d29fa','ff51e9605bc27d8a451fb6f865ee7b0d',48.08,0.99769,0.22,'a:0:{}',45.00,0.00,0.00,-2.00,'USD','P',1174488470,1174488470,'standard_shipping|DHL|World_1 &gt;12kg|45.00|15','','74.14.228.129'),(3,77,1,'78931028a820b6e40663037c1eefcae4','53b03e1404dd77552c914d45248cd927',360.70,304.96073,25.31,'a:1:{s:6:\"0.0825\";d:2.177740877598154156657983548939228057861328125;}',26.40,2.18,0.00,-2.00,'USD','P',1175023082,1175023082,'flex|STD|Standard Shipping over 25.00|28.5746','Deliver to back door.','10.1.1.1'),(4,77,1,'582703b14f7c21bb49721e40b1119552','53b03e1404dd77552c914d45248cd927',401.53,327.51039,27.17,'a:0:{}',45.00,0.00,0.00,-2.00,'USD','P',1175051623,1175051623,'standard_shipping|DHL|World_1 &gt;12kg|45.00|15','','10.1.1.1'),(5,80,1,'ea14a87011d7bf6d10e3a81e805e8cb4','9588c81a1d70b873ea802cfd704c3f5c',73.13,24.13856,2.14,'a:0:{}',45.00,0.00,0.00,-2.00,'USD','C',1175132139,1175132139,'standard_shipping|DHL|World_1 &gt;12kg|45.00|15','','64.230.5.254'),(6,79,1,'74a20bd492a5a3b8e962e537aa91c261','801182246295ff864a139f1d508561e7',38.08,0.99769,0.08,'a:0:{}',37.00,0.00,0.00,0.00,'USD','P',1175551826,1175551826,'standard_shipping|DHL|World_1 &gt; 8kg|37.00|14','','10.1.1.1'),(7,79,1,'6d54bbcb986217b26531a704c015733e','801182246295ff864a139f1d508561e7',17.98,4.99000,0.00,'a:1:{s:6:\"0.0825\";d:0.9900000000000002131628207280300557613372802734375;}',12.00,0.99,0.00,0.00,'USD','P',1175552363,1175552363,'flex|STD|Standard Shipping under 25.00|12.99','','10.1.1.1'),(8,81,1,'3ec9db8ab7f5ffafeff333722a056a0e','4622be01ae387e45263b9175b73d2be0',14.07,0.99769,0.08,'a:1:{s:6:\"0.0825\";d:0.9900000000000002131628207280300557613372802734375;}',12.00,0.99,0.00,0.00,'USD','P',1175561809,1175561809,'flex|STD|Standard Shipping under 25.00|12.99','','10.1.1.1'),(9,77,1,'00e7990b7a196c61edc553ee636ac45b','53b03e1404dd77552c914d45248cd927',40.08,0.99769,0.22,'a:0:{}',37.00,0.00,0.00,-2.00,'USD','P',1176745837,1176745837,'standard_shipping|DHL|World_1 &gt; 8kg|37.00|14','','10.1.1.1'),(10,82,1,'bced27c6bec835454ba7ab13d76f1289','860099c64c05a44092a87ff112127bc9',19.98,4.99000,0.00,'a:1:{s:6:\"0.0825\";d:0.9900000000000002131628207280300557613372802734375;}',12.00,0.99,0.00,-2.00,'USD','C',1176746446,1176746446,'flex|STD|Standard Shipping under 25.00|12.99','','10.1.1.1'),(11,78,1,'5e096cce34d164cbdab252950eeba754','41df4154907e658f52a6148456845e84',245.24,183.51193,14.87,'a:0:{}',45.00,0.00,0.00,-2.00,'USD','C',1176754430,1176838312,'standard_shipping|DHL|World_1 &gt;12kg|45.00|15','','64.230.43.85'),(12,78,1,'7d4a870e0e78e0ef09bd18ceff54865b','41df4154907e658f52a6148456845e84',64.05,23.14087,2.06,'a:0:{}',37.00,0.00,0.00,-2.00,'USD','C',1176765556,1176838322,'standard_shipping|DHL|World_1 &gt; 8kg|37.00|14','','64.230.43.85'),(13,78,1,'0672ff58f64366b4a305ce6a304a169e','41df4154907e658f52a6148456845e84',118.18,73.14549,6.18,'a:0:{}',37.00,0.00,0.00,-2.00,'USD','C',1176771438,1176771438,'standard_shipping|DHL|World_1 &gt; 8kg|37.00|14','','64.230.43.85'),(14,78,1,'e343de2850903d1e8ab9cb54feda665d','41df4154907e658f52a6148456845e84',91.09,48.12009,4.12,'a:0:{}',37.00,0.00,0.00,-2.00,'USD','C',1176776316,1176776316,'standard_shipping|DHL|World_1 &gt; 8kg|37.00|14','','64.230.43.85'),(15,83,1,'bc82388891169d2e7d3817a9a23a9a05','7b0f09a33dcbf7332983ddc5a93c5326',0.42,0.24942,0.02,'a:0:{}',0.15,0.00,0.00,0.00,'USD','C',1177365104,1177365295,'standard_shipping|Canada Post|Canada Post Shipping|0.15|22','','10.1.1.1'),(16,83,1,'9fb2133703123e98915b26dbc2a7ffc9','7b0f09a33dcbf7332983ddc5a93c5326',0.42,0.24942,0.02,'a:0:{}',0.15,0.00,0.00,0.00,'USD','P',1177365924,1177365924,'standard_shipping|Canada Post|Canada Post Shipping|0.15|22','','10.1.1.1'),(17,83,1,'c93d54c617f5dcf9823ece7d448f59a4','7b0f09a33dcbf7332983ddc5a93c5326',0.42,0.24942,0.02,'a:0:{}',0.15,0.00,0.00,0.00,'USD','P',1177368154,1177368154,'standard_shipping|Canada Post|Canada Post Shipping|0.15|22','','10.1.1.1'),(18,83,1,'e4df0fe1d5daf6b101deda211d297f9b','7b0f09a33dcbf7332983ddc5a93c5326',0.42,0.24942,0.02,'a:0:{}',0.15,0.00,0.00,0.00,'USD','P',1177368241,1177368241,'standard_shipping|Canada Post|Canada Post Shipping|0.15|22','','10.1.1.1'),(19,83,1,'5eaed171b87acc2216613e233f43d512','7b0f09a33dcbf7332983ddc5a93c5326',0.42,0.24942,0.02,'a:0:{}',0.15,0.00,0.00,0.00,'USD','P',1177368316,1177368316,'standard_shipping|Canada Post|Canada Post Shipping|0.15|22','','10.1.1.1'),(20,83,1,'aede614595c2d173b77fc1d5ccbfa887','7b0f09a33dcbf7332983ddc5a93c5326',0.42,0.24942,0.02,'a:0:{}',0.15,0.00,0.00,0.00,'USD','P',1177368538,1177368538,'standard_shipping|Canada Post|Canada Post Shipping|0.15|22','','10.1.1.1'),(21,83,1,'91573d3d9373bcea816ee59730ceb1b6','7b0f09a33dcbf7332983ddc5a93c5326',0.42,0.24942,0.02,'a:0:{}',0.15,0.00,0.00,0.00,'USD','P',1177368765,1177368765,'standard_shipping|Canada Post|Canada Post Shipping|0.15|22','','10.1.1.1'),(22,84,1,'32eca884365fe121479366540a70c7f8','85b9a747854423227f3edb868bad3fbd',14.07,0.99769,0.08,'a:1:{s:6:\"0.0825\";d:0.9900000000000002131628207280300557613372802734375;}',12.00,0.99,0.00,0.00,'USD','P',1178655776,1178655776,'flex|STD|Standard Shipping under 25.00|12.99','','10.1.1.1'),(23,84,1,'a2059869facdf9f94832d3b63ca45595','85b9a747854423227f3edb868bad3fbd',2.54,0.24942,0.16,'a:1:{s:6:\"0.0825\";d:0.02062500000000000444089209850062616169452667236328125;}',0.25,0.02,0.00,-2.00,'USD','P',1178657302,1178657302,'flex|STD|Standard Shipping under 25.00|0.270625','','10.1.1.1'),(24,84,1,'274575960c1ea28c94a73b2cb32301f7','85b9a747854423227f3edb868bad3fbd',0.54,0.24942,0.02,'a:1:{s:6:\"0.0825\";d:0.02062500000000000444089209850062616169452667236328125;}',0.25,0.02,0.00,0.00,'USD','C',1178658484,1178658609,'flex|STD|Standard Shipping under 25.00|0.270625','','10.1.1.1'),(25,85,1,'9ecc1d0684b2dc9a7126aa5892a915ba','2512d8a4b449603bf45009dc0d993e6a',0.81,0.49884,0.04,'a:1:{s:6:\"0.0825\";d:0.02062500000000000444089209850062616169452667236328125;}',0.25,0.02,0.00,0.00,'USD','C',1179253100,1179253256,'flex|STD|Standard Shipping under 25.00|0.270625','Thanks for the great pins.','10.1.1.1'),(26,86,1,'4fbb02ac9b2e52f0ac342a50506d6449','b4aeeefb735d9567aca3a485e5b8eadc',28.27,0.24942,0.02,'a:0:{}',28.00,0.00,0.00,0.00,'USD','P',1182198667,1182198667,'standard_shipping|DHL|World_1 &gt;  4kg|28.00|13','','10.1.1.1'),(27,87,1,'73fead250350beea9f009123f4ed2c64','cb5ca5b8921dd4f1239c21b8c737bbd2',28.27,0.24942,0.02,'a:0:{}',28.00,0.00,0.00,0.00,'USD','P',1182226190,1182226190,'standard_shipping|DHL|World_1 &gt;  4kg|28.00|13','','74.101.105.132'),(28,87,1,'51b5002bf289f7ea9c86a3bd550dbd09','cb5ca5b8921dd4f1239c21b8c737bbd2',0.54,0.24942,0.02,'a:1:{s:6:\"0.0825\";d:0.02062500000000000444089209850062616169452667236328125;}',0.25,0.02,0.00,0.00,'USD','P',1182754191,1182754191,'flex|STD|Standard Shipping under 25.00|0.270625','','74.104.4.25'),(29,88,1,'2589ddc495f248d03a951c7c8c9d4e0d','d95e7e9ed7d113d27e8e49a92261dd77',0.54,0.24942,0.02,'a:1:{s:6:\"0.0825\";d:0.02062500000000000444089209850062616169452667236328125;}',0.25,0.02,0.00,0.00,'USD','C',1182824247,1182824365,'flex|STD|Standard Shipping under 25.00|0.270625','','10.1.1.1'),(30,89,1,'96fe48123073157b8be05f5421de2ea3','8b7989992ab99cee05e1aa2da07dc844',30.27,0.24942,0.16,'a:0:{}',28.00,0.00,0.00,-2.00,'USD','P',1187000713,1187000713,'standard_shipping|DHL|World_1 &gt;  4kg|28.00|13','','67.71.94.156'),(31,89,1,'7eebac031789b97c27d957d7b22ca1a3','8b7989992ab99cee05e1aa2da07dc844',84.00,56.00000,0.00,'a:0:{}',28.00,0.00,0.00,0.00,'USD','C',1187427284,1187427284,'standard_shipping|DHL|World_1 &gt;  4kg|28.00|13','','67.71.94.156'),(32,90,1,'7c6d55de92d0545ee29a3842083cd423','0b14a46f716fe025a71a56f925eb8132',86.00,56.00000,0.00,'a:0:{}',28.00,0.00,0.00,-2.00,'USD','C',1285815758,1285815758,'standard_shipping|DHL|World_1 &gt;  4kg|28.00|13','','192.168.24.1'),(33,90,1,'06f92a595b03c921e3d2413e4b9402f1','0b14a46f716fe025a71a56f925eb8132',30.27,0.24942,0.17,'a:0:{}',28.00,0.00,0.00,-2.00,'USD','C',1285817195,1285817195,'standard_shipping|DHL|World_1 &gt;  4kg|28.00|13','','192.168.24.1'),(34,90,1,'97dc017dd20a58bce283093edbe7e218','0b14a46f716fe025a71a56f925eb8132',86.00,56.00000,0.00,'a:0:{}',28.00,0.00,0.00,-2.00,'USD','P',1285822777,1285822777,'standard_shipping|DHL|World_1 &gt;  4kg|28.00|13','','192.168.24.1'),(35,90,1,'32ed2e501c3e577174f10db37b83cc34','0b14a46f716fe025a71a56f925eb8132',58.15,56.00000,0.00,'a:0:{}',0.15,0.00,0.00,-2.00,'USD','C',1285824658,1285824658,'standard_shipping|Canada Post|Canada Post Shipping|0.15|22','','192.168.24.1'),(36,91,1,'c705fa621adc932063650a0acd26338d','9659ca075bf4bffa98e3757130306e3d',30.27,0.24942,0.17,'a:0:{}',28.00,0.00,0.00,-2.00,'USD','P',1292145141,1292145141,'standard_shipping|DHL|World_1 &gt;  4kg|28.00|13','','192.168.24.1'),(37,91,1,'ba7ebf9689325d6f6ff77dea1e51ffc2','9659ca075bf4bffa98e3757130306e3d',81.00,53.00000,0.00,'a:0:{}',28.00,0.00,0.00,0.00,'USD','C',1292145777,1292145777,'standard_shipping|DHL|World_1 &gt;  4kg|28.00|13','','192.168.24.1'),(38,91,1,'2a82c58ab6a4b98ec6d7eec2de1c483b','9659ca075bf4bffa98e3757130306e3d',55.15,53.00000,0.00,'a:0:{}',0.15,0.00,0.00,-2.00,'USD','C',1292145852,1292145852,'standard_shipping|Canada Post|Canada Post Shipping|0.15|22','','192.168.24.1'),(39,91,1,'31ff393e3447b19a76478805a18c1121','9659ca075bf4bffa98e3757130306e3d',83.00,53.00000,0.00,'a:0:{}',28.00,0.00,0.00,-2.00,'USD','C',1292147107,1292147107,'standard_shipping|DHL|World_1 &gt;  4kg|28.00|13','','192.168.24.1'),(40,91,1,'445703e6fd6b140a1cb0e05c143ff37d','9659ca075bf4bffa98e3757130306e3d',83.00,53.00000,0.00,'a:0:{}',28.00,0.00,0.00,-2.00,'USD','C',1292147535,1292147535,'standard_shipping|DHL|World_1 &gt;  4kg|28.00|13','','192.168.24.1'),(41,92,1,'416c3fa54fc65a6663bedfbd1704fa04','6fbb21b4224534ecc5beeac1b440332d',83.00,53.00000,0.00,'a:0:{}',28.00,0.00,0.00,-2.00,'USD','C',1292148556,1292148556,'standard_shipping|DHL|World_1 &gt;  4kg|28.00|13','','192.168.24.1'),(42,91,1,'73448601e9be623aefa68b5e33f66adc','9659ca075bf4bffa98e3757130306e3d',136.00,106.00000,0.00,'a:0:{}',28.00,0.00,0.00,-2.00,'USD','C',1292154677,1292154677,'standard_shipping|DHL|World_1 &gt;  4kg|28.00|13','','192.168.24.1'),(43,91,1,'61d1c65b257078b5cb8ab68a9c68b393','9659ca075bf4bffa98e3757130306e3d',31.07,2.83603,0.23,'a:0:{}',28.00,0.00,0.00,0.00,'USD','P',1292242623,1292242623,'standard_shipping|DHL|World_1 &gt;  4kg|28.00|13','','192.168.24.1'),(44,91,1,'e9dc74bab8017d6f3481a169c30c29b6','9659ca075bf4bffa98e3757130306e3d',30.92,0.84988,0.22,'a:0:{}',28.00,0.00,0.00,-2.00,'USD','C',1292242670,1292242670,'standard_shipping|DHL|World_1 &gt;  4kg|28.00|13','','192.168.24.1'),(45,91,1,'437dac355c601f284df0dbd110f22ada','9659ca075bf4bffa98e3757130306e3d',86.00,56.00000,0.00,'a:0:{}',28.00,0.00,0.00,-2.00,'USD','C',1292249477,1292249477,'standard_shipping|DHL|World_1 &gt;  4kg|28.00|13','','192.168.24.1'),(46,93,1,'16ff3d9b3503d9a1cae70bcde8f58d7f','5cfe681fe7a1fe069f975d307e5434a4',83.00,53.00000,0.00,'a:0:{}',28.00,0.00,0.00,-2.00,'USD','C',1292252736,1292252736,'standard_shipping|DHL|World_1 &gt;  4kg|28.00|13','','192.168.24.1');
/*!40000 ALTER TABLE `jos_vm_orders` ENABLE KEYS */;
UNLOCK TABLES;

--
-- Table structure for table `jos_vm_payment_method`
--

DROP TABLE IF EXISTS `jos_vm_payment_method`;
/*!40101 SET @saved_cs_client     = @@character_set_client */;
/*!40101 SET character_set_client = utf8 */;
CREATE TABLE `jos_vm_payment_method` (
  `payment_method_id` int(11) NOT NULL AUTO_INCREMENT,
  `vendor_id` int(11) DEFAULT NULL,
  `payment_method_name` varchar(255) DEFAULT NULL,
  `payment_class` varchar(50) NOT NULL DEFAULT '',
  `shopper_group_id` int(11) DEFAULT NULL,
  `payment_method_discount` decimal(12,2) DEFAULT NULL,
  `list_order` int(11) DEFAULT NULL,
  `payment_method_code` varchar(8) DEFAULT NULL,
  `enable_processor` char(1) DEFAULT NULL,
  `is_creditcard` tinyint(1) NOT NULL DEFAULT '0',
  `payment_enabled` char(1) NOT NULL DEFAULT 'N',
  `accepted_creditcards` varchar(128) NOT NULL DEFAULT '',
  `payment_extrainfo` text NOT NULL,
  `payment_passkey` blob NOT NULL,
  PRIMARY KEY (`payment_method_id`),
  KEY `idx_payment_method_vendor_id` (`vendor_id`),
  KEY `idx_payment_method_name` (`payment_method_name`),
  KEY `idx_payment_method_list_order` (`list_order`),
  KEY `idx_payment_method_shopper_group_id` (`shopper_group_id`)
) ENGINE=MyISAM AUTO_INCREMENT=19 DEFAULT CHARSET=latin1 COMMENT='The payment methods of your store';
/*!40101 SET character_set_client = @saved_cs_client */;

--
-- Dumping data for table `jos_vm_payment_method`
--

LOCK TABLES `jos_vm_payment_method` WRITE;
/*!40000 ALTER TABLE `jos_vm_payment_method` DISABLE KEYS */;
INSERT INTO `jos_vm_payment_method` VALUES (1,1,'Purchase Order','',6,0.00,4,'PO','N',0,'Y','','',''),(2,1,'Cash On Delivery','',5,-2.00,5,'COD','N',0,'Y','','',''),(3,1,'Credit Card','ps_authorize',5,0.00,0,'AN','P',0,'N','','',''),(4,1,'PayPal','ps_paypal',5,0.00,0,'PP','P',0,'Y','','<?php\r\n$url = \\\"https://www.paypal.com/cgi-bin/webscr\\\";\r\n$tax_total = $db->f(\\\"order_tax\\\") + $db->f(\\\"order_shipping_tax\\\");\r\n$discount_total = $db->f(\\\"coupon_discount\\\") + $db->f(\\\"order_discount\\\");\r\n$post_variables = Array(\r\n\\\"cmd\\\" => \\\"_xclick\\\",\r\n\\\"business\\\" => PAYPAL_EMAIL,\r\n\\\"receiver_email\\\" => PAYPAL_EMAIL,\r\n\\\"item_name\\\" => $VM_LANG->_PHPSHOP_ORDER_PRINT_PO_NUMBER.\\\": \\\". $db->f(\\\"order_id\\\"),\r\n\\\"order_id\\\" => $db->f(\\\"order_id\\\"),\r\n\\\"invoice\\\" => $db->f(\\\"order_number\\\"),\r\n\\\"amount\\\" => round( $db->f(\\\"order_subtotal\\\")+$tax_total-$discount_total, 2),\r\n\\\"shipping\\\" => sprintf(\\\"%.2f\\\", $db->f(\\\"order_shipping\\\")),\r\n\\\"currency_code\\\" => $_SESSION[\\\'vendor_currency\\\'],\\\"first_name\\\" => $dbbt->f(\\\'first_name\\\'),\r\n\\\"last_name\\\" => $dbbt->f(\\\'last_name\\\'),\r\n\\\"address_street\\\" => $dbbt->f(\\\'address_1\\\'),\r\n\\\"address_zip\\\" => $dbbt->f(\\\'zip\\\'),\r\n\\\"address_city\\\" => $dbbt->f(\\\'city\\\'),\r\n\\\"address_state\\\" => $dbbt->f(\\\'state\\\'),\r\n\\\"address_country\\\" => $dbbt->f(\\\'country\\\'),\r\n\\\"image_url\\\" => $vendor_image_url,\r\n\\\"return\\\" => SECUREURL .\\\"index.php?option=com_virtuemart&page=checkout.result&order_id=\\\".$db->f(\\\"order_id\\\"),\r\n\\\"notify_url\\\" => SECUREURL .\\\"administrator/components/com_virtuemart/notify.php\\\",\r\n\\\"cancel_return\\\" => SECUREURL .\\\"index.php\\\",\r\n\\\"undefined_quantity\\\" => \\\"0\\\",\r\n\\\"test_ipn\\\" => PAYPAL_DEBUG,\r\n\\\"pal\\\" => \\\"NRUBJXESJTY24\\\",\r\n\\\"no_shipping\\\" => \\\"1\\\",\r\n\\\"no_note\\\" => \\\"1\\\"\r\n);\r\nif( $page == \\\"checkout.thankyou\\\" ) {\r\n$query_string = \\\"?\\\";\r\nforeach( $post_variables as $name => $value ) {\r\n$query_string .= $name. \\\"=\\\" . urlencode($value) .\\\"&\\\";\r\n}\r\nmosRedirect( $url . $query_string );\r\n} else {\r\n\r\necho \\\'<form action=\\\"\\\'.$url.\\\'\\\" method=\\\"post\\\" target=\\\"_blank\\\">\\\';\r\necho \\\'<input type=\\\"image\\\" name=\\\"submit\\\" src=\\\"http://images.paypal.com/images/x-click-but6.gif\\\" border=\\\"0\\\" alt=\\\"Make payments with PayPal, it is fast, free, and secure!\\\" />\\\';\r\n\r\nforeach( $post_variables as $name => $value ) {\r\necho \\\'<input type=\\\"hidden\\\" name=\\\"\\\'.$name.\\\'\\\" value=\\\"\\\'.$value.\\\'\\\" />\\\';\r\n}\r\n\r\necho \\\'</form>\\\';\r\n\r\n}\r\n?>',''),(5,1,'PayMate','ps_paymate',5,0.00,0,'PM','P',0,'N','','<script type=\"text/javascript\" language=\"javascript\">\n  function openExpress(){\n	var url = \'https://www.paymate.com.au/PayMate/ExpressPayment?mid=<?php echo PAYMATE_USERNAME.\n	  \"&amt=\".$db->f(\"order_total\").\n	  \"&currency=\".$_SESSION[\'vendor_currency\'].\n	  \"&ref=\".$db->f(\"order_id\").\n	  \"&pmt_sender_email=\".$user->email.\n	  \"&pmt_contact_firstname=\".$user->first_name.\n	  \"&pmt_contact_surname=\".$user->last_name.\n	  \"&regindi_address1=\".$user->address_1.\n	  \"&regindi_address2=\".$user->address_2.\n	  \"&regindi_sub=\".$user->city.\n	  \"&regindi_pcode=\".$user->zip;?>\'\n	var newWin = window.open(url, \'wizard\', \'height=640,width=500,scrollbars=0,toolbar=no\');\n	self.name = \'parent\';\n	newWin.focus();\n  }\n  </script>\n  <div align=\"center\">\n  <p>\n  <a href=\"javascript:openExpress();\">\n  <img src=\"https://www.paymate.com.au/homepage/images/butt_PayNow.gif\" border=\"0\" alt=\"Pay with Paymate Express\">\n  <br />click here to pay your account</a>\n  </p>\n  </div>',''),(6,1,'WorldPay','ps_worldpay',5,0.00,0,'WP','P',0,'N','','<form action=\"https://select.worldpay.com/wcc/purchase\" method=\"post\">\n						  <input type=hidden name=\"testMode\" value=\"100\"> \n						  <input type=\"hidden\" name=\"instId\" value=\"<?php echo WORLDPAY_INST_ID ?>\" />\n						  <input type=\"hidden\" name=\"cartId\" value=\"<?php echo $db->f(\"order_id\") ?>\" />\n						  <input type=\"hidden\" name=\"amount\" value=\"<?php echo $db->f(\"order_total\") ?>\" />\n						  <input type=\"hidden\" name=\"currency\" value=\"<?php echo $_SESSION[\'vendor_currency\'] ?>\" />\n						  <input type=\"hidden\" name=\"desc\" value=\"Products\" />\n						  <input type=\"hidden\" name=\"email\" value=\"<?php echo $user->email?>\" />\n						  <input type=\"hidden\" name=\"address\" value=\"<?php echo $user->address_1?>&#10<?php echo $user->address_2?>&#10<?php echo\n						  $user->city?>&#10<?php echo $user->state?>\" />\n						  <input type=\"hidden\" name=\"name\" value=\"<?php echo $user->title?><?php echo $user->first_name?>. <?php echo $user->middle_name?><?php echo $user->last_name?>\" />\n						  <input type=\"hidden\" name=\"country\" value=\"<?php echo $user->country?>\"/>\n						  <input type=\"hidden\" name=\"postcode\" value=\"<?php echo $user->zip?>\" />\n						  <input type=\"hidden\" name=\"tel\"  value=\"<?php echo $user->phone_1?>\">\n						  <input type=\"hidden\" name=\"withDelivery\"  value=\"true\">\n						  <br />\n						  <input type=\"submit\" value =\"PROCEED TO PAYMENT PAGE\" />\n						  </form>',''),(7,1,'2Checkout','ps_twocheckout',5,0.00,0,'2CO','P',0,'N','','<?php\n	$q  = \"SELECT * FROM #__users WHERE user_info_id=\'\".$db->f(\"user_info_id\").\"\'\"; \n	$dbbt = new ps_DB;\n	$dbbt->setQuery($q);\n	$dbbt->query();\n	$dbbt->next_record(); \n	// Get ship_to information\n	if( $db->f(\"user_info_id\") != $dbbt->f(\"user_info_id\")) {\n	  $q2  = \"SELECT * FROM #__vm_user_info WHERE user_info_id=\'\".$db->f(\"user_info_id\").\"\'\"; \n	  $dbst = new ps_DB;\n	  $dbst->setQuery($q2);\n	  $dbst->query();\n	  $dbst->next_record();\n	}\n	else  {\n	  $dbst = $dbbt;\n	}\n			\n	//Authnet vars to send\n	$formdata = array (\n	 \'x_login\' => TWOCO_LOGIN,\n	 \'x_email_merchant\' => ((TWOCO_MERCHANT_EMAIL == \'True\') ? \'TRUE\' : \'FALSE\'),\n			 \n	 // Customer Name and Billing Address\n	 \'x_first_name\' => $dbbt->f(\"first_name\"),\n	 \'x_last_name\' => $dbbt->f(\"last_name\"),\n	 \'x_company\' => $dbbt->f(\"company\"),\n	 \'x_address\' => $dbbt->f(\"address_1\"),\n	 \'x_city\' => $dbbt->f(\"city\"),\n	 \'x_state\' => $dbbt->f(\"state\"),\n	 \'x_zip\' => $dbbt->f(\"zip\"),\n	 \'x_country\' => $dbbt->f(\"country\"),\n	 \'x_phone\' => $dbbt->f(\"phone_1\"),\n	 \'x_fax\' => $dbbt->f(\"fax\"),\n	 \'x_email\' => $dbbt->f(\"email\"),\n	\n	 // Customer Shipping Address\n	 \'x_ship_to_first_name\' => $dbst->f(\"first_name\"),\n	 \'x_ship_to_last_name\' => $dbst->f(\"last_name\"),\n	 \'x_ship_to_company\' => $dbst->f(\"company\"),\n	 \'x_ship_to_address\' => $dbst->f(\"address_1\"),\n	 \'x_ship_to_city\' => $dbst->f(\"city\"),\n	 \'x_ship_to_state\' => $dbst->f(\"state\"),\n	 \'x_ship_to_zip\' => $dbst->f(\"zip\"),\n	 \'x_ship_to_country\' => $dbst->f(\"country\"),\n	\n	 \'x_invoice_num\' => $db->f(\"order_number\"),\n	 \'x_receipt_link_url\' => SECUREURL.\"2checkout_notify.php\"\n	 );\n	 \n	if( TWOCO_TESTMODE == \"Y\" )\n	  $formdata[\'demo\'] = \"Y\";\n	\n	 $version = \"2\";\n	 $url = \"https://www2.2checkout.com/2co/buyer/purchase\";\n	 $formdata[\'x_amount\'] = number_format($db->f(\"order_total\"), 2, \'.\', \'\');\n	\n	 //build the post string\n	 $poststring = \'\';\n	 foreach($formdata AS $key => $val){\n	   $poststring .= \"<input type=\'hidden\' name=\'$key\' value=\'$val\' />\n	\";\n	 }\n	\n	?>\n	<form action=\"<?php echo $url ?>\" method=\"post\" target=\"_blank\">\n	<?php echo $poststring ?>\n	<p>Click on the Image below to pay...</p>\n	<input type=\"image\" name=\"submit\" src=\"https://www.2checkout.com/images/buy_logo.gif\" border=\"0\" alt=\"Make payments with 2Checkout, it\'s fast and secure!\" title=\"Pay your Order with 2Checkout, it\'s fast and secure!\" />\n	</form>',''),(8,1,'NoChex','ps_nochex',5,0.00,0,'NOCHEX','P',0,'N','','<form action=\"https://www.nochex.com/nochex.dll/checkout\" method=post target=\"_blank\"> \n											<input type=\"hidden\" name=\"email\" value=\"<?php echo NOCHEX_EMAIL ?>\" />\n											<input type=\"hidden\" name=\"amount\" value=\"<?php printf(\"%.2f\", $db->f(\"order_total\"))?>\" />\n											<input type=\"hidden\" name=\"ordernumber\" value=\"<?php $db->p(\"order_id\") ?>\" />\n											<input type=\"hidden\" name=\"logo\" value=\"<?php echo $vendor_image_url ?>\" />\n											<input type=\"hidden\" name=\"returnurl\" value=\"<?php echo SECUREURL .\"index.php?option=com_virtuemart&amp;page=checkout.result&amp;order_id=\".$db->f(\"order_id\") ?>\" />\n											<input type=\"image\" name=\"submit\" src=\"http://www.nochex.com/web/images/paymeanimated.gif\"> \n											</form>',''),(9,1,'Credit Card (PayMeNow)','ps_paymenow',5,0.00,0,'PN','Y',0,'N','1,2,3,','',''),(10,1,'eWay','ps_eway',5,0.00,0,'EWAY','Y',0,'N','','',''),(11,1,'eCheck.net','ps_echeck',5,0.00,0,'ECK','B',0,'N','','',''),(12,1,'Credit Card (eProcessingNetwork)','ps_epn',5,0.00,0,'EPN','Y',0,'N','1,2,3,','',''),(13,1,'iKobo','',5,0.00,0,'IK','P',0,'N','','<form action=\"https://www.iKobo.com/store/index.php\" method=\"post\"> \n  <input type=\"hidden\" name=\"cmd\" value=\"cart\" />Click on the image below to Pay with iKobo\n  <input type=\"image\" src=\"https://www.ikobo.com/merchant/buttons/ikobo_pay1.gif\" name=\"submit\" alt=\"Pay with iKobo\" /> \n  <input type=\"hidden\" name=\"poid\" value=\"USER_ID\" /> \n  <input type=\"hidden\" name=\"item\" value=\"Order: <?php $db->p(\"order_id\") ?>\" /> \n  <input type=\"hidden\" name=\"price\" value=\"<?php printf(\"%.2f\", $db->f(\"order_total\"))?>\" /> \n  <input type=\"hidden\" name=\"firstname\" value=\"<?php echo $user->first_name?>\" /> \n  <input type=\"hidden\" name=\"lastname\" value=\"<?php echo $user->last_name?>\" /> \n  <input type=\"hidden\" name=\"address\" value=\"<?php echo $user->address_1?>&#10<?php echo $user->address_2?>\" /> \n  <input type=\"hidden\" name=\"city\" value=\"<?php echo $user->city?>\" /> \n  <input type=\"hidden\" name=\"state\" value=\"<?php echo $user->state?>\" /> \n  <input type=\"hidden\" name=\"zip\" value=\"<?php echo $user->zip?>\" /> \n  <input type=\"hidden\" name=\"phone\" value=\"<?php echo $user->phone_1?>\" /> \n  <input type=\"hidden\" name=\"email\" value=\"<?php echo $user->email?>\" /> \n  </form> >',''),(14,1,'iTransact','',5,0.00,0,'ITR','P',0,'N','','<?php\n  //your iTransact account details\n  $vendorID = \"XXXXX\";\n  global $vendor_name;\n  $mername = $vendor_name;\n  \n  //order details\n  $total = $db->f(\"order_total\");$first_name = $user->first_name;$last_name = $user->last_name;$address = $user->address_1;$city = $user->city;$state = $user->state;$zip = $user->zip;$country = $user->country;$email = $user->email;$phone = $user->phone_1;$home_page = $mosConfig_live_site.\"/index.php\";$ret_addr = $mosConfig_live_site.\"/index.php\";$cc_payment_image = $mosConfig_live_site.\"/components/com_virtuemart/shop_image/ps_image/cc_payment.jpg\";\n  ?>\n  <form action=\"https://secure.paymentclearing.com/cgi-bin/mas/split.cgi\" method=\"POST\"> \n		<input type=\"hidden\" name=\"vendor_id\" value=\"<?php echo $vendorID; ?>\" />\n		<input type=\"hidden\" name=\"home_page\" value=\"<?php echo $home_page; ?>\" />\n		<input type=\"hidden\" name=\"ret_addr\" value=\"<?php echo $ret_addr; ?>\" />\n		<input type=\"hidden\" name=\"mername\" value=\"<?php echo $mername; ?>\" />\n		<!--Enter text in the next value that should appear on the bottom of the order form.-->\n		<INPUT type=\"hidden\" name=\"mertext\" value=\"\" />\n		<!--If you are accepting checks, enter the number 1 in the next value.  Enter the number 0 if you are not accepting checks.-->\n		<INPUT type=\"hidden\" name=\"acceptchecks\" value=\"0\" />\n		<!--Enter the number 1 in the next value if you want to allow pre-registered customers to pay with a check.  Enter the number 0 if not.-->\n		<INPUT type=\"hidden\" name=\"allowreg\" value=\"0\" />\n		<!--If you are set up with Check Guarantee, enter the number 1 in the next value.  Enter the number 0 if not.-->\n		<INPUT type=\"hidden\" name=\"checkguar\" value=\"0\" />\n		<!--Enter the number 1 in the next value if you are accepting credit card payments.  Enter the number zero if not.-->\n		<INPUT type=\"hidden\" name=\"acceptcards\" value=\"1\">\n		<!--Enter the number 1 in the next value if you want to allow a separate mailing address for credit card orders.  Enter the number 0 if not.-->\n		<INPUT type=\"hidden\" name=\"altaddr\" value=\"0\" />\n		<!--Enter the number 1 in the next value if you want the customer to enter the CVV number for card orders.  Enter the number 0 if not.-->\n		<INPUT type=\"hidden\" name=\"showcvv\" value=\"1\" />\n		\n		<input type=\"hidden\" name=\"1-desc\" value=\"Order Total\" />\n		<input type=\"hidden\" name=\"1-cost\" value=\"<?php echo $total; ?>\" />\n		<input type=\"hidden\" name=\"1-qty\" value=\"1\" />\n		<input type=\"hidden\" name=\"total\" value=\"<?php echo $total; ?>\" />\n		<input type=\"hidden\" name=\"first_name\" value=\"<?php echo $first_name; ?>\" />\n		<input type=\"hidden\" name=\"last_name\" value=\"<?php echo $last_name; ?>\" />\n		<input type=\"hidden\" name=\"address\" value=\"<?php echo $address; ?>\" />\n		<input type=\"hidden\" name=\"city\" value=\"<?php echo $city; ?>\" />\n		<input type=\"hidden\" name=\"state\" value=\"<?php echo $state; ?>\" />\n		<input type=\"hidden\" name=\"zip\" value=\"<?php echo $zip; ?>\" />\n		<input type=\"hidden\" name=\"country\" value=\"<?php echo $country; ?>\" />\n		<input type=\"hidden\" name=\"phone\" value=\"<?php echo $phone; ?>\" />\n		<input type=\"hidden\" name=\"email\" value=\"<?php echo $email; ?>\" />\n		<p><input type=\"image\" alt=\"Process Secure Credit Card Transaction using iTransact\" border=\"0\" height=\"60\" width=\"210\" src=\"<?php echo $cc_payment_image; ?>\" /> </p>\n		</form>',''),(15,1,'Dankort / PBS','ps_pbs',5,0.00,0,'PBS','P',0,'N','','',''),(16,1,'Verisign PayFlow Pro','ps_pfp',5,0.00,0,'PFP','Y',0,'Y','1,2,6,7,','',''),(18,1,'Credit Card','ps_paypal2',5,0.00,0,'CCPP','P',0,'Y','','<?php\r\n$url = \\\"https://www.paypal.com/cgi-bin/webscr\\\";\r\n$tax_total = $db->f(\\\"order_tax\\\") + $db->f(\\\"order_shipping_tax\\\");\r\n$post_variables = Array(\r\n    \\\"cmd\\\" => \\\"_xclick\\\",\r\n    \\\"business\\\" => PAYPAL_EMAIL,\r\n    \\\"receiver_email\\\" => PAYPAL_EMAIL,\r\n    \\\"item_name\\\" => $VM_LANG->_PHPSHOP_ORDER_PRINT_PO_NUMBER.\\\": \\\". $db->f(\\\"order_id\\\"),\r\n    \\\"order_id\\\" => $db->f(\\\"order_id\\\"),\r\n    \\\"invoice\\\" => $db->f(\\\"order_number\\\"),\r\n    \\\"amount\\\" => round( $db->f(\\\"order_subtotal\\\")+$tax_total, 2),\r\n    \\\"shipping\\\" => sprintf(\\\"%.2f\\\", $db->f(\\\"order_shipping\\\")),\r\n    \\\"currency_code\\\" => $_SESSION[\\\'vendor_currency\\\'],\r\n    \\\"image_url\\\" => $vendor_image_url,\r\n    \\\"return\\\" => SECUREURL .\\\"index.php?option=com_virtuemart&page=checkout.result&order_id=\\\".$db->f(\\\"order_id\\\"),\r\n    \\\"notify_url\\\" => SECUREURL .\\\"administrator/components/com_virtuemart/notify.php\\\",\r\n    \\\"cancel_return\\\" => SECUREURL .\\\"index.php\\\",\r\n    \\\"undefined_quantity\\\" => \\\"0\\\",\r\n    \\\"test_ipn\\\" => PAYPAL_DEBUG,\r\n    \\\"pal\\\" => \\\"NRUBJXESJTY24\\\",\r\n    \\\"no_shipping\\\" => \\\"1\\\",\r\n    \\\"no_note\\\" => \\\"1\\\"\r\n);\r\nif( $page == \\\"checkout.thankyou\\\" ) {\r\n    $query_string = \\\"?\\\";\r\n    foreach( $post_variables as $name => $value ) {\r\n        $query_string .= $name. \\\"=\\\" . urlencode($value) .\\\"&\\\";\r\n    }\r\n    mosRedirect( $url . $query_string );\r\n} \r\nelse {\r\n\r\n    echo \\\'<form action=\\\"\\\'.$url.\\\'\\\" method=\\\"post\\\" target=\\\"_blank\\\">\\\';\r\n    echo \\\'<input type=\\\"image\\\" name=\\\"submit\\\" src=\\\"http://images.paypal.com/images/x-click-but6.gif\\\" border=\\\"0\\\" alt=\\\"Make payments with PayPal, it is fast, free, and secure!\\\">\\\';\r\n\r\n    foreach( $post_variables as $name => $value ) {\r\n        echo \\\'<input type=\\\"hidden\\\" name=\\\"\\\'.$name.\\\'\\\" value=\\\"\\\'.$value.\\\'\\\" />\\\';\r\n    }\r\n\r\n    echo \\\'</form>\\\';\r\n\r\n}\r\n?>','');
/*!40000 ALTER TABLE `jos_vm_payment_method` ENABLE KEYS */;
UNLOCK TABLES;

--
-- Table structure for table `jos_vm_product`
--

DROP TABLE IF EXISTS `jos_vm_product`;
/*!40101 SET @saved_cs_client     = @@character_set_client */;
/*!40101 SET character_set_client = utf8 */;
CREATE TABLE `jos_vm_product` (
  `product_id` int(11) NOT NULL AUTO_INCREMENT,
  `vendor_id` int(11) NOT NULL DEFAULT '0',
  `product_parent_id` int(11) NOT NULL DEFAULT '0',
  `product_sku` varchar(64) NOT NULL DEFAULT '',
  `product_s_desc` varchar(255) DEFAULT NULL,
  `product_desc` text,
  `product_thumb_image` varchar(255) DEFAULT NULL,
  `product_full_image` varchar(255) DEFAULT NULL,
  `product_publish` char(1) DEFAULT NULL,
  `product_weight` decimal(10,4) DEFAULT NULL,
  `product_weight_uom` varchar(32) DEFAULT 'pounds.',
  `product_length` decimal(10,4) DEFAULT NULL,
  `product_width` decimal(10,4) DEFAULT NULL,
  `product_height` decimal(10,4) DEFAULT NULL,
  `product_lwh_uom` varchar(32) DEFAULT 'inches',
  `product_url` varchar(255) DEFAULT NULL,
  `product_in_stock` int(11) DEFAULT NULL,
  `product_available_date` int(11) DEFAULT NULL,
  `product_availability` varchar(56) NOT NULL DEFAULT '',
  `product_special` char(1) DEFAULT NULL,
  `product_discount_id` int(11) DEFAULT NULL,
  `ship_code_id` int(11) DEFAULT NULL,
  `cdate` int(11) DEFAULT NULL,
  `mdate` int(11) DEFAULT NULL,
  `product_name` varchar(64) DEFAULT NULL,
  `product_sales` int(11) NOT NULL DEFAULT '0',
  `attribute` text,
  `custom_attribute` text NOT NULL,
  `product_tax_id` tinyint(2) NOT NULL DEFAULT '0',
  `product_unit` varchar(32) DEFAULT NULL,
  `product_packaging` int(11) DEFAULT NULL,
  PRIMARY KEY (`product_id`),
  KEY `idx_product_vendor_id` (`vendor_id`),
  KEY `idx_product_product_parent_id` (`product_parent_id`),
  KEY `idx_product_sku` (`product_sku`),
  KEY `idx_product_ship_code_id` (`ship_code_id`),
  KEY `idx_product_name` (`product_name`)
) ENGINE=MyISAM AUTO_INCREMENT=45 DEFAULT CHARSET=latin1 COMMENT='All products are stored here.';
/*!40101 SET character_set_client = @saved_cs_client */;

--
-- Dumping data for table `jos_vm_product`
--

LOCK TABLES `jos_vm_product` WRITE;
/*!40000 ALTER TABLE `jos_vm_product` DISABLE KEYS */;
INSERT INTO `jos_vm_product` VALUES (1,1,0,'G01','<p>A real nice tie for special occasions.</p>\r\n','<ul>  <li>Hand crafted silk  </li><li>Three lengths to choose from</li></ul>','85f024fce3fd269b1c56de10247b0f20.jpg','05baeb0d0ab566228315bd3f5bbdd8bf.jpg','Y',150.0000,'grams',0.0000,0.0000,0.0000,'inches','',8,1072846800,'48h.gif','Y',1,NULL,950320117,1178642103,'Tie',2,'Size,L[+0.10],M,S[-0.10]','',2,'',0),(2,1,0,'G02','A really long ladder to reach high places.','\r\n<ul>  <li>Hand crafted handle with maximum grip torque  </li><li>Titanium tipped shovel platter  </li><li>Half degree offset for less accidents  </li><li>Includes HowTo Video narrated by Bob Costas  </li></ul>    <b>Specifications</b><br>  5\" Diameter<br>  Tungsten handle tip with 5 point loft<br>\r\n','ffd5d5ace2840232c8c32de59553cd8d.jpg','8cb8d644ef299639b7eab25829d13dbc.jpg','N',10.0000,'pounds',0.0000,0.0000,0.0000,'inches','',76,1072911600,'3-5d.gif','N',0,NULL,950320180,1084907618,'Ladder',0,'','',2,'',0),(3,1,0,'G03','Join our organization!  Get your membership online today!','<ul>  <li>Membership card  </li><li>Lifetime benefits</li><li>Monthly newsletter  </li></ul>    <br /> ','ec40368231046b4bb9e8f1a74a991e6d.jpg','d783ae8f081fb431329c24b754a6e734.jpg','Y',0.0000,'pounds',0.0000,0.0000,0.0000,'inches','',31,1072846800,'7d.gif','N',0,NULL,950320243,1178642350,'Membership',1,'Membership type,Family[+0.99],Single','',2,'',0),(4,1,0,'G04','Buy tickets to our event online!','<ul>  <li>Two tickets to our upcoming event.  </li><li>Buy online now!</li></ul>','0ab15d43c9e3df52ac7aafd1ea5e53fe.jpg','71b5bd6584aad153b56ecc17080f9f98.jpg','Y',0.0000,'pounds',0.0000,0.0000,0.0000,'inches','',98,1088568000,'on-order.gif','N',0,NULL,950320378,1178642450,'Event Tickets',0,'Tickets,non-member[+0.25],member','',2,'',0),(5,1,0,'H01','A pin for your jacket or tie.','<ul>  <li>Hand crafted metal  </li><li>Secure fastener  </li><li>A collectible!<br /></li></ul>    <br /> ','b68fafbdabfa29f888408b90ec755c8d.jpg','ff548a26f20ac674fd362a7c8acc72c0.jpg','Y',100.0000,'grams',0.0000,0.0000,0.0000,'inches','',23,1072846800,'1-4w.gif','Y',0,NULL,950321256,1178642222,'Lapel Pin',9,'','',2,'',0),(6,1,0,'H02','A great mug for coffee!','<ul>  <li>Hand crafted handle <br /></li><li>Porcelaine  </li><li>Machine Washable  </li></ul>    <strong>&nbsp;&nbsp;&nbsp; &nbsp;&nbsp;&nbsp; Specifications</strong><br />  &nbsp;&nbsp;&nbsp; &nbsp;&nbsp;&nbsp; 5&quot; Height<br />&nbsp;&nbsp;&nbsp; &nbsp;&nbsp;&nbsp; 3&quot; Diameter<br /> ','5856651904f916202117848406ea8359.jpg','2ed9674fd75f8ae277464c4a9a10ea7b.jpg','Y',240.0000,'grams',0.0000,0.0000,0.0000,'inches','',484,1072846800,'24h.gif','N',0,NULL,950321631,1178641952,'Mug',16,'Size,big,medium,small;Material,wood and metal,plastic and metal[-0.99]','',2,'',0),(7,1,0,'P01','Don\'t do it with an axe.  Get a chain saw.','<ul>  <li>Tool-free tensioner for easy, convenient chain adjustment  </li><li>3-Way Auto Stop; stops chain a fraction of a second  </li><li>Automatic chain oiler regulates oil for proper chain lubrication  </li><li>Small radius guide bar reduces kick-back  </li></ul>  <br />  <strong>Specifications</strong><br />  12.5 AMPS   <br />   16&quot; Bar Length   <br />   3.5 HP   <br />   8.05 LBS. Weight   <br /> ','8716aefc3b0dce8870360604e6eb8744.jpg','c3a5bf074da14f30c849d13a2dd87d2c.jpg','Y',10.0000,'pounds',0.0000,0.0000,0.0000,'inches','',35,1088568000,'48h.gif','N',0,NULL,950321725,1177350285,'Chain Saw',10,'','',2,'',0),(8,1,0,'P02','Cut rings around wood.  This saw can handle the most delicate projects.','\r\n<ul>  <li>Patented Sightline; Window provides maximum visibility for straight cuts  </li><li>Adjustable dust chute for cleaner work area  </li><li>Bail handle for controlled cutting in 90 to 45 applications  </li><li>1-1/2 to 2-1/2 lbs. lighter and 40% less noise than the average circular saw                     </li><li><b>Includes:</b>Carbide blade  </li></ul>  <br>  <b>Specifications</b><br>  10.0 AMPS   <br>   4,300 RPM   <br>   Capacity: 2-1/16\" at 90, 1-3/4\" at 45<br>\r\n','b4a748303d0d996b29d5a1e1d1112537.jpg','9a4448bb13e2f7699613b2cfd7cd51ad.jpg','Y',10.0000,'pounds',0.0000,0.0000,0.0000,'inches','',30,1072911600,'3-5d.gif','Y',1,NULL,950321795,1084907537,'Circular Saw',3,'Size,XL[+1],M,S[-2];Power,strong,middle,poor[=24]','',2,'',0),(9,1,0,'P03','Drill through anything.  This drill has the power you need for those demanding hole boring duties.','\r\n<font color=\"#000000\" size=\"3\"><ul><li>High power motor and double gear reduction for increased durability and improved performance  </li><li>Mid-handle design and two finger trigger for increased balance and comfort  </li><li>Variable speed switch with lock-on button for continuous use  </li><li><b>Includes:</b> Chuck key &amp; holder  </li></ul>  <br>  <b>Specifications</b><br>  4.0 AMPS   <br>   0-1,350 RPM   <br>   Capacity: 3/8\" Steel, 1\" Wood   <br><br>  </font>\r\n','c70a3f47baf9a4020aeeee919eb3fda4.jpg','1ff5f2527907ca86103288e1b7cc3446.jpg','Y',10.0000,'pounds',0.0000,0.0000,0.0000,'inches','',2,1072911600,'2-3d.gif','N',0,NULL,950321879,1084907557,'Drill',1,'','',2,'',0),(10,1,0,'P04','Blast away that paint job from the past.  Use this power sander to really show them you mean business.','\r\n<ul>  <li>Lever activated paper clamps for simple sandpaper changes  </li><li>Dust sealed rocker switch extends product life and keeps dust out of motor  </li><li>Flush sands on three sides to get into corners  </li><li>Front handle for extra control  </li><li>Dust extraction port for cleaner work environment   </li></ul>  <br>  <b>Specifications</b><br>  1.2 AMPS    <br>   10,000 OPM    <br>\r\n','7a36a05526e93964a086f2ddf17fc609.jpg','480655b410d98a5cc3bef3927e786866.jpg','Y',10.0000,'pounds',0.0000,0.0000,0.0000,'inches','',1,1072911600,'1-2m.gif','N',2,NULL,950321963,1084907719,'Power Sander',1,'Size,big,medium,small;Power,100W,200W,300W','',2,'',0),(14,1,2,'L01','','','','','Y',10.0000,'pounds',0.0000,0.0000,0.0000,'inches','',22,1072911600,'','N',0,NULL,962351149,1084902820,'Metal Ladder',0,NULL,'',2,'',0),(15,1,2,'L02','','','','','Y',10.0000,'pounds',0.0000,0.0000,0.0000,'inches','',0,0,'','',0,NULL,962351165,962351165,'Wooden Ladder',0,NULL,'',0,'',0),(16,1,2,'L03','','','','','Y',10.0000,'pounds',0.0000,0.0000,0.0000,'inches','',0,0,'','',0,NULL,962351180,962351180,'Plastic Ladder',0,NULL,'',0,'',0),(17,1,0,'S01','jig saw','Jig saw',NULL,NULL,'y',0.0000,'grams',0.0000,NULL,NULL,'inches',NULL,NULL,NULL,'48h.gif',NULL,1,NULL,NULL,NULL,NULL,0,NULL,'',1,NULL,NULL),(18,1,0,'ST01','table Sqw','Tablew saw',NULL,NULL,'y',0.0000,'grams',0.0000,NULL,NULL,'inches',NULL,NULL,NULL,'24h.gif','Y',2,NULL,1187229873,1187229873,'table Sqw',0,NULL,'',9,NULL,NULL),(19,1,0,'ETY','ETU','etu vw 78-90',NULL,NULL,'y',0.0000,'grams',7.0000,NULL,NULL,'inches',NULL,NULL,NULL,'24h.gif','1',NULL,NULL,1187409759,1187409759,'ETU',0,NULL,'',1,NULL,NULL),(20,1,0,'EMI','emi u','wemrn',NULL,NULL,'y',0.0000,'grams',4.0000,NULL,NULL,'inches',NULL,NULL,NULL,'24h.gif','1',NULL,NULL,1187409917,1187409917,'emi u',0,NULL,'',1,NULL,NULL),(21,1,0,'JRTUY9','hjrj0','jodrfhjo',NULL,NULL,'y',53.0000,'grams',31.0000,NULL,NULL,'inches',NULL,NULL,NULL,'24h.gif','1',NULL,NULL,1187409995,1187409995,'hjrj0',0,NULL,'',1,NULL,NULL),(22,1,0,'RN','renhj','beh',NULL,NULL,'y',0.0000,'grams',5.0000,NULL,NULL,'inches',NULL,NULL,NULL,'24h.gif','1',NULL,NULL,1187410144,1187410144,'renhj',0,NULL,'',1,NULL,NULL),(23,1,0,'VW1','Goft tdi','testr',NULL,NULL,'y',0.0000,'grams',5.0000,NULL,NULL,'inches',NULL,NULL,NULL,'24h.gif','1',NULL,NULL,1187410294,1187410294,'Goft tdi',0,NULL,'',1,NULL,NULL),(24,1,0,'VW2','Vw Rabbit','4587',NULL,NULL,'y',2.0000,'grams',48.0000,NULL,NULL,'inches',NULL,NULL,NULL,'24h.gif','1',NULL,NULL,1187410491,1187410491,'Vw Rabbit',0,NULL,'',1,NULL,NULL),(25,1,0,'VW004','RAbIT','TRAN',NULL,NULL,'y',0.0000,'grams',0.0000,NULL,NULL,'inches',NULL,NULL,NULL,'24h.gif','1',NULL,NULL,1187410599,1187410599,'RAbIT',2,NULL,'',1,NULL,NULL),(26,1,0,'TEST42','test','TESTY',NULL,'/TEST42.jpg','y',0.0000,'grams',2.0000,NULL,NULL,'inches',NULL,NULL,NULL,'24h.gif','1',NULL,NULL,1187460802,1187460802,'test',0,NULL,'',1,NULL,NULL),(27,1,0,'VOLKS-TDI','tdi goft','tfrest ',NULL,'/VOLKS-TDI.jpg','y',0.0000,'grams',0.0000,NULL,NULL,'inches',NULL,NULL,NULL,'24h.gif','1',NULL,NULL,1187472600,1187472600,'tdi goft',0,NULL,'',1,NULL,NULL),(28,1,0,'TEST-131','test','test',NULL,'/TEST-131.jpg','y',2.0000,'grams',0.0000,NULL,NULL,'inches',NULL,NULL,NULL,'24h.gif','1',NULL,NULL,1187472663,1187472663,'test',0,NULL,'',1,NULL,NULL),(29,1,0,'TEST-132','test  579','tesrt 131',NULL,'/TEST-132.jpg','y',0.0000,'grams',0.0000,NULL,NULL,'inches',NULL,NULL,NULL,'24h.gif','1',NULL,NULL,1187478836,1187478836,'test',0,NULL,'',1,NULL,NULL),(30,1,0,'GOLFTDI','Golf TDI','golf\r\n',NULL,'/GOLFTDI.jpg','y',0.0000,'grams',8.0000,NULL,NULL,'inches',NULL,NULL,NULL,'24h.gif','1',NULL,NULL,1187480536,1187480536,'Golf TDI',0,NULL,'',1,NULL,NULL),(31,1,0,'TEST-135','text GTI edit k test \r\n','vw volks','/TEST-135.jpg','/TEST-135.jpg','y',0.0000,'grams',0.0000,NULL,NULL,'inches',NULL,NULL,NULL,'24h.gif','1',NULL,NULL,1187490669,1187562326,'text GTI edit k test \r\n',0,NULL,'',1,NULL,NULL),(32,1,0,'TEST-137','vw volks Rabbit','1981 Vw Turbo Desel rabbit',NULL,'','y',0.0000,'grams',0.0000,NULL,NULL,'inches',NULL,NULL,NULL,'24h.gif','1',NULL,NULL,1187562468,1187562468,'vw volks Rabbit',0,NULL,'',1,NULL,NULL),(34,1,0,'VW-001-01','Vw Rabbit','1977 Red Volkswagen Rabbit Desel',NULL,'/VW-001-01.jpg','y',0.0000,'grams',0.0000,NULL,NULL,'inches',NULL,NULL,NULL,'24h.gif','1',NULL,NULL,1187565015,1187565015,'Vw Rabbit',0,NULL,'',1,NULL,NULL),(36,1,0,'VW-001-03','Vw Rabbit','1977 Rabbit Mint Condition Lady Driver ','/VW-001-03.jpg','/VW-001-03.jpg','y',0.0000,'grams',0.0000,NULL,NULL,'inches',NULL,NULL,NULL,'24h.gif','1',NULL,NULL,1187566441,1187566441,'Vw Rabbit',0,NULL,'',1,NULL,NULL),(37,1,0,'TURBO','Turbo Charger','Turbo','/TURBO.jpg','/TURBO.jpg','y',0.0000,'grams',0.0000,NULL,NULL,'inches',NULL,NULL,NULL,'24h.gif','1',NULL,NULL,1187585165,1187585322,'Turbo Charger',0,NULL,'',1,NULL,NULL),(38,1,0,'TURBO-TEST','Turbo','Turbo','/TURBO-TEST.jpg','/TURBO-TEST.jpg','y',0.0000,'grams',21.0000,NULL,NULL,'inches',NULL,NULL,NULL,'24h.gif','1',NULL,NULL,1187585970,1187585970,'Turbo',0,NULL,'',1,NULL,NULL),(39,1,0,'PW3500','power Invertors','<br />24V DC to AC 1500 Watt Power Inverter<br />This heavy duty inverter plugs directly to a 24 Volt DC battery to power laptops, televisions, gaming consoles and other electronics and small appliances in your vehicle<br />  Features<br />	1500 watts continuous power<br />	3000 watts peak power<br />	Provides 12.5 Amps<br />	Anodized aluminum case provides durability<br />	LED Display- Input Voltage/Output Wattage<br />	Built-in Cooling Fan<br />	Internal, Replaceable 30 Amp spade-type Fuses<br />	Dual 3 Prong 120 volt AC outlet<br />	Overload Indicator<br />	Power ON/OFF Switch<br />	Cables not included<br />	<br />	<br />	<br />  Specifications<br />Optimum efficiency 	up to 90%<br />No-load draw 	&lt; 0.18 amp (24V)<br />Output Wave Form 	Modified Sinewave<br />Input voltage range 	20-30 VDC<br />Over voltage shutdown 	over 30 VDC<br />Under voltage shutdown 	under 20 VDC<br />Low voltage alarm 	Audible<br />Overload shutdown 	Yes<br />Thermal shutdown 	Yes<br />Short circuit shutdown 	Yes<br />AC receptacle 	2 - three-prong receptacle<br />Warranty 	1 year<br />Inverter weight 	8.00 lbs<br />Dimensions (W x H x D) 	10.25 x 3.5 x 11.6 in.<br />Weight 	11.5 lbs.<br /> ','http://demo.mwds/redriven/prod-picts//PW3500.jpg','http://demo.mwds/redriven/prod-picts//PW3500.jpg','y',0.0000,'10kg',0.0000,0.0000,0.0000,'inches',NULL,NULL,NULL,'24h.gif','1',NULL,NULL,1285810822,1285810822,'power Invertors',0,NULL,'',1,NULL,NULL),(40,1,0,'PW3502','power Invertors','<br />24V DC to AC 1500 Watt Power Inverter<br />This heavy duty inverter plugs directly to a 24 Volt DC battery to power laptops, televisions, gaming consoles and other electronics and small appliances in your vehicle<br />  Features<br />	1500 watts continuous power<br />	3000 watts peak power<br />	Provides 12.5 Amps<br />	Anodized aluminum case provides durability<br />	LED Display- Input Voltage/Output Wattage<br />	Built-in Cooling Fan<br />	Internal, Replaceable 30 Amp spade-type Fuses<br />	Dual 3 Prong 120 volt AC outlet<br />	Overload Indicator<br />	Power ON/OFF Switch<br />	Cables not included<br />	<br />	<br />	<br />  Specifications<br />Optimum efficiency 	up to 90%<br />No-load draw 	&lt; 0.18 amp (24V)<br />Output Wave Form 	Modified Sinewave<br />Input voltage range 	20-30 VDC<br />Over voltage shutdown 	over 30 VDC<br />Under voltage shutdown 	under 20 VDC<br />Low voltage alarm 	Audible<br />Overload shutdown 	Yes<br />Thermal shutdown 	Yes<br />Short circuit shutdown 	Yes<br />AC receptacle 	2 - three-prong receptacle<br />Warranty 	1 year<br />Inverter weight 	8.00 lbs<br />Dimensions (W x H x D) 	10.25 x 3.5 x 11.6 in.<br />Weight 	11.5 lbs.<br />     ','http://demo.mwds.ca/redriven/prod-picts//PW3502.jpg','http://demo.mwds.ca/redriven/prod-picts//PW3502.jpg','y',0.0000,'',0.0000,0.0000,0.0000,'inches',NULL,NULL,NULL,'24h.gif','1',NULL,NULL,1285810882,1285813117,'power Invertors',1,NULL,'',1,NULL,NULL),(41,1,0,'POW02','power inverter','General Power inverter dc to ac~ ','http://demo.mwds/redriven/prod-picts//POW02.jpg','http://demo.mwds/redriven/prod-picts//POW02.jpg','y',0.0000,'10kg',0.0000,0.0000,0.0000,'inches',NULL,NULL,NULL,'24h.gif','1',NULL,NULL,1285810920,1285810920,'power inverter',0,NULL,'',1,NULL,NULL),(42,1,0,'PW3553','power Invertors','http://demo.mwds/redriven/prod-picts//POW02.jpg<br /> ','http://demo.mwds/redriven/prod-picts//PW3553.jpg','http://demo.mwds/redriven/prod-picts//PW3553.jpg','y',0.0000,'10kg',0.0000,0.0000,0.0000,'inches',NULL,NULL,NULL,'24h.gif','1',NULL,NULL,1285812412,1285812412,'power Invertors',0,NULL,'',1,NULL,NULL),(43,1,0,'POW03','power inverter 250 volts','Pure sine wave inverters provide premium power that is identical to or even better than power supplied by your electric company.<p>Plugs into your cigarette lighter to power laptops, cell phone chargers and other small electronic devices in your vehicle! 	<br />      Features<br />	Pure Sine Wave Power Inverter<br />	300 watts continuous power<br />	350 watts (20 min)<br />	500 watts peak power<br />	Anodized aluminum case provides durability<br />	Built-in Cooling Fan<br />	120 volt AC outlet<br />	Overload Indicator<br />	Power ON/OFF Switch<br />	<br />      Specifications<br />Output Wave Form 	Pure Sine Wave<br />No-load draw 	less than 0.5 amp<br />Harmonic Distortion 	less than 3%<br />Input voltage range 	10-15 VDC<br />Over voltage shutdown 	over 15 VDC<br />Under voltage shutdown 	under 10 VDC<br />Overload shutdown 	Yes<br />Thermal shutdown 	Yes<br />Short circuit shutdown 	Yes<br />AC receptacle 	One 3-Prong<br />Warranty 	1 year<br />Dimensions (W x H x D) 	11 x 2.4 x 4.2 in.<br />Weight 	5 lbs.</p><br />     ','http://demo.mwds.ca/redriven/prod-picts//POW03.jpg','http://demo.mwds.ca/redriven/prod-picts//POW03.jpg','y',5.0000,'',0.0000,0.0000,0.0000,'inches',NULL,NULL,NULL,'24h.gif','1',NULL,NULL,1285813257,1285824642,'power inverter 250 volts',9,NULL,'',1,NULL,NULL),(44,1,0,'POWER030','power Invertors 300 amp','V/50Hz 900 Watt 12V Power Inverter<br />This heavy duty 220V / 50Hz inverter plugs directly to a 12 Volt DC battery to power EUROPEAN 220V/50Hz laptops, televisions, gaming consoles and other electronics and small appliances in your vehicle!<br />  Features<br />	900 watts continuous power<br />	1800 watts peak power<br />	Provides 4.1 Amps<br />	Anodized aluminum case provides durability<br />	Built-in Cooling Fan<br />	External, Replaceable 30 Amp spade-type Fuse<br />	Single Universal 220 volt 50Hz AC (EUROPEAN OUTLET)<br />	Overload Indicator<br />	Power ON/OFF Switch<br />	<br />	<br />	<br />  Specifications<br />Optimum efficiency 	up to 90%<br />No-load draw 	&lt; 0.9 amp<br />Output Wave Form 	Modified Sinewave<br />Input voltage range 	10-15 VDC<br />Over voltage shutdown 	over 15 VDC<br />Under voltage shutdown 	under 10 VDC<br />Low voltage alarm 	Audible<br />Overload shutdown 	Yes<br />Thermal shutdown 	Yes<br />Short circuit shutdown 	Yes<br />AC receptacle 	1 - Universal 3 Prong<br />Warranty 	1 year<br />Inverter weight 	5.00 lbs<br />Dimensions (W x H x D) 	5 x 2.75 x 10.6 in.<br />  <br /><br /> ','http://demo.mwds.ca/redriven/prod-picts//POWER030.jpg','http://demo.mwds.ca/redriven/prod-picts//POWER030.jpg','y',0.0000,'10kg',0.0000,0.0000,0.0000,'inches',NULL,NULL,NULL,'24h.gif','1',NULL,NULL,1285824451,1285824451,'power Invertors 300 amp',1,NULL,'',1,NULL,NULL);
/*!40000 ALTER TABLE `jos_vm_product` ENABLE KEYS */;
UNLOCK TABLES;

--
-- Table structure for table `jos_vm_product_attribute`
--

DROP TABLE IF EXISTS `jos_vm_product_attribute`;
/*!40101 SET @saved_cs_client     = @@character_set_client */;
/*!40101 SET character_set_client = utf8 */;
CREATE TABLE `jos_vm_product_attribute` (
  `product_id` int(11) NOT NULL DEFAULT '0',
  `attribute_name` char(255) NOT NULL DEFAULT '',
  `attribute_value` char(255) NOT NULL DEFAULT '',
  KEY `idx_product_attribute_product_id` (`product_id`),
  KEY `idx_product_attribute_name` (`attribute_name`)
) ENGINE=MyISAM DEFAULT CHARSET=latin1 COMMENT='Stores attributes + their specific values for Child Products';
/*!40101 SET character_set_client = @saved_cs_client */;

--
-- Dumping data for table `jos_vm_product_attribute`
--

LOCK TABLES `jos_vm_product_attribute` WRITE;
/*!40000 ALTER TABLE `jos_vm_product_attribute` DISABLE KEYS */;
INSERT INTO `jos_vm_product_attribute` VALUES (14,'Material','Metal'),(15,'Material','Wood'),(16,'Material','Plastic');
/*!40000 ALTER TABLE `jos_vm_product_attribute` ENABLE KEYS */;
UNLOCK TABLES;

--
-- Table structure for table `jos_vm_product_attribute_sku`
--

DROP TABLE IF EXISTS `jos_vm_product_attribute_sku`;
/*!40101 SET @saved_cs_client     = @@character_set_client */;
/*!40101 SET character_set_client = utf8 */;
CREATE TABLE `jos_vm_product_attribute_sku` (
  `product_id` int(11) NOT NULL DEFAULT '0',
  `attribute_name` char(255) NOT NULL DEFAULT '',
  `attribute_list` int(11) NOT NULL DEFAULT '0',
  KEY `idx_product_attribute_sku_product_id` (`product_id`),
  KEY `idx_product_attribute_sku_attribute_name` (`attribute_name`),
  KEY `idx_product_attribute_list` (`attribute_list`)
) ENGINE=MyISAM DEFAULT CHARSET=latin1 COMMENT='Attributes for a Parent Product used by its Child Products';
/*!40101 SET character_set_client = @saved_cs_client */;

--
-- Dumping data for table `jos_vm_product_attribute_sku`
--

LOCK TABLES `jos_vm_product_attribute_sku` WRITE;
/*!40000 ALTER TABLE `jos_vm_product_attribute_sku` DISABLE KEYS */;
INSERT INTO `jos_vm_product_attribute_sku` VALUES (1,'Color',1),(1,'Size',2),(2,'Material',1);
/*!40000 ALTER TABLE `jos_vm_product_attribute_sku` ENABLE KEYS */;
UNLOCK TABLES;

--
-- Table structure for table `jos_vm_product_category_xref`
--

DROP TABLE IF EXISTS `jos_vm_product_category_xref`;
/*!40101 SET @saved_cs_client     = @@character_set_client */;
/*!40101 SET character_set_client = utf8 */;
CREATE TABLE `jos_vm_product_category_xref` (
  `category_id` int(11) NOT NULL DEFAULT '0',
  `product_id` int(11) NOT NULL DEFAULT '0',
  `product_list` int(11) DEFAULT NULL,
  KEY `idx_product_category_xref_category_id` (`category_id`),
  KEY `idx_product_category_xref_product_id` (`product_id`),
  KEY `idx_product_category_xref_product_list` (`product_list`)
) ENGINE=MyISAM DEFAULT CHARSET=latin1 COMMENT='Maps Products to Categories';
/*!40101 SET character_set_client = @saved_cs_client */;

--
-- Dumping data for table `jos_vm_product_category_xref`
--

LOCK TABLES `jos_vm_product_category_xref` WRITE;
/*!40000 ALTER TABLE `jos_vm_product_category_xref` DISABLE KEYS */;
INSERT INTO `jos_vm_product_category_xref` VALUES (1,1,NULL),(3,2,NULL),(3,3,NULL),(3,4,NULL),(1,5,NULL),(1,6,NULL),(4,7,NULL),(2,8,NULL),(5,9,NULL),(2,10,NULL),(2,1,1),(2,18,NULL),(23,25,NULL),(23,29,NULL),(23,30,NULL),(23,31,NULL),(23,32,NULL),(23,33,NULL),(23,35,NULL),(23,36,NULL),(27,37,NULL),(23,38,NULL),(31,40,NULL),(31,43,NULL),(31,44,NULL);
/*!40000 ALTER TABLE `jos_vm_product_category_xref` ENABLE KEYS */;
UNLOCK TABLES;

--
-- Table structure for table `jos_vm_product_discount`
--

DROP TABLE IF EXISTS `jos_vm_product_discount`;
/*!40101 SET @saved_cs_client     = @@character_set_client */;
/*!40101 SET character_set_client = utf8 */;
CREATE TABLE `jos_vm_product_discount` (
  `discount_id` int(11) NOT NULL AUTO_INCREMENT,
  `amount` decimal(12,2) NOT NULL DEFAULT '0.00',
  `is_percent` tinyint(1) NOT NULL DEFAULT '0',
  `start_date` int(11) NOT NULL DEFAULT '0',
  `end_date` int(11) NOT NULL DEFAULT '0',
  PRIMARY KEY (`discount_id`)
) ENGINE=MyISAM AUTO_INCREMENT=3 DEFAULT CHARSET=latin1 COMMENT='Discounts that can be assigned to products';
/*!40101 SET character_set_client = @saved_cs_client */;

--
-- Dumping data for table `jos_vm_product_discount`
--

LOCK TABLES `jos_vm_product_discount` WRITE;
/*!40000 ALTER TABLE `jos_vm_product_discount` DISABLE KEYS */;
INSERT INTO `jos_vm_product_discount` VALUES (1,20.00,1,1097704800,1194390000),(2,2.00,0,1098655200,0);
/*!40000 ALTER TABLE `jos_vm_product_discount` ENABLE KEYS */;
UNLOCK TABLES;

--
-- Table structure for table `jos_vm_product_download`
--

DROP TABLE IF EXISTS `jos_vm_product_download`;
/*!40101 SET @saved_cs_client     = @@character_set_client */;
/*!40101 SET character_set_client = utf8 */;
CREATE TABLE `jos_vm_product_download` (
  `product_id` int(11) NOT NULL DEFAULT '0',
  `user_id` int(11) NOT NULL DEFAULT '0',
  `order_id` int(11) NOT NULL DEFAULT '0',
  `end_date` int(11) NOT NULL DEFAULT '0',
  `download_max` int(11) NOT NULL DEFAULT '0',
  `download_id` varchar(32) NOT NULL DEFAULT '',
  `file_name` varchar(255) NOT NULL DEFAULT '',
  PRIMARY KEY (`download_id`)
) ENGINE=MyISAM DEFAULT CHARSET=latin1 COMMENT='Active downloads for selling downloadable goods';
/*!40101 SET character_set_client = @saved_cs_client */;

--
-- Dumping data for table `jos_vm_product_download`
--

LOCK TABLES `jos_vm_product_download` WRITE;
/*!40000 ALTER TABLE `jos_vm_product_download` DISABLE KEYS */;
/*!40000 ALTER TABLE `jos_vm_product_download` ENABLE KEYS */;
UNLOCK TABLES;

--
-- Table structure for table `jos_vm_product_files`
--

DROP TABLE IF EXISTS `jos_vm_product_files`;
/*!40101 SET @saved_cs_client     = @@character_set_client */;
/*!40101 SET character_set_client = utf8 */;
CREATE TABLE `jos_vm_product_files` (
  `file_id` int(19) NOT NULL AUTO_INCREMENT,
  `file_product_id` int(11) NOT NULL DEFAULT '0',
  `file_name` varchar(128) NOT NULL DEFAULT '',
  `file_title` varchar(128) NOT NULL DEFAULT '',
  `file_description` mediumtext NOT NULL,
  `file_extension` varchar(128) NOT NULL DEFAULT '',
  `file_mimetype` varchar(64) NOT NULL DEFAULT '',
  `file_url` varchar(254) NOT NULL DEFAULT '',
  `file_published` tinyint(1) NOT NULL DEFAULT '0',
  `file_is_image` tinyint(1) NOT NULL DEFAULT '0',
  `file_image_height` int(11) NOT NULL DEFAULT '0',
  `file_image_width` int(11) NOT NULL DEFAULT '0',
  `file_image_thumb_height` int(11) NOT NULL DEFAULT '50',
  `file_image_thumb_width` int(11) NOT NULL DEFAULT '0',
  PRIMARY KEY (`file_id`)
) ENGINE=MyISAM DEFAULT CHARSET=latin1 COMMENT='Additional Images and Files which are assigned to products';
/*!40101 SET character_set_client = @saved_cs_client */;

--
-- Dumping data for table `jos_vm_product_files`
--

LOCK TABLES `jos_vm_product_files` WRITE;
/*!40000 ALTER TABLE `jos_vm_product_files` DISABLE KEYS */;
/*!40000 ALTER TABLE `jos_vm_product_files` ENABLE KEYS */;
UNLOCK TABLES;

--
-- Table structure for table `jos_vm_product_mf_xref`
--

DROP TABLE IF EXISTS `jos_vm_product_mf_xref`;
/*!40101 SET @saved_cs_client     = @@character_set_client */;
/*!40101 SET character_set_client = utf8 */;
CREATE TABLE `jos_vm_product_mf_xref` (
  `product_id` int(11) DEFAULT NULL,
  `manufacturer_id` int(11) DEFAULT NULL,
  KEY `idx_product_mf_xref_product_id` (`product_id`),
  KEY `idx_product_mf_xref_manufacturer_id` (`manufacturer_id`)
) ENGINE=MyISAM DEFAULT CHARSET=latin1 COMMENT='Maps a product to a manufacturer';
/*!40101 SET character_set_client = @saved_cs_client */;

--
-- Dumping data for table `jos_vm_product_mf_xref`
--

LOCK TABLES `jos_vm_product_mf_xref` WRITE;
/*!40000 ALTER TABLE `jos_vm_product_mf_xref` DISABLE KEYS */;
INSERT INTO `jos_vm_product_mf_xref` VALUES (1,1),(2,1),(3,1),(4,1),(5,1),(6,1),(7,1),(8,1),(9,1),(10,1),(14,1),(15,1),(16,1);
/*!40000 ALTER TABLE `jos_vm_product_mf_xref` ENABLE KEYS */;
UNLOCK TABLES;

--
-- Table structure for table `jos_vm_product_price`
--

DROP TABLE IF EXISTS `jos_vm_product_price`;
/*!40101 SET @saved_cs_client     = @@character_set_client */;
/*!40101 SET character_set_client = utf8 */;
CREATE TABLE `jos_vm_product_price` (
  `product_price_id` int(11) NOT NULL AUTO_INCREMENT,
  `product_id` int(11) NOT NULL DEFAULT '0',
  `product_price` decimal(12,5) DEFAULT NULL,
  `product_currency` char(16) DEFAULT NULL,
  `product_price_vdate` int(11) DEFAULT NULL,
  `product_price_edate` int(11) DEFAULT NULL,
  `cdate` int(11) DEFAULT NULL,
  `mdate` int(11) DEFAULT NULL,
  `shopper_group_id` int(11) DEFAULT NULL,
  `price_quantity_start` int(11) unsigned NOT NULL DEFAULT '0',
  `price_quantity_end` int(11) unsigned NOT NULL DEFAULT '0',
  PRIMARY KEY (`product_price_id`),
  KEY `idx_product_price_product_id` (`product_id`),
  KEY `idx_product_price_shopper_group_id` (`shopper_group_id`)
) ENGINE=MyISAM AUTO_INCREMENT=35 DEFAULT CHARSET=latin1 COMMENT='Holds price records for a product';
/*!40101 SET character_set_client = @saved_cs_client */;

--
-- Dumping data for table `jos_vm_product_price`
--

LOCK TABLES `jos_vm_product_price` WRITE;
/*!40000 ALTER TABLE `jos_vm_product_price` DISABLE KEYS */;
INSERT INTO `jos_vm_product_price` VALUES (1,5,0.25000,'CAD',0,0,950321309,1178642222,5,0,0),(2,1,0.75000,'CAD',0,0,950321324,1178642103,5,0,0),(3,2,49.99000,'USD',0,0,950321340,950321340,5,0,0),(4,3,1.00000,'CAD',0,0,950321368,1178642350,5,0,0),(5,4,0.25000,'CAD',0,0,950321385,1178642450,5,0,0),(6,6,0.25000,'USD',0,0,950321686,1178641952,5,0,0),(7,7,0.25000,'USD',0,0,950321754,1177350285,5,0,0),(8,8,220.90000,'USD',0,0,950321833,955614388,5,0,0),(9,9,48.12000,'USD',0,0,950321933,950321933,5,0,0),(10,10,74.99000,'USD',0,0,950322005,950322005,5,0,0),(11,1,2.99000,'USD',0,0,955626841,955626841,6,0,0),(13,14,79.99000,'USD',0,0,962351197,962351271,5,0,0),(14,15,49.99000,'USD',0,0,962351233,962351233,5,0,0),(15,16,59.99000,'USD',0,0,962351259,962351259,5,0,0),(16,7,2.99000,'USD',0,0,966589140,966589140,6,0,0),(17,0,56.00000,'CDN',0,0,1187234857,1187234857,5,0,0),(18,0,1500.00000,'CDN',0,0,1187568263,1187568263,5,0,0),(19,0,27.00000,'CDN',0,0,1187568451,1187568451,5,0,0),(20,0,2700.00000,'CDN',0,0,1187568599,1187568599,5,0,0),(29,38,400.00000,'CDN',0,0,1187586159,1187586159,5,0,0),(28,36,36.00000,'CDN',0,0,1187578307,1187578307,5,0,0),(30,43,53.00000,'CDN',0,0,1285817432,1285817432,5,0,0),(31,0,38.00000,'CDN',0,0,1286004263,1286004263,5,0,0),(32,0,23.00000,'CDN',0,0,1286004268,1286004268,5,0,0),(33,0,33.00000,'CDN',0,0,1286004273,1286004273,5,0,0),(34,1,50.00000,'CDN',0,0,1292242463,1292242463,5,0,0);
/*!40000 ALTER TABLE `jos_vm_product_price` ENABLE KEYS */;
UNLOCK TABLES;

--
-- Table structure for table `jos_vm_product_product_type_xref`
--

DROP TABLE IF EXISTS `jos_vm_product_product_type_xref`;
/*!40101 SET @saved_cs_client     = @@character_set_client */;
/*!40101 SET character_set_client = utf8 */;
CREATE TABLE `jos_vm_product_product_type_xref` (
  `product_id` int(11) NOT NULL DEFAULT '0',
  `product_type_id` int(11) NOT NULL DEFAULT '0',
  KEY `idx_product_product_type_xref_product_id` (`product_id`),
  KEY `idx_product_product_type_xref_product_type_id` (`product_type_id`)
) ENGINE=MyISAM DEFAULT CHARSET=latin1 COMMENT='Maps products to a product type';
/*!40101 SET character_set_client = @saved_cs_client */;

--
-- Dumping data for table `jos_vm_product_product_type_xref`
--

LOCK TABLES `jos_vm_product_product_type_xref` WRITE;
/*!40000 ALTER TABLE `jos_vm_product_product_type_xref` DISABLE KEYS */;
/*!40000 ALTER TABLE `jos_vm_product_product_type_xref` ENABLE KEYS */;
UNLOCK TABLES;

--
-- Table structure for table `jos_vm_product_relations`
--

DROP TABLE IF EXISTS `jos_vm_product_relations`;
/*!40101 SET @saved_cs_client     = @@character_set_client */;
/*!40101 SET character_set_client = utf8 */;
CREATE TABLE `jos_vm_product_relations` (
  `product_id` int(11) NOT NULL DEFAULT '0',
  `related_products` text,
  PRIMARY KEY (`product_id`)
) ENGINE=MyISAM DEFAULT CHARSET=latin1;
/*!40101 SET character_set_client = @saved_cs_client */;

--
-- Dumping data for table `jos_vm_product_relations`
--

LOCK TABLES `jos_vm_product_relations` WRITE;
/*!40000 ALTER TABLE `jos_vm_product_relations` DISABLE KEYS */;
INSERT INTO `jos_vm_product_relations` VALUES (5,'1'),(4,'3');
/*!40000 ALTER TABLE `jos_vm_product_relations` ENABLE KEYS */;
UNLOCK TABLES;

--
-- Table structure for table `jos_vm_product_reviews`
--

DROP TABLE IF EXISTS `jos_vm_product_reviews`;
/*!40101 SET @saved_cs_client     = @@character_set_client */;
/*!40101 SET character_set_client = utf8 */;
CREATE TABLE `jos_vm_product_reviews` (
  `product_id` varchar(255) NOT NULL DEFAULT '',
  `comment` text NOT NULL,
  `userid` int(11) NOT NULL DEFAULT '0',
  `time` int(11) NOT NULL DEFAULT '0',
  `user_rating` tinyint(1) NOT NULL DEFAULT '0',
  `review_ok` int(11) NOT NULL DEFAULT '0',
  `review_votes` int(11) NOT NULL DEFAULT '0'
) ENGINE=MyISAM DEFAULT CHARSET=latin1;
/*!40101 SET character_set_client = @saved_cs_client */;

--
-- Dumping data for table `jos_vm_product_reviews`
--

LOCK TABLES `jos_vm_product_reviews` WRITE;
/*!40000 ALTER TABLE `jos_vm_product_reviews` DISABLE KEYS */;
/*!40000 ALTER TABLE `jos_vm_product_reviews` ENABLE KEYS */;
UNLOCK TABLES;

--
-- Table structure for table `jos_vm_product_type`
--

DROP TABLE IF EXISTS `jos_vm_product_type`;
/*!40101 SET @saved_cs_client     = @@character_set_client */;
/*!40101 SET character_set_client = utf8 */;
CREATE TABLE `jos_vm_product_type` (
  `product_type_id` int(11) NOT NULL AUTO_INCREMENT,
  `product_type_name` varchar(255) NOT NULL DEFAULT '',
  `product_type_description` text,
  `product_type_publish` char(1) DEFAULT NULL,
  `product_type_browsepage` varchar(255) DEFAULT NULL,
  `product_type_flypage` varchar(255) DEFAULT NULL,
  `product_type_list_order` int(11) DEFAULT NULL,
  PRIMARY KEY (`product_type_id`)
) ENGINE=MyISAM DEFAULT CHARSET=latin1;
/*!40101 SET character_set_client = @saved_cs_client */;

--
-- Dumping data for table `jos_vm_product_type`
--

LOCK TABLES `jos_vm_product_type` WRITE;
/*!40000 ALTER TABLE `jos_vm_product_type` DISABLE KEYS */;
/*!40000 ALTER TABLE `jos_vm_product_type` ENABLE KEYS */;
UNLOCK TABLES;

--
-- Table structure for table `jos_vm_product_type_parameter`
--

DROP TABLE IF EXISTS `jos_vm_product_type_parameter`;
/*!40101 SET @saved_cs_client     = @@character_set_client */;
/*!40101 SET character_set_client = utf8 */;
CREATE TABLE `jos_vm_product_type_parameter` (
  `product_type_id` int(11) NOT NULL DEFAULT '0',
  `parameter_name` varchar(255) NOT NULL DEFAULT '',
  `parameter_label` varchar(255) NOT NULL DEFAULT '',
  `parameter_description` text,
  `parameter_list_order` int(11) NOT NULL DEFAULT '0',
  `parameter_type` char(1) NOT NULL DEFAULT 'T',
  `parameter_values` varchar(255) DEFAULT NULL,
  `parameter_multiselect` char(1) DEFAULT NULL,
  `parameter_default` varchar(255) DEFAULT NULL,
  `parameter_unit` varchar(32) DEFAULT NULL,
  PRIMARY KEY (`product_type_id`,`parameter_name`),
  KEY `idx_product_type_parameter_product_type_id` (`product_type_id`),
  KEY `idx_product_type_parameter_parameter_order` (`parameter_list_order`)
) ENGINE=MyISAM DEFAULT CHARSET=latin1 COMMENT='Parameters which are part of a product type';
/*!40101 SET character_set_client = @saved_cs_client */;

--
-- Dumping data for table `jos_vm_product_type_parameter`
--

LOCK TABLES `jos_vm_product_type_parameter` WRITE;
/*!40000 ALTER TABLE `jos_vm_product_type_parameter` DISABLE KEYS */;
/*!40000 ALTER TABLE `jos_vm_product_type_parameter` ENABLE KEYS */;
UNLOCK TABLES;

--
-- Table structure for table `jos_vm_product_votes`
--

DROP TABLE IF EXISTS `jos_vm_product_votes`;
/*!40101 SET @saved_cs_client     = @@character_set_client */;
/*!40101 SET character_set_client = utf8 */;
CREATE TABLE `jos_vm_product_votes` (
  `product_id` int(255) NOT NULL DEFAULT '0',
  `votes` text NOT NULL,
  `allvotes` int(11) NOT NULL DEFAULT '0',
  `rating` tinyint(1) NOT NULL DEFAULT '0',
  `lastip` varchar(50) NOT NULL DEFAULT '0'
) ENGINE=MyISAM DEFAULT CHARSET=latin1 COMMENT='Stores all votes for a product';
/*!40101 SET character_set_client = @saved_cs_client */;

--
-- Dumping data for table `jos_vm_product_votes`
--

LOCK TABLES `jos_vm_product_votes` WRITE;
/*!40000 ALTER TABLE `jos_vm_product_votes` DISABLE KEYS */;
/*!40000 ALTER TABLE `jos_vm_product_votes` ENABLE KEYS */;
UNLOCK TABLES;

--
-- Table structure for table `jos_vm_shipping_carrier`
--

DROP TABLE IF EXISTS `jos_vm_shipping_carrier`;
/*!40101 SET @saved_cs_client     = @@character_set_client */;
/*!40101 SET character_set_client = utf8 */;
CREATE TABLE `jos_vm_shipping_carrier` (
  `shipping_carrier_id` int(11) NOT NULL AUTO_INCREMENT,
  `shipping_carrier_name` char(80) NOT NULL DEFAULT '',
  `shipping_carrier_list_order` int(11) NOT NULL DEFAULT '0',
  PRIMARY KEY (`shipping_carrier_id`)
) ENGINE=MyISAM AUTO_INCREMENT=4 DEFAULT CHARSET=latin1 COMMENT='Shipping Carriers as used by the Standard Shipping Module';
/*!40101 SET character_set_client = @saved_cs_client */;

--
-- Dumping data for table `jos_vm_shipping_carrier`
--

LOCK TABLES `jos_vm_shipping_carrier` WRITE;
/*!40000 ALTER TABLE `jos_vm_shipping_carrier` DISABLE KEYS */;
INSERT INTO `jos_vm_shipping_carrier` VALUES (1,'DHL',0),(2,'UPS',1),(3,'Canada Post',2);
/*!40000 ALTER TABLE `jos_vm_shipping_carrier` ENABLE KEYS */;
UNLOCK TABLES;

--
-- Table structure for table `jos_vm_shipping_rate`
--

DROP TABLE IF EXISTS `jos_vm_shipping_rate`;
/*!40101 SET @saved_cs_client     = @@character_set_client */;
/*!40101 SET character_set_client = utf8 */;
CREATE TABLE `jos_vm_shipping_rate` (
  `shipping_rate_id` int(11) NOT NULL AUTO_INCREMENT,
  `shipping_rate_name` varchar(255) NOT NULL DEFAULT '',
  `shipping_rate_carrier_id` int(11) NOT NULL DEFAULT '0',
  `shipping_rate_country` text NOT NULL,
  `shipping_rate_zip_start` varchar(32) NOT NULL DEFAULT '',
  `shipping_rate_zip_end` varchar(32) NOT NULL DEFAULT '',
  `shipping_rate_weight_start` decimal(10,3) NOT NULL DEFAULT '0.000',
  `shipping_rate_weight_end` decimal(10,3) NOT NULL DEFAULT '0.000',
  `shipping_rate_value` decimal(10,2) NOT NULL DEFAULT '0.00',
  `shipping_rate_package_fee` decimal(10,2) NOT NULL DEFAULT '0.00',
  `shipping_rate_currency_id` int(11) NOT NULL DEFAULT '0',
  `shipping_rate_vat_id` int(11) NOT NULL DEFAULT '0',
  `shipping_rate_list_order` int(11) NOT NULL DEFAULT '0',
  PRIMARY KEY (`shipping_rate_id`)
) ENGINE=MyISAM AUTO_INCREMENT=23 DEFAULT CHARSET=latin1 COMMENT='Shipping Rates, used by the Standard Shipping Module';
/*!40101 SET character_set_client = @saved_cs_client */;

--
-- Dumping data for table `jos_vm_shipping_rate`
--

LOCK TABLES `jos_vm_shipping_rate` WRITE;
/*!40000 ALTER TABLE `jos_vm_shipping_rate` DISABLE KEYS */;
INSERT INTO `jos_vm_shipping_rate` VALUES (1,'Inland &gt; 4kg',1,'DEU','00000','99999',0.000,4.000,5.62,2.00,47,0,1),(2,'Inland &gt; 8kg',1,'DEU','00000','99999',4.000,8.000,6.39,2.00,47,0,2),(3,'Inland &gt; 12kg',1,'DEU','00000','99999',8.000,12.000,7.16,2.00,47,0,3),(4,'Inland &gt; 20kg',1,'DEU','00000','99999',12.000,20.000,8.69,2.00,47,0,4),(5,'EU+ &gt;  4kg',1,'AND;BEL;DNK;FRO;FIN;FRA;GRC;GRL;GBR;IRL;ITA;LIE;LUX;MCO;NLD;AUT;POL;PRT;SMR;SWE;CHE;SVK;ESP;CZE','00000','99999',0.000,4.000,14.00,2.00,47,0,5),(6,'EU+ &gt;  8kg',1,'AND;BEL;DNK;FRO;FIN;FRA;GRC;GRL;GBR;IRL;ITA;LIE;LUX;MCO;NLD;AUT;POL;PRT;SMR;SWE;CHE;SVK;ESP;CZE','00000','99999',4.000,8.000,18.00,2.00,47,0,6),(7,'EU+ &gt; 12kg',1,'AND;BEL;DNK;FRO;FIN;FRA;GRC;GRL;GBR;IRL;ITA;LIE;LUX;MCO;NLD;AUT;POL;PRT;SMR;SWE;CHE;SVK;ESP;CZE','00000','99999',8.000,12.000,22.00,2.00,47,0,7),(8,'EU+ &gt; 20kg',1,'AND;BEL;DNK;FRO;FIN;FRA;GRC;GRL;GBR;IRL;ITA;LIE;LUX;MCO;NLD;AUT;POL;PRT;SMR;SWE;CHE;SVK;ESP;CZE','00000','99999',12.000,20.000,30.00,2.00,47,0,8),(9,'Europe &gt; 4kg',1,'ALB;ARM;AZE;BLR;BIH;BGR;EST;GEO;GIB;ISL;YUG;KAZ;HRV;LVA;LTU;MLT;MKD;MDA;NOR;ROM;RUS;SVN;TUR;UKR;HUN;BLR;CYP','00000','99999',0.000,4.000,23.00,2.00,47,0,9),(10,'Europe &gt;  8kg',1,'ALB;ARM;AZE;BLR;BIH;BGR;EST;GEO;GIB;ISL;YUG;KAZ;HRV;LVA;LTU;MLT;MKD;MDA;NOR;ROM;RUS;SVN;TUR;UKR;HUN;BLR;CYP','00000','99999',4.000,8.000,29.00,2.00,47,0,10),(11,'Europe &gt; 12kg',1,'ALB;ARM;AZE;BLR;BIH;BGR;EST;GEO;GIB;ISL;YUG;KAZ;HRV;LVA;LTU;MLT;MKD;MDA;NOR;ROM;RUS;SVN;TUR;UKR;HUN;BLR;CYP','00000','99999',8.000,12.000,36.00,2.00,47,0,11),(12,'Europe &gt; 20kg',1,'ALB;ARM;AZE;BLR;BIH;BGR;EST;GEO;GIB;ISL;YUG;KAZ;HRV;LVA;LTU;MLT;MKD;MDA;NOR;ROM;RUS;SVN;TUR;UKR;HUN;BLR;CYP','00000','99999',12.000,20.000,48.00,2.00,47,0,12),(13,'World_1 &gt;  4kg',1,'EGY;DZA;BHR;IRQ;IRN;ISR;YEM;JOR;CAN;QAT;KWT;LBN;LBY;MAR;OMN;SAU;SYR;TUN;ARE;USA','00000','99999',0.000,4.000,26.00,2.00,47,0,13),(14,'World_1 &gt; 8kg',1,'EGY;DZA;BHR;IRQ;IRN;ISR;YEM;JOR;CAN;QAT;KWT;LBN;LBY;MAR;OMN;SAU;SYR;TUN;ARE;USA','00000','99999',4.000,8.000,35.00,2.00,47,0,14),(15,'World_1 &gt;12kg',1,'EGY;DZA;BHR;IRQ;IRN;ISR;YEM;JOR;CAN;QAT;KWT;LBN;LBY;MAR;OMN;SAU;SYR;TUN;ARE;USA','00000','99999',8.000,12.000,43.00,2.00,47,0,15),(16,'World_1 &gt;20kg',1,'EGY;DZA;BHR;IRQ;IRN;ISR;YEM;JOR;CAN;QAT;KWT;LBN;LBY;MAR;OMN;SAU;SYR;TUN;ARE;USA','00000','99999',12.000,20.000,59.00,2.00,47,0,16),(17,'World_2 &gt; 4kg',1,'','00000','99999',0.000,4.000,32.00,2.00,47,0,17),(18,'World_2 &gt; 8kg',1,'','00000','99999',4.000,8.000,47.00,2.00,47,0,18),(19,'World_2 &gt; 12kg',1,'','00000','99999',8.000,12.000,61.00,2.00,47,0,19),(20,'World_2 &gt; 20kg',1,'','00000','99999',12.000,20.000,90.00,2.00,47,0,20),(21,'UPS Express',2,'AND;BEL;DNK;FRO;FIN;FRA;GRC;GRL;GBR;IRL;ITA;LIE;LUX;MCO;NLD;AUT;POL;PRT;SMR;SWE;CHE;SVK;ESP;CZE','00000','99999',0.000,20.000,5.00,2.00,47,0,21),(22,'Canada Post Shipping',3,'CAN;','00000','99999',0.000,1000000.000,0.10,0.05,26,0,0);
/*!40000 ALTER TABLE `jos_vm_shipping_rate` ENABLE KEYS */;
UNLOCK TABLES;

--
-- Table structure for table `jos_vm_shopper_group`
--

DROP TABLE IF EXISTS `jos_vm_shopper_group`;
/*!40101 SET @saved_cs_client     = @@character_set_client */;
/*!40101 SET character_set_client = utf8 */;
CREATE TABLE `jos_vm_shopper_group` (
  `shopper_group_id` int(11) NOT NULL AUTO_INCREMENT,
  `vendor_id` int(11) DEFAULT NULL,
  `shopper_group_name` varchar(32) DEFAULT NULL,
  `shopper_group_desc` text,
  `shopper_group_discount` decimal(5,2) NOT NULL DEFAULT '0.00',
  `show_price_including_tax` tinyint(1) NOT NULL DEFAULT '1',
  `default` tinyint(1) NOT NULL DEFAULT '0',
  PRIMARY KEY (`shopper_group_id`),
  KEY `idx_shopper_group_vendor_id` (`vendor_id`),
  KEY `idx_shopper_group_name` (`shopper_group_name`)
) ENGINE=MyISAM AUTO_INCREMENT=8 DEFAULT CHARSET=latin1 COMMENT='Shopper Groups that users can be assigned to';
/*!40101 SET character_set_client = @saved_cs_client */;

--
-- Dumping data for table `jos_vm_shopper_group`
--

LOCK TABLES `jos_vm_shopper_group` WRITE;
/*!40000 ALTER TABLE `jos_vm_shopper_group` DISABLE KEYS */;
INSERT INTO `jos_vm_shopper_group` VALUES (5,1,'-default-','This is the default shopper group.',0.00,1,1),(6,1,'Gold Level','Gold Level phpShoppers.',0.00,1,0),(7,1,'Wholesale','Shoppers that can buy at wholesale.',0.00,0,0);
/*!40000 ALTER TABLE `jos_vm_shopper_group` ENABLE KEYS */;
UNLOCK TABLES;

--
-- Table structure for table `jos_vm_shopper_vendor_xref`
--

DROP TABLE IF EXISTS `jos_vm_shopper_vendor_xref`;
/*!40101 SET @saved_cs_client     = @@character_set_client */;
/*!40101 SET character_set_client = utf8 */;
CREATE TABLE `jos_vm_shopper_vendor_xref` (
  `user_id` int(11) DEFAULT NULL,
  `vendor_id` int(11) DEFAULT NULL,
  `shopper_group_id` int(11) DEFAULT NULL,
  `customer_number` varchar(32) DEFAULT NULL,
  KEY `idx_shopper_vendor_xref_user_id` (`user_id`),
  KEY `idx_shopper_vendor_xref_vendor_id` (`vendor_id`),
  KEY `idx_shopper_vendor_xref_shopper_group_id` (`shopper_group_id`)
) ENGINE=MyISAM DEFAULT CHARSET=latin1 COMMENT='Maps a user to a Shopper Group of a Vendor';
/*!40101 SET character_set_client = @saved_cs_client */;

--
-- Dumping data for table `jos_vm_shopper_vendor_xref`
--

LOCK TABLES `jos_vm_shopper_vendor_xref` WRITE;
/*!40000 ALTER TABLE `jos_vm_shopper_vendor_xref` DISABLE KEYS */;
INSERT INTO `jos_vm_shopper_vendor_xref` VALUES (62,1,5,''),(65,1,5,'20494984474600a0214094f'),(66,1,5,'66702859946016ff8bffc4'),(67,1,5,'1883972384601729f16fd0'),(68,1,5,'8173800354601764aaac0f'),(69,1,5,'32106440546017864122a9'),(70,1,5,'95797110646017972a5083'),(71,1,5,'108339951446017ac533394'),(72,1,5,'35438558546019e3d63c05'),(73,1,5,'11445417204602280413e81'),(74,1,5,'88010893146023054506d5'),(75,1,5,'15868996064602317c328e4'),(77,1,5,'7658817684609359122a86'),(79,1,5,'1664016707460a80f35e801'),(80,1,5,'513599521460adf762b075'),(81,1,5,'194693327146116dfd1c289'),(82,1,5,'788356303462381805e5d5'),(78,1,5,'48807498146239e5360be8'),(83,1,5,'832567522462cf1e4ea9bb'),(84,1,5,'16841610444640a3cf8932e'),(85,1,5,'1930520254649c0a93b397'),(86,1,5,'2394678214676b32a26916'),(87,1,5,'111714568846771e89ebaf0'),(88,1,5,'98015416646803ee130cf8'),(89,1,5,'211238118846bff920180c6'),(90,1,5,'20955243964ca3fdbd779de'),(91,1,5,'13638218134d0491dadc358'),(92,1,5,'2875810604d049f0260d74'),(93,1,5,'15900659604d063632e0413');
/*!40000 ALTER TABLE `jos_vm_shopper_vendor_xref` ENABLE KEYS */;
UNLOCK TABLES;

--
-- Table structure for table `jos_vm_state`
--

DROP TABLE IF EXISTS `jos_vm_state`;
/*!40101 SET @saved_cs_client     = @@character_set_client */;
/*!40101 SET character_set_client = utf8 */;
CREATE TABLE `jos_vm_state` (
  `state_id` int(11) NOT NULL AUTO_INCREMENT,
  `country_id` int(11) NOT NULL DEFAULT '1',
  `state_name` varchar(64) DEFAULT NULL,
  `state_3_code` char(3) DEFAULT NULL,
  `state_2_code` char(2) DEFAULT NULL,
  PRIMARY KEY (`state_id`),
  UNIQUE KEY `state_3_code` (`state_3_code`,`state_2_code`),
  KEY `idx_country_id` (`country_id`)
) ENGINE=MyISAM AUTO_INCREMENT=209 DEFAULT CHARSET=latin1 COMMENT='States that are assigned to a country';
/*!40101 SET character_set_client = @saved_cs_client */;

--
-- Dumping data for table `jos_vm_state`
--

LOCK TABLES `jos_vm_state` WRITE;
/*!40000 ALTER TABLE `jos_vm_state` DISABLE KEYS */;
INSERT INTO `jos_vm_state` VALUES (1,223,'Alabama','ALA','AL'),(2,223,'Alaska','ALK','AK'),(3,223,'Arizona','ARZ','AZ'),(4,223,'Arkansas','ARK','AR'),(5,223,'California','CAL','CA'),(6,223,'Colorado','COL','CO'),(7,223,'Connecticut','CCT','CT'),(8,223,'Delaware','DEL','DE'),(9,223,'District Of Columbia','DOC','DC'),(10,223,'Florida','FLO','FL'),(11,223,'Georgia','GEA','GA'),(12,223,'Hawaii','HWI','HI'),(13,223,'Idaho','IDA','ID'),(14,223,'Illinois','ILL','IL'),(15,223,'Indiana','IND','IN'),(16,223,'Iowa','IOA','IA'),(17,223,'Kansas','KAS','KS'),(18,223,'Kentucky','KTY','KY'),(19,223,'Louisiana','LOA','LA'),(20,223,'Maine','MAI','ME'),(21,223,'Maryland','MLD','MD'),(22,223,'Massachusetts','MSA','MA'),(23,223,'Michigan','MIC','MI'),(24,223,'Minnesota','MIN','MN'),(25,223,'Mississippi','MIS','MS'),(26,223,'Missouri','MIO','MO'),(27,223,'Montana','MOT','MT'),(28,223,'Nebraska','NEB','NE'),(29,223,'Nevada','NEV','NV'),(30,223,'New Hampshire','NEH','NH'),(31,223,'New Jersey','NEJ','NJ'),(32,223,'New Mexico','NEM','NM'),(33,223,'New York','NEY','NY'),(34,223,'North Carolina','NOC','NC'),(35,223,'North Dakota','NOD','ND'),(36,223,'Ohio','OHI','OH'),(37,223,'Oklahoma','OKL','OK'),(38,223,'Oregon','ORN','OR'),(39,223,'Pennsylvania','PEA','PA'),(40,223,'Rhode Island','RHI','RI'),(41,223,'South Carolina','SOC','SC'),(42,223,'South Dakota','SOD','SD'),(43,223,'Tennessee','TEN','TN'),(44,223,'Texas','TXS','TX'),(45,223,'Utah','UTA','UT'),(46,223,'Vermont','VMT','VT'),(47,223,'Virginia','VIA','VA'),(48,223,'Washington','WAS','WA'),(49,223,'West Virginia','WEV','WV'),(50,223,'Wisconsin','WIS','WI'),(51,223,'Wyoming','WYO','WY'),(52,38,'Alberta','ALB','AB'),(53,38,'British Columbia','BRC','BC'),(54,38,'Manitoba','MAB','MB'),(55,38,'New Brunswick','NEB','NB'),(56,38,'Newfoundland and Labrador','NFL','NL'),(57,38,'Northwest Territories','NWT','NT'),(58,38,'Nova Scotia','NOS','NS'),(59,38,'Nunavut','NUT','NU'),(60,38,'Ontario','ONT','ON'),(61,38,'Prince Edward Island','PEI','PE'),(62,38,'Quebec','QEC','QC'),(63,38,'Saskatchewan','SAK','SK'),(64,38,'Yukon','YUT','YT'),(65,222,'England','ENG','EN'),(66,222,'Northern Ireland','NOI','NI'),(67,222,'Scotland','SCO','SD'),(68,222,'Wales','WLS','WS'),(69,13,'Australian Capital Territory','ACT','AT'),(70,13,'New South Wales','NSW','NW'),(71,13,'Northern Territory','NOT','NT'),(72,13,'Queensland','QLD','QL'),(73,13,'South Australia','SOA','SA'),(74,13,'Tasmania','TAS','TA'),(75,13,'Victoria','VIC','VI'),(76,13,'Western Australia','WEA','WA'),(77,138,'Aguascalientes','AGS','AG'),(78,138,'Baja California Norte','BCN','BN'),(79,138,'Baja California Sur','BCS','BS'),(80,138,'Campeche','CAM','CA'),(81,138,'Chiapas','CHI','CS'),(82,138,'Chihuahua','CHA','CH'),(83,138,'Coahuila','COA','CO'),(84,138,'Colima','COL','CM'),(85,138,'Distrito Federal','DFM','DF'),(86,138,'Durango','DGO','DO'),(87,138,'Guanajuato','GTO','GO'),(88,138,'Guerrero','GRO','GU'),(89,138,'Hidalgo','HGO','HI'),(90,138,'Jalisco','JAL','JA'),(91,138,'Mxico (Estado de)','EDM','EM'),(92,138,'Michoacn','MCN','MI'),(93,138,'Morelos','MOR','MO'),(94,138,'Nayarit','NAY','NY'),(95,138,'Nuevo Len','NUL','NL'),(96,138,'Oaxaca','OAX','OA'),(97,138,'Puebla','PUE','PU'),(98,138,'Quertaro','QRO','QU'),(99,138,'Quintana Roo','QUR','QR'),(100,138,'San Luis Potos','SLP','SP'),(101,138,'Sinaloa','SIN','SI'),(102,138,'Sonora','SON','SO'),(103,138,'Tabasco','TAB','TA'),(104,138,'Tamaulipas','TAM','TM'),(105,138,'Tlaxcala','TLX','TX'),(106,138,'Veracruz','VER','VZ'),(107,138,'Yucatn','YUC','YU'),(108,138,'Zacatecas','ZAC','ZA'),(109,30,'Acre','ACR','AC'),(110,30,'Alagoas','ALG','AL'),(111,30,'Amap','AMP','AP'),(112,30,'Amazonas','AMZ','AM'),(113,30,'Baha','BAH','BA'),(114,30,'Cear','CEA','CE'),(115,30,'Distrito Federal','DFB','DF'),(116,30,'Espirito Santo','ESS','ES'),(117,30,'Gois','GOI','GO'),(118,30,'Maranho','MAR','MA'),(119,30,'Mato Grosso','MAT','MT'),(120,30,'Mato Grosso do Sul','MGS','MS'),(121,30,'Minas Geras','MIG','MG'),(122,30,'Paran','PAR','PR'),(123,30,'Paraba','PRB','PB'),(124,30,'Par','PAB','PA'),(125,30,'Pernambuco','PER','PR'),(126,30,'Piau','PIA','PI'),(127,30,'Rio Grande do Norte','RGN','RN'),(128,30,'Rio Grande do Sul','RGS','RS'),(129,30,'Rio de Janeiro','RDJ','RJ'),(130,30,'Rondnia','RON','RO'),(131,30,'Roraima','ROR','RR'),(132,30,'Santa Catarina','SAC','SC'),(133,30,'Sergipe','SER','SE'),(134,30,'So Paulo','SAP','SP'),(135,30,'Tocantins','TOC','TO'),(136,44,'Anhui','ANH','AN'),(137,44,'Beijing','BEI','BE'),(138,44,'Fujian','FUJ','FJ'),(139,44,'Gansu','GAN','GU'),(140,44,'Guangdong','GUA','GU'),(141,44,'Guangxi Zhuang','GUZ','GZ'),(142,44,'Guizhou','GUI','GI'),(143,44,'Hainan','HAI','HA'),(144,44,'Hebei','HEB','HE'),(145,44,'Heilongjiang','HEI','HG'),(146,44,'Henan','HEN','HN'),(147,44,'Hubei','HUB','HI'),(148,44,'Hunan','HUN','HU'),(149,44,'Jiangsu','JIA','JI'),(150,44,'Jiangxi','JIX','JX'),(151,44,'Jilin','JIL','JN'),(152,44,'Liaoning','LIA','LI'),(153,44,'Nei Mongol','NML','NM'),(154,44,'Ningxia Hui','NIH','NH'),(155,44,'Qinghai','QIN','QI'),(156,44,'Shaanxi','SHA','SH'),(157,44,'Shandong','SNG','SG'),(158,44,'Shanghai','SHH','SI'),(159,44,'Shanxi','SHX','SX'),(160,44,'Sichuan','SIC','SN'),(161,44,'Tianjin','TIA','TI'),(162,44,'Xinjiang Uygur','XIU','XU'),(163,44,'Xizang','XIZ','XI'),(164,44,'Yunnan','YUN','YU'),(165,44,'Zhejiang','ZHE','ZH'),(166,151,'Bonaire','BNR','BN'),(167,151,'Curacao','CUR','CR'),(168,175,'Alba','ABA','AB'),(169,175,'Arad','ARD','AR'),(170,175,'Arges','ARG','AG'),(171,175,'Bacau','BAC','BC'),(172,175,'Bihor','BIH','BH'),(173,175,'Bistrita-Nasaud','BIS','BN'),(174,175,'Botosani','BOT','BT'),(175,175,'Braila','BRL','BL'),(176,175,'Brasov','BRA','BR'),(177,175,'Bucuresti','BUC','IF'),(178,175,'Buzau','BUZ','BU'),(179,175,'Calarasi','CAL','CL'),(180,175,'Caras Severin','CRS','CS'),(181,175,'Cluj','CLJ','CJ'),(182,175,'Constanta','CST','CT'),(183,175,'Covasna','COV','CV'),(184,175,'Dambovita','DAM','DV'),(185,175,'Dolj','DLJ','DJ'),(186,175,'Galati','GAL','GL'),(187,175,'Giurgiu','GIU','GR'),(188,175,'Hargita','HRG','HR'),(189,175,'Hunedoara','HUN','HN'),(190,175,'Ialomita','IAL','IL'),(191,175,'Iasi','IAS','IS'),(192,175,'Ilfov','ILF','IF'),(193,175,'Maramures','MAR','MM'),(194,175,'Mehedinti','MEH','MH'),(195,175,'Mures','MUR','MS'),(196,175,'Neamt','NEM','NT'),(197,175,'Olt','OLT','OT'),(198,175,'Prahova','PRA','PR'),(199,175,'Salaj','SAL','SJ'),(200,175,'Satu Mare','SAT','ST'),(201,175,'Sibiu','SIB','SB'),(202,175,'Suceava','SUC','SV'),(203,175,'Teleorman','TEL','TL'),(204,175,'Timis','TIM','TM'),(205,175,'Tulcea','TUL','TL'),(206,175,'Valcea','VAL','VL'),(207,175,'Vaslui','VAS','VS'),(208,175,'Vreancea','VRA','VR');
/*!40000 ALTER TABLE `jos_vm_state` ENABLE KEYS */;
UNLOCK TABLES;

--
-- Table structure for table `jos_vm_tax_rate`
--

DROP TABLE IF EXISTS `jos_vm_tax_rate`;
/*!40101 SET @saved_cs_client     = @@character_set_client */;
/*!40101 SET character_set_client = utf8 */;
CREATE TABLE `jos_vm_tax_rate` (
  `tax_rate_id` int(11) NOT NULL AUTO_INCREMENT,
  `vendor_id` int(11) DEFAULT NULL,
  `tax_state` varchar(64) DEFAULT NULL,
  `tax_country` varchar(64) DEFAULT NULL,
  `mdate` int(11) DEFAULT NULL,
  `tax_rate` decimal(10,4) DEFAULT NULL,
  PRIMARY KEY (`tax_rate_id`),
  KEY `idx_tax_rate_vendor_id` (`vendor_id`)
) ENGINE=MyISAM AUTO_INCREMENT=6 DEFAULT CHARSET=latin1 COMMENT='The tax rates for your store';
/*!40101 SET character_set_client = @saved_cs_client */;

--
-- Dumping data for table `jos_vm_tax_rate`
--

LOCK TABLES `jos_vm_tax_rate` WRITE;
/*!40000 ALTER TABLE `jos_vm_tax_rate` DISABLE KEYS */;
INSERT INTO `jos_vm_tax_rate` VALUES (2,1,'CA','USA',964565926,0.0825),(3,1,'BC','CAN',1285958556,0.0000),(5,1,'ONT','CAN',1285958599,0.0000);
/*!40000 ALTER TABLE `jos_vm_tax_rate` ENABLE KEYS */;
UNLOCK TABLES;

--
-- Table structure for table `jos_vm_user_info`
--

DROP TABLE IF EXISTS `jos_vm_user_info`;
/*!40101 SET @saved_cs_client     = @@character_set_client */;
/*!40101 SET character_set_client = utf8 */;
CREATE TABLE `jos_vm_user_info` (
  `user_info_id` varchar(32) NOT NULL DEFAULT '',
  `user_id` int(11) NOT NULL DEFAULT '0',
  `address_type` char(2) DEFAULT NULL,
  `address_type_name` varchar(32) DEFAULT NULL,
  `company` varchar(64) DEFAULT NULL,
  `title` varchar(32) DEFAULT NULL,
  `last_name` varchar(32) DEFAULT NULL,
  `first_name` varchar(32) DEFAULT NULL,
  `middle_name` varchar(32) DEFAULT NULL,
  `phone_1` varchar(32) DEFAULT NULL,
  `phone_2` varchar(32) DEFAULT NULL,
  `fax` varchar(32) DEFAULT NULL,
  `address_1` varchar(64) NOT NULL DEFAULT '',
  `address_2` varchar(64) DEFAULT NULL,
  `city` varchar(32) NOT NULL DEFAULT '',
  `state` varchar(32) NOT NULL DEFAULT '',
  `country` varchar(32) NOT NULL DEFAULT 'US',
  `zip` varchar(32) NOT NULL DEFAULT '',
  `user_email` varchar(255) DEFAULT NULL,
  `extra_field_1` varchar(255) DEFAULT NULL,
  `extra_field_2` varchar(255) DEFAULT NULL,
  `extra_field_3` varchar(255) DEFAULT NULL,
  `extra_field_4` char(1) DEFAULT NULL,
  `extra_field_5` char(1) DEFAULT NULL,
  `cdate` int(11) DEFAULT NULL,
  `mdate` int(11) DEFAULT NULL,
  `perms` varchar(40) NOT NULL DEFAULT 'shopper',
  `bank_account_nr` varchar(32) NOT NULL DEFAULT '',
  `bank_name` varchar(32) NOT NULL DEFAULT '',
  `bank_sort_code` varchar(16) NOT NULL DEFAULT '',
  `bank_iban` varchar(64) NOT NULL DEFAULT '',
  `bank_account_holder` varchar(48) NOT NULL DEFAULT '',
  `bank_account_type` enum('Checking','Business Checking','Savings') NOT NULL DEFAULT 'Checking',
  PRIMARY KEY (`user_info_id`),
  KEY `idx_user_info_user_id` (`user_id`)
) ENGINE=MyISAM DEFAULT CHARSET=latin1 COMMENT='Customer Information, BT = BillTo and ST = ShipTo';
/*!40101 SET character_set_client = @saved_cs_client */;

--
-- Dumping data for table `jos_vm_user_info`
--

LOCK TABLES `jos_vm_user_info` WRITE;
/*!40000 ALTER TABLE `jos_vm_user_info` DISABLE KEYS */;
INSERT INTO `jos_vm_user_info` VALUES ('08dc29d6098c1851535fb82c2fcaf6d7',62,'BT',NULL,NULL,NULL,NULL,NULL,NULL,NULL,NULL,NULL,'',NULL,'','','US','','muskoxen@mediavessel.com',NULL,NULL,NULL,NULL,NULL,1174414375,0,'shopper','','','','','','Checking'),('ff51e9605bc27d8a451fb6f865ee7b0d',65,'BT','-default-','','','Smith','John','','613-234-5678','','','1234 Main St.','','Ottawa','','CAN','K1A 1A1','gareth@agora2.com','','','','','',1174446113,1174446113,'shopper','','','','','',''),('d363aac1b9c8d30543b106d00365a23f',72,'BT','-default-','','','TEST','TEST','','12345','','','TEST','','Ottawa','ON','CAN','K1A1A1','gareth@agora2.com','','','','','',1174511165,1174511165,'shopper','','','','','',''),('8985569c6e068ebf0093c6ee3605ca19',71,'BT','-default-','','','TEST7','TEST7','','12345','','','TEST7','','TEST7','','USA','TEST7','gspanglett@gmail.com','','','','','',1174502085,1174502085,'shopper','','','','','',''),('7b69b2593b5adca4707ef6d0ab34c361',70,'BT','-default-','TEST6','','TEST6','TEST6','','12345','','','TEST6','','TEST6','','USA','TEST6','gareth@mahsie.com','','','','','',1174501746,1174501746,'shopper','','','','','',''),('1e1804404bb31aca0958f9949dc853c5',73,'BT','-default-','','','Test50','TEST50','','12345','','','1234 Mainc','','Ottawa','ON','CAN','K1A1A1','temp1@nepeanseniors.ca','','','','','',1174546435,1174546435,'shopper','','','','','',''),('b9a3e9f57562ee910fc9a19be580d145',74,'BT','-default-','','','Test','Another','','34213423','','','1234 Main','','Ottawa','ON','CAN','K1A1A1','gareth@agora2.com','','','','','',1174548564,1174548564,'shopper','','','','','',''),('92d62bc11e710a9615be54e06b78429f',75,'BT','-default-','','','Mecury','Freddy','','011-234-457-685756','','','65 Abbey Road','','Liverpool','EN','GBR','K45D8H','quarantine@nepeancommunitysupport.com','','','','','',1174548860,1174548860,'shopper','','','','','',''),('53b03e1404dd77552c914d45248cd927',77,'BT','-default-','Agora Communications Group','Mr.','Spanglett','Gareth','','613-761-1489','','','285 Churchill Ave. N.','','Ottawa','ON','CAN','K1Z 5B7','gareth@agora-group.com','','','','','',1175008654,1175008654,'shopper','','','','','',''),('801182246295ff864a139f1d508561e7',79,'BT','-default-','jeffrey','','Moncrieff','Jeffrey','Dean','613-830-0220','','','3 Ridgeburn Gate','','Ottawa','AB','CAN','k1b4c1','jeff@mahsie.com','','','','','',1175093490,1175093490,'shopper','','','','','',''),('9588c81a1d70b873ea802cfd704c3f5c',80,'BT','-default-','Mahsie Open Soure INC','Mr.','Moncrieff','Jeffrey','Dean1','613-830-0220','613-620-1771','','123 Main ST','','Lachute','AB','CAN','Ontaio','jmoncrieff@mahsie.org','','','','','',1175117679,1175117679,'shopper','','','','','',''),('4622be01ae387e45263b9175b73d2be0',81,'BT','-default-','Agora Communications Group','','Spanglett','Gareth','','613-761-1489','','','285 Churchill AVe.','','Ottawa','ON','CAN','K1Z 5B7','gspanglett@rogers.com','','','','','',1175547387,1175547387,'shopper','','','','','',''),('860099c64c05a44092a87ff112127bc9',82,'BT','-default-','Acme Inc.','','Doe','John','','613-555-5555','','','1234 Main Street','','Ottawa','ON','CAN','K1Z 1Z1','quixote1024@yahoo.ca','','','','','',1176732029,1176732029,'shopper','','','','','',''),('41df4154907e658f52a6148456845e84',78,'BT','-default-','Mahsie','','Moncrieff','Jeffrey','','830-0220','','','3 ridgeburn Gate','','Ottawa','AB','CAN','k1b4c1','jmoncrieff@mahsie.com','','','','','',1176739411,1176739411,'shopper','','','','','',''),('7b0f09a33dcbf7332983ddc5a93c5326',83,'BT','-default-','Agora','','Spanglett','Gareth','','613-761-1489','','','285 Churchill Ave. N.','','Ottawa','ON','CAN','K1Z 5B7','gareth@agora-group.com','','','','','',1177350609,1177350609,'shopper','','','','','',''),('85b9a747854423227f3edb868bad3fbd',84,'BT','-default-','','','Spanglett','Gareth','','613-555-1212','','','1234 Main','','Ottawa','ON','CAN','K1Z 5B7','gareth@mahsie.com','','','','','',1178641356,1178641356,'shopper','','','','','',''),('2512d8a4b449603bf45009dc0d993e6a',85,'BT','-default-','','','Vachon','Klaus','','613-555-1212','','','1234 Main Street','','Ottawa','ON','CAN','K1A 1A1','mikepowers40@yahoo.ca','','','','','',1179238566,1179238566,'shopper','','','','','',''),('b4aeeefb735d9567aca3a485e5b8eadc',86,'BT','-default-','Mahsie','','Moncrieff','Jeffrey','','613-830-0220','','','3 ridgeBurn gate','','Ottawa','AB','CAN','ontario','jeffrey.moncrieff@mahsie.com','','','','','',1182184232,1182184232,'shopper','','','','','',''),('cb5ca5b8921dd4f1239c21b8c737bbd2',87,'BT','-default-','','','Spanglett','Gareth','','613-761-1489','','','1234 Main','','Ottawa','ON','CAN','K1A1A1','prsidoro@mavericsolutions.ca','','','','','',1182211719,1182211719,'shopper','','','','','',''),('d95e7e9ed7d113d27e8e49a92261dd77',88,'BT','-default-','Acme Inc.','','Vaid','Vic','','613-555-5555','','','1234 Main St.','','Ottawa','ON','CAN','K1Z5B7','vic@vaid.com','','','','','',1182809822,1182809822,'shopper','','','','','',''),('8b7989992ab99cee05e1aa2da07dc844',89,'BT','-default-','mahsie OSS','','Moncrieff','Jeffrey','jdmonc','613-830-0220','','','3 ridgebun Gate','','Gloucester','AB','CAN','k1b4c1','jmoncrieff@mahsie.com','','','','','',1186986270,1186986270,'shopper','','','','','',''),('0b14a46f716fe025a71a56f925eb8132',90,'BT','-default-','MWDS','','Moncrieff','Jeff','','613-8300220','','','3 ridgeburn','','Ottawa','AB','CAN','k1b4c1','jeffrey.moncrieff@yahoo.ca','','','','','',1285815740,1285815740,'shopper','','','','','',''),('9659ca075bf4bffa98e3757130306e3d',91,'BT','-default-','mwds ottawa','Mr.','Moncrieff','Jeffrey','Dean','555-555-5555','','','4 woodbuirn','','Ottawa','AB','CAN','ontario','jeff@mwds.ca','','','','','',1292145114,1292145114,'shopper','','','','','',''),('6fbb21b4224534ecc5beeac1b440332d',92,'BT','-default-','','','Moncrieff','Jeff','','555-555-5555','','','3 ridgeburn','','Ottawa','ON','CAN','k1b4c1','jeffrey.moncrieff@mwds.ca','','','','','',1292148482,1292148482,'shopper','','','','','',''),('5cfe681fe7a1fe069f975d307e5434a4',93,'BT','-default-','','','Testion','Paul','','613-8300220','','','40 wood','','Nashvile','AL','USA','Tn','jeffrey.moncrieff@yahoo.ca','','','','','',1292252722,1292252722,'shopper','','','','','','');
/*!40000 ALTER TABLE `jos_vm_user_info` ENABLE KEYS */;
UNLOCK TABLES;

--
-- Table structure for table `jos_vm_vendor`
--

DROP TABLE IF EXISTS `jos_vm_vendor`;
/*!40101 SET @saved_cs_client     = @@character_set_client */;
/*!40101 SET character_set_client = utf8 */;
CREATE TABLE `jos_vm_vendor` (
  `vendor_id` int(11) NOT NULL AUTO_INCREMENT,
  `vendor_name` varchar(64) DEFAULT NULL,
  `contact_last_name` varchar(32) NOT NULL DEFAULT '',
  `contact_first_name` varchar(32) NOT NULL DEFAULT '',
  `contact_middle_name` varchar(32) DEFAULT NULL,
  `contact_title` varchar(32) DEFAULT NULL,
  `contact_phone_1` varchar(32) NOT NULL DEFAULT '',
  `contact_phone_2` varchar(32) DEFAULT NULL,
  `contact_fax` varchar(32) DEFAULT NULL,
  `contact_email` varchar(255) DEFAULT NULL,
  `vendor_phone` varchar(32) DEFAULT NULL,
  `vendor_address_1` varchar(64) NOT NULL DEFAULT '',
  `vendor_address_2` varchar(64) DEFAULT NULL,
  `vendor_city` varchar(32) NOT NULL DEFAULT '',
  `vendor_state` varchar(32) NOT NULL DEFAULT '',
  `vendor_country` varchar(32) NOT NULL DEFAULT 'US',
  `vendor_zip` varchar(32) NOT NULL DEFAULT '',
  `vendor_store_name` varchar(128) NOT NULL DEFAULT '',
  `vendor_store_desc` text,
  `vendor_category_id` int(11) DEFAULT NULL,
  `vendor_thumb_image` varchar(255) DEFAULT NULL,
  `vendor_full_image` varchar(255) DEFAULT NULL,
  `vendor_currency` varchar(16) DEFAULT NULL,
  `cdate` int(11) DEFAULT NULL,
  `mdate` int(11) DEFAULT NULL,
  `vendor_image_path` varchar(255) DEFAULT NULL,
  `vendor_terms_of_service` text NOT NULL,
  `vendor_url` varchar(255) NOT NULL DEFAULT '',
  `vendor_min_pov` decimal(10,2) DEFAULT NULL,
  `vendor_freeshipping` decimal(10,2) NOT NULL DEFAULT '0.00',
  `vendor_currency_display_style` varchar(64) NOT NULL DEFAULT '',
  PRIMARY KEY (`vendor_id`),
  KEY `idx_vendor_name` (`vendor_name`),
  KEY `idx_vendor_category_id` (`vendor_category_id`)
) ENGINE=MyISAM AUTO_INCREMENT=2 DEFAULT CHARSET=latin1 COMMENT='Vendors manage their products in your store';
/*!40101 SET character_set_client = @saved_cs_client */;

--
-- Dumping data for table `jos_vm_vendor`
--

LOCK TABLES `jos_vm_vendor` WRITE;
/*!40000 ALTER TABLE `jos_vm_vendor` DISABLE KEYS */;
INSERT INTO `jos_vm_vendor` VALUES (1,'Mahsie Open Source Solutions Inc','Owner','Demo','Store','Mr.','555-555-1212','555-555-1212','555-555-1212','muskoxen@mediavessel.com','555-555-1212','155 B Loretta','','Ottawa','ON','CAN','K1J2Y7','Mahsie Open Source Solutions','<p>We have the best tools for do-it-yourselfers.  Check us out! </p> 		<p>We were established in 1969 in a time when getting good tools was expensive, but the quality was good.  Now that only a select few of those authentic tools survive, we have dedicated this store to bringing the experience alive for collectors and master mechanics everywhere.</p> 		<p>You can easily find products selecting the category you would like to browse above.</p>',0,'','86c0f286a567165cff8ca6d3040e2bd1.png','USD',950302468,1176740558,'shop_image/','<h5>You haven&#39;t configured any terms of service yet. Click <a href=\"administrator/index2.php?page=store.store_form&amp;option=com_virtuemart\">here</a> to change this text.</h5>','htttp://demo.mahsie.com/FINAL_DEMO/',0.00,0.00,'1|$|2|.| |2|1');
/*!40000 ALTER TABLE `jos_vm_vendor` ENABLE KEYS */;
UNLOCK TABLES;

--
-- Table structure for table `jos_vm_vendor_category`
--

DROP TABLE IF EXISTS `jos_vm_vendor_category`;
/*!40101 SET @saved_cs_client     = @@character_set_client */;
/*!40101 SET character_set_client = utf8 */;
CREATE TABLE `jos_vm_vendor_category` (
  `vendor_category_id` int(11) NOT NULL AUTO_INCREMENT,
  `vendor_category_name` varchar(64) DEFAULT NULL,
  `vendor_category_desc` text,
  PRIMARY KEY (`vendor_category_id`),
  KEY `idx_vendor_category_category_name` (`vendor_category_name`)
) ENGINE=MyISAM AUTO_INCREMENT=7 DEFAULT CHARSET=latin1 COMMENT='The categories that vendors are assigned to';
/*!40101 SET character_set_client = @saved_cs_client */;

--
-- Dumping data for table `jos_vm_vendor_category`
--

LOCK TABLES `jos_vm_vendor_category` WRITE;
/*!40000 ALTER TABLE `jos_vm_vendor_category` DISABLE KEYS */;
INSERT INTO `jos_vm_vendor_category` VALUES (6,'-default-','Default');
/*!40000 ALTER TABLE `jos_vm_vendor_category` ENABLE KEYS */;
UNLOCK TABLES;

--
-- Table structure for table `jos_vm_visit`
--

DROP TABLE IF EXISTS `jos_vm_visit`;
/*!40101 SET @saved_cs_client     = @@character_set_client */;
/*!40101 SET character_set_client = utf8 */;
CREATE TABLE `jos_vm_visit` (
  `visit_id` varchar(255) NOT NULL DEFAULT '',
  `affiliate_id` int(11) NOT NULL DEFAULT '0',
  `pages` int(11) NOT NULL DEFAULT '0',
  `entry_page` varchar(255) NOT NULL DEFAULT '',
  `exit_page` varchar(255) NOT NULL DEFAULT '',
  `sdate` int(11) NOT NULL DEFAULT '0',
  `edate` int(11) NOT NULL DEFAULT '0',
  PRIMARY KEY (`visit_id`)
) ENGINE=MyISAM DEFAULT CHARSET=latin1 COMMENT='Records the visit of an affiliate';
/*!40101 SET character_set_client = @saved_cs_client */;

--
-- Dumping data for table `jos_vm_visit`
--

LOCK TABLES `jos_vm_visit` WRITE;
/*!40000 ALTER TABLE `jos_vm_visit` DISABLE KEYS */;
/*!40000 ALTER TABLE `jos_vm_visit` ENABLE KEYS */;
UNLOCK TABLES;

--
-- Table structure for table `jos_vm_waiting_list`
--

DROP TABLE IF EXISTS `jos_vm_waiting_list`;
/*!40101 SET @saved_cs_client     = @@character_set_client */;
/*!40101 SET character_set_client = utf8 */;
CREATE TABLE `jos_vm_waiting_list` (
  `waiting_list_id` int(11) NOT NULL AUTO_INCREMENT,
  `product_id` int(11) NOT NULL DEFAULT '0',
  `user_id` int(11) NOT NULL DEFAULT '0',
  `notify_email` varchar(150) NOT NULL DEFAULT '',
  `notified` enum('0','1') DEFAULT '0',
  `notify_date` timestamp NOT NULL DEFAULT CURRENT_TIMESTAMP ON UPDATE CURRENT_TIMESTAMP,
  PRIMARY KEY (`waiting_list_id`),
  KEY `product_id` (`product_id`),
  KEY `notify_email` (`notify_email`)
) ENGINE=MyISAM DEFAULT CHARSET=latin1 COMMENT='Stores notifications, users waiting f. products out of stock';
/*!40101 SET character_set_client = @saved_cs_client */;

--
-- Dumping data for table `jos_vm_waiting_list`
--

LOCK TABLES `jos_vm_waiting_list` WRITE;
/*!40000 ALTER TABLE `jos_vm_waiting_list` DISABLE KEYS */;
/*!40000 ALTER TABLE `jos_vm_waiting_list` ENABLE KEYS */;
UNLOCK TABLES;

--
-- Table structure for table `jos_vm_zone_shipping`
--

DROP TABLE IF EXISTS `jos_vm_zone_shipping`;
/*!40101 SET @saved_cs_client     = @@character_set_client */;
/*!40101 SET character_set_client = utf8 */;
CREATE TABLE `jos_vm_zone_shipping` (
  `zone_id` int(11) NOT NULL AUTO_INCREMENT,
  `zone_name` varchar(255) DEFAULT NULL,
  `zone_cost` decimal(10,2) DEFAULT NULL,
  `zone_limit` decimal(10,2) DEFAULT NULL,
  `zone_description` text NOT NULL,
  `zone_tax_rate` int(11) NOT NULL DEFAULT '0',
  PRIMARY KEY (`zone_id`),
  KEY `zone_id` (`zone_id`)
) ENGINE=MyISAM AUTO_INCREMENT=5 DEFAULT CHARSET=latin1 COMMENT='The Zones managed by the Zone Shipping Module';
/*!40101 SET character_set_client = @saved_cs_client */;

--
-- Dumping data for table `jos_vm_zone_shipping`
--

LOCK TABLES `jos_vm_zone_shipping` WRITE;
/*!40000 ALTER TABLE `jos_vm_zone_shipping` DISABLE KEYS */;
INSERT INTO `jos_vm_zone_shipping` VALUES (1,'Default',6.00,35.00,'This is the default Shipping Zone. This is the zone information that all countries will use until you assign each individual country to a Zone.',2),(2,'Zone 1',1000.00,10000.00,'This is a zone example',2),(3,'Zone 2',2.00,22.00,'This is the second zone. You can use this for notes about this zone',2),(4,'Zone 3',11.00,64.00,'Another usefull thing might be details about this zone or special instructions.',2);
/*!40000 ALTER TABLE `jos_vm_zone_shipping` ENABLE KEYS */;
UNLOCK TABLES;

--
-- Table structure for table `jos_weblinks`
--

DROP TABLE IF EXISTS `jos_weblinks`;
/*!40101 SET @saved_cs_client     = @@character_set_client */;
/*!40101 SET character_set_client = utf8 */;
CREATE TABLE `jos_weblinks` (
  `id` int(11) unsigned NOT NULL AUTO_INCREMENT,
  `catid` int(11) NOT NULL DEFAULT '0',
  `sid` int(11) NOT NULL DEFAULT '0',
  `title` varchar(250) NOT NULL DEFAULT '',
  `url` varchar(250) NOT NULL DEFAULT '',
  `description` varchar(250) NOT NULL DEFAULT '',
  `date` datetime NOT NULL DEFAULT '0000-00-00 00:00:00',
  `hits` int(11) NOT NULL DEFAULT '0',
  `published` tinyint(1) NOT NULL DEFAULT '0',
  `checked_out` int(11) NOT NULL DEFAULT '0',
  `checked_out_time` datetime NOT NULL DEFAULT '0000-00-00 00:00:00',
  `ordering` int(11) NOT NULL DEFAULT '0',
  `archived` tinyint(1) NOT NULL DEFAULT '0',
  `approved` tinyint(1) NOT NULL DEFAULT '1',
  `params` text NOT NULL,
  PRIMARY KEY (`id`),
  KEY `catid` (`catid`,`published`,`archived`)
) ENGINE=MyISAM AUTO_INCREMENT=6 DEFAULT CHARSET=latin1;
/*!40101 SET character_set_client = @saved_cs_client */;

--
-- Dumping data for table `jos_weblinks`
--

LOCK TABLES `jos_weblinks` WRITE;
/*!40000 ALTER TABLE `jos_weblinks` DISABLE KEYS */;
INSERT INTO `jos_weblinks` VALUES (1,2,0,'Joomla!','http://www.joomla.org','Home of Joomla!','2005-02-14 15:19:02',4,1,0,'0000-00-00 00:00:00',1,0,1,'target=0'),(2,2,0,'php.net','http://www.php.net','The language that Joomla! is developed in','2004-07-07 11:33:24',2,1,0,'0000-00-00 00:00:00',3,0,1,''),(3,2,0,'MySQL','http://www.mysql.com','The database that Joomla! uses','2004-07-07 10:18:31',2,1,0,'0000-00-00 00:00:00',5,0,1,''),(4,2,0,'OpenSourceMatters','http://www.opensourcematters.org','Home of OSM','2005-02-14 15:19:02',4,1,0,'0000-00-00 00:00:00',1,0,1,'target=0'),(5,2,0,'Joomla! - Forums','http://forum.joomla.org','Joomla! Forums','2005-02-14 15:19:02',4,1,0,'0000-00-00 00:00:00',1,0,1,'target=0');
/*!40000 ALTER TABLE `jos_weblinks` ENABLE KEYS */;
UNLOCK TABLES;

--
-- Table structure for table `lar`
--

DROP TABLE IF EXISTS `lar`;
/*!40101 SET @saved_cs_client     = @@character_set_client */;
/*!40101 SET character_set_client = utf8 */;
CREATE TABLE `lar` (
  `larid` int(19) NOT NULL DEFAULT '0',
  `name` varchar(50) NOT NULL DEFAULT '',
  `createdby` int(19) NOT NULL DEFAULT '0',
  `createdon` date NOT NULL DEFAULT '0000-00-00',
  PRIMARY KEY (`larid`),
  UNIQUE KEY `LAR_UK0` (`name`),
  KEY `LAR_IDX0` (`createdby`),
  CONSTRAINT `fk_LAR` FOREIGN KEY (`createdby`) REFERENCES `users` (`id`) ON DELETE CASCADE
) ENGINE=InnoDB DEFAULT CHARSET=latin1;
/*!40101 SET character_set_client = @saved_cs_client */;

--
-- Dumping data for table `lar`
--

LOCK TABLES `lar` WRITE;
/*!40000 ALTER TABLE `lar` DISABLE KEYS */;
/*!40000 ALTER TABLE `lar` ENABLE KEYS */;
UNLOCK TABLES;

--
-- Table structure for table `lastcostrollup`
--

DROP TABLE IF EXISTS `lastcostrollup`;
/*!40101 SET @saved_cs_client     = @@character_set_client */;
/*!40101 SET character_set_client = utf8 */;
CREATE TABLE `lastcostrollup` (
  `stockid` char(20) NOT NULL DEFAULT '',
  `totalonhand` double NOT NULL DEFAULT '0',
  `matcost` decimal(20,4) NOT NULL DEFAULT '0.0000',
  `labcost` decimal(20,4) NOT NULL DEFAULT '0.0000',
  `oheadcost` decimal(20,4) NOT NULL DEFAULT '0.0000',
  `categoryid` char(6) NOT NULL DEFAULT '',
  `stockact` int(11) NOT NULL DEFAULT '0',
  `adjglact` int(11) NOT NULL DEFAULT '0',
  `newmatcost` decimal(20,4) NOT NULL DEFAULT '0.0000',
  `newlabcost` decimal(20,4) NOT NULL DEFAULT '0.0000',
  `newoheadcost` decimal(20,4) NOT NULL DEFAULT '0.0000'
) ENGINE=InnoDB DEFAULT CHARSET=latin1;
/*!40101 SET character_set_client = @saved_cs_client */;

--
-- Dumping data for table `lastcostrollup`
--

LOCK TABLES `lastcostrollup` WRITE;
/*!40000 ALTER TABLE `lastcostrollup` DISABLE KEYS */;
/*!40000 ALTER TABLE `lastcostrollup` ENABLE KEYS */;
UNLOCK TABLES;

--
-- Table structure for table `leadacctrel`
--

DROP TABLE IF EXISTS `leadacctrel`;
/*!40101 SET @saved_cs_client     = @@character_set_client */;
/*!40101 SET character_set_client = utf8 */;
CREATE TABLE `leadacctrel` (
  `leadid` int(19) NOT NULL DEFAULT '0',
  `accountid` int(19) NOT NULL DEFAULT '0',
  PRIMARY KEY (`leadid`),
  KEY `LeadAcctRel_IDX1` (`accountid`),
  CONSTRAINT `fk_LeadAcctRel1` FOREIGN KEY (`leadid`) REFERENCES `leaddetails` (`leadid`) ON DELETE CASCADE,
  CONSTRAINT `fk_LeadAcctRel2` FOREIGN KEY (`accountid`) REFERENCES `custbranch` (`accountid`) ON DELETE CASCADE
) ENGINE=InnoDB DEFAULT CHARSET=latin1;
/*!40101 SET character_set_client = @saved_cs_client */;

--
-- Dumping data for table `leadacctrel`
--

LOCK TABLES `leadacctrel` WRITE;
/*!40000 ALTER TABLE `leadacctrel` DISABLE KEYS */;
/*!40000 ALTER TABLE `leadacctrel` ENABLE KEYS */;
UNLOCK TABLES;

--
-- Table structure for table `leadaddress`
--

DROP TABLE IF EXISTS `leadaddress`;
/*!40101 SET @saved_cs_client     = @@character_set_client */;
/*!40101 SET character_set_client = utf8 */;
CREATE TABLE `leadaddress` (
  `leadaddressid` int(19) NOT NULL DEFAULT '0',
  `city` varchar(30) DEFAULT NULL,
  `code` varchar(30) DEFAULT NULL,
  `state` varchar(30) DEFAULT NULL,
  `country` varchar(30) DEFAULT NULL,
  `phone` varchar(50) DEFAULT NULL,
  `mobile` varchar(50) DEFAULT NULL,
  `fax` varchar(50) DEFAULT NULL,
  `lane` varchar(30) DEFAULT NULL,
  `leadaddresstype` varchar(30) DEFAULT 'Billing',
  `lane2` varchar(250) DEFAULT NULL,
  PRIMARY KEY (`leadaddressid`),
  CONSTRAINT `fk_LeadAddress` FOREIGN KEY (`leadaddressid`) REFERENCES `leaddetails` (`leadid`) ON DELETE CASCADE
) ENGINE=InnoDB DEFAULT CHARSET=latin1;
/*!40101 SET character_set_client = @saved_cs_client */;

--
-- Dumping data for table `leadaddress`
--

LOCK TABLES `leadaddress` WRITE;
/*!40000 ALTER TABLE `leadaddress` DISABLE KEYS */;
INSERT INTO `leadaddress` VALUES (1001,'Ottawa','K2E 6Z5','ON','Canada','613-789-0000','','','14 Millhaven Lane','Billing',''),(1002,'Toronto','M5S 2T3','ON','Canada','416-776-8888','','','1456 Bathurst Ave.','Billing','Second Floor'),(1003,'Toronto','M5S 2T3','ON','Canada','416-776-8888','','','1456 Bathurst Ave.','Billing','Second Floor'),(1004,'Washington','44332-9709','DC','USA','450-456-7777','','','146 Ninth Ave. NW','Billing',''),(1005,'Halifax','G3D 7X7','NS','Canada','905-275-5555','','','95 Science Blvd.','Billing',''),(1006,'Montreal','H3J 4G2','QC','Canada','514-997-6545','','','97 blvd. Levesque','Billing',''),(1048,'Cleveland','77855','OH','USA','800-765-4321','','','234 Washington Drive','Billing',''),(1049,'Toronto','M5H 7H8','ON','Canada','416-678-3344','','','1944 Bloor St. W.','Billing',''),(1050,'Halifax','C3C 7H6','NS','Canada','516-555-5555','','','823 Fitzharbour Drive','Billing',''),(1051,'Montreal','H5J R3R','QC','Quebec','514-445-6889','','','9754 Mont Royal','Billing',''),(1195,'windermere','','','BC','','','','26 Main','Billing',''),(1205,'Windermere','k1b4c1','bc','','','','','1178 Main','Billing',''),(1210,'Nashvile','','Tensses','','','','','12 Main','Billing',''),(1217,'','','','','','','','','Billing',''),(1246,'Childs','','Ohio','use','','','','348 Main','Billing',''),(1263,'','','','','','','','','Billing','');
/*!40000 ALTER TABLE `leadaddress` ENABLE KEYS */;
UNLOCK TABLES;

--
-- Table structure for table `leadcontrel`
--

DROP TABLE IF EXISTS `leadcontrel`;
/*!40101 SET @saved_cs_client     = @@character_set_client */;
/*!40101 SET character_set_client = utf8 */;
CREATE TABLE `leadcontrel` (
  `leadid` int(19) NOT NULL DEFAULT '0',
  `contactid` int(19) NOT NULL DEFAULT '0',
  PRIMARY KEY (`leadid`),
  KEY `LeadContRel_IDX1` (`contactid`),
  CONSTRAINT `fk_LeadContRel1` FOREIGN KEY (`leadid`) REFERENCES `leaddetails` (`leadid`) ON DELETE CASCADE,
  CONSTRAINT `fk_LeadContRel2` FOREIGN KEY (`contactid`) REFERENCES `contactdetails` (`contactid`) ON DELETE CASCADE
) ENGINE=InnoDB DEFAULT CHARSET=latin1;
/*!40101 SET character_set_client = @saved_cs_client */;

--
-- Dumping data for table `leadcontrel`
--

LOCK TABLES `leadcontrel` WRITE;
/*!40000 ALTER TABLE `leadcontrel` DISABLE KEYS */;
/*!40000 ALTER TABLE `leadcontrel` ENABLE KEYS */;
UNLOCK TABLES;

--
-- Table structure for table `leaddetails`
--

DROP TABLE IF EXISTS `leaddetails`;
/*!40101 SET @saved_cs_client     = @@character_set_client */;
/*!40101 SET character_set_client = utf8 */;
CREATE TABLE `leaddetails` (
  `leadid` int(19) NOT NULL DEFAULT '0',
  `email` varchar(100) DEFAULT NULL,
  `interest` varchar(50) DEFAULT NULL,
  `firstname` varchar(40) DEFAULT NULL,
  `salutation` varchar(10) DEFAULT NULL,
  `lastname` varchar(80) NOT NULL DEFAULT '',
  `company` varchar(100) NOT NULL DEFAULT '',
  `annualrevenue` int(19) DEFAULT '0',
  `industry` varchar(50) DEFAULT NULL,
  `campaign` varchar(30) DEFAULT NULL,
  `rating` varchar(50) DEFAULT NULL,
  `leadstatus` varchar(50) DEFAULT NULL,
  `leadsource` varchar(50) DEFAULT NULL,
  `converted` int(1) DEFAULT '0',
  `designation` varchar(50) DEFAULT 'SalesMan',
  `licencekeystatus` varchar(50) DEFAULT NULL,
  `space` varchar(250) DEFAULT NULL,
  `comments` longtext,
  `priority` varchar(50) DEFAULT NULL,
  `demorequest` varchar(50) DEFAULT NULL,
  `partnercontact` varchar(50) DEFAULT NULL,
  `productversion` varchar(20) DEFAULT NULL,
  `product` varchar(50) DEFAULT NULL,
  `maildate` date DEFAULT NULL,
  `nextstepdate` date DEFAULT NULL,
  `fundingsituation` varchar(50) DEFAULT NULL,
  `purpose` varchar(50) DEFAULT NULL,
  `evaluationstatus` varchar(50) DEFAULT NULL,
  `transferdate` date DEFAULT NULL,
  `revenuetype` varchar(50) DEFAULT NULL,
  `noofemployees` varchar(50) DEFAULT NULL,
  `yahooid` varchar(100) DEFAULT NULL,
  `assignleadchk` int(1) DEFAULT '0',
  PRIMARY KEY (`leadid`),
  KEY `converted` (`converted`,`leadstatus`),
  CONSTRAINT `fk_LeadDetails` FOREIGN KEY (`leadid`) REFERENCES `crmentity` (`crmid`) ON DELETE CASCADE
) ENGINE=InnoDB DEFAULT CHARSET=latin1;
/*!40101 SET character_set_client = @saved_cs_client */;

--
-- Dumping data for table `leaddetails`
--

LOCK TABLES `leaddetails` WRITE;
/*!40000 ALTER TABLE `leaddetails` DISABLE KEYS */;
INSERT INTO `leaddetails` VALUES (1001,'smith@farsight.com',NULL,'Peter','Mr.','Smith','Farsight Inc.',0,'Technology',NULL,'Active','Warm','Self Generated',0,'',NULL,NULL,NULL,NULL,NULL,NULL,NULL,NULL,NULL,NULL,NULL,NULL,NULL,NULL,NULL,'','',0),(1002,'',NULL,'Francene','Ms.','Bacon','Toronto Hardware',0,'Supplier',NULL,'Active','Hot','Public Relations',0,'',NULL,NULL,NULL,NULL,NULL,NULL,NULL,NULL,NULL,NULL,NULL,NULL,NULL,NULL,NULL,'','',0),(1003,'',NULL,'Federick','Mr.','Bowles','Toronto Hardware',0,'Supplier',NULL,'Active','Hot','Public Relations',1,'',NULL,NULL,NULL,NULL,NULL,NULL,NULL,NULL,NULL,NULL,NULL,NULL,NULL,NULL,NULL,'','',0),(1004,'',NULL,'Diane','Mrs.','Finestone','US Equip Inc.',0,'Other',NULL,'Acquired','Contacted','Existing Customer',1,'',NULL,NULL,NULL,NULL,NULL,NULL,NULL,NULL,NULL,NULL,NULL,NULL,NULL,NULL,NULL,'','',0),(1005,'',NULL,'Charles','Mr.','Darwin','Evolution Equipment Inc.',0,'Supplier',NULL,'Active','Contacted','Cold Call',0,'',NULL,NULL,NULL,NULL,NULL,NULL,NULL,NULL,NULL,NULL,NULL,NULL,NULL,NULL,NULL,'','',0),(1006,'',NULL,'Leah','Ms.','Thompson','Gardening Supplies Co.',0,'Hardware',NULL,'Active','Contact in Future','Trade Show',1,'',NULL,NULL,NULL,NULL,NULL,NULL,NULL,NULL,NULL,NULL,NULL,NULL,NULL,NULL,NULL,'','',0),(1048,'',NULL,'Harvey','--None--','Wilmington','Friendly Hardware Store',0,'Hardware',NULL,'Active','Attempted to Contact','Trade Show',0,'',NULL,NULL,NULL,NULL,NULL,NULL,NULL,NULL,NULL,NULL,NULL,NULL,NULL,NULL,NULL,'','',0),(1049,'',NULL,'Berri','Ms.','Johnston','Honest Fred\'s Discount Store',0,'Hardware',NULL,'Active','Hot','Trade Show',0,'',NULL,NULL,NULL,NULL,NULL,NULL,NULL,NULL,NULL,NULL,NULL,NULL,NULL,NULL,NULL,'','',0),(1050,'',NULL,'Luke','Mr.','Perry Jr.','Halifax Harbour Supply Store',0,'Supplier',NULL,'Acquired','Qualified','Word of mouth',0,'',NULL,NULL,NULL,NULL,NULL,NULL,NULL,NULL,NULL,NULL,NULL,NULL,NULL,NULL,NULL,'','',0),(1051,'',NULL,'Beverley','Mrs.','Sauv','Mont Royal Hardware',0,'Hardware',NULL,'Active','Warm','Direct Mail',1,'',NULL,NULL,NULL,NULL,NULL,NULL,NULL,NULL,NULL,NULL,NULL,NULL,NULL,NULL,NULL,'','',0),(1195,'',NULL,'Jeff','--None--','Moncrieff','MWDS BC',0,'Technology',NULL,'--None--','--None--','Web Site',1,'',NULL,NULL,NULL,NULL,NULL,NULL,NULL,NULL,NULL,NULL,NULL,NULL,NULL,NULL,NULL,'','',0),(1205,'',NULL,'Jeffrey','--None--','Moncrieff','mwds bc 1',0,'--None--',NULL,'--None--','--None--','--None--',1,'',NULL,NULL,NULL,NULL,NULL,NULL,NULL,NULL,NULL,NULL,NULL,NULL,NULL,NULL,NULL,'','',0),(1210,'',NULL,'John','--None--','Turner','Turner and sons',0,'--None--',NULL,'--None--','--None--','--None--',1,'ceo',NULL,NULL,NULL,NULL,NULL,NULL,NULL,NULL,NULL,NULL,NULL,NULL,NULL,NULL,NULL,'','',0),(1217,'',NULL,'john','Mr.','Cannon','Cannon airlines',0,'--None--',NULL,'--None--','--None--','--None--',1,'',NULL,NULL,NULL,NULL,NULL,NULL,NULL,NULL,NULL,NULL,NULL,NULL,NULL,NULL,NULL,'','',0),(1246,'',NULL,'jackie','--None--','goodwill','db witz',0,'--None--',NULL,'--None--','--None--','--None--',1,'',NULL,NULL,NULL,NULL,NULL,NULL,NULL,NULL,NULL,NULL,NULL,NULL,NULL,NULL,NULL,'','',0),(1263,'',NULL,'John','--None--','Dear','MF Furgerson',0,'--None--',NULL,'--None--','Hot','--None--',1,'',NULL,NULL,NULL,NULL,NULL,NULL,NULL,NULL,NULL,NULL,NULL,NULL,NULL,NULL,NULL,'','',0);
/*!40000 ALTER TABLE `leaddetails` ENABLE KEYS */;
UNLOCK TABLES;

--
-- Table structure for table `leadgrouprelation`
--

DROP TABLE IF EXISTS `leadgrouprelation`;
/*!40101 SET @saved_cs_client     = @@character_set_client */;
/*!40101 SET character_set_client = utf8 */;
CREATE TABLE `leadgrouprelation` (
  `leadid` int(19) DEFAULT NULL,
  `groupname` varchar(100) DEFAULT NULL,
  KEY `leadgrouprelation_IDX0` (`leadid`),
  KEY `leadgrouprelation_IDX1` (`groupname`),
  CONSTRAINT `fk_leadgrouprelation` FOREIGN KEY (`leadid`) REFERENCES `leaddetails` (`leadid`) ON DELETE CASCADE,
  CONSTRAINT `fk_leadgrouprelation2` FOREIGN KEY (`groupname`) REFERENCES `groups` (`name`) ON DELETE CASCADE
) ENGINE=InnoDB DEFAULT CHARSET=latin1;
/*!40101 SET character_set_client = @saved_cs_client */;

--
-- Dumping data for table `leadgrouprelation`
--

LOCK TABLES `leadgrouprelation` WRITE;
/*!40000 ALTER TABLE `leadgrouprelation` DISABLE KEYS */;
INSERT INTO `leadgrouprelation` VALUES (1003,'');
/*!40000 ALTER TABLE `leadgrouprelation` ENABLE KEYS */;
UNLOCK TABLES;

--
-- Table structure for table `leadpotrel`
--

DROP TABLE IF EXISTS `leadpotrel`;
/*!40101 SET @saved_cs_client     = @@character_set_client */;
/*!40101 SET character_set_client = utf8 */;
CREATE TABLE `leadpotrel` (
  `leadid` int(19) NOT NULL DEFAULT '0',
  `potentialid` int(19) NOT NULL DEFAULT '0',
  PRIMARY KEY (`potentialid`),
  UNIQUE KEY `LeadPotRel_UK0` (`leadid`),
  CONSTRAINT `fk_LeadPotRel1` FOREIGN KEY (`leadid`) REFERENCES `leaddetails` (`leadid`) ON DELETE CASCADE,
  CONSTRAINT `fk_LeadPotRel2` FOREIGN KEY (`potentialid`) REFERENCES `potential` (`potentialid`) ON DELETE CASCADE
) ENGINE=InnoDB DEFAULT CHARSET=latin1;
/*!40101 SET character_set_client = @saved_cs_client */;

--
-- Dumping data for table `leadpotrel`
--

LOCK TABLES `leadpotrel` WRITE;
/*!40000 ALTER TABLE `leadpotrel` DISABLE KEYS */;
/*!40000 ALTER TABLE `leadpotrel` ENABLE KEYS */;
UNLOCK TABLES;

--
-- Table structure for table `leadscf`
--

DROP TABLE IF EXISTS `leadscf`;
/*!40101 SET @saved_cs_client     = @@character_set_client */;
/*!40101 SET character_set_client = utf8 */;
CREATE TABLE `leadscf` (
  `leadid` int(19) NOT NULL DEFAULT '0',
  PRIMARY KEY (`leadid`),
  CONSTRAINT `fk_LeadsCF` FOREIGN KEY (`leadid`) REFERENCES `leaddetails` (`leadid`) ON DELETE CASCADE
) ENGINE=InnoDB DEFAULT CHARSET=latin1;
/*!40101 SET character_set_client = @saved_cs_client */;

--
-- Dumping data for table `leadscf`
--

LOCK TABLES `leadscf` WRITE;
/*!40000 ALTER TABLE `leadscf` DISABLE KEYS */;
INSERT INTO `leadscf` VALUES (1001),(1002),(1003),(1004),(1005),(1006),(1048),(1049),(1050),(1051),(1195),(1205),(1210),(1217),(1246),(1263);
/*!40000 ALTER TABLE `leadscf` ENABLE KEYS */;
UNLOCK TABLES;

--
-- Table structure for table `leadsource`
--

DROP TABLE IF EXISTS `leadsource`;
/*!40101 SET @saved_cs_client     = @@character_set_client */;
/*!40101 SET character_set_client = utf8 */;
CREATE TABLE `leadsource` (
  `leadsourceid` int(19) NOT NULL AUTO_INCREMENT,
  `leadsource` varchar(200) NOT NULL DEFAULT '',
  `sortorderid` int(19) NOT NULL DEFAULT '0',
  `presence` int(1) NOT NULL DEFAULT '1',
  PRIMARY KEY (`leadsourceid`)
) ENGINE=InnoDB AUTO_INCREMENT=14 DEFAULT CHARSET=latin1;
/*!40101 SET character_set_client = @saved_cs_client */;

--
-- Dumping data for table `leadsource`
--

LOCK TABLES `leadsource` WRITE;
/*!40000 ALTER TABLE `leadsource` DISABLE KEYS */;
INSERT INTO `leadsource` VALUES (1,'--None--',0,1),(2,'Cold Call',1,1),(3,'Existing Customer',2,1),(4,'Self Generated',3,1),(5,'Employee',4,1),(6,'Partner',5,1),(7,'Public Relations',6,1),(8,'Direct Mail',7,1),(9,'Conference',8,1),(10,'Trade Show',9,1),(11,'Web Site',10,1),(12,'Word of mouth',11,1),(13,'Other',12,1);
/*!40000 ALTER TABLE `leadsource` ENABLE KEYS */;
UNLOCK TABLES;

--
-- Table structure for table `leadstage`
--

DROP TABLE IF EXISTS `leadstage`;
/*!40101 SET @saved_cs_client     = @@character_set_client */;
/*!40101 SET character_set_client = utf8 */;
CREATE TABLE `leadstage` (
  `leadstageid` int(19) NOT NULL AUTO_INCREMENT,
  `stage` varchar(200) NOT NULL DEFAULT '',
  `sortorderid` int(19) NOT NULL DEFAULT '0',
  `presence` int(1) NOT NULL DEFAULT '1',
  PRIMARY KEY (`leadstageid`),
  UNIQUE KEY `LeadStage_UK0` (`stage`)
) ENGINE=InnoDB DEFAULT CHARSET=latin1;
/*!40101 SET character_set_client = @saved_cs_client */;

--
-- Dumping data for table `leadstage`
--

LOCK TABLES `leadstage` WRITE;
/*!40000 ALTER TABLE `leadstage` DISABLE KEYS */;
/*!40000 ALTER TABLE `leadstage` ENABLE KEYS */;
UNLOCK TABLES;

--
-- Table structure for table `leadstatus`
--

DROP TABLE IF EXISTS `leadstatus`;
/*!40101 SET @saved_cs_client     = @@character_set_client */;
/*!40101 SET character_set_client = utf8 */;
CREATE TABLE `leadstatus` (
  `leadstatusid` int(19) NOT NULL AUTO_INCREMENT,
  `leadstatus` varchar(200) NOT NULL DEFAULT '',
  `sortorderid` int(19) NOT NULL DEFAULT '0',
  `presence` int(1) NOT NULL DEFAULT '1',
  PRIMARY KEY (`leadstatusid`)
) ENGINE=InnoDB AUTO_INCREMENT=13 DEFAULT CHARSET=latin1;
/*!40101 SET character_set_client = @saved_cs_client */;

--
-- Dumping data for table `leadstatus`
--

LOCK TABLES `leadstatus` WRITE;
/*!40000 ALTER TABLE `leadstatus` DISABLE KEYS */;
INSERT INTO `leadstatus` VALUES (1,'--None--',0,1),(2,'Attempted to Contact',1,1),(3,'Cold',2,1),(4,'Contact in Future',3,1),(5,'Contacted',4,1),(6,'Hot',5,1),(7,'Junk Lead',6,1),(8,'Lost Lead',7,1),(9,'Not Contacted',8,1),(10,'Pre Qualified',9,1),(11,'Qualified',10,1),(12,'Warm',11,1);
/*!40000 ALTER TABLE `leadstatus` ENABLE KEYS */;
UNLOCK TABLES;

--
-- Table structure for table `leadsubdetails`
--

DROP TABLE IF EXISTS `leadsubdetails`;
/*!40101 SET @saved_cs_client     = @@character_set_client */;
/*!40101 SET character_set_client = utf8 */;
CREATE TABLE `leadsubdetails` (
  `leadsubscriptionid` int(19) NOT NULL DEFAULT '0',
  `currency` varchar(20) DEFAULT 'Dollars',
  `website` varchar(255) DEFAULT NULL,
  `callornot` int(1) DEFAULT '0',
  `readornot` int(1) DEFAULT '0',
  `empct` int(10) DEFAULT '0',
  PRIMARY KEY (`leadsubscriptionid`),
  CONSTRAINT `fk_LeadSubDetails` FOREIGN KEY (`leadsubscriptionid`) REFERENCES `leaddetails` (`leadid`) ON DELETE CASCADE
) ENGINE=InnoDB DEFAULT CHARSET=latin1;
/*!40101 SET character_set_client = @saved_cs_client */;

--
-- Dumping data for table `leadsubdetails`
--

LOCK TABLES `leadsubdetails` WRITE;
/*!40000 ALTER TABLE `leadsubdetails` DISABLE KEYS */;
INSERT INTO `leadsubdetails` VALUES (1001,'Dollars','',0,0,0),(1002,'Dollars','',0,0,0),(1003,'Dollars','',0,0,0),(1004,'Dollars','',0,0,0),(1005,'Dollars','',0,0,0),(1006,'Dollars','',0,0,0),(1048,'Dollars','',0,0,0),(1049,'Dollars','',0,0,0),(1050,'Dollars','',0,0,0),(1051,'Dollars','',0,0,0),(1195,'Dollars','',0,0,0),(1205,'Dollars','',0,0,0),(1210,'Dollars','',0,0,0),(1217,'Dollars','',0,0,0),(1246,'Dollars','',0,0,0),(1263,'Dollars','',0,0,0);
/*!40000 ALTER TABLE `leadsubdetails` ENABLE KEYS */;
UNLOCK TABLES;

--
-- Table structure for table `licencekeystatus`
--

DROP TABLE IF EXISTS `licencekeystatus`;
/*!40101 SET @saved_cs_client     = @@character_set_client */;
/*!40101 SET character_set_client = utf8 */;
CREATE TABLE `licencekeystatus` (
  `licencekeystatusid` int(19) NOT NULL AUTO_INCREMENT,
  `licencekeystatus` varchar(200) NOT NULL DEFAULT '',
  `sortorderid` int(19) NOT NULL DEFAULT '0',
  `presence` int(1) NOT NULL DEFAULT '1',
  PRIMARY KEY (`licencekeystatusid`)
) ENGINE=InnoDB AUTO_INCREMENT=4 DEFAULT CHARSET=latin1;
/*!40101 SET character_set_client = @saved_cs_client */;

--
-- Dumping data for table `licencekeystatus`
--

LOCK TABLES `licencekeystatus` WRITE;
/*!40000 ALTER TABLE `licencekeystatus` DISABLE KEYS */;
INSERT INTO `licencekeystatus` VALUES (1,'--None--',0,1),(2,'Sent',1,1),(3,'Not Sent',2,1);
/*!40000 ALTER TABLE `licencekeystatus` ENABLE KEYS */;
UNLOCK TABLES;

--
-- Table structure for table `locations`
--

DROP TABLE IF EXISTS `locations`;
/*!40101 SET @saved_cs_client     = @@character_set_client */;
/*!40101 SET character_set_client = utf8 */;
CREATE TABLE `locations` (
  `loccode` varchar(5) NOT NULL DEFAULT '',
  `locationname` varchar(50) NOT NULL DEFAULT '',
  `deladd1` varchar(40) NOT NULL DEFAULT '',
  `deladd2` varchar(40) NOT NULL DEFAULT '',
  `deladd3` varchar(40) NOT NULL DEFAULT '',
  `deladd4` varchar(40) NOT NULL DEFAULT '',
  `deladd5` varchar(20) NOT NULL DEFAULT '',
  `deladd6` varchar(15) NOT NULL DEFAULT '',
  `tel` varchar(30) NOT NULL DEFAULT '',
  `fax` varchar(30) NOT NULL DEFAULT '',
  `email` varchar(55) NOT NULL DEFAULT '',
  `contact` varchar(30) NOT NULL DEFAULT '',
  `taxprovinceid` tinyint(4) NOT NULL DEFAULT '1',
  `managed` int(11) DEFAULT '0',
  PRIMARY KEY (`loccode`),
  KEY `taxprovinceid` (`taxprovinceid`)
) ENGINE=InnoDB DEFAULT CHARSET=latin1;
/*!40101 SET character_set_client = @saved_cs_client */;

--
-- Dumping data for table `locations`
--

LOCK TABLES `locations` WRITE;
/*!40000 ALTER TABLE `locations` DISABLE KEYS */;
INSERT INTO `locations` VALUES ('HQ','Ottawa Head Office','4 Main Street','Suite 1B','Ottawa','ON','Canada','','','','','',1,1),('NY','New York Plant','7th Ave NW','Box 100','Rochester','NY','USA','11223','','','','',1,1),('TK','Tokyo','Wentworth Street','','','','','','','','','sa',1,0),('TOR','Toronto Warehouse','24 Waterfront Street','','Toronto','ON','Canada','M5S 2E5','','','','',1,1),('WALK','Walk In Sales','4 Main St','Suite 1B','Ottawa','ON','Canada','','','','','',1,1);
/*!40000 ALTER TABLE `locations` ENABLE KEYS */;
UNLOCK TABLES;

--
-- Table structure for table `locstock`
--

DROP TABLE IF EXISTS `locstock`;
/*!40101 SET @saved_cs_client     = @@character_set_client */;
/*!40101 SET character_set_client = utf8 */;
CREATE TABLE `locstock` (
  `loccode` varchar(5) NOT NULL DEFAULT '',
  `stockid` varchar(20) NOT NULL DEFAULT '',
  `quantity` double NOT NULL DEFAULT '0',
  `reorderlevel` bigint(20) NOT NULL DEFAULT '0',
  PRIMARY KEY (`loccode`,`stockid`),
  KEY `StockID` (`stockid`)
) ENGINE=InnoDB DEFAULT CHARSET=latin1;
/*!40101 SET character_set_client = @saved_cs_client */;

--
-- Dumping data for table `locstock`
--

LOCK TABLES `locstock` WRITE;
/*!40000 ALTER TABLE `locstock` DISABLE KEYS */;
INSERT INTO `locstock` VALUES ('HQ','G01',0,0),('HQ','G01-01',0,0),('HQ','G01-02',0,0),('HQ','G01-03',0,0),('HQ','G03',-4,0),('HQ','G04',0,0),('HQ','GOLFTDI',0,0),('HQ','H01',0,0),('HQ','H02',0,0),('HQ','L01',0,0),('HQ','L02',0,0),('HQ','L03',0,0),('HQ','P01',0,0),('HQ','P02',6,0),('HQ','P03',1,0),('HQ','P04',1,0),('HQ','POW03',-6,0),('HQ','POWER030',0,0),('HQ','PW3502',-12,0),('HQ','R01-H01',0,0),('HQ','R02-H01',0,0),('HQ','R03-H02',27,0),('HQ','R04-H02',0,0),('HQ','S01',0,0),('HQ','TEST-132',0,0),('HQ','TURBO',0,0),('HQ','TURBO-TEST',0,0),('HQ','VW-001-03',0,0),('NY','G01',0,0),('NY','G01-01',0,0),('NY','G01-02',0,0),('NY','G01-03',0,0),('NY','G03',0,0),('NY','G04',0,0),('NY','GOLFTDI',0,0),('NY','H01',0,0),('NY','H02',0,0),('NY','L01',0,0),('NY','L02',0,0),('NY','L03',0,0),('NY','P01',0,0),('NY','P02',0,0),('NY','P03',0,0),('NY','P04',0,0),('NY','POW03',0,0),('NY','POWER030',0,0),('NY','PW3502',0,0),('NY','R01-H01',0,0),('NY','R02-H01',0,0),('NY','R03-H02',0,0),('NY','R04-H02',0,0),('NY','S01',0,0),('NY','TEST-132',0,0),('NY','TURBO',0,0),('NY','TURBO-TEST',0,0),('NY','VW-001-03',0,0),('TK','G01',0,0),('TK','G01-01',0,0),('TK','G01-02',0,0),('TK','G01-03',0,0),('TK','G03',0,0),('TK','G04',0,0),('TK','GOLFTDI',0,0),('TK','H01',0,0),('TK','H02',0,0),('TK','L01',0,0),('TK','L02',0,0),('TK','L03',0,0),('TK','P01',0,0),('TK','P02',0,0),('TK','P03',0,0),('TK','P04',0,0),('TK','POW03',0,0),('TK','POWER030',0,0),('TK','PW3502',0,0),('TK','R01-H01',0,0),('TK','R02-H01',0,0),('TK','R03-H02',0,0),('TK','R04-H02',0,0),('TK','S01',0,0),('TK','TEST-132',0,0),('TK','TURBO',0,0),('TK','TURBO-TEST',0,0),('TK','VW-001-03',0,0),('TOR','G01',-1,0),('TOR','G01-01',9936,0),('TOR','G01-02',300,0),('TOR','G01-03',0,0),('TOR','G03',0,0),('TOR','G04',0,0),('TOR','GOLFTDI',0,0),('TOR','H01',295,0),('TOR','H02',0,0),('TOR','L01',0,0),('TOR','L02',0,0),('TOR','L03',0,0),('TOR','P01',0,0),('TOR','P02',0,0),('TOR','P03',0,0),('TOR','P04',0,0),('TOR','POW03',-13,0),('TOR','POWER030',-1,0),('TOR','PW3502',0,0),('TOR','R01-H01',0,0),('TOR','R02-H01',0,0),('TOR','R03-H02',0,0),('TOR','R04-H02',0,0),('TOR','S01',0,0),('TOR','TEST-132',0,0),('TOR','TURBO',0,0),('TOR','TURBO-TEST',0,0),('TOR','VW-001-03',0,0),('WALK','G01',0,0),('WALK','G01-01',0,0),('WALK','G01-02',0,0),('WALK','G01-03',0,0),('WALK','G03',0,0),('WALK','G04',0,0),('WALK','GOLFTDI',0,0),('WALK','H01',0,0),('WALK','H02',0,0),('WALK','L01',0,0),('WALK','L02',0,0),('WALK','L03',0,0),('WALK','P01',0,0),('WALK','P02',0,0),('WALK','P03',0,0),('WALK','P04',0,0),('WALK','POW03',0,0),('WALK','POWER030',0,0),('WALK','PW3502',0,0),('WALK','R01-H01',0,0),('WALK','R02-H01',0,0),('WALK','R03-H02',0,0),('WALK','R04-H02',0,0),('WALK','S01',0,0),('WALK','TEST-132',0,0),('WALK','TURBO',0,0),('WALK','TURBO-TEST',0,0),('WALK','VW-001-03',0,0);
/*!40000 ALTER TABLE `locstock` ENABLE KEYS */;
UNLOCK TABLES;

--
-- Table structure for table `loctransfers`
--

DROP TABLE IF EXISTS `loctransfers`;
/*!40101 SET @saved_cs_client     = @@character_set_client */;
/*!40101 SET character_set_client = utf8 */;
CREATE TABLE `loctransfers` (
  `reference` int(11) NOT NULL DEFAULT '0',
  `stockid` varchar(20) NOT NULL DEFAULT '',
  `shipqty` int(11) NOT NULL DEFAULT '0',
  `recqty` int(11) NOT NULL DEFAULT '0',
  `shipdate` date NOT NULL DEFAULT '0000-00-00',
  `recdate` date NOT NULL DEFAULT '0000-00-00',
  `shiploc` varchar(7) NOT NULL DEFAULT '',
  `recloc` varchar(7) NOT NULL DEFAULT '',
  KEY `Reference` (`reference`,`stockid`),
  KEY `ShipLoc` (`shiploc`),
  KEY `RecLoc` (`recloc`),
  KEY `StockID` (`stockid`)
) ENGINE=InnoDB DEFAULT CHARSET=latin1 COMMENT='Stores Shipments To And From Locations';
/*!40101 SET character_set_client = @saved_cs_client */;

--
-- Dumping data for table `loctransfers`
--

LOCK TABLES `loctransfers` WRITE;
/*!40000 ALTER TABLE `loctransfers` DISABLE KEYS */;
/*!40000 ALTER TABLE `loctransfers` ENABLE KEYS */;
UNLOCK TABLES;

--
-- Table structure for table `loginhistory`
--

DROP TABLE IF EXISTS `loginhistory`;
/*!40101 SET @saved_cs_client     = @@character_set_client */;
/*!40101 SET character_set_client = utf8 */;
CREATE TABLE `loginhistory` (
  `login_id` int(11) NOT NULL AUTO_INCREMENT,
  `user_name` varchar(25) NOT NULL DEFAULT '',
  `user_ip` varchar(25) NOT NULL DEFAULT '',
  `logout_time` timestamp NOT NULL DEFAULT CURRENT_TIMESTAMP ON UPDATE CURRENT_TIMESTAMP,
  `login_time` timestamp NOT NULL DEFAULT '0000-00-00 00:00:00',
  `status` varchar(25) DEFAULT NULL,
  PRIMARY KEY (`login_id`)
) ENGINE=MyISAM AUTO_INCREMENT=1094 DEFAULT CHARSET=latin1;
/*!40101 SET character_set_client = @saved_cs_client */;

--
-- Dumping data for table `loginhistory`
--

LOCK TABLES `loginhistory` WRITE;
/*!40000 ALTER TABLE `loginhistory` DISABLE KEYS */;
INSERT INTO `loginhistory` VALUES (1038,'admin','74.14.228.129','0000-00-00 00:00:00','2007-03-21 15:58:35','Signedin'),(1039,'admin','74.14.228.129','0000-00-00 00:00:00','2007-03-21 16:29:31','Signedin'),(1040,'admin','74.14.228.129','0000-00-00 00:00:00','2007-03-21 18:36:27','Signedin'),(1041,'admin','74.14.228.129','0000-00-00 00:00:00','2007-03-21 19:38:24','Signedin'),(1042,'admin','74.14.228.129','0000-00-00 00:00:00','2007-03-21 20:08:35','Signedin'),(1043,'admin','74.104.4.25','0000-00-00 00:00:00','2007-03-22 00:24:15','Signedin'),(1044,'admin','74.104.4.25','0000-00-00 00:00:00','2007-03-22 02:23:41','Signedin'),(1045,'admin','74.104.4.25','0000-00-00 00:00:00','2007-03-22 06:37:58','Signedin'),(1046,'admin','74.14.228.129','0000-00-00 00:00:00','2007-03-22 14:17:12','Signedin'),(1047,'admin','74.14.228.129','2007-03-22 17:08:31','2007-03-22 17:06:03','Signedoff'),(1048,'spartan','74.14.228.129','2007-03-22 17:08:54','2007-03-22 17:08:41','Signedoff'),(1049,'admin','74.14.228.129','2007-03-22 17:12:16','2007-03-22 17:08:59','Signedoff'),(1050,'spartan','74.14.228.129','0000-00-00 00:00:00','2007-03-22 17:12:26','Signedin'),(1051,'admin','10.1.1.1','0000-00-00 00:00:00','2007-03-26 15:41:11','Signedin'),(1052,'admin','10.1.1.1','0000-00-00 00:00:00','2007-03-26 17:42:38','Signedin'),(1053,'admin','64.230.45.9','0000-00-00 00:00:00','2007-03-26 21:09:48','Signedin'),(1054,'admin','10.1.1.1','0000-00-00 00:00:00','2007-03-27 15:11:11','Signedin'),(1055,'admin','10.1.1.1','0000-00-00 00:00:00','2007-03-27 16:09:31','Signedin'),(1056,'admin','10.1.1.1','2007-03-28 17:39:22','2007-03-27 22:48:29','Signedoff'),(1057,'admin','64.230.5.254','0000-00-00 00:00:00','2007-03-28 13:51:16','Signedin'),(1058,'admin','64.230.5.254','0000-00-00 00:00:00','2007-03-29 04:31:42','Signedin'),(1059,'admin','74.104.4.25','0000-00-00 00:00:00','2007-03-31 16:17:16','Signedin'),(1060,'admin','64.230.43.85','0000-00-00 00:00:00','2007-04-16 23:48:24','Signedin'),(1061,'admin','209.217.122.59','0000-00-00 00:00:00','2007-04-17 15:39:30','Signedin'),(1062,'admin','10.1.1.1','0000-00-00 00:00:00','2007-04-17 18:00:25','Signedin'),(1063,'admin','10.1.1.1','0000-00-00 00:00:00','2007-04-17 18:10:33','Signedin'),(1064,'admin','10.1.1.1','0000-00-00 00:00:00','2007-04-23 17:58:28','Signedin'),(1065,'admin','10.1.1.1','0000-00-00 00:00:00','2007-05-08 16:46:23','Signedin'),(1066,'admin','10.1.1.1','0000-00-00 00:00:00','2007-05-15 14:22:40','Signedin'),(1067,'admin','10.1.1.1','0000-00-00 00:00:00','2007-05-15 15:44:05','Signedin'),(1068,'admin','10.1.1.1','0000-00-00 00:00:00','2007-05-24 14:10:31','Signedin'),(1069,'admin','10.1.1.1','0000-00-00 00:00:00','2007-06-25 22:19:42','Signedin'),(1070,'admin','67.71.94.156','0000-00-00 00:00:00','2007-08-13 06:29:30','Signedin'),(1071,'admin','67.71.94.156','0000-00-00 00:00:00','2007-08-18 04:41:38','Signedin'),(1072,'admin','67.71.94.156','2007-08-18 20:47:27','2007-08-18 20:40:00','Signedoff'),(1073,'admin','67.71.94.156','0000-00-00 00:00:00','2007-08-18 21:03:14','Signedin'),(1074,'admin','192.168.24.1','0000-00-00 00:00:00','2010-09-29 23:56:29','Signedin'),(1075,'admin','192.168.24.1','2010-09-30 06:20:18','2010-09-30 00:44:44','Signedoff'),(1076,'admin','192.168.24.1','0000-00-00 00:00:00','2010-09-30 06:20:26','Signedin'),(1077,'admin','99.241.220.94','2010-10-01 19:00:55','2010-10-01 18:46:50','Signedoff'),(1078,'admin','99.241.220.94','0000-00-00 00:00:00','2010-10-02 03:27:07','Signedin'),(1079,'admin','192.168.24.1','0000-00-00 00:00:00','2010-10-02 07:20:26','Signedin'),(1080,'admin','192.168.24.1','0000-00-00 00:00:00','2010-12-08 05:15:24','Signedin'),(1081,'admin','192.168.24.1','0000-00-00 00:00:00','2010-12-09 07:06:22','Signedin'),(1082,'admin','192.168.24.1','0000-00-00 00:00:00','2010-12-12 09:29:00','Signedin'),(1083,'admin','192.168.24.1','0000-00-00 00:00:00','2010-12-12 10:10:51','Signedin'),(1084,'admin','192.168.24.1','0000-00-00 00:00:00','2010-12-12 11:38:19','Signedin'),(1085,'admin','110.174.2.170','0000-00-00 00:00:00','2010-12-23 22:54:44','Signedin'),(1086,'admin','69.156.58.211','0000-00-00 00:00:00','2010-12-26 19:01:48','Signedin'),(1087,'admin','202.137.123.2','2010-12-28 12:47:06','2010-12-28 12:46:46','Signedoff'),(1088,'admin','192.168.24.1','0000-00-00 00:00:00','2010-12-28 20:24:37','Signedin'),(1089,'admin','192.168.24.1','0000-00-00 00:00:00','2010-12-28 21:58:12','Signedin'),(1090,'admin','192.168.24.1','2010-12-29 05:13:19','2010-12-29 04:24:56','Signedoff'),(1091,'admin','192.168.24.1','2010-12-29 05:16:33','2010-12-29 05:14:20','Signedoff'),(1092,'alarkin','192.168.24.1','0000-00-00 00:00:00','2010-12-29 05:16:53','Signedin'),(1093,'admin','192.168.24.1','0000-00-00 00:00:00','2010-12-30 20:18:37','Signedin');
/*!40000 ALTER TABLE `loginhistory` ENABLE KEYS */;
UNLOCK TABLES;

--
-- Table structure for table `mail_accounts`
--

DROP TABLE IF EXISTS `mail_accounts`;
/*!40101 SET @saved_cs_client     = @@character_set_client */;
/*!40101 SET character_set_client = utf8 */;
CREATE TABLE `mail_accounts` (
  `account_id` int(11) NOT NULL DEFAULT '0',
  `user_id` int(11) NOT NULL DEFAULT '0',
  `display_name` varchar(50) DEFAULT NULL,
  `mail_id` varchar(50) DEFAULT NULL,
  `account_name` varchar(50) DEFAULT NULL,
  `mail_protocol` varchar(20) DEFAULT NULL,
  `mail_username` varchar(50) NOT NULL DEFAULT '',
  `mail_password` varchar(20) NOT NULL DEFAULT '',
  `mail_servername` varchar(50) DEFAULT NULL,
  `status` varchar(10) DEFAULT NULL,
  `set_default` int(2) DEFAULT NULL,
  PRIMARY KEY (`account_id`)
) ENGINE=MyISAM DEFAULT CHARSET=latin1;
/*!40101 SET character_set_client = @saved_cs_client */;

--
-- Dumping data for table `mail_accounts`
--

LOCK TABLES `mail_accounts` WRITE;
/*!40000 ALTER TABLE `mail_accounts` DISABLE KEYS */;
/*!40000 ALTER TABLE `mail_accounts` ENABLE KEYS */;
UNLOCK TABLES;

--
-- Table structure for table `mail_accounts_seq`
--

DROP TABLE IF EXISTS `mail_accounts_seq`;
/*!40101 SET @saved_cs_client     = @@character_set_client */;
/*!40101 SET character_set_client = utf8 */;
CREATE TABLE `mail_accounts_seq` (
  `id` int(11) NOT NULL DEFAULT '0'
) ENGINE=MyISAM DEFAULT CHARSET=latin1;
/*!40101 SET character_set_client = @saved_cs_client */;

--
-- Dumping data for table `mail_accounts_seq`
--

LOCK TABLES `mail_accounts_seq` WRITE;
/*!40000 ALTER TABLE `mail_accounts_seq` DISABLE KEYS */;
INSERT INTO `mail_accounts_seq` VALUES (0);
/*!40000 ALTER TABLE `mail_accounts_seq` ENABLE KEYS */;
UNLOCK TABLES;

--
-- Table structure for table `manufacturer`
--

DROP TABLE IF EXISTS `manufacturer`;
/*!40101 SET @saved_cs_client     = @@character_set_client */;
/*!40101 SET character_set_client = utf8 */;
CREATE TABLE `manufacturer` (
  `manufacturerid` int(19) NOT NULL AUTO_INCREMENT,
  `manufacturer` varchar(200) NOT NULL DEFAULT '',
  `sortorderid` int(19) NOT NULL DEFAULT '0',
  `presence` int(1) NOT NULL DEFAULT '1',
  PRIMARY KEY (`manufacturerid`),
  UNIQUE KEY `Manufacturer_MFR` (`manufacturer`)
) ENGINE=InnoDB AUTO_INCREMENT=2 DEFAULT CHARSET=latin1;
/*!40101 SET character_set_client = @saved_cs_client */;

--
-- Dumping data for table `manufacturer`
--

LOCK TABLES `manufacturer` WRITE;
/*!40000 ALTER TABLE `manufacturer` DISABLE KEYS */;
INSERT INTO `manufacturer` VALUES (1,'--None--',0,1);
/*!40000 ALTER TABLE `manufacturer` ENABLE KEYS */;
UNLOCK TABLES;

--
-- Table structure for table `notes`
--

DROP TABLE IF EXISTS `notes`;
/*!40101 SET @saved_cs_client     = @@character_set_client */;
/*!40101 SET character_set_client = utf8 */;
CREATE TABLE `notes` (
  `notesid` int(19) NOT NULL DEFAULT '0',
  `contact_id` int(19) NOT NULL DEFAULT '0',
  `title` varchar(50) NOT NULL DEFAULT '',
  `filename` varchar(50) DEFAULT NULL,
  `notecontent` longtext,
  PRIMARY KEY (`notesid`,`contact_id`),
  KEY `Notes_UK0` (`title`),
  KEY `Notes_IDX0` (`notesid`),
  CONSTRAINT `fk_Notes` FOREIGN KEY (`notesid`) REFERENCES `crmentity` (`crmid`) ON DELETE CASCADE
) ENGINE=InnoDB DEFAULT CHARSET=latin1;
/*!40101 SET character_set_client = @saved_cs_client */;

--
-- Dumping data for table `notes`
--

LOCK TABLES `notes` WRITE;
/*!40000 ALTER TABLE `notes` DISABLE KEYS */;
/*!40000 ALTER TABLE `notes` ENABLE KEYS */;
UNLOCK TABLES;

--
-- Table structure for table `notificationscheduler`
--

DROP TABLE IF EXISTS `notificationscheduler`;
/*!40101 SET @saved_cs_client     = @@character_set_client */;
/*!40101 SET character_set_client = utf8 */;
CREATE TABLE `notificationscheduler` (
  `schedulednotificationid` int(19) NOT NULL AUTO_INCREMENT,
  `schedulednotificationname` varchar(200) DEFAULT NULL,
  `active` int(1) DEFAULT NULL,
  `notificationsubject` varchar(200) DEFAULT NULL,
  `notificationbody` longtext,
  `label` varchar(50) DEFAULT NULL,
  PRIMARY KEY (`schedulednotificationid`),
  UNIQUE KEY `notificationscheduler_UK0` (`schedulednotificationname`)
) ENGINE=InnoDB AUTO_INCREMENT=8 DEFAULT CHARSET=latin1;
/*!40101 SET character_set_client = @saved_cs_client */;

--
-- Dumping data for table `notificationscheduler`
--

LOCK TABLES `notificationscheduler` WRITE;
/*!40000 ALTER TABLE `notificationscheduler` DISABLE KEYS */;
INSERT INTO `notificationscheduler` VALUES (1,'LBL_TASK_NOTIFICATION_DESCRITPION',1,'Task Delay Notification','Tasks delayed beyond 24 hrs ','LBL_TASK_NOTIFICATION'),(2,'LBL_BIG_DEAL_DESCRIPTION',1,'Big Deal notification','Success! A big deal has been won! ','LBL_BIG_DEAL'),(3,'LBL_TICKETS_DESCRIPTION',1,'Pending Tickets notification','Ticket pending please ','LBL_PENDING_TICKETS'),(4,'LBL_MANY_TICKETS_DESCRIPTION',1,'Too many tickets Notification','Too many tickets pending against this entity ','LBL_MANY_TICKETS'),(5,'LBL_START_DESCRIPTION',1,'Support Start Notification','Support starts please ','LBL_START_NOTIFICATION'),(6,'LBL_SUPPORT_DESCRIPTION',1,'Support ending please','Support Ending Notification','LBL_SUPPORT_NOTICIATION'),(7,'LBL_ACTIVITY_REMINDER_DESCRIPTION',1,'Activity Reminder Notication','This is a reminder notification for the Activity','LBL_ACTIVITY_NOTIFICATION');
/*!40000 ALTER TABLE `notificationscheduler` ENABLE KEYS */;
UNLOCK TABLES;

--
-- Table structure for table `notificationscheduler_seq`
--

DROP TABLE IF EXISTS `notificationscheduler_seq`;
/*!40101 SET @saved_cs_client     = @@character_set_client */;
/*!40101 SET character_set_client = utf8 */;
CREATE TABLE `notificationscheduler_seq` (
  `id` int(11) NOT NULL DEFAULT '0'
) ENGINE=MyISAM DEFAULT CHARSET=latin1;
/*!40101 SET character_set_client = @saved_cs_client */;

--
-- Dumping data for table `notificationscheduler_seq`
--

LOCK TABLES `notificationscheduler_seq` WRITE;
/*!40000 ALTER TABLE `notificationscheduler_seq` DISABLE KEYS */;
INSERT INTO `notificationscheduler_seq` VALUES (7);
/*!40000 ALTER TABLE `notificationscheduler_seq` ENABLE KEYS */;
UNLOCK TABLES;

--
-- Table structure for table `opportunity_type`
--

DROP TABLE IF EXISTS `opportunity_type`;
/*!40101 SET @saved_cs_client     = @@character_set_client */;
/*!40101 SET character_set_client = utf8 */;
CREATE TABLE `opportunity_type` (
  `opptypeid` int(19) NOT NULL AUTO_INCREMENT,
  `opportunity_type` varchar(200) NOT NULL DEFAULT '',
  `sortorderid` int(19) NOT NULL DEFAULT '0',
  `presence` int(1) NOT NULL DEFAULT '1',
  PRIMARY KEY (`opptypeid`),
  UNIQUE KEY `Opportunity_UK0` (`opportunity_type`)
) ENGINE=InnoDB AUTO_INCREMENT=4 DEFAULT CHARSET=latin1;
/*!40101 SET character_set_client = @saved_cs_client */;

--
-- Dumping data for table `opportunity_type`
--

LOCK TABLES `opportunity_type` WRITE;
/*!40000 ALTER TABLE `opportunity_type` DISABLE KEYS */;
INSERT INTO `opportunity_type` VALUES (1,'--None--',0,1),(2,'Existing Business',1,1),(3,'New Business',2,1);
/*!40000 ALTER TABLE `opportunity_type` ENABLE KEYS */;
UNLOCK TABLES;

--
-- Table structure for table `opportunitystage`
--

DROP TABLE IF EXISTS `opportunitystage`;
/*!40101 SET @saved_cs_client     = @@character_set_client */;
/*!40101 SET character_set_client = utf8 */;
CREATE TABLE `opportunitystage` (
  `potstageid` int(19) NOT NULL AUTO_INCREMENT,
  `stage` varchar(200) NOT NULL DEFAULT '',
  `sortorderid` int(19) NOT NULL DEFAULT '0',
  `presence` int(1) NOT NULL DEFAULT '1',
  `probability` decimal(4,3) DEFAULT '0.000',
  PRIMARY KEY (`potstageid`),
  UNIQUE KEY `OpportunityStage_UK0` (`stage`)
) ENGINE=InnoDB DEFAULT CHARSET=latin1;
/*!40101 SET character_set_client = @saved_cs_client */;

--
-- Dumping data for table `opportunitystage`
--

LOCK TABLES `opportunitystage` WRITE;
/*!40000 ALTER TABLE `opportunitystage` DISABLE KEYS */;
/*!40000 ALTER TABLE `opportunitystage` ENABLE KEYS */;
UNLOCK TABLES;

--
-- Table structure for table `orderdeliverydifferenceslog`
--

DROP TABLE IF EXISTS `orderdeliverydifferenceslog`;
/*!40101 SET @saved_cs_client     = @@character_set_client */;
/*!40101 SET character_set_client = utf8 */;
CREATE TABLE `orderdeliverydifferenceslog` (
  `orderno` int(11) NOT NULL DEFAULT '0',
  `invoiceno` int(11) NOT NULL DEFAULT '0',
  `stockid` varchar(20) NOT NULL DEFAULT '',
  `quantitydiff` double NOT NULL DEFAULT '0',
  `debtorno` varchar(10) NOT NULL DEFAULT '',
  `branch` varchar(10) NOT NULL DEFAULT '',
  `can_or_bo` char(3) NOT NULL DEFAULT 'CAN',
  PRIMARY KEY (`orderno`,`invoiceno`,`stockid`),
  KEY `StockID` (`stockid`),
  KEY `DebtorNo` (`debtorno`,`branch`),
  KEY `Can_or_BO` (`can_or_bo`),
  KEY `OrderNo` (`orderno`)
) ENGINE=InnoDB DEFAULT CHARSET=latin1;
/*!40101 SET character_set_client = @saved_cs_client */;

--
-- Dumping data for table `orderdeliverydifferenceslog`
--

LOCK TABLES `orderdeliverydifferenceslog` WRITE;
/*!40000 ALTER TABLE `orderdeliverydifferenceslog` DISABLE KEYS */;
INSERT INTO `orderdeliverydifferenceslog` VALUES (11,1002,'P02',1,'WWW1087','WWW1087','BO');
/*!40000 ALTER TABLE `orderdeliverydifferenceslog` ENABLE KEYS */;
UNLOCK TABLES;

--
-- Table structure for table `organizationdetails`
--

DROP TABLE IF EXISTS `organizationdetails`;
/*!40101 SET @saved_cs_client     = @@character_set_client */;
/*!40101 SET character_set_client = utf8 */;
CREATE TABLE `organizationdetails` (
  `organizationame` varchar(60) DEFAULT NULL,
  `address` varchar(150) DEFAULT NULL,
  `city` varchar(100) DEFAULT NULL,
  `state` varchar(100) DEFAULT NULL,
  `country` varchar(100) DEFAULT NULL,
  `code` varchar(30) DEFAULT NULL,
  `phone` varchar(30) DEFAULT NULL,
  `fax` varchar(30) DEFAULT NULL,
  `website` varchar(50) DEFAULT NULL,
  `logoname` varchar(50) DEFAULT NULL,
  `logo` longtext
) ENGINE=InnoDB DEFAULT CHARSET=latin1;
/*!40101 SET character_set_client = @saved_cs_client */;

--
-- Dumping data for table `organizationdetails`
--

LOCK TABLES `organizationdetails` WRITE;
/*!40000 ALTER TABLE `organizationdetails` DISABLE KEYS */;
INSERT INTO `organizationdetails` VALUES ('Acme Inc','123 Main St','anyvile','any state','Canada','mmm-mmm','613-555-5555','613-555-5555','http://www.mahsie.com','mahsie.jpg',NULL);
/*!40000 ALTER TABLE `organizationdetails` ENABLE KEYS */;
UNLOCK TABLES;

--
-- Table structure for table `paymentmethods`
--

DROP TABLE IF EXISTS `paymentmethods`;
/*!40101 SET @saved_cs_client     = @@character_set_client */;
/*!40101 SET character_set_client = utf8 */;
CREATE TABLE `paymentmethods` (
  `paymentid` tinyint(4) NOT NULL AUTO_INCREMENT,
  `paymentname` varchar(15) NOT NULL DEFAULT '',
  `paymenttype` int(11) NOT NULL DEFAULT '1',
  `receipttype` int(11) NOT NULL DEFAULT '1',
  PRIMARY KEY (`paymentid`)
) ENGINE=InnoDB AUTO_INCREMENT=5 DEFAULT CHARSET=latin1;
/*!40101 SET character_set_client = @saved_cs_client */;

--
-- Dumping data for table `paymentmethods`
--

LOCK TABLES `paymentmethods` WRITE;
/*!40000 ALTER TABLE `paymentmethods` DISABLE KEYS */;
INSERT INTO `paymentmethods` VALUES (1,'Cheque',1,1),(2,'Cash',1,1),(3,'Bank Transfer',1,1),(4,'Credit Card',1,1);
/*!40000 ALTER TABLE `paymentmethods` ENABLE KEYS */;
UNLOCK TABLES;

--
-- Table structure for table `paymentterms`
--

DROP TABLE IF EXISTS `paymentterms`;
/*!40101 SET @saved_cs_client     = @@character_set_client */;
/*!40101 SET character_set_client = utf8 */;
CREATE TABLE `paymentterms` (
  `termsindicator` char(2) NOT NULL DEFAULT '',
  `terms` char(40) NOT NULL DEFAULT '',
  `daysbeforedue` smallint(6) NOT NULL DEFAULT '0',
  `dayinfollowingmonth` smallint(6) NOT NULL DEFAULT '0',
  PRIMARY KEY (`termsindicator`),
  KEY `DaysBeforeDue` (`daysbeforedue`),
  KEY `DayInFollowingMonth` (`dayinfollowingmonth`)
) ENGINE=InnoDB DEFAULT CHARSET=latin1;
/*!40101 SET character_set_client = @saved_cs_client */;

--
-- Dumping data for table `paymentterms`
--

LOCK TABLES `paymentterms` WRITE;
/*!40000 ALTER TABLE `paymentterms` DISABLE KEYS */;
INSERT INTO `paymentterms` VALUES ('20','Due 20th Of the Following Month',0,22),('30','Net 30',0,30),('7','Payment due within 7 days',7,0),('CA','Cash Only',1,0);
/*!40000 ALTER TABLE `paymentterms` ENABLE KEYS */;
UNLOCK TABLES;

--
-- Table structure for table `periods`
--

DROP TABLE IF EXISTS `periods`;
/*!40101 SET @saved_cs_client     = @@character_set_client */;
/*!40101 SET character_set_client = utf8 */;
CREATE TABLE `periods` (
  `periodno` smallint(6) NOT NULL DEFAULT '0',
  `lastdate_in_period` date NOT NULL DEFAULT '0000-00-00',
  PRIMARY KEY (`periodno`),
  KEY `LastDate_in_Period` (`lastdate_in_period`)
) ENGINE=InnoDB DEFAULT CHARSET=latin1;
/*!40101 SET character_set_client = @saved_cs_client */;

--
-- Dumping data for table `periods`
--

LOCK TABLES `periods` WRITE;
/*!40000 ALTER TABLE `periods` DISABLE KEYS */;
INSERT INTO `periods` VALUES (-1,'2007-02-28'),(1,'2007-03-31'),(2,'2007-04-30'),(3,'2007-05-31'),(4,'2007-06-30'),(5,'2007-07-31'),(6,'2007-08-31'),(7,'2007-09-30'),(8,'2007-10-31'),(9,'2007-11-30'),(10,'2007-12-31'),(11,'2008-01-31'),(12,'2008-02-29'),(13,'2008-03-31'),(14,'2008-04-30'),(15,'2008-05-31'),(16,'2008-06-30'),(17,'2008-07-31'),(18,'2008-08-31'),(19,'2008-09-30'),(20,'2008-10-31'),(21,'2008-11-30'),(22,'2008-12-31'),(23,'2009-01-31'),(24,'2009-02-28'),(25,'2009-03-31'),(26,'2009-04-30'),(27,'2009-05-31'),(28,'2009-06-30'),(29,'2009-07-31'),(30,'2009-08-31'),(31,'2009-09-30'),(32,'2009-10-31'),(33,'2009-11-30'),(34,'2009-12-31'),(35,'2010-01-31'),(36,'2010-02-28'),(37,'2010-03-31'),(38,'2010-04-30'),(39,'2010-05-31'),(40,'2010-06-30'),(41,'2010-07-31'),(42,'2010-08-31'),(43,'2010-09-30'),(44,'2010-10-31'),(45,'2010-11-30'),(46,'2010-12-31');
/*!40000 ALTER TABLE `periods` ENABLE KEYS */;
UNLOCK TABLES;

--
-- Table structure for table `pobillads`
--

DROP TABLE IF EXISTS `pobillads`;
/*!40101 SET @saved_cs_client     = @@character_set_client */;
/*!40101 SET character_set_client = utf8 */;
CREATE TABLE `pobillads` (
  `pobilladdressid` int(19) NOT NULL DEFAULT '0',
  `bill_city` varchar(30) DEFAULT NULL,
  `bill_code` varchar(30) DEFAULT NULL,
  `bill_country` varchar(30) DEFAULT NULL,
  `bill_state` varchar(30) DEFAULT NULL,
  `bill_street` varchar(250) DEFAULT NULL,
  PRIMARY KEY (`pobilladdressid`),
  CONSTRAINT `fk_PoBillAds` FOREIGN KEY (`pobilladdressid`) REFERENCES `purchaseorder` (`purchaseorderid`) ON DELETE CASCADE
) ENGINE=InnoDB DEFAULT CHARSET=latin1;
/*!40101 SET character_set_client = @saved_cs_client */;

--
-- Dumping data for table `pobillads`
--

LOCK TABLES `pobillads` WRITE;
/*!40000 ALTER TABLE `pobillads` DISABLE KEYS */;
/*!40000 ALTER TABLE `pobillads` ENABLE KEYS */;
UNLOCK TABLES;

--
-- Table structure for table `poproductrel`
--

DROP TABLE IF EXISTS `poproductrel`;
/*!40101 SET @saved_cs_client     = @@character_set_client */;
/*!40101 SET character_set_client = utf8 */;
CREATE TABLE `poproductrel` (
  `purchaseorderid` int(19) NOT NULL DEFAULT '0',
  `productid` int(19) NOT NULL DEFAULT '0',
  `quantity` int(19) DEFAULT NULL,
  `listprice` decimal(11,3) DEFAULT NULL,
  PRIMARY KEY (`purchaseorderid`,`productid`),
  KEY `PoProductRel_IDX1` (`productid`),
  CONSTRAINT `fk_PoProductRel` FOREIGN KEY (`purchaseorderid`) REFERENCES `purchaseorder` (`purchaseorderid`) ON DELETE CASCADE,
  CONSTRAINT `fk_PoProductRel2` FOREIGN KEY (`productid`) REFERENCES `stockmaster` (`productid`) ON DELETE CASCADE
) ENGINE=InnoDB DEFAULT CHARSET=latin1;
/*!40101 SET character_set_client = @saved_cs_client */;

--
-- Dumping data for table `poproductrel`
--

LOCK TABLES `poproductrel` WRITE;
/*!40000 ALTER TABLE `poproductrel` DISABLE KEYS */;
/*!40000 ALTER TABLE `poproductrel` ENABLE KEYS */;
UNLOCK TABLES;

--
-- Table structure for table `poshipads`
--

DROP TABLE IF EXISTS `poshipads`;
/*!40101 SET @saved_cs_client     = @@character_set_client */;
/*!40101 SET character_set_client = utf8 */;
CREATE TABLE `poshipads` (
  `poshipaddressid` int(19) NOT NULL DEFAULT '0',
  `ship_city` varchar(30) DEFAULT NULL,
  `ship_code` varchar(30) DEFAULT NULL,
  `ship_country` varchar(30) DEFAULT NULL,
  `ship_state` varchar(30) DEFAULT NULL,
  `ship_street` varchar(250) DEFAULT NULL,
  PRIMARY KEY (`poshipaddressid`),
  CONSTRAINT `fk_PoShipAds` FOREIGN KEY (`poshipaddressid`) REFERENCES `purchaseorder` (`purchaseorderid`) ON DELETE CASCADE
) ENGINE=InnoDB DEFAULT CHARSET=latin1;
/*!40101 SET character_set_client = @saved_cs_client */;

--
-- Dumping data for table `poshipads`
--

LOCK TABLES `poshipads` WRITE;
/*!40000 ALTER TABLE `poshipads` DISABLE KEYS */;
/*!40000 ALTER TABLE `poshipads` ENABLE KEYS */;
UNLOCK TABLES;

--
-- Table structure for table `postatus`
--

DROP TABLE IF EXISTS `postatus`;
/*!40101 SET @saved_cs_client     = @@character_set_client */;
/*!40101 SET character_set_client = utf8 */;
CREATE TABLE `postatus` (
  `postatusid` int(19) NOT NULL AUTO_INCREMENT,
  `postatus` varchar(200) NOT NULL DEFAULT '',
  `sortorderid` int(19) NOT NULL DEFAULT '0',
  `presence` int(1) NOT NULL DEFAULT '1',
  PRIMARY KEY (`postatusid`),
  UNIQUE KEY `postatus_UK0` (`postatus`)
) ENGINE=InnoDB AUTO_INCREMENT=5 DEFAULT CHARSET=latin1;
/*!40101 SET character_set_client = @saved_cs_client */;

--
-- Dumping data for table `postatus`
--

LOCK TABLES `postatus` WRITE;
/*!40000 ALTER TABLE `postatus` DISABLE KEYS */;
INSERT INTO `postatus` VALUES (1,'Created',0,1),(2,'Approved',1,1),(3,'Delivered',2,1),(4,'Canceled',3,1);
/*!40000 ALTER TABLE `postatus` ENABLE KEYS */;
UNLOCK TABLES;

--
-- Table structure for table `potcompetitorrel`
--

DROP TABLE IF EXISTS `potcompetitorrel`;
/*!40101 SET @saved_cs_client     = @@character_set_client */;
/*!40101 SET character_set_client = utf8 */;
CREATE TABLE `potcompetitorrel` (
  `potentialid` int(19) NOT NULL DEFAULT '0',
  `competitorid` int(19) NOT NULL DEFAULT '0',
  PRIMARY KEY (`potentialid`,`competitorid`),
  KEY `PotCompetitorRel_IDX0` (`potentialid`),
  KEY `PotCompetitorRel_IDX1` (`competitorid`),
  CONSTRAINT `fk_PotCompetitorRel` FOREIGN KEY (`potentialid`) REFERENCES `potential` (`potentialid`) ON DELETE CASCADE,
  CONSTRAINT `fk_PotCompetitorRel2` FOREIGN KEY (`competitorid`) REFERENCES `competitor` (`competitorid`) ON DELETE CASCADE
) ENGINE=InnoDB DEFAULT CHARSET=latin1;
/*!40101 SET character_set_client = @saved_cs_client */;

--
-- Dumping data for table `potcompetitorrel`
--

LOCK TABLES `potcompetitorrel` WRITE;
/*!40000 ALTER TABLE `potcompetitorrel` DISABLE KEYS */;
/*!40000 ALTER TABLE `potcompetitorrel` ENABLE KEYS */;
UNLOCK TABLES;

--
-- Table structure for table `potential`
--

DROP TABLE IF EXISTS `potential`;
/*!40101 SET @saved_cs_client     = @@character_set_client */;
/*!40101 SET character_set_client = utf8 */;
CREATE TABLE `potential` (
  `potentialid` int(19) NOT NULL DEFAULT '0',
  `accountid` int(19) DEFAULT NULL,
  `potentialname` varchar(120) NOT NULL DEFAULT '',
  `amount` decimal(10,0) DEFAULT '0',
  `currency` varchar(20) DEFAULT NULL,
  `closingdate` date DEFAULT NULL,
  `typeofrevenue` varchar(50) DEFAULT NULL,
  `campaignsource` varchar(30) DEFAULT NULL,
  `nextstep` varchar(100) DEFAULT NULL,
  `private` int(1) DEFAULT '0',
  `probability` decimal(7,3) DEFAULT '0.000',
  `sales_stage` varchar(50) DEFAULT NULL,
  `potentialtype` varchar(50) DEFAULT NULL,
  `leadsource` varchar(50) DEFAULT NULL,
  `productid` int(50) DEFAULT NULL,
  `productversion` varchar(50) DEFAULT NULL,
  `quotationref` varchar(50) DEFAULT NULL,
  `partnercontact` varchar(50) DEFAULT NULL,
  `remarks` varchar(50) DEFAULT NULL,
  `runtimefee` int(19) DEFAULT '0',
  `followupdate` date DEFAULT NULL,
  `evaluationstatus` varchar(50) DEFAULT NULL,
  `description` longtext,
  `forecastcategory` int(19) DEFAULT '0',
  `outcomeanalysis` int(19) DEFAULT '0',
  PRIMARY KEY (`potentialid`),
  KEY `Potential_IDX0` (`accountid`),
  KEY `potentialid` (`potentialid`),
  KEY `sales_stage` (`sales_stage`),
  CONSTRAINT `fk_Potential` FOREIGN KEY (`potentialid`) REFERENCES `crmentity` (`crmid`) ON DELETE CASCADE
) ENGINE=InnoDB DEFAULT CHARSET=latin1;
/*!40101 SET character_set_client = @saved_cs_client */;

--
-- Dumping data for table `potential`
--

LOCK TABLES `potential` WRITE;
/*!40000 ALTER TABLE `potential` DISABLE KEYS */;
INSERT INTO `potential` VALUES (1055,1053,'Mont Royal Hardware-Saws',2500,NULL,'2007-04-30',NULL,NULL,'',0,50.000,'Info Sharing','New Business','Direct Mail',NULL,NULL,NULL,NULL,NULL,0,NULL,NULL,NULL,0,0),(1115,1113,'US Equip Inc.- new order for pins',5000,NULL,'2007-06-29',NULL,NULL,'',0,70.000,'In Dialogue','New Business','Conference',NULL,NULL,NULL,NULL,NULL,0,NULL,NULL,NULL,0,0),(1199,1197,'MWDS BC-',0,NULL,'2010-10-01',NULL,NULL,NULL,0,0.000,'Prospecting',NULL,'Web Site',NULL,NULL,NULL,NULL,NULL,0,NULL,NULL,NULL,0,0),(1214,1212,'Turner and sons-',0,NULL,'2010-12-10',NULL,NULL,NULL,0,0.000,'Prospecting',NULL,'--None--',NULL,NULL,NULL,NULL,NULL,0,NULL,NULL,NULL,0,0),(1221,1219,'Cannon airlines-',0,NULL,'2010-12-22',NULL,NULL,NULL,0,0.000,'Prospecting',NULL,'--None--',NULL,NULL,NULL,NULL,NULL,0,NULL,NULL,NULL,0,0),(1228,1226,'Toronto Hardware-',0,NULL,'2010-12-22',NULL,NULL,NULL,0,0.000,'Prospecting',NULL,'Public Relations',NULL,NULL,NULL,NULL,NULL,0,NULL,NULL,NULL,0,0),(1260,1258,'mwds bc 1-',0,NULL,'2010-12-08',NULL,NULL,NULL,0,0.000,'Prospecting',NULL,'--None--',NULL,NULL,NULL,NULL,NULL,0,NULL,NULL,NULL,0,0),(1267,1265,'MF Furgerson-',0,NULL,'2010-12-28',NULL,NULL,NULL,0,0.000,'Prospecting',NULL,'--None--',NULL,NULL,NULL,NULL,NULL,0,NULL,NULL,NULL,0,0),(1268,1265,'testing',3500,NULL,'2010-12-29',NULL,NULL,'',0,60.000,'Info Sharing','New Business','Trade Show',NULL,NULL,NULL,NULL,NULL,0,NULL,NULL,NULL,0,0);
/*!40000 ALTER TABLE `potential` ENABLE KEYS */;
UNLOCK TABLES;

--
-- Table structure for table `potentialscf`
--

DROP TABLE IF EXISTS `potentialscf`;
/*!40101 SET @saved_cs_client     = @@character_set_client */;
/*!40101 SET character_set_client = utf8 */;
CREATE TABLE `potentialscf` (
  `potentialid` int(19) NOT NULL DEFAULT '0',
  `cf_370` varchar(250) DEFAULT NULL,
  PRIMARY KEY (`potentialid`),
  CONSTRAINT `fk_PotentialsCF2` FOREIGN KEY (`potentialid`) REFERENCES `potential` (`potentialid`) ON DELETE CASCADE
) ENGINE=InnoDB DEFAULT CHARSET=latin1;
/*!40101 SET character_set_client = @saved_cs_client */;

--
-- Dumping data for table `potentialscf`
--

LOCK TABLES `potentialscf` WRITE;
/*!40000 ALTER TABLE `potentialscf` DISABLE KEYS */;
INSERT INTO `potentialscf` VALUES (1055,NULL),(1115,NULL),(1199,NULL),(1214,NULL),(1221,NULL),(1228,NULL),(1260,NULL),(1267,NULL),(1268,NULL);
/*!40000 ALTER TABLE `potentialscf` ENABLE KEYS */;
UNLOCK TABLES;

--
-- Table structure for table `potstagehistory`
--

DROP TABLE IF EXISTS `potstagehistory`;
/*!40101 SET @saved_cs_client     = @@character_set_client */;
/*!40101 SET character_set_client = utf8 */;
CREATE TABLE `potstagehistory` (
  `historyid` int(19) NOT NULL AUTO_INCREMENT,
  `potentialid` int(19) NOT NULL DEFAULT '0',
  `amount` decimal(10,0) DEFAULT NULL,
  `stage` varchar(100) DEFAULT NULL,
  `probability` decimal(4,3) DEFAULT NULL,
  `expectedrevenue` decimal(10,0) DEFAULT NULL,
  `closedate` date DEFAULT NULL,
  `lastmodified` datetime NOT NULL DEFAULT '0000-00-00 00:00:00',
  PRIMARY KEY (`historyid`),
  KEY `PotStageHistory_IDX1` (`potentialid`),
  CONSTRAINT `fk_PotStageHistory` FOREIGN KEY (`potentialid`) REFERENCES `potential` (`potentialid`) ON DELETE CASCADE
) ENGINE=InnoDB AUTO_INCREMENT=3 DEFAULT CHARSET=latin1;
/*!40101 SET character_set_client = @saved_cs_client */;

--
-- Dumping data for table `potstagehistory`
--

LOCK TABLES `potstagehistory` WRITE;
/*!40000 ALTER TABLE `potstagehistory` DISABLE KEYS */;
INSERT INTO `potstagehistory` VALUES (1,1055,2500,'Prospecting',9.999,0,'2007-04-30','2007-03-22 00:31:35'),(2,1115,5000,'Prospecting',9.999,0,'2007-06-29','2007-05-15 10:28:21');
/*!40000 ALTER TABLE `potstagehistory` ENABLE KEYS */;
UNLOCK TABLES;

--
-- Table structure for table `pricebook`
--

DROP TABLE IF EXISTS `pricebook`;
/*!40101 SET @saved_cs_client     = @@character_set_client */;
/*!40101 SET character_set_client = utf8 */;
CREATE TABLE `pricebook` (
  `pricebookid` int(19) NOT NULL DEFAULT '0',
  `bookname` varchar(100) DEFAULT NULL,
  `active` int(1) DEFAULT NULL,
  `description` longtext,
  `currcode` varchar(20) NOT NULL DEFAULT '',
  `pbcode` char(2) NOT NULL DEFAULT '',
  PRIMARY KEY (`pricebookid`),
  CONSTRAINT `fk_PriceBook` FOREIGN KEY (`pricebookid`) REFERENCES `crmentity` (`crmid`) ON DELETE CASCADE
) ENGINE=InnoDB DEFAULT CHARSET=latin1;
/*!40101 SET character_set_client = @saved_cs_client */;

--
-- Dumping data for table `pricebook`
--

LOCK TABLES `pricebook` WRITE;
/*!40000 ALTER TABLE `pricebook` DISABLE KEYS */;
/*!40000 ALTER TABLE `pricebook` ENABLE KEYS */;
UNLOCK TABLES;

--
-- Table structure for table `pricebookcf`
--

DROP TABLE IF EXISTS `pricebookcf`;
/*!40101 SET @saved_cs_client     = @@character_set_client */;
/*!40101 SET character_set_client = utf8 */;
CREATE TABLE `pricebookcf` (
  `pricebookid` int(19) NOT NULL DEFAULT '0',
  PRIMARY KEY (`pricebookid`),
  CONSTRAINT `fk_PriceBookCF` FOREIGN KEY (`pricebookid`) REFERENCES `pricebook` (`pricebookid`) ON DELETE CASCADE
) ENGINE=InnoDB DEFAULT CHARSET=latin1;
/*!40101 SET character_set_client = @saved_cs_client */;

--
-- Dumping data for table `pricebookcf`
--

LOCK TABLES `pricebookcf` WRITE;
/*!40000 ALTER TABLE `pricebookcf` DISABLE KEYS */;
/*!40000 ALTER TABLE `pricebookcf` ENABLE KEYS */;
UNLOCK TABLES;

--
-- Table structure for table `pricebookproductrel`
--

DROP TABLE IF EXISTS `pricebookproductrel`;
/*!40101 SET @saved_cs_client     = @@character_set_client */;
/*!40101 SET character_set_client = utf8 */;
CREATE TABLE `pricebookproductrel` (
  `pricebookid` int(19) NOT NULL DEFAULT '0',
  `productid` int(19) NOT NULL DEFAULT '0',
  `listprice` decimal(11,3) DEFAULT NULL,
  PRIMARY KEY (`pricebookid`,`productid`),
  KEY `PriceBookProductRel_IDX0` (`pricebookid`),
  KEY `PriceBookProductRel_IDX1` (`productid`),
  CONSTRAINT `fk_PriceBookProductRel` FOREIGN KEY (`pricebookid`) REFERENCES `pricebook` (`pricebookid`) ON DELETE CASCADE,
  CONSTRAINT `fk_PriceBookProductRel2` FOREIGN KEY (`productid`) REFERENCES `stockmaster` (`productid`) ON DELETE CASCADE
) ENGINE=InnoDB DEFAULT CHARSET=latin1;
/*!40101 SET character_set_client = @saved_cs_client */;

--
-- Dumping data for table `pricebookproductrel`
--

LOCK TABLES `pricebookproductrel` WRITE;
/*!40000 ALTER TABLE `pricebookproductrel` DISABLE KEYS */;
/*!40000 ALTER TABLE `pricebookproductrel` ENABLE KEYS */;
UNLOCK TABLES;

--
-- Table structure for table `prices`
--

DROP TABLE IF EXISTS `prices`;
/*!40101 SET @saved_cs_client     = @@character_set_client */;
/*!40101 SET character_set_client = utf8 */;
CREATE TABLE `prices` (
  `stockid` varchar(20) NOT NULL DEFAULT '',
  `typeabbrev` char(2) NOT NULL DEFAULT '',
  `currabrev` char(3) NOT NULL DEFAULT '',
  `debtorno` varchar(10) NOT NULL DEFAULT '',
  `price` decimal(20,4) NOT NULL DEFAULT '0.0000',
  `branchcode` varchar(10) NOT NULL DEFAULT '',
  `pricebookid` int(10) NOT NULL DEFAULT '0',
  `productid` int(10) NOT NULL DEFAULT '0',
  `mdate` int(11) NOT NULL DEFAULT '0',
  PRIMARY KEY (`stockid`,`typeabbrev`,`currabrev`,`debtorno`),
  KEY `CurrAbrev` (`currabrev`),
  KEY `DebtorNo` (`debtorno`),
  KEY `StockID` (`stockid`),
  KEY `TypeAbbrev` (`typeabbrev`)
) ENGINE=InnoDB DEFAULT CHARSET=latin1;
/*!40101 SET character_set_client = @saved_cs_client */;

--
-- Dumping data for table `prices`
--

LOCK TABLES `prices` WRITE;
/*!40000 ALTER TABLE `prices` DISABLE KEYS */;
INSERT INTO `prices` VALUES ('G01','DE','CDN','',50.0000,'',0,0,0),('G01-01','DE','CDN','',5.4000,'',0,0,0),('G01-02','DE','CDN','',5.4000,'',0,0,0),('G01-03','DE','CDN','',16.2300,'',0,0,0),('G03','DE','CDN','',24.9900,'',0,0,0),('G04','DE','CDN','',19.9900,'',0,0,0),('h01','DE','CDN','',29.9900,'',0,0,0),('h02','DE','CDN','',1.0000,'',0,0,0),('l01','DE','CDN','',79.9900,'',0,0,0),('l02','DE','CDN','',49.9900,'',0,0,0),('l03','DE','CDN','',59.9900,'',0,0,0),('p01','DE','CDN','',149.9900,'',0,0,0),('p02','DE','CDN','',220.9000,'',0,0,0),('p03','DE','CDN','',48.1200,'',0,0,0),('p04','DE','CDN','',79.9900,'',0,0,0),('POW03','DE','CDN','',53.0000,'',0,0,0),('S01','DE','CDN','',56.0000,'',0,0,0),('TURBO-TEST','DE','CDN','',400.0000,'',0,0,0),('VW-001-03','DE','CDN','',36.0000,'',0,0,0);
/*!40000 ALTER TABLE `prices` ENABLE KEYS */;
UNLOCK TABLES;

--
-- Table structure for table `priority`
--

DROP TABLE IF EXISTS `priority`;
/*!40101 SET @saved_cs_client     = @@character_set_client */;
/*!40101 SET character_set_client = utf8 */;
CREATE TABLE `priority` (
  `priorityid` int(19) NOT NULL AUTO_INCREMENT,
  `priority` varchar(200) NOT NULL DEFAULT '',
  `sortorderid` int(19) NOT NULL DEFAULT '0',
  `presence` int(1) NOT NULL DEFAULT '1',
  PRIMARY KEY (`priorityid`),
  UNIQUE KEY `Priority_UK0` (`priority`)
) ENGINE=InnoDB DEFAULT CHARSET=latin1;
/*!40101 SET character_set_client = @saved_cs_client */;

--
-- Dumping data for table `priority`
--

LOCK TABLES `priority` WRITE;
/*!40000 ALTER TABLE `priority` DISABLE KEYS */;
/*!40000 ALTER TABLE `priority` ENABLE KEYS */;
UNLOCK TABLES;

--
-- Table structure for table `productcategory`
--

DROP TABLE IF EXISTS `productcategory`;
/*!40101 SET @saved_cs_client     = @@character_set_client */;
/*!40101 SET character_set_client = utf8 */;
CREATE TABLE `productcategory` (
  `productcategoryid` int(19) NOT NULL AUTO_INCREMENT,
  `productcategory` varchar(200) NOT NULL DEFAULT '',
  `sortorderid` int(19) NOT NULL DEFAULT '0',
  `presence` int(1) NOT NULL DEFAULT '1',
  PRIMARY KEY (`productcategoryid`),
  UNIQUE KEY `ProductCategory_UK0` (`productcategory`)
) ENGINE=InnoDB AUTO_INCREMENT=7 DEFAULT CHARSET=latin1;
/*!40101 SET character_set_client = @saved_cs_client */;

--
-- Dumping data for table `productcategory`
--

LOCK TABLES `productcategory` WRITE;
/*!40000 ALTER TABLE `productcategory` DISABLE KEYS */;
INSERT INTO `productcategory` VALUES (1,'--None--',0,1),(2,'HT',2,1),(3,'PT',3,1),(4,'GT',4,1),(5,'OT',5,1),(6,'IT',6,1);
/*!40000 ALTER TABLE `productcategory` ENABLE KEYS */;
UNLOCK TABLES;

--
-- Table structure for table `productcf`
--

DROP TABLE IF EXISTS `productcf`;
/*!40101 SET @saved_cs_client     = @@character_set_client */;
/*!40101 SET character_set_client = utf8 */;
CREATE TABLE `productcf` (
  `productid` int(19) NOT NULL DEFAULT '0',
  PRIMARY KEY (`productid`),
  CONSTRAINT `fk_ProductCF` FOREIGN KEY (`productid`) REFERENCES `stockmaster` (`productid`) ON DELETE CASCADE
) ENGINE=InnoDB DEFAULT CHARSET=latin1;
/*!40101 SET character_set_client = @saved_cs_client */;

--
-- Dumping data for table `productcf`
--

LOCK TABLES `productcf` WRITE;
/*!40000 ALTER TABLE `productcf` DISABLE KEYS */;
INSERT INTO `productcf` VALUES (1029),(1030),(1031),(1032),(1033),(1034),(1035),(1037),(1038),(1039),(1040),(1041),(1042),(1043),(1044),(1045),(1046),(1047),(1106),(1145),(1167),(1168),(1174),(1175),(1176),(1180),(1183),(1193);
/*!40000 ALTER TABLE `productcf` ENABLE KEYS */;
UNLOCK TABLES;

--
-- Table structure for table `productcollaterals`
--

DROP TABLE IF EXISTS `productcollaterals`;
/*!40101 SET @saved_cs_client     = @@character_set_client */;
/*!40101 SET character_set_client = utf8 */;
CREATE TABLE `productcollaterals` (
  `productid` int(11) NOT NULL DEFAULT '0',
  `date_entered` timestamp NOT NULL DEFAULT CURRENT_TIMESTAMP ON UPDATE CURRENT_TIMESTAMP,
  `data` longblob,
  `description` longtext,
  `filename` varchar(50) DEFAULT NULL,
  `filesize` varchar(50) NOT NULL DEFAULT '',
  `filetype` varchar(20) NOT NULL DEFAULT '',
  PRIMARY KEY (`productid`),
  KEY `idx_collaterals_name` (`productid`,`filename`),
  CONSTRAINT `fk_productcollaterals` FOREIGN KEY (`productid`) REFERENCES `stockmaster` (`productid`) ON DELETE CASCADE
) ENGINE=InnoDB DEFAULT CHARSET=latin1;
/*!40101 SET character_set_client = @saved_cs_client */;

--
-- Dumping data for table `productcollaterals`
--

LOCK TABLES `productcollaterals` WRITE;
/*!40000 ALTER TABLE `productcollaterals` DISABLE KEYS */;
/*!40000 ALTER TABLE `productcollaterals` ENABLE KEYS */;
UNLOCK TABLES;

--
-- Table structure for table `productionruncosting`
--

DROP TABLE IF EXISTS `productionruncosting`;
/*!40101 SET @saved_cs_client     = @@character_set_client */;
/*!40101 SET character_set_client = utf8 */;
CREATE TABLE `productionruncosting` (
  `prref` int(11) NOT NULL DEFAULT '0',
  `otherref` varchar(20) NOT NULL DEFAULT '0',
  `other` varchar(50) NOT NULL DEFAULT '',
  `eta` datetime NOT NULL DEFAULT '0000-00-00 00:00:00',
  `accumvalue` double NOT NULL DEFAULT '0',
  `supplierid` varchar(10) NOT NULL DEFAULT '',
  `closed` tinyint(4) NOT NULL DEFAULT '0',
  PRIMARY KEY (`prref`),
  KEY `ETA` (`eta`),
  KEY `SupplierID` (`supplierid`),
  KEY `ShipperRef` (`otherref`),
  KEY `Vessel` (`other`)
) ENGINE=InnoDB DEFAULT CHARSET=latin1;
/*!40101 SET character_set_client = @saved_cs_client */;

--
-- Dumping data for table `productionruncosting`
--

LOCK TABLES `productionruncosting` WRITE;
/*!40000 ALTER TABLE `productionruncosting` DISABLE KEYS */;
/*!40000 ALTER TABLE `productionruncosting` ENABLE KEYS */;
UNLOCK TABLES;

--
-- Table structure for table `productionruncostingcharges`
--

DROP TABLE IF EXISTS `productionruncostingcharges`;
/*!40101 SET @saved_cs_client     = @@character_set_client */;
/*!40101 SET character_set_client = utf8 */;
CREATE TABLE `productionruncostingcharges` (
  `prchgid` int(11) NOT NULL AUTO_INCREMENT,
  `prref` int(11) NOT NULL DEFAULT '0',
  `transtype` smallint(6) NOT NULL DEFAULT '0',
  `transno` int(11) NOT NULL DEFAULT '0',
  `stockid` varchar(20) NOT NULL DEFAULT '',
  `value` double NOT NULL DEFAULT '0',
  `prno` int(11) NOT NULL DEFAULT '0',
  `invoicetype` varchar(200) DEFAULT NULL,
  PRIMARY KEY (`prchgid`),
  KEY `TransType` (`transtype`,`transno`),
  KEY `ShiptRef` (`prref`),
  KEY `StockID` (`stockid`),
  KEY `TransType_2` (`transtype`)
) ENGINE=InnoDB DEFAULT CHARSET=latin1;
/*!40101 SET character_set_client = @saved_cs_client */;

--
-- Dumping data for table `productionruncostingcharges`
--

LOCK TABLES `productionruncostingcharges` WRITE;
/*!40000 ALTER TABLE `productionruncostingcharges` DISABLE KEYS */;
/*!40000 ALTER TABLE `productionruncostingcharges` ENABLE KEYS */;
UNLOCK TABLES;

--
-- Table structure for table `productionrundetails`
--

DROP TABLE IF EXISTS `productionrundetails`;
/*!40101 SET @saved_cs_client     = @@character_set_client */;
/*!40101 SET character_set_client = utf8 */;
CREATE TABLE `productionrundetails` (
  `prdetailitem` int(11) NOT NULL AUTO_INCREMENT,
  `prno` int(11) NOT NULL DEFAULT '0',
  `itemcode` varchar(20) NOT NULL DEFAULT '',
  `processdate` date NOT NULL DEFAULT '0000-00-00',
  `itemdescription` varchar(100) NOT NULL DEFAULT '',
  `glcode` int(11) NOT NULL DEFAULT '0',
  `qtyprocessed` double NOT NULL DEFAULT '0',
  `unitcost` double NOT NULL DEFAULT '0',
  `actcostunit` double NOT NULL DEFAULT '0',
  `stdcostunit` double NOT NULL DEFAULT '0',
  `quantityord` double NOT NULL DEFAULT '0',
  `quantityrecd` double NOT NULL DEFAULT '0',
  `prref` int(11) NOT NULL DEFAULT '0',
  `jobref` varchar(20) NOT NULL DEFAULT '',
  `completed` tinyint(4) NOT NULL DEFAULT '0',
  `parent` varchar(10) NOT NULL DEFAULT '',
  `bomtotal` double NOT NULL DEFAULT '0',
  `orddate` date NOT NULL DEFAULT '0000-00-00',
  `prlineno` int(10) NOT NULL DEFAULT '0',
  `qtyperunit` decimal(10,4) NOT NULL DEFAULT '0.0000',
  `bomunitcost` decimal(10,4) NOT NULL DEFAULT '0.0000',
  `actbomunitcost` decimal(10,4) NOT NULL DEFAULT '0.0000',
  PRIMARY KEY (`prdetailitem`),
  KEY `DeliveryDate` (`processdate`),
  KEY `GLCode` (`glcode`),
  KEY `ItemCode` (`itemcode`),
  KEY `JobRef` (`jobref`),
  KEY `OrderNo` (`prno`),
  KEY `ShiptRef` (`prref`),
  KEY `Completed` (`completed`)
) ENGINE=InnoDB DEFAULT CHARSET=latin1;
/*!40101 SET character_set_client = @saved_cs_client */;

--
-- Dumping data for table `productionrundetails`
--

LOCK TABLES `productionrundetails` WRITE;
/*!40000 ALTER TABLE `productionrundetails` DISABLE KEYS */;
/*!40000 ALTER TABLE `productionrundetails` ENABLE KEYS */;
UNLOCK TABLES;

--
-- Table structure for table `productionruns`
--

DROP TABLE IF EXISTS `productionruns`;
/*!40101 SET @saved_cs_client     = @@character_set_client */;
/*!40101 SET character_set_client = utf8 */;
CREATE TABLE `productionruns` (
  `prno` int(11) NOT NULL AUTO_INCREMENT,
  `supplierno` varchar(10) NOT NULL DEFAULT '',
  `comments` longblob,
  `initdate` datetime NOT NULL DEFAULT '0000-00-00 00:00:00',
  `dateprinted` datetime DEFAULT NULL,
  `allowprint` tinyint(4) NOT NULL DEFAULT '1',
  `initiator` varchar(10) DEFAULT NULL,
  `requisitionno` varchar(15) DEFAULT NULL,
  `workcentre` varchar(5) NOT NULL DEFAULT '',
  `workadd1` varchar(40) NOT NULL DEFAULT '',
  `workadd2` varchar(40) NOT NULL DEFAULT '',
  `workadd3` varchar(40) NOT NULL DEFAULT '',
  `workadd4` varchar(40) NOT NULL DEFAULT '',
  `workadd5` varchar(20) NOT NULL DEFAULT '',
  `workadd6` varchar(15) NOT NULL DEFAULT '',
  `contact` varchar(30) NOT NULL DEFAULT '',
  `reqdate` datetime DEFAULT NULL,
  `stockno` varchar(10) NOT NULL DEFAULT '',
  `prodrunqty` decimal(10,4) NOT NULL DEFAULT '0.0000',
  `prodrunqtyrecd` decimal(10,4) NOT NULL DEFAULT '0.0000',
  `completed` tinyint(1) NOT NULL DEFAULT '0',
  `rate` double NOT NULL DEFAULT '1',
  `prref` int(10) NOT NULL DEFAULT '0',
  `mancosts` decimal(10,4) NOT NULL DEFAULT '0.0000',
  `othercosts` decimal(10,4) NOT NULL DEFAULT '0.0000',
  `bomunitcost` decimal(10,4) NOT NULL DEFAULT '0.0000',
  `processdate` date NOT NULL DEFAULT '0000-00-00',
  PRIMARY KEY (`prno`),
  KEY `SupplierNo` (`supplierno`),
  KEY `AllowPrintPR` (`allowprint`),
  KEY `WorkCentre` (`workcentre`),
  KEY `InitDate` (`initdate`),
  KEY `StockNo` (`stockno`)
) ENGINE=InnoDB AUTO_INCREMENT=2 DEFAULT CHARSET=latin1;
/*!40101 SET character_set_client = @saved_cs_client */;

--
-- Dumping data for table `productionruns`
--

LOCK TABLES `productionruns` WRITE;
/*!40000 ALTER TABLE `productionruns` DISABLE KEYS */;
INSERT INTO `productionruns` VALUES (1,'','','2010-09-29 00:00:00',NULL,1,'','','NY1','7th Ave NW','Box 100','Rochester','NY','USA','11223','','2010-09-29 00:00:00','',0.0000,0.0000,0,1,0,0.0000,0.0000,0.0000,'0000-00-00');
/*!40000 ALTER TABLE `productionruns` ENABLE KEYS */;
UNLOCK TABLES;

--
-- Table structure for table `products`
--

DROP TABLE IF EXISTS `products`;
/*!40101 SET @saved_cs_client     = @@character_set_client */;
/*!40101 SET character_set_client = utf8 */;
CREATE TABLE `products` (
  `productid` int(11) NOT NULL DEFAULT '0',
  `productname` varchar(50) NOT NULL DEFAULT '',
  `productcode` varchar(40) DEFAULT NULL,
  `productcategory` varchar(40) DEFAULT NULL,
  `manufacturer` varchar(40) DEFAULT NULL,
  `product_description` longtext,
  `qty_per_unit` decimal(11,2) DEFAULT '0.00',
  `unit_price` decimal(11,2) DEFAULT NULL,
  `weight` decimal(11,3) DEFAULT NULL,
  `pack_size` int(11) DEFAULT NULL,
  `sales_start_date` date DEFAULT NULL,
  `sales_end_date` date DEFAULT NULL,
  `start_date` date DEFAULT NULL,
  `expiry_date` date DEFAULT NULL,
  `cost_factor` int(11) DEFAULT NULL,
  `commissionrate` decimal(4,3) DEFAULT NULL,
  `commissionmethod` varchar(50) DEFAULT NULL,
  `discontinued` int(1) DEFAULT NULL,
  `usageunit` varchar(200) DEFAULT NULL,
  `handler` int(11) DEFAULT NULL,
  `contactid` int(11) DEFAULT NULL,
  `currency` varchar(200) DEFAULT NULL,
  `reorderlevel` int(11) DEFAULT NULL,
  `website` varchar(100) DEFAULT NULL,
  `taxclass` varchar(200) DEFAULT NULL,
  `mfr_part_no` varchar(200) DEFAULT NULL,
  `vendor_part_no` varchar(200) DEFAULT NULL,
  `serialno` varchar(200) DEFAULT NULL,
  `qtyinstock` int(11) DEFAULT NULL,
  `productsheet` varchar(200) DEFAULT NULL,
  `qtyindemand` int(11) DEFAULT NULL,
  `glacct` varchar(200) DEFAULT NULL,
  `vendor_id` int(11) DEFAULT NULL,
  `imagename` varchar(150) DEFAULT NULL,
  PRIMARY KEY (`productid`)
) ENGINE=InnoDB DEFAULT CHARSET=latin1;
/*!40101 SET character_set_client = @saved_cs_client */;

--
-- Dumping data for table `products`
--

LOCK TABLES `products` WRITE;
/*!40000 ALTER TABLE `products` DISABLE KEYS */;
/*!40000 ALTER TABLE `products` ENABLE KEYS */;
UNLOCK TABLES;

--
-- Table structure for table `profile`
--

DROP TABLE IF EXISTS `profile`;
/*!40101 SET @saved_cs_client     = @@character_set_client */;
/*!40101 SET character_set_client = utf8 */;
CREATE TABLE `profile` (
  `profileid` int(10) NOT NULL AUTO_INCREMENT,
  `profilename` varchar(50) NOT NULL DEFAULT '',
  PRIMARY KEY (`profileid`)
) ENGINE=MyISAM AUTO_INCREMENT=5 DEFAULT CHARSET=latin1;
/*!40101 SET character_set_client = @saved_cs_client */;

--
-- Dumping data for table `profile`
--

LOCK TABLES `profile` WRITE;
/*!40000 ALTER TABLE `profile` DISABLE KEYS */;
INSERT INTO `profile` VALUES (1,'Administrator'),(2,'Sales Profile'),(3,'Support Profile'),(4,'Guest Profile');
/*!40000 ALTER TABLE `profile` ENABLE KEYS */;
UNLOCK TABLES;

--
-- Table structure for table `profile2field`
--

DROP TABLE IF EXISTS `profile2field`;
/*!40101 SET @saved_cs_client     = @@character_set_client */;
/*!40101 SET character_set_client = utf8 */;
CREATE TABLE `profile2field` (
  `profileid` int(11) DEFAULT NULL,
  `tabid` int(10) DEFAULT NULL,
  `fieldid` int(19) DEFAULT NULL,
  `visible` int(19) DEFAULT NULL,
  `readonly` int(19) DEFAULT NULL,
  KEY `idx_prof2fileid` (`profileid`,`tabid`),
  KEY `tabid` (`tabid`,`profileid`),
  KEY `visible` (`visible`,`profileid`)
) ENGINE=MyISAM DEFAULT CHARSET=latin1;
/*!40101 SET character_set_client = @saved_cs_client */;

--
-- Dumping data for table `profile2field`
--

LOCK TABLES `profile2field` WRITE;
/*!40000 ALTER TABLE `profile2field` DISABLE KEYS */;
INSERT INTO `profile2field` VALUES (1,6,1,0,1),(1,6,2,0,1),(1,6,3,0,1),(1,6,4,0,1),(1,6,5,0,1),(1,6,6,0,1),(1,6,7,0,1),(1,6,8,0,1),(1,6,9,0,1),(1,6,10,0,1),(1,6,11,0,1),(1,6,12,0,1),(1,6,13,0,1),(1,6,14,0,1),(1,6,15,0,1),(1,6,16,0,1),(1,6,17,0,1),(1,6,18,0,1),(1,6,19,0,1),(1,6,20,0,1),(1,6,21,0,1),(1,6,22,0,1),(1,6,23,0,1),(1,6,24,0,1),(1,6,25,0,1),(1,6,26,0,1),(1,6,27,0,1),(1,6,28,0,1),(1,6,29,0,1),(1,6,30,0,1),(1,7,32,0,1),(1,7,33,0,1),(1,7,34,0,1),(1,7,35,0,1),(1,7,36,0,1),(1,7,37,0,1),(1,7,38,0,1),(1,7,39,0,1),(1,7,40,0,1),(1,7,41,0,1),(1,7,42,0,1),(1,7,43,0,1),(1,7,44,0,1),(1,7,45,0,1),(1,7,46,0,1),(1,7,47,0,1),(1,7,48,0,1),(1,7,49,0,1),(1,7,50,0,1),(1,7,51,0,1),(1,7,52,0,1),(1,7,53,0,1),(1,7,54,0,1),(1,7,55,0,1),(1,7,56,0,1),(1,4,58,0,1),(1,4,59,0,1),(1,4,60,0,1),(1,4,61,0,1),(1,4,62,0,1),(1,4,63,0,1),(1,4,64,0,1),(1,4,65,0,1),(1,4,66,0,1),(1,4,67,0,1),(1,4,68,0,1),(1,4,69,0,1),(1,4,70,0,1),(1,4,71,0,1),(1,4,72,0,1),(1,4,73,0,1),(1,4,74,0,1),(1,4,75,0,1),(1,4,76,0,1),(1,4,77,0,1),(1,4,78,0,1),(1,4,79,0,1),(1,4,80,0,1),(1,4,81,0,1),(1,4,82,0,1),(1,4,83,0,1),(1,4,84,0,1),(1,4,85,0,1),(1,4,86,0,1),(1,4,87,0,1),(1,4,88,0,1),(1,4,89,0,1),(1,4,90,0,1),(1,4,91,0,1),(1,4,92,0,1),(1,4,93,0,1),(1,2,94,0,1),(1,2,95,0,1),(1,2,96,0,1),(1,2,97,0,1),(1,2,98,0,1),(1,2,99,0,1),(1,2,100,0,1),(1,2,101,0,1),(1,2,102,0,1),(1,2,103,0,1),(1,2,104,0,1),(1,2,105,0,1),(1,2,106,0,1),(1,13,107,0,1),(1,13,108,0,1),(1,13,109,0,1),(1,13,110,0,1),(1,13,111,0,1),(1,13,112,0,1),(1,13,113,0,1),(1,13,115,0,1),(1,13,116,0,1),(1,13,117,0,1),(1,13,118,0,1),(1,13,119,0,1),(1,13,120,0,1),(1,14,121,0,1),(1,14,122,0,1),(1,14,123,0,1),(1,14,124,0,1),(1,14,125,0,1),(1,14,126,0,1),(1,14,127,0,1),(1,14,128,0,1),(1,14,129,0,1),(1,14,130,0,1),(1,14,131,0,1),(1,14,132,0,1),(1,14,133,1,1),(1,14,134,0,1),(1,14,135,0,1),(1,14,136,0,1),(1,14,137,0,1),(1,14,138,0,1),(1,14,139,0,1),(1,14,140,0,1),(1,14,141,0,1),(1,14,142,0,1),(1,14,143,0,1),(1,14,144,0,1),(1,14,145,0,1),(1,14,146,0,1),(1,14,147,0,1),(1,14,148,0,1),(1,14,149,0,1),(1,14,150,0,1),(1,14,151,0,1),(1,8,152,0,1),(1,8,153,0,1),(1,8,154,0,1),(1,8,155,0,1),(1,8,156,0,1),(1,8,157,0,1),(1,8,158,0,1),(1,10,159,0,1),(1,10,162,0,1),(1,10,163,0,1),(1,10,164,0,1),(1,10,165,0,1),(1,10,166,0,1),(1,10,168,0,1),(1,10,169,0,1),(1,9,170,0,1),(1,9,171,0,1),(1,9,172,0,1),(1,9,174,0,1),(1,9,175,0,1),(1,9,176,0,1),(1,9,177,0,1),(1,9,179,0,1),(1,9,180,0,1),(1,9,181,0,1),(1,9,182,0,1),(1,9,184,0,1),(1,16,190,0,1),(1,16,191,0,1),(1,16,192,0,1),(1,16,194,0,1),(1,16,195,0,1),(1,16,196,0,1),(1,16,198,0,1),(1,16,199,0,1),(1,16,200,0,1),(1,16,201,0,1),(1,16,202,0,1),(1,16,203,0,1),(1,16,204,0,1),(1,16,205,0,1),(1,16,206,0,1),(1,16,207,0,1),(1,15,208,0,1),(1,15,209,0,1),(1,15,210,0,1),(1,15,211,0,1),(1,15,212,0,1),(1,15,213,0,1),(1,15,214,0,1),(1,15,215,0,1),(1,18,216,0,1),(1,18,217,0,1),(1,18,218,0,1),(1,18,219,0,1),(1,18,220,0,1),(1,18,221,0,1),(1,18,222,0,1),(1,18,223,0,1),(1,18,224,0,1),(1,18,225,0,1),(1,18,226,0,1),(1,18,227,0,1),(1,18,228,0,1),(1,18,229,0,1),(1,19,230,0,1),(1,19,231,0,1),(1,19,232,0,1),(1,19,233,0,1),(1,19,234,0,1),(1,20,235,0,1),(1,20,236,0,1),(1,20,237,0,1),(1,20,238,0,1),(1,20,239,0,1),(1,20,240,0,1),(1,20,241,0,1),(1,20,243,0,1),(1,20,244,0,1),(1,20,248,0,1),(1,20,249,0,1),(1,20,250,0,1),(1,20,251,0,1),(1,20,252,0,1),(1,20,253,0,1),(1,20,254,0,1),(1,20,255,0,1),(1,20,256,0,1),(1,20,257,0,1),(1,20,258,0,1),(1,20,259,0,1),(1,20,260,0,1),(1,20,261,0,1),(1,20,262,0,1),(1,20,263,0,1),(1,21,264,0,1),(1,21,265,0,1),(1,21,266,0,1),(1,21,267,0,1),(1,21,268,0,1),(1,21,269,0,1),(1,21,270,0,1),(1,21,273,0,1),(1,21,274,0,1),(1,21,277,0,1),(1,21,278,0,1),(1,21,279,0,1),(1,21,280,0,1),(1,21,281,0,1),(1,21,282,0,1),(1,21,283,0,1),(1,21,284,0,1),(1,21,285,0,1),(1,21,286,0,1),(1,21,287,0,1),(1,21,288,0,1),(1,21,289,0,1),(1,21,290,0,1),(1,21,291,0,1),(1,21,292,0,1),(1,22,293,0,1),(1,22,294,0,1),(1,22,295,0,1),(1,22,296,0,1),(1,22,297,0,1),(1,22,298,0,1),(1,22,299,0,1),(1,22,300,0,1),(1,22,301,0,1),(1,22,302,0,1),(1,22,305,0,1),(1,22,306,0,1),(1,22,309,0,1),(1,22,310,0,1),(1,22,311,0,1),(1,22,312,0,1),(1,22,313,0,1),(1,22,314,0,1),(1,22,315,0,1),(1,22,316,0,1),(1,22,317,0,1),(1,22,318,0,1),(1,22,319,0,1),(1,22,320,0,1),(1,22,321,0,1),(1,22,322,0,1),(1,22,323,0,1),(1,22,324,0,1),(1,23,325,0,1),(1,23,326,0,1),(1,23,327,0,1),(1,23,328,0,1),(1,23,329,0,1),(1,23,330,0,1),(1,23,333,0,1),(1,23,334,0,1),(1,23,337,0,1),(1,23,338,0,1),(1,23,339,0,1),(1,23,340,0,1),(1,23,341,0,1),(1,23,342,0,1),(1,23,343,0,1),(1,23,344,0,1),(1,23,345,0,1),(1,23,346,0,1),(1,23,347,0,1),(1,23,348,0,1),(1,23,349,0,1),(1,23,350,0,1),(1,23,351,0,1),(1,23,352,0,1),(1,23,353,0,1),(2,6,1,0,1),(2,6,2,0,1),(2,6,3,0,1),(2,6,4,0,1),(2,6,5,0,1),(2,6,6,0,1),(2,6,7,0,1),(2,6,8,0,1),(2,6,9,0,1),(2,6,10,0,1),(2,6,11,0,1),(2,6,12,0,1),(2,6,13,0,1),(2,6,14,0,1),(2,6,15,0,1),(2,6,16,0,1),(2,6,17,0,1),(2,6,18,0,1),(2,6,19,0,1),(2,6,20,0,1),(2,6,21,0,1),(2,6,22,0,1),(2,6,23,0,1),(2,6,24,0,1),(2,6,25,0,1),(2,6,26,0,1),(2,6,27,0,1),(2,6,28,0,1),(2,6,29,0,1),(2,6,30,0,1),(2,7,32,0,1),(2,7,33,0,1),(2,7,34,0,1),(2,7,35,0,1),(2,7,36,0,1),(2,7,37,0,1),(2,7,38,0,1),(2,7,39,0,1),(2,7,40,0,1),(2,7,41,0,1),(2,7,42,0,1),(2,7,43,0,1),(2,7,44,0,1),(2,7,45,0,1),(2,7,46,0,1),(2,7,47,0,1),(2,7,48,0,1),(2,7,49,0,1),(2,7,50,0,1),(2,7,51,0,1),(2,7,52,0,1),(2,7,53,0,1),(2,7,54,0,1),(2,7,55,0,1),(2,7,56,0,1),(2,4,58,0,1),(2,4,59,0,1),(2,4,60,0,1),(2,4,61,0,1),(2,4,62,0,1),(2,4,63,0,1),(2,4,64,0,1),(2,4,65,0,1),(2,4,66,0,1),(2,4,67,0,1),(2,4,68,0,1),(2,4,69,0,1),(2,4,70,0,1),(2,4,71,0,1),(2,4,72,0,1),(2,4,73,0,1),(2,4,74,0,1),(2,4,75,0,1),(2,4,76,0,1),(2,4,77,0,1),(2,4,78,0,1),(2,4,79,0,1),(2,4,80,0,1),(2,4,81,0,1),(2,4,82,0,1),(2,4,83,0,1),(2,4,84,0,1),(2,4,85,0,1),(2,4,86,0,1),(2,4,87,0,1),(2,4,88,0,1),(2,4,89,0,1),(2,4,90,0,1),(2,4,91,0,1),(2,4,92,0,1),(2,4,93,0,1),(2,2,94,0,1),(2,2,95,0,1),(2,2,96,0,1),(2,2,97,0,1),(2,2,98,0,1),(2,2,99,0,1),(2,2,100,0,1),(2,2,101,0,1),(2,2,102,0,1),(2,2,103,0,1),(2,2,104,0,1),(2,2,105,0,1),(2,2,106,0,1),(2,13,107,0,1),(2,13,108,0,1),(2,13,109,0,1),(2,13,110,0,1),(2,13,111,0,1),(2,13,112,0,1),(2,13,113,0,1),(2,13,115,0,1),(2,13,116,0,1),(2,13,117,0,1),(2,13,118,0,1),(2,13,119,0,1),(2,13,120,0,1),(2,14,121,0,1),(2,14,122,0,1),(2,14,123,0,1),(2,14,124,0,1),(2,14,125,0,1),(2,14,126,0,1),(2,14,127,0,1),(2,14,128,0,1),(2,14,129,0,1),(2,14,130,0,1),(2,14,131,0,1),(2,14,132,0,1),(2,14,133,1,1),(2,14,134,0,1),(2,14,135,0,1),(2,14,136,0,1),(2,14,137,0,1),(2,14,138,0,1),(2,14,139,0,1),(2,14,140,0,1),(2,14,141,0,1),(2,14,142,0,1),(2,14,143,0,1),(2,14,144,0,1),(2,14,145,0,1),(2,14,146,0,1),(2,14,147,0,1),(2,14,148,0,1),(2,14,149,0,1),(2,14,150,0,1),(2,14,151,0,1),(2,8,152,0,1),(2,8,153,0,1),(2,8,154,0,1),(2,8,155,0,1),(2,8,156,0,1),(2,8,157,0,1),(2,8,158,0,1),(2,10,159,0,1),(2,10,162,0,1),(2,10,163,0,1),(2,10,164,0,1),(2,10,165,0,1),(2,10,166,0,1),(2,10,168,0,1),(2,10,169,0,1),(2,9,170,0,1),(2,9,171,0,1),(2,9,172,0,1),(2,9,174,0,1),(2,9,175,0,1),(2,9,176,0,1),(2,9,177,0,1),(2,9,179,0,1),(2,9,180,0,1),(2,9,181,0,1),(2,9,182,0,1),(2,9,184,0,1),(2,16,190,0,1),(2,16,191,0,1),(2,16,192,0,1),(2,16,194,0,1),(2,16,195,0,1),(2,16,196,0,1),(2,16,198,0,1),(2,16,199,0,1),(2,16,200,0,1),(2,16,201,0,1),(2,16,202,0,1),(2,16,203,0,1),(2,16,204,0,1),(2,16,205,0,1),(2,16,206,0,1),(2,16,207,0,1),(2,15,208,0,1),(2,15,209,0,1),(2,15,210,0,1),(2,15,211,0,1),(2,15,212,0,1),(2,15,213,0,1),(2,15,214,0,1),(2,15,215,0,1),(2,18,216,0,1),(2,18,217,0,1),(2,18,218,0,1),(2,18,219,0,1),(2,18,220,0,1),(2,18,221,0,1),(2,18,222,0,1),(2,18,223,0,1),(2,18,224,0,1),(2,18,225,0,1),(2,18,226,0,1),(2,18,227,0,1),(2,18,228,0,1),(2,18,229,0,1),(2,19,230,0,1),(2,19,231,0,1),(2,19,232,0,1),(2,19,233,0,1),(2,19,234,0,1),(2,20,235,0,1),(2,20,236,0,1),(2,20,237,0,1),(2,20,238,0,1),(2,20,239,0,1),(2,20,240,0,1),(2,20,241,0,1),(2,20,243,0,1),(2,20,244,0,1),(2,20,248,0,1),(2,20,249,0,1),(2,20,250,0,1),(2,20,251,0,1),(2,20,252,0,1),(2,20,253,0,1),(2,20,254,0,1),(2,20,255,0,1),(2,20,256,0,1),(2,20,257,0,1),(2,20,258,0,1),(2,20,259,0,1),(2,20,260,0,1),(2,20,261,0,1),(2,20,262,0,1),(2,20,263,0,1),(2,21,264,0,1),(2,21,265,0,1),(2,21,266,0,1),(2,21,267,0,1),(2,21,268,0,1),(2,21,269,0,1),(2,21,270,0,1),(2,21,273,0,1),(2,21,274,0,1),(2,21,277,0,1),(2,21,278,0,1),(2,21,279,0,1),(2,21,280,0,1),(2,21,281,0,1),(2,21,282,0,1),(2,21,283,0,1),(2,21,284,0,1),(2,21,285,0,1),(2,21,286,0,1),(2,21,287,0,1),(2,21,288,0,1),(2,21,289,0,1),(2,21,290,0,1),(2,21,291,0,1),(2,21,292,0,1),(2,22,293,0,1),(2,22,294,0,1),(2,22,295,0,1),(2,22,296,0,1),(2,22,297,0,1),(2,22,298,0,1),(2,22,299,0,1),(2,22,300,0,1),(2,22,301,0,1),(2,22,302,0,1),(2,22,305,0,1),(2,22,306,0,1),(2,22,309,0,1),(2,22,310,0,1),(2,22,311,0,1),(2,22,312,0,1),(2,22,313,0,1),(2,22,314,0,1),(2,22,315,0,1),(2,22,316,0,1),(2,22,317,0,1),(2,22,318,0,1),(2,22,319,0,1),(2,22,320,0,1),(2,22,321,0,1),(2,22,322,0,1),(2,22,323,0,1),(2,22,324,0,1),(2,23,325,0,1),(2,23,326,0,1),(2,23,327,0,1),(2,23,328,0,1),(2,23,329,0,1),(2,23,330,0,1),(2,23,333,0,1),(2,23,334,0,1),(2,23,337,0,1),(2,23,338,0,1),(2,23,339,0,1),(2,23,340,0,1),(2,23,341,0,1),(2,23,342,0,1),(2,23,343,0,1),(2,23,344,0,1),(2,23,345,0,1),(2,23,346,0,1),(2,23,347,0,1),(2,23,348,0,1),(2,23,349,0,1),(2,23,350,0,1),(2,23,351,0,1),(2,23,352,0,1),(2,23,353,0,1),(3,6,1,0,1),(3,6,2,0,1),(3,6,3,0,1),(3,6,4,0,1),(3,6,5,0,1),(3,6,6,0,1),(3,6,7,0,1),(3,6,8,0,1),(3,6,9,0,1),(3,6,10,0,1),(3,6,11,0,1),(3,6,12,0,1),(3,6,13,0,1),(3,6,14,0,1),(3,6,15,0,1),(3,6,16,0,1),(3,6,17,0,1),(3,6,18,0,1),(3,6,19,0,1),(3,6,20,0,1),(3,6,21,0,1),(3,6,22,0,1),(3,6,23,0,1),(3,6,24,0,1),(3,6,25,0,1),(3,6,26,0,1),(3,6,27,0,1),(3,6,28,0,1),(3,6,29,0,1),(3,6,30,0,1),(3,7,32,0,1),(3,7,33,0,1),(3,7,34,0,1),(3,7,35,0,1),(3,7,36,0,1),(3,7,37,0,1),(3,7,38,0,1),(3,7,39,0,1),(3,7,40,0,1),(3,7,41,0,1),(3,7,42,0,1),(3,7,43,0,1),(3,7,44,0,1),(3,7,45,0,1),(3,7,46,0,1),(3,7,47,0,1),(3,7,48,0,1),(3,7,49,0,1),(3,7,50,0,1),(3,7,51,0,1),(3,7,52,0,1),(3,7,53,0,1),(3,7,54,0,1),(3,7,55,0,1),(3,7,56,0,1),(3,4,58,0,1),(3,4,59,0,1),(3,4,60,0,1),(3,4,61,0,1),(3,4,62,0,1),(3,4,63,0,1),(3,4,64,0,1),(3,4,65,0,1),(3,4,66,0,1),(3,4,67,0,1),(3,4,68,0,1),(3,4,69,0,1),(3,4,70,0,1),(3,4,71,0,1),(3,4,72,0,1),(3,4,73,0,1),(3,4,74,0,1),(3,4,75,0,1),(3,4,76,0,1),(3,4,77,0,1),(3,4,78,0,1),(3,4,79,0,1),(3,4,80,0,1),(3,4,81,0,1),(3,4,82,0,1),(3,4,83,0,1),(3,4,84,0,1),(3,4,85,0,1),(3,4,86,0,1),(3,4,87,0,1),(3,4,88,0,1),(3,4,89,0,1),(3,4,90,0,1),(3,4,91,0,1),(3,4,92,0,1),(3,4,93,0,1),(3,2,94,0,1),(3,2,95,0,1),(3,2,96,0,1),(3,2,97,0,1),(3,2,98,0,1),(3,2,99,0,1),(3,2,100,0,1),(3,2,101,0,1),(3,2,102,0,1),(3,2,103,0,1),(3,2,104,0,1),(3,2,105,0,1),(3,2,106,0,1),(3,13,107,0,1),(3,13,108,0,1),(3,13,109,0,1),(3,13,110,0,1),(3,13,111,0,1),(3,13,112,0,1),(3,13,113,0,1),(3,13,115,0,1),(3,13,116,0,1),(3,13,117,0,1),(3,13,118,0,1),(3,13,119,0,1),(3,13,120,0,1),(3,14,121,0,1),(3,14,122,0,1),(3,14,123,0,1),(3,14,124,0,1),(3,14,125,0,1),(3,14,126,0,1),(3,14,127,0,1),(3,14,128,0,1),(3,14,129,0,1),(3,14,130,0,1),(3,14,131,0,1),(3,14,132,0,1),(3,14,133,0,1),(3,14,134,0,1),(3,14,135,0,1),(3,14,136,0,1),(3,14,137,0,1),(3,14,138,0,1),(3,14,139,0,1),(3,14,140,0,1),(3,14,141,0,1),(3,14,142,0,1),(3,14,143,0,1),(3,14,144,0,1),(3,14,145,0,1),(3,14,146,0,1),(3,14,147,0,1),(3,14,148,0,1),(3,14,149,0,1),(3,14,150,0,1),(3,14,151,0,1),(3,8,152,0,1),(3,8,153,0,1),(3,8,154,0,1),(3,8,155,0,1),(3,8,156,0,1),(3,8,157,0,1),(3,8,158,0,1),(3,10,159,0,1),(3,10,162,0,1),(3,10,163,0,1),(3,10,164,0,1),(3,10,165,0,1),(3,10,166,0,1),(3,10,168,0,1),(3,10,169,0,1),(3,9,170,0,1),(3,9,171,0,1),(3,9,172,0,1),(3,9,174,0,1),(3,9,175,0,1),(3,9,176,0,1),(3,9,177,0,1),(3,9,179,0,1),(3,9,180,0,1),(3,9,181,0,1),(3,9,182,0,1),(3,9,184,0,1),(3,16,190,0,1),(3,16,191,0,1),(3,16,192,0,1),(3,16,194,0,1),(3,16,195,0,1),(3,16,196,0,1),(3,16,198,0,1),(3,16,199,0,1),(3,16,200,0,1),(3,16,201,0,1),(3,16,202,0,1),(3,16,203,0,1),(3,16,204,0,1),(3,16,205,0,1),(3,16,206,0,1),(3,16,207,0,1),(3,15,208,0,1),(3,15,209,0,1),(3,15,210,0,1),(3,15,211,0,1),(3,15,212,0,1),(3,15,213,0,1),(3,15,214,0,1),(3,15,215,0,1),(3,18,216,0,1),(3,18,217,0,1),(3,18,218,0,1),(3,18,219,0,1),(3,18,220,0,1),(3,18,221,0,1),(3,18,222,0,1),(3,18,223,0,1),(3,18,224,0,1),(3,18,225,0,1),(3,18,226,0,1),(3,18,227,0,1),(3,18,228,0,1),(3,18,229,0,1),(3,19,230,0,1),(3,19,231,0,1),(3,19,232,0,1),(3,19,233,0,1),(3,19,234,0,1),(3,20,235,0,1),(3,20,236,0,1),(3,20,237,0,1),(3,20,238,0,1),(3,20,239,0,1),(3,20,240,0,1),(3,20,241,0,1),(3,20,243,0,1),(3,20,244,0,1),(3,20,248,0,1),(3,20,249,0,1),(3,20,250,0,1),(3,20,251,0,1),(3,20,252,0,1),(3,20,253,0,1),(3,20,254,0,1),(3,20,255,0,1),(3,20,256,0,1),(3,20,257,0,1),(3,20,258,0,1),(3,20,259,0,1),(3,20,260,0,1),(3,20,261,0,1),(3,20,262,0,1),(3,20,263,0,1),(3,21,264,0,1),(3,21,265,0,1),(3,21,266,0,1),(3,21,267,0,1),(3,21,268,0,1),(3,21,269,0,1),(3,21,270,0,1),(3,21,273,0,1),(3,21,274,0,1),(3,21,277,0,1),(3,21,278,0,1),(3,21,279,0,1),(3,21,280,0,1),(3,21,281,0,1),(3,21,282,0,1),(3,21,283,0,1),(3,21,284,0,1),(3,21,285,0,1),(3,21,286,0,1),(3,21,287,0,1),(3,21,288,0,1),(3,21,289,0,1),(3,21,290,0,1),(3,21,291,0,1),(3,21,292,0,1),(3,22,293,0,1),(3,22,294,0,1),(3,22,295,0,1),(3,22,296,0,1),(3,22,297,0,1),(3,22,298,0,1),(3,22,299,0,1),(3,22,300,0,1),(3,22,301,0,1),(3,22,302,0,1),(3,22,305,0,1),(3,22,306,0,1),(3,22,309,0,1),(3,22,310,0,1),(3,22,311,0,1),(3,22,312,0,1),(3,22,313,0,1),(3,22,314,0,1),(3,22,315,0,1),(3,22,316,0,1),(3,22,317,0,1),(3,22,318,0,1),(3,22,319,0,1),(3,22,320,0,1),(3,22,321,0,1),(3,22,322,0,1),(3,22,323,0,1),(3,22,324,0,1),(3,23,325,0,1),(3,23,326,0,1),(3,23,327,0,1),(3,23,328,0,1),(3,23,329,0,1),(3,23,330,0,1),(3,23,333,0,1),(3,23,334,0,1),(3,23,337,0,1),(3,23,338,0,1),(3,23,339,0,1),(3,23,340,0,1),(3,23,341,0,1),(3,23,342,0,1),(3,23,343,0,1),(3,23,344,0,1),(3,23,345,0,1),(3,23,346,0,1),(3,23,347,0,1),(3,23,348,0,1),(3,23,349,0,1),(3,23,350,0,1),(3,23,351,0,1),(3,23,352,0,1),(3,23,353,0,1),(4,6,1,0,1),(4,6,2,0,1),(4,6,3,0,1),(4,6,4,0,1),(4,6,5,0,1),(4,6,6,0,1),(4,6,7,0,1),(4,6,8,0,1),(4,6,9,0,1),(4,6,10,0,1),(4,6,11,0,1),(4,6,12,0,1),(4,6,13,0,1),(4,6,14,0,1),(4,6,15,0,1),(4,6,16,0,1),(4,6,17,0,1),(4,6,18,0,1),(4,6,19,0,1),(4,6,20,0,1),(4,6,21,0,1),(4,6,22,0,1),(4,6,23,0,1),(4,6,24,0,1),(4,6,25,0,1),(4,6,26,0,1),(4,6,27,0,1),(4,6,28,0,1),(4,6,29,0,1),(4,6,30,0,1),(4,7,32,0,1),(4,7,33,0,1),(4,7,34,0,1),(4,7,35,0,1),(4,7,36,0,1),(4,7,37,0,1),(4,7,38,0,1),(4,7,39,0,1),(4,7,40,0,1),(4,7,41,0,1),(4,7,42,0,1),(4,7,43,0,1),(4,7,44,0,1),(4,7,45,0,1),(4,7,46,0,1),(4,7,47,0,1),(4,7,48,0,1),(4,7,49,0,1),(4,7,50,0,1),(4,7,51,0,1),(4,7,52,0,1),(4,7,53,0,1),(4,7,54,0,1),(4,7,55,0,1),(4,7,56,0,1),(4,4,58,0,1),(4,4,59,0,1),(4,4,60,0,1),(4,4,61,0,1),(4,4,62,0,1),(4,4,63,0,1),(4,4,64,0,1),(4,4,65,0,1),(4,4,66,0,1),(4,4,67,0,1),(4,4,68,0,1),(4,4,69,0,1),(4,4,70,0,1),(4,4,71,0,1),(4,4,72,0,1),(4,4,73,0,1),(4,4,74,0,1),(4,4,75,0,1),(4,4,76,0,1),(4,4,77,0,1),(4,4,78,0,1),(4,4,79,0,1),(4,4,80,0,1),(4,4,81,0,1),(4,4,82,0,1),(4,4,83,0,1),(4,4,84,0,1),(4,4,85,0,1),(4,4,86,0,1),(4,4,87,0,1),(4,4,88,0,1),(4,4,89,0,1),(4,4,90,0,1),(4,4,91,0,1),(4,4,92,0,1),(4,4,93,0,1),(4,2,94,0,1),(4,2,95,0,1),(4,2,96,0,1),(4,2,97,0,1),(4,2,98,0,1),(4,2,99,0,1),(4,2,100,0,1),(4,2,101,0,1),(4,2,102,0,1),(4,2,103,0,1),(4,2,104,0,1),(4,2,105,0,1),(4,2,106,0,1),(4,13,107,0,1),(4,13,108,0,1),(4,13,109,0,1),(4,13,110,0,1),(4,13,111,0,1),(4,13,112,0,1),(4,13,113,0,1),(4,13,115,0,1),(4,13,116,0,1),(4,13,117,0,1),(4,13,118,0,1),(4,13,119,0,1),(4,13,120,0,1),(4,14,121,0,1),(4,14,122,0,1),(4,14,123,0,1),(4,14,124,0,1),(4,14,125,0,1),(4,14,126,0,1),(4,14,127,0,1),(4,14,128,0,1),(4,14,129,0,1),(4,14,130,0,1),(4,14,131,0,1),(4,14,132,0,1),(4,14,133,0,1),(4,14,134,0,1),(4,14,135,0,1),(4,14,136,0,1),(4,14,137,0,1),(4,14,138,0,1),(4,14,139,0,1),(4,14,140,0,1),(4,14,141,0,1),(4,14,142,0,1),(4,14,143,0,1),(4,14,144,0,1),(4,14,145,0,1),(4,14,146,0,1),(4,14,147,0,1),(4,14,148,0,1),(4,14,149,0,1),(4,14,150,0,1),(4,14,151,0,1),(4,8,152,0,1),(4,8,153,0,1),(4,8,154,0,1),(4,8,155,0,1),(4,8,156,0,1),(4,8,157,0,1),(4,8,158,0,1),(4,10,159,0,1),(4,10,162,0,1),(4,10,163,0,1),(4,10,164,0,1),(4,10,165,0,1),(4,10,166,0,1),(4,10,168,0,1),(4,10,169,0,1),(4,9,170,0,1),(4,9,171,0,1),(4,9,172,0,1),(4,9,174,0,1),(4,9,175,0,1),(4,9,176,0,1),(4,9,177,0,1),(4,9,179,0,1),(4,9,180,0,1),(4,9,181,0,1),(4,9,182,0,1),(4,9,184,0,1),(4,16,190,0,1),(4,16,191,0,1),(4,16,192,0,1),(4,16,194,0,1),(4,16,195,0,1),(4,16,196,0,1),(4,16,198,0,1),(4,16,199,0,1),(4,16,200,0,1),(4,16,201,0,1),(4,16,202,0,1),(4,16,203,0,1),(4,16,204,0,1),(4,16,205,0,1),(4,16,206,0,1),(4,16,207,0,1),(4,15,208,0,1),(4,15,209,0,1),(4,15,210,0,1),(4,15,211,0,1),(4,15,212,0,1),(4,15,213,0,1),(4,15,214,0,1),(4,15,215,0,1),(4,18,216,0,1),(4,18,217,0,1),(4,18,218,0,1),(4,18,219,0,1),(4,18,220,0,1),(4,18,221,0,1),(4,18,222,0,1),(4,18,223,0,1),(4,18,224,0,1),(4,18,225,0,1),(4,18,226,0,1),(4,18,227,0,1),(4,18,228,0,1),(4,18,229,0,1),(4,19,230,0,1),(4,19,231,0,1),(4,19,232,0,1),(4,19,233,0,1),(4,19,234,0,1),(4,20,235,0,1),(4,20,236,0,1),(4,20,237,0,1),(4,20,238,0,1),(4,20,239,0,1),(4,20,240,0,1),(4,20,241,0,1),(4,20,243,0,1),(4,20,244,0,1),(4,20,248,0,1),(4,20,249,0,1),(4,20,250,0,1),(4,20,251,0,1),(4,20,252,0,1),(4,20,253,0,1),(4,20,254,0,1),(4,20,255,0,1),(4,20,256,0,1),(4,20,257,0,1),(4,20,258,0,1),(4,20,259,0,1),(4,20,260,0,1),(4,20,261,0,1),(4,20,262,0,1),(4,20,263,0,1),(4,21,264,0,1),(4,21,265,0,1),(4,21,266,0,1),(4,21,267,0,1),(4,21,268,0,1),(4,21,269,0,1),(4,21,270,0,1),(4,21,273,0,1),(4,21,274,0,1),(4,21,277,0,1),(4,21,278,0,1),(4,21,279,0,1),(4,21,280,0,1),(4,21,281,0,1),(4,21,282,0,1),(4,21,283,0,1),(4,21,284,0,1),(4,21,285,0,1),(4,21,286,0,1),(4,21,287,0,1),(4,21,288,0,1),(4,21,289,0,1),(4,21,290,0,1),(4,21,291,0,1),(4,21,292,0,1),(4,22,293,0,1),(4,22,294,0,1),(4,22,295,0,1),(4,22,296,0,1),(4,22,297,0,1),(4,22,298,0,1),(4,22,299,0,1),(4,22,300,0,1),(4,22,301,0,1),(4,22,302,0,1),(4,22,305,0,1),(4,22,306,0,1),(4,22,309,0,1),(4,22,310,0,1),(4,22,311,0,1),(4,22,312,0,1),(4,22,313,0,1),(4,22,314,0,1),(4,22,315,0,1),(4,22,316,0,1),(4,22,317,0,1),(4,22,318,0,1),(4,22,319,0,1),(4,22,320,0,1),(4,22,321,0,1),(4,22,322,0,1),(4,22,323,0,1),(4,22,324,0,1),(4,23,325,0,1),(4,23,326,0,1),(4,23,327,0,1),(4,23,328,0,1),(4,23,329,0,1),(4,23,330,0,1),(4,23,333,0,1),(4,23,334,0,1),(4,23,337,0,1),(4,23,338,0,1),(4,23,339,0,1),(4,23,340,0,1),(4,23,341,0,1),(4,23,342,0,1),(4,23,343,0,1),(4,23,344,0,1),(4,23,345,0,1),(4,23,346,0,1),(4,23,347,0,1),(4,23,348,0,1),(4,23,349,0,1),(4,23,350,0,1),(4,23,351,0,1),(4,23,352,0,1),(4,23,353,0,1),(1,6,354,0,1),(1,6,355,0,1),(1,6,356,0,1),(1,6,357,0,1),(1,6,358,0,1),(1,6,359,0,1),(2,6,354,0,1),(2,6,355,0,1),(2,6,356,0,1),(2,6,357,0,1),(2,6,358,0,1),(2,6,359,0,1),(3,6,354,0,1),(3,6,355,0,1),(3,6,356,0,1),(3,6,357,0,1),(3,6,358,0,1),(3,6,359,0,1),(4,6,354,0,1),(4,6,355,0,1),(4,6,356,0,1),(4,6,357,0,1),(4,6,358,0,1),(4,6,359,0,1),(1,22,360,0,1),(1,22,361,0,1),(1,22,362,0,1),(1,22,364,0,1),(2,22,360,0,1),(2,22,361,0,1),(2,22,362,0,1),(2,22,364,0,1),(3,22,360,0,1),(3,22,361,0,1),(3,22,362,0,1),(3,22,364,0,1),(4,22,360,0,1),(4,22,361,0,1),(4,22,362,0,1),(4,22,364,0,1),(1,22,366,0,1),(1,22,367,0,1),(1,22,368,0,1),(1,22,369,0,1),(2,22,366,0,1),(2,22,367,0,1),(2,22,368,0,1),(2,22,369,0,1),(3,22,366,0,1),(3,22,367,0,1),(3,22,368,0,1),(3,22,369,0,1),(4,22,366,0,1),(4,22,367,0,1),(4,22,368,0,1),(4,22,369,0,1),(1,6,363,0,1),(2,6,363,0,1),(3,6,363,0,1),(4,6,363,0,1),(1,22,303,0,1),(2,22,303,0,1),(1,22,303,0,1),(2,22,303,0,1),(3,22,303,0,1),(4,22,303,0,1),(4,6,375,0,1),(3,6,375,0,1),(2,6,375,0,1),(1,6,375,0,1),(4,6,385,0,1),(3,6,385,0,1),(2,6,385,0,1),(1,6,385,0,1),(1,6,383,0,1),(2,6,383,0,1),(3,6,383,0,1),(4,6,383,0,1),(1,6,387,0,1),(2,6,387,0,1),(3,6,387,0,1),(4,6,387,0,1),(1,20,388,0,1),(1,20,389,0,1),(1,20,390,0,1),(1,20,391,0,1),(1,22,392,0,1),(1,22,393,0,1),(1,22,394,0,1),(1,22,395,0,1),(1,6,396,0,1),(1,6,397,0,1),(1,4,398,0,1),(1,4,399,0,1),(1,7,400,0,1),(2,20,388,0,1),(2,20,389,0,1),(2,20,390,0,1),(2,20,391,0,1),(2,22,392,0,1),(2,22,393,0,1),(2,22,394,0,1),(2,22,395,0,1),(2,6,396,0,1),(2,6,397,0,1),(2,4,398,0,1),(2,4,399,0,1),(2,7,400,0,1),(3,20,388,0,1),(3,20,389,0,1),(3,20,390,0,1),(3,20,391,0,1),(3,22,392,0,1),(3,22,393,0,1),(3,22,394,0,1),(3,22,395,0,1),(3,6,396,0,1),(3,6,397,0,1),(3,4,398,0,1),(3,4,399,0,1),(3,7,400,0,1),(4,20,388,0,1),(4,20,389,0,1),(4,20,390,0,1),(4,20,391,0,1),(4,22,392,0,1),(4,22,393,0,1),(4,22,394,0,1),(4,22,395,0,1),(4,6,396,0,1),(4,6,397,0,1),(4,4,398,0,1),(4,4,399,0,1),(4,7,400,0,1),(1,19,401,0,1),(2,19,401,0,1),(3,19,401,0,1),(4,19,401,0,1),(1,19,402,0,1),(2,19,402,0,1),(3,19,402,0,1),(4,19,402,0,1);
/*!40000 ALTER TABLE `profile2field` ENABLE KEYS */;
UNLOCK TABLES;

--
-- Table structure for table `profile2standardpermissions`
--

DROP TABLE IF EXISTS `profile2standardpermissions`;
/*!40101 SET @saved_cs_client     = @@character_set_client */;
/*!40101 SET character_set_client = utf8 */;
CREATE TABLE `profile2standardpermissions` (
  `profileid` int(11) DEFAULT NULL,
  `tabid` int(10) DEFAULT NULL,
  `Operation` int(10) DEFAULT NULL,
  `permissions` int(1) DEFAULT NULL,
  KEY `idx_prof2stad` (`profileid`,`tabid`,`Operation`)
) ENGINE=MyISAM DEFAULT CHARSET=latin1;
/*!40101 SET character_set_client = @saved_cs_client */;

--
-- Dumping data for table `profile2standardpermissions`
--

LOCK TABLES `profile2standardpermissions` WRITE;
/*!40000 ALTER TABLE `profile2standardpermissions` DISABLE KEYS */;
INSERT INTO `profile2standardpermissions` VALUES (1,1,0,0),(1,1,1,0),(1,1,2,0),(1,1,3,0),(1,1,4,0),(1,2,0,0),(1,2,1,0),(1,2,2,0),(1,2,3,0),(1,2,4,0),(1,3,0,0),(1,3,1,0),(1,3,2,0),(1,3,3,0),(1,3,4,0),(1,4,0,0),(1,4,1,0),(1,4,2,0),(1,4,3,0),(1,4,4,0),(1,6,0,0),(1,6,1,0),(1,6,2,0),(1,6,3,0),(1,6,4,0),(1,7,0,0),(1,7,1,0),(1,7,2,0),(1,7,3,0),(1,7,4,0),(1,8,0,0),(1,8,1,0),(1,8,2,0),(1,8,3,0),(1,8,4,0),(1,9,0,0),(1,9,1,0),(1,9,2,0),(1,9,3,0),(1,9,4,0),(1,10,0,0),(1,10,1,0),(1,10,2,0),(1,10,3,0),(1,10,4,0),(1,13,0,0),(1,13,1,0),(1,13,2,0),(1,13,3,0),(1,13,4,0),(1,14,0,0),(1,14,1,0),(1,14,2,0),(1,14,3,0),(1,14,4,0),(1,15,0,0),(1,15,1,0),(1,15,2,0),(1,15,3,0),(1,15,4,0),(1,16,0,0),(1,16,1,0),(1,16,2,0),(1,16,3,0),(1,16,4,0),(1,18,0,0),(1,18,1,0),(1,18,2,0),(1,18,3,0),(1,18,4,0),(1,19,0,0),(1,19,1,0),(1,19,2,0),(1,19,3,0),(1,19,4,0),(1,20,0,0),(1,20,1,0),(1,20,2,0),(1,20,3,0),(1,20,4,0),(1,21,0,0),(1,21,1,0),(1,21,2,0),(1,21,3,0),(1,21,4,0),(1,22,0,0),(1,22,1,0),(1,22,2,0),(1,22,3,0),(1,22,4,0),(1,23,0,1),(1,23,1,1),(1,23,2,1),(1,23,3,1),(1,23,4,1),(2,1,0,0),(2,1,1,0),(2,1,2,0),(2,1,3,0),(2,1,4,0),(2,2,0,0),(2,2,1,0),(2,2,2,0),(2,2,3,0),(2,2,4,0),(2,3,0,0),(2,3,1,0),(2,3,2,0),(2,3,3,0),(2,3,4,0),(2,4,0,0),(2,4,1,0),(2,4,2,0),(2,4,3,0),(2,4,4,0),(2,6,0,0),(2,6,1,0),(2,6,2,0),(2,6,3,0),(2,6,4,0),(2,7,0,0),(2,7,1,0),(2,7,2,0),(2,7,3,0),(2,7,4,0),(2,8,0,0),(2,8,1,0),(2,8,2,0),(2,8,3,0),(2,8,4,0),(2,9,0,0),(2,9,1,0),(2,9,2,0),(2,9,3,0),(2,9,4,0),(2,10,0,0),(2,10,1,0),(2,10,2,0),(2,10,3,0),(2,10,4,0),(2,13,0,1),(2,13,1,1),(2,13,2,1),(2,13,3,0),(2,13,4,0),(2,14,0,1),(2,14,1,1),(2,14,2,1),(2,14,3,0),(2,14,4,0),(2,15,0,0),(2,15,1,0),(2,15,2,0),(2,15,3,0),(2,15,4,0),(2,16,0,0),(2,16,1,0),(2,16,2,0),(2,16,3,0),(2,16,4,0),(2,18,0,1),(2,18,1,1),(2,18,2,1),(2,18,3,0),(2,18,4,0),(2,19,0,1),(2,19,1,1),(2,19,2,1),(2,19,3,0),(2,19,4,0),(2,20,0,0),(2,20,1,0),(2,20,2,0),(2,20,3,0),(2,20,4,0),(2,21,0,0),(2,21,1,0),(2,21,2,0),(2,21,3,0),(2,21,4,0),(2,22,0,0),(2,22,1,0),(2,22,2,0),(2,22,3,0),(2,22,4,0),(2,23,0,1),(2,23,1,1),(2,23,2,1),(2,23,3,1),(2,23,4,1),(3,1,0,0),(3,1,1,0),(3,1,2,0),(3,1,3,0),(3,1,4,0),(3,2,0,1),(3,2,1,1),(3,2,2,1),(3,2,3,0),(3,2,4,0),(3,3,0,0),(3,3,1,0),(3,3,2,0),(3,3,3,0),(3,3,4,0),(3,4,0,0),(3,4,1,0),(3,4,2,0),(3,4,3,0),(3,4,4,0),(3,6,0,0),(3,6,1,0),(3,6,2,0),(3,6,3,0),(3,6,4,0),(3,7,0,0),(3,7,1,0),(3,7,2,0),(3,7,3,0),(3,7,4,0),(3,8,0,0),(3,8,1,0),(3,8,2,0),(3,8,3,0),(3,8,4,0),(3,9,0,0),(3,9,1,0),(3,9,2,0),(3,9,3,0),(3,9,4,0),(3,10,0,0),(3,10,1,0),(3,10,2,0),(3,10,3,0),(3,10,4,0),(3,13,0,0),(3,13,1,0),(3,13,2,0),(3,13,3,0),(3,13,4,0),(3,14,0,0),(3,14,1,0),(3,14,2,0),(3,14,3,0),(3,14,4,0),(3,15,0,0),(3,15,1,0),(3,15,2,0),(3,15,3,0),(3,15,4,0),(3,16,0,0),(3,16,1,0),(3,16,2,0),(3,16,3,0),(3,16,4,0),(3,18,0,0),(3,18,1,0),(3,18,2,0),(3,18,3,0),(3,18,4,0),(3,19,0,0),(3,19,1,0),(3,19,2,0),(3,19,3,0),(3,19,4,0),(3,20,0,0),(3,20,1,0),(3,20,2,0),(3,20,3,0),(3,20,4,0),(3,21,0,0),(3,21,1,0),(3,21,2,0),(3,21,3,0),(3,21,4,0),(3,22,0,0),(3,22,1,0),(3,22,2,0),(3,22,3,0),(3,22,4,0),(3,23,0,1),(3,23,1,1),(3,23,2,1),(3,23,3,1),(3,23,4,1),(4,1,0,1),(4,1,1,1),(4,1,2,1),(4,1,3,0),(4,1,4,0),(4,2,0,1),(4,2,1,1),(4,2,2,1),(4,2,3,0),(4,2,4,0),(4,3,0,1),(4,3,1,1),(4,3,2,1),(4,3,3,0),(4,3,4,0),(4,4,0,1),(4,4,1,1),(4,4,2,1),(4,4,3,0),(4,4,4,0),(4,6,0,1),(4,6,1,1),(4,6,2,1),(4,6,3,0),(4,6,4,0),(4,7,0,1),(4,7,1,1),(4,7,2,1),(4,7,3,0),(4,7,4,0),(4,8,0,1),(4,8,1,1),(4,8,2,1),(4,8,3,0),(4,8,4,0),(4,9,0,1),(4,9,1,1),(4,9,2,1),(4,9,3,0),(4,9,4,0),(4,10,0,1),(4,10,1,1),(4,10,2,1),(4,10,3,0),(4,10,4,0),(4,13,0,1),(4,13,1,1),(4,13,2,1),(4,13,3,0),(4,13,4,0),(4,14,0,1),(4,14,1,1),(4,14,2,1),(4,14,3,0),(4,14,4,0),(4,15,0,1),(4,15,1,1),(4,15,2,1),(4,15,3,0),(4,15,4,0),(4,16,0,1),(4,16,1,1),(4,16,2,1),(4,16,3,0),(4,16,4,0),(4,18,0,1),(4,18,1,1),(4,18,2,1),(4,18,3,0),(4,18,4,0),(4,19,0,1),(4,19,1,1),(4,19,2,1),(4,19,3,0),(4,19,4,0),(4,20,0,1),(4,20,1,1),(4,20,2,1),(4,20,3,0),(4,20,4,0),(4,21,0,1),(4,21,1,1),(4,21,2,1),(4,21,3,0),(4,21,4,0),(4,22,0,1),(4,22,1,1),(4,22,2,1),(4,22,3,0),(4,22,4,0),(4,23,0,1),(4,23,1,1),(4,23,2,1),(4,23,3,1),(4,23,4,1);
/*!40000 ALTER TABLE `profile2standardpermissions` ENABLE KEYS */;
UNLOCK TABLES;

--
-- Table structure for table `profile2tab`
--

DROP TABLE IF EXISTS `profile2tab`;
/*!40101 SET @saved_cs_client     = @@character_set_client */;
/*!40101 SET character_set_client = utf8 */;
CREATE TABLE `profile2tab` (
  `profileid` int(11) DEFAULT NULL,
  `tabid` int(10) DEFAULT NULL,
  `permissions` int(10) NOT NULL DEFAULT '0',
  KEY `idx_profile2tab` (`profileid`,`tabid`)
) ENGINE=MyISAM DEFAULT CHARSET=latin1;
/*!40101 SET character_set_client = @saved_cs_client */;

--
-- Dumping data for table `profile2tab`
--

LOCK TABLES `profile2tab` WRITE;
/*!40000 ALTER TABLE `profile2tab` DISABLE KEYS */;
INSERT INTO `profile2tab` VALUES (1,1,0),(1,2,0),(1,3,0),(1,4,0),(1,6,0),(1,7,0),(1,8,0),(1,9,0),(1,10,0),(1,13,0),(1,14,0),(1,15,0),(1,16,0),(1,17,0),(1,18,0),(1,19,0),(1,20,0),(1,21,0),(1,22,0),(1,23,1),(1,24,0),(1,25,0),(2,1,0),(2,2,0),(2,3,0),(2,4,0),(2,6,0),(2,7,0),(2,8,0),(2,9,0),(2,10,0),(2,13,0),(2,14,0),(2,15,0),(2,16,0),(2,17,0),(2,18,0),(2,19,0),(2,20,0),(2,21,0),(2,22,0),(2,23,1),(2,24,0),(2,25,0),(3,1,0),(3,2,0),(3,3,0),(3,4,0),(3,6,0),(3,7,0),(3,8,0),(3,9,0),(3,10,0),(3,13,0),(3,14,0),(3,15,0),(3,16,0),(3,17,0),(3,18,0),(3,19,0),(3,20,0),(3,21,0),(3,22,0),(3,23,1),(3,24,0),(3,25,0),(4,1,0),(4,2,0),(4,3,0),(4,4,0),(4,6,0),(4,7,0),(4,8,0),(4,9,0),(4,10,0),(4,13,0),(4,14,0),(4,15,0),(4,16,0),(4,17,0),(4,18,0),(4,19,0),(4,20,0),(4,21,0),(4,22,0),(4,23,1),(4,24,0),(4,25,0);
/*!40000 ALTER TABLE `profile2tab` ENABLE KEYS */;
UNLOCK TABLES;

--
-- Table structure for table `profile2utility`
--

DROP TABLE IF EXISTS `profile2utility`;
/*!40101 SET @saved_cs_client     = @@character_set_client */;
/*!40101 SET character_set_client = utf8 */;
CREATE TABLE `profile2utility` (
  `profileid` int(11) DEFAULT NULL,
  `tabid` int(11) DEFAULT NULL,
  `activityid` int(11) DEFAULT NULL,
  `permission` int(1) DEFAULT NULL,
  KEY `idx_prof2utility` (`profileid`,`tabid`,`activityid`)
) ENGINE=MyISAM DEFAULT CHARSET=latin1;
/*!40101 SET character_set_client = @saved_cs_client */;

--
-- Dumping data for table `profile2utility`
--

LOCK TABLES `profile2utility` WRITE;
/*!40000 ALTER TABLE `profile2utility` DISABLE KEYS */;
INSERT INTO `profile2utility` VALUES (1,2,5,0),(1,2,6,0),(1,4,5,0),(1,4,6,0),(1,6,5,0),(1,6,6,0),(1,7,5,0),(1,7,6,0),(1,8,6,0),(1,10,6,0),(1,7,8,1),(1,6,8,1),(1,4,8,1),(1,14,5,0),(1,14,6,0),(2,2,5,1),(2,2,6,1),(2,4,5,1),(2,4,6,0),(2,6,5,1),(2,6,6,0),(2,7,5,0),(2,7,6,0),(2,8,6,1),(2,10,6,1),(2,7,8,1),(2,6,8,1),(2,4,8,1),(2,14,5,1),(2,14,6,1),(3,2,5,1),(3,2,6,1),(3,4,5,1),(3,4,6,1),(3,6,5,1),(3,6,6,1),(3,7,5,1),(3,7,6,1),(3,8,6,1),(3,10,6,1),(3,7,8,1),(3,6,8,1),(3,4,8,1),(3,14,5,1),(3,14,6,1),(4,2,5,1),(4,2,6,1),(4,4,5,1),(4,4,6,1),(4,6,5,1),(4,6,6,1),(4,7,5,1),(4,7,6,1),(4,8,6,1),(4,10,6,1),(4,7,8,1),(4,6,8,1),(4,4,8,1),(4,14,5,1),(4,14,6,1);
/*!40000 ALTER TABLE `profile2utility` ENABLE KEYS */;
UNLOCK TABLES;

--
-- Table structure for table `profile_seq`
--

DROP TABLE IF EXISTS `profile_seq`;
/*!40101 SET @saved_cs_client     = @@character_set_client */;
/*!40101 SET character_set_client = utf8 */;
CREATE TABLE `profile_seq` (
  `id` int(11) NOT NULL DEFAULT '0'
) ENGINE=MyISAM DEFAULT CHARSET=latin1;
/*!40101 SET character_set_client = @saved_cs_client */;

--
-- Dumping data for table `profile_seq`
--

LOCK TABLES `profile_seq` WRITE;
/*!40000 ALTER TABLE `profile_seq` DISABLE KEYS */;
INSERT INTO `profile_seq` VALUES (4);
/*!40000 ALTER TABLE `profile_seq` ENABLE KEYS */;
UNLOCK TABLES;

--
-- Table structure for table `purchaseorder`
--

DROP TABLE IF EXISTS `purchaseorder`;
/*!40101 SET @saved_cs_client     = @@character_set_client */;
/*!40101 SET character_set_client = utf8 */;
CREATE TABLE `purchaseorder` (
  `purchaseorderid` int(19) NOT NULL DEFAULT '0',
  `subject` varchar(100) DEFAULT NULL,
  `quoteid` int(19) DEFAULT NULL,
  `vendorid` int(19) DEFAULT NULL,
  `requisition_no` varchar(100) DEFAULT NULL,
  `tracking_no` varchar(100) DEFAULT NULL,
  `contactid` int(19) DEFAULT NULL,
  `duedate` date DEFAULT NULL,
  `carrier` varchar(100) DEFAULT NULL,
  `type` varchar(100) DEFAULT NULL,
  `salestax` decimal(11,3) DEFAULT NULL,
  `adjustment` decimal(11,3) DEFAULT NULL,
  `salescommission` decimal(11,3) DEFAULT NULL,
  `exciseduty` decimal(11,3) DEFAULT NULL,
  `total` decimal(11,3) DEFAULT NULL,
  `subtotal` decimal(11,3) DEFAULT NULL,
  `terms_conditions` longtext,
  `postatus` varchar(200) DEFAULT NULL,
  PRIMARY KEY (`purchaseorderid`),
  KEY `fk_PO2` (`vendorid`),
  KEY `fk_PO3` (`contactid`),
  CONSTRAINT `fk_PO1` FOREIGN KEY (`purchaseorderid`) REFERENCES `crmentity` (`crmid`) ON DELETE CASCADE,
  CONSTRAINT `fk_PO2` FOREIGN KEY (`vendorid`) REFERENCES `vendor` (`vendorid`) ON DELETE CASCADE,
  CONSTRAINT `fk_PO3` FOREIGN KEY (`contactid`) REFERENCES `contactdetails` (`contactid`) ON DELETE CASCADE
) ENGINE=InnoDB DEFAULT CHARSET=latin1;
/*!40101 SET character_set_client = @saved_cs_client */;

--
-- Dumping data for table `purchaseorder`
--

LOCK TABLES `purchaseorder` WRITE;
/*!40000 ALTER TABLE `purchaseorder` DISABLE KEYS */;
/*!40000 ALTER TABLE `purchaseorder` ENABLE KEYS */;
UNLOCK TABLES;

--
-- Table structure for table `purchaseordercf`
--

DROP TABLE IF EXISTS `purchaseordercf`;
/*!40101 SET @saved_cs_client     = @@character_set_client */;
/*!40101 SET character_set_client = utf8 */;
CREATE TABLE `purchaseordercf` (
  `purchaseorderid` int(19) NOT NULL DEFAULT '0',
  PRIMARY KEY (`purchaseorderid`),
  CONSTRAINT `fk_PoCF` FOREIGN KEY (`purchaseorderid`) REFERENCES `purchaseorder` (`purchaseorderid`) ON DELETE CASCADE
) ENGINE=InnoDB DEFAULT CHARSET=latin1;
/*!40101 SET character_set_client = @saved_cs_client */;

--
-- Dumping data for table `purchaseordercf`
--

LOCK TABLES `purchaseordercf` WRITE;
/*!40000 ALTER TABLE `purchaseordercf` DISABLE KEYS */;
/*!40000 ALTER TABLE `purchaseordercf` ENABLE KEYS */;
UNLOCK TABLES;

--
-- Table structure for table `purchdata`
--

DROP TABLE IF EXISTS `purchdata`;
/*!40101 SET @saved_cs_client     = @@character_set_client */;
/*!40101 SET character_set_client = utf8 */;
CREATE TABLE `purchdata` (
  `supplierno` char(10) NOT NULL DEFAULT '',
  `stockid` char(20) NOT NULL DEFAULT '',
  `price` decimal(20,4) NOT NULL DEFAULT '0.0000',
  `suppliersuom` char(50) NOT NULL DEFAULT '',
  `conversionfactor` double NOT NULL DEFAULT '1',
  `supplierdescription` char(50) NOT NULL DEFAULT '',
  `leadtime` smallint(6) NOT NULL DEFAULT '1',
  `preferred` tinyint(4) NOT NULL DEFAULT '0',
  PRIMARY KEY (`supplierno`,`stockid`),
  KEY `StockID` (`stockid`),
  KEY `SupplierNo` (`supplierno`),
  KEY `Preferred` (`preferred`)
) ENGINE=InnoDB DEFAULT CHARSET=latin1;
/*!40101 SET character_set_client = @saved_cs_client */;

--
-- Dumping data for table `purchdata`
--

LOCK TABLES `purchdata` WRITE;
/*!40000 ALTER TABLE `purchdata` DISABLE KEYS */;
INSERT INTO `purchdata` VALUES ('0002','R04-H02',0.3500,'',1,'',28,1),('0003','G01-02',14.0000,'',1,'',1,1);
/*!40000 ALTER TABLE `purchdata` ENABLE KEYS */;
UNLOCK TABLES;

--
-- Table structure for table `purchorderdetails`
--

DROP TABLE IF EXISTS `purchorderdetails`;
/*!40101 SET @saved_cs_client     = @@character_set_client */;
/*!40101 SET character_set_client = utf8 */;
CREATE TABLE `purchorderdetails` (
  `podetailitem` int(11) NOT NULL AUTO_INCREMENT,
  `orderno` int(11) NOT NULL DEFAULT '0',
  `itemcode` varchar(20) NOT NULL DEFAULT '',
  `deliverydate` date NOT NULL DEFAULT '0000-00-00',
  `itemdescription` varchar(100) NOT NULL DEFAULT '',
  `glcode` int(11) NOT NULL DEFAULT '0',
  `qtyinvoiced` double NOT NULL DEFAULT '0',
  `unitprice` double NOT NULL DEFAULT '0',
  `actprice` double NOT NULL DEFAULT '0',
  `stdcostunit` double NOT NULL DEFAULT '0',
  `quantityord` double NOT NULL DEFAULT '0',
  `quantityrecd` double NOT NULL DEFAULT '0',
  `shiptref` int(11) NOT NULL DEFAULT '0',
  `jobref` varchar(20) NOT NULL DEFAULT '',
  `completed` tinyint(4) NOT NULL DEFAULT '0',
  `prno` int(11) NOT NULL DEFAULT '0',
  `prref` int(11) NOT NULL DEFAULT '0',
  PRIMARY KEY (`podetailitem`),
  KEY `DeliveryDate` (`deliverydate`),
  KEY `GLCode` (`glcode`),
  KEY `ItemCode` (`itemcode`),
  KEY `JobRef` (`jobref`),
  KEY `OrderNo` (`orderno`),
  KEY `ShiptRef` (`shiptref`),
  KEY `Completed` (`completed`)
) ENGINE=InnoDB AUTO_INCREMENT=5 DEFAULT CHARSET=latin1;
/*!40101 SET character_set_client = @saved_cs_client */;

--
-- Dumping data for table `purchorderdetails`
--

LOCK TABLES `purchorderdetails` WRITE;
/*!40000 ALTER TABLE `purchorderdetails` DISABLE KEYS */;
INSERT INTO `purchorderdetails` VALUES (1,1,'H01','2010-12-13','Lapel Pin',1510,0,33,0,0,1,0,0,'',0,0,0),(2,2,'P04','2010-12-12','Power Sander',1510,0,40,0,0,1,1,0,'',1,0,0),(3,2,'P03','2010-12-13','Drill',1510,0,43,0,0,1,0,0,'',0,0,0),(4,3,'G01-02','2010-12-14','Hand Shovel - Green, Medium',1510,0,10,0,18,50,50,0,'',1,0,0);
/*!40000 ALTER TABLE `purchorderdetails` ENABLE KEYS */;
UNLOCK TABLES;

--
-- Table structure for table `purchorders`
--

DROP TABLE IF EXISTS `purchorders`;
/*!40101 SET @saved_cs_client     = @@character_set_client */;
/*!40101 SET character_set_client = utf8 */;
CREATE TABLE `purchorders` (
  `orderno` int(11) NOT NULL AUTO_INCREMENT,
  `supplierno` varchar(10) NOT NULL DEFAULT '',
  `comments` longblob,
  `orddate` datetime NOT NULL DEFAULT '0000-00-00 00:00:00',
  `rate` double NOT NULL DEFAULT '1',
  `dateprinted` datetime DEFAULT NULL,
  `allowprint` tinyint(4) NOT NULL DEFAULT '1',
  `initiator` varchar(10) DEFAULT NULL,
  `requisitionno` varchar(15) DEFAULT NULL,
  `intostocklocation` varchar(5) NOT NULL DEFAULT '',
  `deladd1` varchar(40) NOT NULL DEFAULT '',
  `deladd2` varchar(40) NOT NULL DEFAULT '',
  `deladd3` varchar(40) NOT NULL DEFAULT '',
  `deladd4` varchar(40) NOT NULL DEFAULT '',
  `deladd5` varchar(20) NOT NULL DEFAULT '',
  `deladd6` varchar(15) NOT NULL DEFAULT '',
  `contact` varchar(30) NOT NULL DEFAULT '',
  `reqdeldate` datetime DEFAULT NULL,
  `shipvia` varchar(50) DEFAULT NULL,
  `prref` int(10) NOT NULL DEFAULT '0',
  `prno` int(10) NOT NULL DEFAULT '0',
  PRIMARY KEY (`orderno`),
  KEY `OrdDate` (`orddate`),
  KEY `SupplierNo` (`supplierno`),
  KEY `IntoStockLocation` (`intostocklocation`),
  KEY `AllowPrintPO` (`allowprint`)
) ENGINE=InnoDB AUTO_INCREMENT=4 DEFAULT CHARSET=latin1;
/*!40101 SET character_set_client = @saved_cs_client */;

--
-- Dumping data for table `purchorders`
--

LOCK TABLES `purchorders` WRITE;
/*!40000 ALTER TABLE `purchorders` DISABLE KEYS */;
INSERT INTO `purchorders` VALUES (1,'0004','','2010-12-12 00:00:00',0.8959169,'2010-12-12 00:00:00',0,'','','HQ','4 Main Street','Suite 1B','Ottawa','ON','Canada','','','2010-12-12 00:00:00','',0,0),(2,'0004','','2010-12-12 00:00:00',0.8959169,'2010-12-12 00:00:00',0,'','','HQ','4 Main Street','Suite 1B','Ottawa','ON','Canada','','','2010-12-12 00:00:00','',0,0),(3,'0004','','2010-12-13 00:00:00',0.8959169,NULL,1,'','','TOR','24 Waterfront Street','','Toronto','ON','Canada','M5S 2E5','','2010-12-13 00:00:00','',0,0);
/*!40000 ALTER TABLE `purchorders` ENABLE KEYS */;
UNLOCK TABLES;

--
-- Table structure for table `quotes`
--

DROP TABLE IF EXISTS `quotes`;
/*!40101 SET @saved_cs_client     = @@character_set_client */;
/*!40101 SET character_set_client = utf8 */;
CREATE TABLE `quotes` (
  `quoteid` int(19) NOT NULL DEFAULT '0',
  `subject` varchar(100) DEFAULT NULL,
  `potentialid` int(19) DEFAULT NULL,
  `quotestage` varchar(200) DEFAULT NULL,
  `validtill` date DEFAULT NULL,
  `team` varchar(200) DEFAULT NULL,
  `contactid` int(19) DEFAULT NULL,
  `currency` varchar(100) DEFAULT NULL,
  `subtotal` decimal(11,3) DEFAULT NULL,
  `shipvia` int(11) NOT NULL DEFAULT '0',
  `deliverto` varchar(40) NOT NULL DEFAULT '',
  `fromstkloc` varchar(5) NOT NULL DEFAULT '',
  `type` varchar(100) DEFAULT NULL,
  `salestax` decimal(11,3) DEFAULT NULL,
  `freightcost` double NOT NULL DEFAULT '0',
  `total` decimal(11,3) DEFAULT NULL,
  `accountid` int(19) DEFAULT NULL,
  `terms_conditions` longtext,
  `discounttotal` decimal(10,2) NOT NULL DEFAULT '0.00',
  `freighttax` decimal(10,2) NOT NULL DEFAULT '0.00',
  PRIMARY KEY (`quoteid`),
  KEY `quotestage` (`quotestage`),
  KEY `fk_Quotes2` (`accountid`),
  CONSTRAINT `fk_Quotes1` FOREIGN KEY (`quoteid`) REFERENCES `crmentity` (`crmid`) ON DELETE CASCADE,
  CONSTRAINT `fk_Quotes2` FOREIGN KEY (`accountid`) REFERENCES `custbranch` (`accountid`) ON DELETE CASCADE
) ENGINE=InnoDB DEFAULT CHARSET=latin1;
/*!40101 SET character_set_client = @saved_cs_client */;

--
-- Dumping data for table `quotes`
--

LOCK TABLES `quotes` WRITE;
/*!40000 ALTER TABLE `quotes` DISABLE KEYS */;
/*!40000 ALTER TABLE `quotes` ENABLE KEYS */;
UNLOCK TABLES;

--
-- Table structure for table `quotesbillads`
--

DROP TABLE IF EXISTS `quotesbillads`;
/*!40101 SET @saved_cs_client     = @@character_set_client */;
/*!40101 SET character_set_client = utf8 */;
CREATE TABLE `quotesbillads` (
  `quotebilladdressid` int(19) NOT NULL DEFAULT '0',
  `bill_city` varchar(30) DEFAULT NULL,
  `bill_code` varchar(30) DEFAULT NULL,
  `bill_country` varchar(30) DEFAULT NULL,
  `bill_state` varchar(30) DEFAULT NULL,
  `bill_street` varchar(250) DEFAULT NULL,
  `bill_street2` varchar(250) DEFAULT NULL,
  PRIMARY KEY (`quotebilladdressid`),
  CONSTRAINT `fk_QuotesBillAds` FOREIGN KEY (`quotebilladdressid`) REFERENCES `quotes` (`quoteid`) ON DELETE CASCADE
) ENGINE=InnoDB DEFAULT CHARSET=latin1;
/*!40101 SET character_set_client = @saved_cs_client */;

--
-- Dumping data for table `quotesbillads`
--

LOCK TABLES `quotesbillads` WRITE;
/*!40000 ALTER TABLE `quotesbillads` DISABLE KEYS */;
/*!40000 ALTER TABLE `quotesbillads` ENABLE KEYS */;
UNLOCK TABLES;

--
-- Table structure for table `quotescf`
--

DROP TABLE IF EXISTS `quotescf`;
/*!40101 SET @saved_cs_client     = @@character_set_client */;
/*!40101 SET character_set_client = utf8 */;
CREATE TABLE `quotescf` (
  `quoteid` int(19) NOT NULL DEFAULT '0',
  PRIMARY KEY (`quoteid`),
  CONSTRAINT `fk_QuotesCF` FOREIGN KEY (`quoteid`) REFERENCES `quotes` (`quoteid`) ON DELETE CASCADE
) ENGINE=InnoDB DEFAULT CHARSET=latin1;
/*!40101 SET character_set_client = @saved_cs_client */;

--
-- Dumping data for table `quotescf`
--

LOCK TABLES `quotescf` WRITE;
/*!40000 ALTER TABLE `quotescf` DISABLE KEYS */;
/*!40000 ALTER TABLE `quotescf` ENABLE KEYS */;
UNLOCK TABLES;

--
-- Table structure for table `quotesproductrel`
--

DROP TABLE IF EXISTS `quotesproductrel`;
/*!40101 SET @saved_cs_client     = @@character_set_client */;
/*!40101 SET character_set_client = utf8 */;
CREATE TABLE `quotesproductrel` (
  `quoteid` int(19) NOT NULL DEFAULT '0',
  `productid` int(19) NOT NULL DEFAULT '0',
  `quantity` int(19) DEFAULT NULL,
  `listprice` decimal(11,3) DEFAULT NULL,
  `discount` decimal(11,3) NOT NULL DEFAULT '0.000',
  PRIMARY KEY (`quoteid`,`productid`),
  KEY `QuotesProductRel_IDX0` (`quoteid`),
  KEY `QuotesProductRel_IDX1` (`productid`),
  CONSTRAINT `fk_QuotesProductRel` FOREIGN KEY (`quoteid`) REFERENCES `quotes` (`quoteid`) ON DELETE CASCADE,
  CONSTRAINT `fk_QuotesProductRel2` FOREIGN KEY (`productid`) REFERENCES `stockmaster` (`productid`) ON DELETE CASCADE
) ENGINE=InnoDB DEFAULT CHARSET=latin1;
/*!40101 SET character_set_client = @saved_cs_client */;

--
-- Dumping data for table `quotesproductrel`
--

LOCK TABLES `quotesproductrel` WRITE;
/*!40000 ALTER TABLE `quotesproductrel` DISABLE KEYS */;
/*!40000 ALTER TABLE `quotesproductrel` ENABLE KEYS */;
UNLOCK TABLES;

--
-- Table structure for table `quotesshipads`
--

DROP TABLE IF EXISTS `quotesshipads`;
/*!40101 SET @saved_cs_client     = @@character_set_client */;
/*!40101 SET character_set_client = utf8 */;
CREATE TABLE `quotesshipads` (
  `quoteshipaddressid` int(19) NOT NULL DEFAULT '0',
  `ship_city` varchar(30) DEFAULT NULL,
  `ship_code` varchar(30) DEFAULT NULL,
  `ship_country` varchar(30) DEFAULT NULL,
  `ship_state` varchar(30) DEFAULT NULL,
  `ship_street` varchar(250) DEFAULT NULL,
  `ship_street2` varchar(250) DEFAULT NULL,
  PRIMARY KEY (`quoteshipaddressid`),
  CONSTRAINT `fk_QuotesShipAds` FOREIGN KEY (`quoteshipaddressid`) REFERENCES `quotes` (`quoteid`) ON DELETE CASCADE
) ENGINE=InnoDB DEFAULT CHARSET=latin1;
/*!40101 SET character_set_client = @saved_cs_client */;

--
-- Dumping data for table `quotesshipads`
--

LOCK TABLES `quotesshipads` WRITE;
/*!40000 ALTER TABLE `quotesshipads` DISABLE KEYS */;
/*!40000 ALTER TABLE `quotesshipads` ENABLE KEYS */;
UNLOCK TABLES;

--
-- Table structure for table `quotestage`
--

DROP TABLE IF EXISTS `quotestage`;
/*!40101 SET @saved_cs_client     = @@character_set_client */;
/*!40101 SET character_set_client = utf8 */;
CREATE TABLE `quotestage` (
  `quotestageid` int(19) NOT NULL AUTO_INCREMENT,
  `quotestage` varchar(200) NOT NULL DEFAULT '',
  `sortorderid` int(19) NOT NULL DEFAULT '0',
  `presence` int(1) NOT NULL DEFAULT '1',
  PRIMARY KEY (`quotestageid`),
  UNIQUE KEY `quotestage_UK0` (`quotestage`)
) ENGINE=InnoDB AUTO_INCREMENT=6 DEFAULT CHARSET=latin1;
/*!40101 SET character_set_client = @saved_cs_client */;

--
-- Dumping data for table `quotestage`
--

LOCK TABLES `quotestage` WRITE;
/*!40000 ALTER TABLE `quotestage` DISABLE KEYS */;
INSERT INTO `quotestage` VALUES (1,'Created',0,1),(2,'Delivered',1,1),(3,'Reviewed',2,1),(4,'Accepted',3,1),(5,'Rejected',4,1);
/*!40000 ALTER TABLE `quotestage` ENABLE KEYS */;
UNLOCK TABLES;

--
-- Table structure for table `rating`
--

DROP TABLE IF EXISTS `rating`;
/*!40101 SET @saved_cs_client     = @@character_set_client */;
/*!40101 SET character_set_client = utf8 */;
CREATE TABLE `rating` (
  `rating_id` int(19) NOT NULL AUTO_INCREMENT,
  `rating` varchar(200) DEFAULT NULL,
  `SORTORDERID` int(19) NOT NULL DEFAULT '0',
  `PRESENCE` int(1) NOT NULL DEFAULT '1',
  PRIMARY KEY (`rating_id`)
) ENGINE=MyISAM AUTO_INCREMENT=7 DEFAULT CHARSET=latin1;
/*!40101 SET character_set_client = @saved_cs_client */;

--
-- Dumping data for table `rating`
--

LOCK TABLES `rating` WRITE;
/*!40000 ALTER TABLE `rating` DISABLE KEYS */;
INSERT INTO `rating` VALUES (1,'--None--',0,1),(2,'Acquired',1,1),(3,'Active',2,1),(4,'Market Failed',3,1),(5,'Project Cancelled',4,1),(6,'Shutdown',5,1);
/*!40000 ALTER TABLE `rating` ENABLE KEYS */;
UNLOCK TABLES;

--
-- Table structure for table `recurringevents`
--

DROP TABLE IF EXISTS `recurringevents`;
/*!40101 SET @saved_cs_client     = @@character_set_client */;
/*!40101 SET character_set_client = utf8 */;
CREATE TABLE `recurringevents` (
  `recurringid` int(19) NOT NULL AUTO_INCREMENT,
  `activityid` int(19) NOT NULL DEFAULT '0',
  `recurringdate` date DEFAULT NULL,
  `recurringtype` varchar(30) DEFAULT NULL,
  PRIMARY KEY (`recurringid`)
) ENGINE=InnoDB DEFAULT CHARSET=latin1;
/*!40101 SET character_set_client = @saved_cs_client */;

--
-- Dumping data for table `recurringevents`
--

LOCK TABLES `recurringevents` WRITE;
/*!40000 ALTER TABLE `recurringevents` DISABLE KEYS */;
/*!40000 ALTER TABLE `recurringevents` ENABLE KEYS */;
UNLOCK TABLES;

--
-- Table structure for table `recurringsalesorders`
--

DROP TABLE IF EXISTS `recurringsalesorders`;
/*!40101 SET @saved_cs_client     = @@character_set_client */;
/*!40101 SET character_set_client = utf8 */;
CREATE TABLE `recurringsalesorders` (
  `recurrorderno` int(11) NOT NULL AUTO_INCREMENT,
  `debtorno` varchar(10) NOT NULL DEFAULT '',
  `branchcode` varchar(10) NOT NULL DEFAULT '',
  `customerref` varchar(50) NOT NULL DEFAULT '',
  `buyername` varchar(50) DEFAULT NULL,
  `comments` longblob,
  `orddate` date NOT NULL DEFAULT '0000-00-00',
  `ordertype` char(2) NOT NULL DEFAULT '',
  `shipvia` int(11) NOT NULL DEFAULT '0',
  `deladd1` varchar(40) NOT NULL DEFAULT '',
  `deladd2` varchar(40) NOT NULL DEFAULT '',
  `deladd3` varchar(40) NOT NULL DEFAULT '',
  `deladd4` varchar(40) DEFAULT NULL,
  `deladd5` varchar(20) NOT NULL DEFAULT '',
  `deladd6` varchar(15) NOT NULL DEFAULT '',
  `contactphone` varchar(25) DEFAULT NULL,
  `contactemail` varchar(25) DEFAULT NULL,
  `deliverto` varchar(40) NOT NULL DEFAULT '',
  `freightcost` double NOT NULL DEFAULT '0',
  `fromstkloc` varchar(5) NOT NULL DEFAULT '',
  `lastrecurrence` date NOT NULL DEFAULT '0000-00-00',
  `stopdate` date NOT NULL DEFAULT '0000-00-00',
  `frequency` tinyint(4) NOT NULL DEFAULT '1',
  `autoinvoice` tinyint(4) NOT NULL DEFAULT '0',
  PRIMARY KEY (`recurrorderno`),
  KEY `debtorno` (`debtorno`),
  KEY `orddate` (`orddate`),
  KEY `ordertype` (`ordertype`),
  KEY `locationindex` (`fromstkloc`),
  KEY `branchcode` (`branchcode`,`debtorno`)
) ENGINE=InnoDB DEFAULT CHARSET=latin1;
/*!40101 SET character_set_client = @saved_cs_client */;

--
-- Dumping data for table `recurringsalesorders`
--

LOCK TABLES `recurringsalesorders` WRITE;
/*!40000 ALTER TABLE `recurringsalesorders` DISABLE KEYS */;
/*!40000 ALTER TABLE `recurringsalesorders` ENABLE KEYS */;
UNLOCK TABLES;

--
-- Table structure for table `recurringtype`
--

DROP TABLE IF EXISTS `recurringtype`;
/*!40101 SET @saved_cs_client     = @@character_set_client */;
/*!40101 SET character_set_client = utf8 */;
CREATE TABLE `recurringtype` (
  `recurringeventid` int(19) NOT NULL AUTO_INCREMENT,
  `recurringtype` varchar(200) NOT NULL DEFAULT '',
  `sortorderid` int(19) NOT NULL DEFAULT '0',
  `presence` int(1) NOT NULL DEFAULT '1',
  PRIMARY KEY (`recurringeventid`)
) ENGINE=InnoDB AUTO_INCREMENT=6 DEFAULT CHARSET=latin1;
/*!40101 SET character_set_client = @saved_cs_client */;

--
-- Dumping data for table `recurringtype`
--

LOCK TABLES `recurringtype` WRITE;
/*!40000 ALTER TABLE `recurringtype` DISABLE KEYS */;
INSERT INTO `recurringtype` VALUES (1,'--None--',0,1),(2,'Daily',1,1),(3,'Weekly',2,1),(4,'Monthly',3,1),(5,'Yearly',4,1);
/*!40000 ALTER TABLE `recurringtype` ENABLE KEYS */;
UNLOCK TABLES;

--
-- Table structure for table `recurrsalesorderdetails`
--

DROP TABLE IF EXISTS `recurrsalesorderdetails`;
/*!40101 SET @saved_cs_client     = @@character_set_client */;
/*!40101 SET character_set_client = utf8 */;
CREATE TABLE `recurrsalesorderdetails` (
  `recurrorderno` int(11) NOT NULL DEFAULT '0',
  `stkcode` varchar(20) NOT NULL DEFAULT '',
  `unitprice` double NOT NULL DEFAULT '0',
  `quantity` double NOT NULL DEFAULT '0',
  `discountpercent` double NOT NULL DEFAULT '0',
  `narrative` text NOT NULL,
  PRIMARY KEY (`recurrorderno`,`stkcode`),
  KEY `orderno` (`recurrorderno`),
  KEY `stkcode` (`stkcode`)
) ENGINE=InnoDB DEFAULT CHARSET=latin1;
/*!40101 SET character_set_client = @saved_cs_client */;

--
-- Dumping data for table `recurrsalesorderdetails`
--

LOCK TABLES `recurrsalesorderdetails` WRITE;
/*!40000 ALTER TABLE `recurrsalesorderdetails` DISABLE KEYS */;
/*!40000 ALTER TABLE `recurrsalesorderdetails` ENABLE KEYS */;
UNLOCK TABLES;

--
-- Table structure for table `relatedlists`
--

DROP TABLE IF EXISTS `relatedlists`;
/*!40101 SET @saved_cs_client     = @@character_set_client */;
/*!40101 SET character_set_client = utf8 */;
CREATE TABLE `relatedlists` (
  `relation_id` int(19) NOT NULL DEFAULT '0',
  `tabid` int(10) DEFAULT NULL,
  `related_tabid` int(10) DEFAULT NULL,
  `name` varchar(100) DEFAULT NULL,
  `sequence` int(10) DEFAULT NULL,
  `label` varchar(100) DEFAULT NULL,
  `presence` int(10) NOT NULL DEFAULT '0',
  PRIMARY KEY (`relation_id`),
  KEY `idx_profile2tab` (`relation_id`)
) ENGINE=MyISAM DEFAULT CHARSET=latin1;
/*!40101 SET character_set_client = @saved_cs_client */;

--
-- Dumping data for table `relatedlists`
--

LOCK TABLES `relatedlists` WRITE;
/*!40000 ALTER TABLE `relatedlists` DISABLE KEYS */;
INSERT INTO `relatedlists` VALUES (1,6,2,'get_opportunities',1,'Potentials',0),(2,6,4,'get_contacts',2,'Contacts',0),(3,6,9,'get_activities',3,'Acivities',0),(4,6,13,'get_tickets',4,'HelpDesk',0),(5,6,9,'get_history',5,'History',0),(6,6,0,'get_attachments',6,'Attachments',0),(7,6,20,'get_quotes',7,'Quotes',0),(8,6,23,'get_invoices',8,'Invoice',0),(9,6,22,'get_salesorder',9,'Sales Order',0),(10,6,14,'get_products',10,'Products',0),(11,7,9,'get_activities',1,'Activities',0),(12,7,10,'get_emails',2,'Emails',0),(13,7,9,'get_history',3,'History',0),(14,7,0,'get_attachments',4,'Attachments',0),(15,7,14,'get_products',5,'Products',0),(16,4,2,'get_opportunities',1,'Potentials',0),(17,4,9,'get_activities',2,'Activities',0),(18,4,10,'get_emails',3,'Emails',0),(19,4,13,'get_tickets',4,'HelpDesk',0),(20,4,20,'get_quotes',5,'Quotes',0),(21,4,21,'get_purchase_orders',6,'Purchase Order',0),(22,4,22,'get_salesorder',7,'Sales Order',0),(23,4,14,'get_products',8,'Products',0),(24,4,9,'get_history',9,'History',0),(25,4,0,'get_attachments',10,'Attachments',0),(26,2,9,'get_activities',1,'Activities',0),(27,2,4,'get_contacts',2,'Contacts',0),(28,2,14,'get_products',3,'History',0),(29,2,0,'get_stage_history',4,'Sales Stage History',0),(30,2,0,'get_attachments',5,'Attachments',0),(31,2,20,'get_Quotes',6,'Quotes',0),(32,2,22,'get_salesorder',7,'Sales Order',0),(33,14,13,'get_tickets',1,'HelpDesk',0),(34,14,9,'get_activities',2,'Activities',0),(35,14,0,'get_attachments',3,'Attachments',0),(36,14,20,'get_quotes',4,'Quotes',0),(37,14,21,'get_purchase_orders',5,'Purchase Order',0),(38,14,22,'get_salesorder',6,'Sales Order',0),(39,14,23,'get_invoices',7,'Invoice',0),(40,14,19,'get_product_pricebooks',8,'PriceBook',0),(41,10,4,'get_contacts',1,'Contacts',0),(42,10,0,'get_users',2,'Users',0),(43,10,0,'get_attachments',3,'Attachments',0),(44,13,9,'get_activities',1,'Activities',0),(45,13,0,'get_attachments',2,'Attachments',0),(46,19,14,'get_pricebook_products',2,'Products',0),(47,18,14,'get_products',1,'Products',0),(48,18,21,'get_purchase_orders',2,'Products',0),(49,18,4,'get_contacts',3,'Contacts',0),(50,20,23,'get_salesorder',1,'Sales Order',0),(51,20,9,'get_activities',2,'Activities',0),(52,20,9,'get_history',3,'History',0),(53,21,9,'get_activities',1,'Activities',0),(54,21,0,'get_attachments',2,'Attachments',0),(55,22,9,'get_activities',1,'Activities',0),(56,22,0,'get_attachments',2,'Attachments',0),(57,22,23,'get_invoices',3,'Invoice',0),(58,23,9,'get_activities',1,'Activities',0),(59,23,0,'get_attachments',2,'Attachments',0),(60,27,9,'get_history',4,'History',0),(61,23,9,'get_activities',1,'Activities',0),(62,23,0,'get_attachments',2,'Attachments',0),(63,23,9,'get_history',3,'History',0),(64,9,0,'get_users',1,'Users',0),(65,9,4,'get_contacts',2,'Contacts',0);
/*!40000 ALTER TABLE `relatedlists` ENABLE KEYS */;
UNLOCK TABLES;

--
-- Table structure for table `relatedlists_seq`
--

DROP TABLE IF EXISTS `relatedlists_seq`;
/*!40101 SET @saved_cs_client     = @@character_set_client */;
/*!40101 SET character_set_client = utf8 */;
CREATE TABLE `relatedlists_seq` (
  `id` int(11) NOT NULL DEFAULT '0'
) ENGINE=MyISAM DEFAULT CHARSET=latin1;
/*!40101 SET character_set_client = @saved_cs_client */;

--
-- Dumping data for table `relatedlists_seq`
--

LOCK TABLES `relatedlists_seq` WRITE;
/*!40000 ALTER TABLE `relatedlists_seq` DISABLE KEYS */;
INSERT INTO `relatedlists_seq` VALUES (65);
/*!40000 ALTER TABLE `relatedlists_seq` ENABLE KEYS */;
UNLOCK TABLES;

--
-- Table structure for table `relcriteria`
--

DROP TABLE IF EXISTS `relcriteria`;
/*!40101 SET @saved_cs_client     = @@character_set_client */;
/*!40101 SET character_set_client = utf8 */;
CREATE TABLE `relcriteria` (
  `queryid` int(19) DEFAULT NULL,
  `columnindex` int(11) NOT NULL DEFAULT '0',
  `columnname` varchar(250) DEFAULT '',
  `comparator` varchar(10) DEFAULT '',
  `value` varchar(200) DEFAULT '',
  KEY `relcriteria_IDX0` (`queryid`)
) ENGINE=InnoDB DEFAULT CHARSET=latin1;
/*!40101 SET character_set_client = @saved_cs_client */;

--
-- Dumping data for table `relcriteria`
--

LOCK TABLES `relcriteria` WRITE;
/*!40000 ALTER TABLE `relcriteria` DISABLE KEYS */;
INSERT INTO `relcriteria` VALUES (2,0,'accountContacts:brname:Contacts_Account_Name:account_id:I','e',''),(3,0,'potential:potentialname:Potentials_Potential_Name:potentialname:V','n',''),(7,0,'potential:sales_stage:Potentials_Sales_Stage:sales_stage:V','e','Closed Won'),(12,0,'troubletickets:status:HelpDesk_Status:ticketstatus:V','n','Closed'),(15,0,'quotes:quotestage:Quotes_Quote_Stage:quotestage:V','n','Accepted'),(15,1,'quotes:quotestage:Quotes_Quote_Stage:quotestage:V','n','Rejected'),(1,0,'','n',''),(1,1,'','',''),(1,2,'','',''),(1,3,'','',''),(1,4,'','',''),(20,0,'','',''),(20,1,'','',''),(20,2,'','',''),(20,3,'','',''),(20,4,'','',''),(21,0,'','',''),(21,1,'','',''),(21,2,'','',''),(21,3,'','',''),(21,4,'','',''),(22,0,'','',''),(22,1,'','',''),(22,2,'','',''),(22,3,'','',''),(22,4,'','',''),(23,0,'usersAccounts:user_name:Accounts_Assigned_To:assigned_user_id:V','e','caitlin'),(23,1,'','',''),(23,2,'','',''),(23,3,'','',''),(23,4,'','',''),(24,0,'usersAccounts:user_name:Accounts_Assigned_To:assigned_user_id:V','e','tia'),(24,1,'','',''),(24,2,'','',''),(24,3,'','',''),(24,4,'','',''),(25,0,'usersAccounts:user_name:Accounts_Assigned_To:assigned_user_id:V','e','nicole'),(25,1,'','',''),(25,2,'','',''),(25,3,'','',''),(25,4,'','',''),(26,0,'usersAccounts:user_name:Accounts_Assigned_To:assigned_user_id:V','e','admin'),(26,1,'','',''),(26,2,'','',''),(26,3,'','',''),(26,4,'','',''),(27,0,'usersAccounts:user_name:Accounts_Assigned_To:assigned_user_id:V','e','jeff'),(27,1,'','',''),(27,2,'','',''),(27,3,'','',''),(27,4,'','',''),(28,0,'usersAccounts:user_name:Accounts_Assigned_To:assigned_user_id:V','e','jeff'),(28,1,'','',''),(28,2,'','',''),(28,3,'','',''),(28,4,'','',''),(29,0,'usersAccounts:user_name:Accounts_Assigned_To:assigned_user_id:V','e','onfc'),(29,1,'','',''),(29,2,'','',''),(29,3,'','',''),(29,4,'','',''),(30,0,'','',''),(30,1,'','',''),(30,2,'','',''),(30,3,'','',''),(30,4,'','',''),(8,0,'','',''),(8,1,'','',''),(8,2,'','',''),(8,3,'','',''),(8,4,'','','');
/*!40000 ALTER TABLE `relcriteria` ENABLE KEYS */;
UNLOCK TABLES;

--
-- Table structure for table `report`
--

DROP TABLE IF EXISTS `report`;
/*!40101 SET @saved_cs_client     = @@character_set_client */;
/*!40101 SET character_set_client = utf8 */;
CREATE TABLE `report` (
  `reportid` int(19) NOT NULL DEFAULT '0',
  `folderid` int(19) NOT NULL DEFAULT '0',
  `reportname` varchar(100) DEFAULT '',
  `description` varchar(250) DEFAULT '',
  `reporttype` varchar(50) DEFAULT '',
  `queryid` int(19) NOT NULL DEFAULT '0',
  `state` varchar(50) DEFAULT 'SAVED',
  `customizable` int(1) DEFAULT '1',
  `category` int(11) DEFAULT '1',
  PRIMARY KEY (`reportid`),
  KEY `report_IDX0` (`queryid`),
  KEY `report_IDX1` (`folderid`)
) ENGINE=InnoDB DEFAULT CHARSET=latin1;
/*!40101 SET character_set_client = @saved_cs_client */;

--
-- Dumping data for table `report`
--

LOCK TABLES `report` WRITE;
/*!40000 ALTER TABLE `report` DISABLE KEYS */;
INSERT INTO `report` VALUES (1,1,'Contacts by Accounts','Contacts related to Accounts','tabular',1,'SAVED',1,1),(2,1,'Contacts without Accounts','Contacts not related to Accounts','tabular',2,'SAVED',1,1),(3,1,'Contacts by Potentials','Contacts related to Potentials','tabular',3,'SAVED',1,1),(4,2,'Lead by Source','Lead by Source','summary',4,'SAVED',1,1),(5,2,'Lead Status Report','Lead Status Report','summary',5,'SAVED',1,1),(6,3,'Potential Pipeline','Potential Pipline','summary',6,'SAVED',1,1),(7,3,'Closed Potentials','Potential that have Won','tabular',7,'SAVED',1,1),(8,4,'Last Month Activities','Last Month Activites','tabular',8,'SAVED',1,1),(9,4,'This Month Activities','This Month Activites','tabular',9,'SAVED',1,1),(10,5,'Tickets by Products','Tickets related to Products','tabular',10,'SAVED',1,1),(11,5,'Tickets by Priotiry','Tickets by Priority','summary',11,'SAVED',1,1),(12,5,'Open Tickets','Tickets that are Open','tabular',12,'SAVED',1,1),(13,6,'Product Details','Product Detailed Report','tabular',13,'SAVED',1,1),(14,6,'Products by Contacts','Products related to Contacts','tabular',14,'SAVED',1,1),(15,7,'Open Quotes','Quotes that are Open','tabular',15,'SAVED',1,1),(16,7,'Quotes Detailed Report','Quotes detailed report','tabular',16,'SAVED',1,1),(17,8,'Orders by Contacts','Orders related to Contacts','tabular',17,'SAVED',1,1),(18,8,'Orders Detailed Report','Orders detailed report','tabular',18,'SAVED',1,1),(19,9,'Invoice Detailed Report','Invoice detailed report','tabular',19,'SAVED',1,1),(22,1,'Custom Accounts Report','Custom Accounts Report','tabular',22,'CUSTOM',1,1),(23,1,'Accounts - Caitlin','Accounts - Caitlin','tabular',23,'CUSTOM',1,1),(24,1,'Accounts - Tia','Accounts - Tia','tabular',24,'CUSTOM',1,1),(25,1,'Accounts - Nicole','Accounts - Nicole','tabular',25,'CUSTOM',1,1),(26,1,'Accounts - currently unassigned','Accounts - currently unassigned (set to admin)','tabular',26,'CUSTOM',1,1),(27,1,'Accounts - Jeff','Accounts - Jeff','tabular',27,'CUSTOM',1,1),(28,1,'Accounts - Jeff','Accounts - Jeff','tabular',28,'CUSTOM',1,1),(29,1,'Accounts - ONFC','Accounts - ONFC','tabular',29,'CUSTOM',1,1),(30,1,'ss','','tabular',30,'CUSTOM',1,1);
/*!40000 ALTER TABLE `report` ENABLE KEYS */;
UNLOCK TABLES;

--
-- Table structure for table `reportcolumns`
--

DROP TABLE IF EXISTS `reportcolumns`;
/*!40101 SET @saved_cs_client     = @@character_set_client */;
/*!40101 SET character_set_client = utf8 */;
CREATE TABLE `reportcolumns` (
  `reportid` smallint(6) NOT NULL DEFAULT '0',
  `colno` smallint(6) NOT NULL DEFAULT '0',
  `heading1` varchar(15) NOT NULL DEFAULT '',
  `heading2` varchar(15) DEFAULT NULL,
  `calculation` tinyint(1) NOT NULL DEFAULT '0',
  `periodfrom` smallint(6) DEFAULT NULL,
  `periodto` smallint(6) DEFAULT NULL,
  `datatype` varchar(15) DEFAULT NULL,
  `colnumerator` tinyint(4) DEFAULT NULL,
  `coldenominator` tinyint(4) DEFAULT NULL,
  `calcoperator` char(1) DEFAULT NULL,
  `budgetoractual` tinyint(1) NOT NULL DEFAULT '0',
  `valformat` char(1) NOT NULL DEFAULT 'N',
  `constant` double NOT NULL DEFAULT '0',
  PRIMARY KEY (`reportid`,`colno`)
) ENGINE=InnoDB DEFAULT CHARSET=latin1;
/*!40101 SET character_set_client = @saved_cs_client */;

--
-- Dumping data for table `reportcolumns`
--

LOCK TABLES `reportcolumns` WRITE;
/*!40000 ALTER TABLE `reportcolumns` DISABLE KEYS */;
INSERT INTO `reportcolumns` VALUES (1,1,'Value','',0,1,1,'Net Value',0,0,'',1,'N',0),(2,1,'product','',0,0,12,'Quantity',0,0,'',1,'N',0);
/*!40000 ALTER TABLE `reportcolumns` ENABLE KEYS */;
UNLOCK TABLES;

--
-- Table structure for table `reportdatefilter`
--

DROP TABLE IF EXISTS `reportdatefilter`;
/*!40101 SET @saved_cs_client     = @@character_set_client */;
/*!40101 SET character_set_client = utf8 */;
CREATE TABLE `reportdatefilter` (
  `datefilterid` int(19) NOT NULL DEFAULT '0',
  `datecolumnname` varchar(250) DEFAULT '',
  `datefilter` varchar(250) DEFAULT '',
  `startdate` date DEFAULT '0000-00-00',
  `enddate` date DEFAULT '0000-00-00',
  KEY `reportdatefilter_IDX0` (`datefilterid`),
  KEY `reportdatefilter_FK1` (`datefilterid`),
  CONSTRAINT `reportdatefilter_FK1` FOREIGN KEY (`datefilterid`) REFERENCES `report` (`reportid`) ON DELETE CASCADE
) ENGINE=InnoDB DEFAULT CHARSET=latin1;
/*!40101 SET character_set_client = @saved_cs_client */;

--
-- Dumping data for table `reportdatefilter`
--

LOCK TABLES `reportdatefilter` WRITE;
/*!40000 ALTER TABLE `reportdatefilter` DISABLE KEYS */;
INSERT INTO `reportdatefilter` VALUES (9,'crmentityActivities:modifiedtime:Activities_Modified_Time','thismonth','2005-06-01','2005-06-30'),(1,'contactsubdetails:birthday:Contacts_Birthdate','custom','0000-00-00','0000-00-00'),(22,'crmentityAccounts:createdtime:Accounts_Created_Time','custom','0000-00-00','0000-00-00'),(23,'crmentityAccounts:createdtime:Accounts_Created_Time','custom','0000-00-00','0000-00-00'),(24,'crmentityAccounts:createdtime:Accounts_Created_Time','custom','0000-00-00','0000-00-00'),(25,'crmentityAccounts:createdtime:Accounts_Created_Time','custom','0000-00-00','0000-00-00'),(26,'crmentityAccounts:createdtime:Accounts_Created_Time','custom','0000-00-00','0000-00-00'),(27,'crmentityAccounts:createdtime:Accounts_Created_Time','custom','0000-00-00','0000-00-00'),(28,'crmentityAccounts:createdtime:Accounts_Created_Time','custom','0000-00-00','0000-00-00'),(29,'crmentityAccounts:createdtime:Accounts_Created_Time','custom','0000-00-00','0000-00-00'),(30,'crmentityAccounts:createdtime:Accounts_Created_Time','custom','0000-00-00','0000-00-00'),(8,'crmentityActivities:modifiedtime:Activities_Modified_Time','lastmonth','2007-01-01','2007-01-31');
/*!40000 ALTER TABLE `reportdatefilter` ENABLE KEYS */;
UNLOCK TABLES;

--
-- Table structure for table `reportfields`
--

DROP TABLE IF EXISTS `reportfields`;
/*!40101 SET @saved_cs_client     = @@character_set_client */;
/*!40101 SET character_set_client = utf8 */;
CREATE TABLE `reportfields` (
  `id` int(8) NOT NULL AUTO_INCREMENT,
  `reportid` int(5) NOT NULL DEFAULT '0',
  `entrytype` varchar(15) NOT NULL DEFAULT '',
  `seqnum` int(3) NOT NULL DEFAULT '0',
  `fieldname` varchar(250) NOT NULL DEFAULT '',
  `displaydesc` varchar(25) NOT NULL DEFAULT '',
  `visible` enum('1','0') NOT NULL DEFAULT '1',
  `columnbreak` enum('1','0') NOT NULL DEFAULT '1',
  `params` text,
  PRIMARY KEY (`id`),
  KEY `reportid` (`reportid`)
) ENGINE=MyISAM AUTO_INCREMENT=2130 DEFAULT CHARSET=latin1;
/*!40101 SET character_set_client = @saved_cs_client */;

--
-- Dumping data for table `reportfields`
--

LOCK TABLES `reportfields` WRITE;
/*!40000 ALTER TABLE `reportfields` DISABLE KEYS */;
INSERT INTO `reportfields` VALUES (1803,135,'critlist',1,'prices.currabrev','Currency','0','0','0'),(1802,135,'fieldlist',5,'prices.currabrev','Currency','1','1','0'),(1801,135,'fieldlist',4,'prices.typeabbrev','Price List','0','0','0'),(1800,135,'fieldlist',3,'prices.price','Price','1','1','0'),(1799,135,'fieldlist',1,'stockmaster.stockid','Item','1','1','0'),(1797,135,'trunclong',0,'','','1','1','0'),(1798,135,'dateselect',0,'','','1','1','a'),(1804,135,'sortlist',1,'stockmaster.stockid','Item','0','0','1'),(1805,136,'critlist',1,'custbranch.salesman','Sales Person','0','0','0'),(1806,136,'critlist',2,'custbranch.area','Sales Area','0','0','0'),(1807,136,'dateselect',0,'','a','1','1','a'),(1808,136,'fieldlist',1,'debtorsmaster.name','Customer Name','1','0','0'),(1809,136,'fieldlist',2,'debtorsmaster.address1','Address 1','1','0','0'),(1810,136,'fieldlist',3,'debtorsmaster.address2','Address 2','1','1','0'),(1811,136,'fieldlist',4,'debtorsmaster.address3','Address 3','1','0','0'),(1812,136,'fieldlist',5,'debtorsmaster.address4','Address 4','1','0','0'),(1813,136,'fieldlist',6,'debtorsmaster.address5','Address 5','1','1','0'),(1814,136,'fieldlist',7,'debtorsmaster.address6','Address 6','1','0','0'),(1815,136,'fieldlist',8,'debtorsmaster.salestype','Sales Type','1','0','0'),(1816,136,'fieldlist',9,'custbranch.branchcode','Branch Code','1','1','0'),(1817,136,'fieldlist',10,'custbranch.brname','Branch Name','1','0','0'),(1818,136,'fieldlist',11,'custbranch.braddress1','Branch Address 1','1','0','0'),(1819,136,'fieldlist',12,'custbranch.braddress2','Branch Address 2','1','1','0'),(1820,136,'fieldlist',13,'custbranch.braddress3','Branch Address 3','1','0','0'),(1821,136,'fieldlist',14,'custbranch.braddress4','Branch Address 4','1','0','0'),(1822,136,'fieldlist',15,'custbranch.braddress5','Branch Address 6','1','1','0'),(1823,136,'fieldlist',16,'custbranch.braddress6','Branch Address 6','1','0','0'),(1824,136,'fieldlist',17,'custbranch.contactname','Contact Name','1','0','0'),(1825,136,'fieldlist',18,'custbranch.phoneno','Telephone Number','1','1','0'),(1826,136,'fieldlist',19,'custbranch.faxno','Fax Number','1','0','0'),(1827,136,'fieldlist',20,'custbranch.email','e-mail Address','1','0','0'),(1828,136,'fieldlist',21,'custbranch.area','Branch Area','1','1','0'),(1829,136,'fieldlist',22,'custbranch.salesman','Branch Salesman','1','0','0'),(1830,136,'fieldlist',23,'areas.areadescription','Area Description','1','0','0'),(1831,136,'fieldlist',24,'salesman.salesmanname','Salesman Name','1','0','0'),(1832,136,'grouplist',1,'custbranch.salesman','Salesman','0','0','0'),(1833,136,'sortlist',1,'custbranch.area','Customer Area','0','0','0'),(1834,136,'sortlist',2,'custbranch.salesman','Sales Person','0','0','0'),(1835,136,'sortlist',3,'debtorsmaster.debtorno','Customer ID','0','0','0'),(1836,136,'sortlist',4,'custbranch.branchcode','Branch Code','0','0','0'),(1837,136,'trunclong',0,'','','1','1','0'),(1838,137,'trunclong',0,'','','1','1','0'),(1839,137,'dateselect',0,'','a','1','1',NULL),(1910,141,'fieldlist',4,'debtorsmaster.address3','Address 3','1','0','0'),(1909,141,'fieldlist',3,'debtorsmaster.address2','Address 2','1','1','0'),(1908,141,'fieldlist',2,'debtorsmaster.address1','Address 1','1','0','0'),(1907,141,'fieldlist',1,'debtorsmaster.name','Customer Name','1','0','0'),(1906,141,'dateselect',0,'','a','1','1','a'),(1905,141,'critlist',2,'custbranch.area','Sales Area','0','0','0'),(1904,141,'critlist',1,'custbranch.salesman','Sales Person','0','0','0'),(1903,138,'fieldlist',9,'quantity*unitprice AS total','TOTAL','1','1','1'),(1853,139,'critlist',1,'custbranch.salesman','Sales Person','0','0','0:All::'),(1854,139,'critlist',2,'custbranch.area','Sales Area','0','0','0:All::'),(1855,139,'dateselect',0,'','a','1','1','a'),(1856,139,'fieldlist',1,'debtorsmaster.name','Customer Name','1','0','0'),(1857,139,'fieldlist',2,'debtorsmaster.address1','Address 1','1','0','0'),(1858,139,'fieldlist',3,'debtorsmaster.address2','Address 2','1','1','0'),(1859,139,'fieldlist',4,'debtorsmaster.address3','Address 3','1','0','0'),(1860,139,'fieldlist',5,'debtorsmaster.address4','Address 4','1','0','0'),(1861,139,'fieldlist',6,'debtorsmaster.address5','Address 5','1','1','0'),(1862,139,'fieldlist',7,'debtorsmaster.address6','Address 6','1','0','0'),(1863,139,'fieldlist',8,'debtorsmaster.salestype','Sales Type','1','0','0'),(1864,139,'fieldlist',9,'custbranch.branchcode','Branch Code','1','1','0'),(1865,139,'fieldlist',10,'custbranch.brname','Branch Name','1','0','0'),(1866,139,'fieldlist',11,'custbranch.braddress1','Branch Address 1','1','0','0'),(1867,139,'fieldlist',12,'custbranch.braddress2','Branch Address 2','1','1','0'),(1868,139,'fieldlist',13,'custbranch.braddress3','Branch Address 3','1','0','0'),(1869,139,'fieldlist',14,'custbranch.braddress4','Branch Address 4','1','0','0'),(1870,139,'fieldlist',15,'custbranch.braddress5','Branch Address 6','1','1','0'),(1871,139,'fieldlist',16,'custbranch.braddress6','Branch Address 6','1','0','0'),(1872,139,'fieldlist',17,'custbranch.contactname','Contact Name','1','0','0'),(1873,139,'fieldlist',18,'custbranch.phoneno','Telephone Number','1','1','0'),(1874,139,'fieldlist',19,'custbranch.faxno','Fax Number','1','0','0'),(1875,139,'fieldlist',20,'custbranch.email','e-mail Address','1','0','0'),(1876,139,'fieldlist',21,'custbranch.area','Branch Area','1','1','0'),(1877,139,'fieldlist',22,'custbranch.salesman','Branch Salesman','1','0','0'),(1878,139,'fieldlist',23,'areas.areadescription','Area Description','1','0','0'),(1879,139,'fieldlist',24,'salesman.salesmanname','Salesman Name','1','0','0'),(1880,139,'grouplist',1,'custbranch.salesman','Salesman','0','0','1'),(1881,139,'sortlist',1,'custbranch.area','Customer Area','0','0','0'),(1882,139,'sortlist',2,'custbranch.salesman','Sales Person','0','0','0'),(1883,139,'sortlist',3,'debtorsmaster.debtorno','Customer ID','0','0','0'),(1884,139,'sortlist',4,'custbranch.branchcode','Branch Code','0','0','0'),(1885,139,'trunclong',0,'','','1','1','0'),(1888,138,'fieldlist',1,'salesorders.orderno','Order No','1','0','0'),(1889,138,'fieldlist',2,'salesorders.branchcode','branchcode','1','0','0'),(1891,138,'fieldlist',7,'salesorderdetails.stkcode','stkcode','1','0','0'),(1892,138,'fieldlist',8,'salesorderdetails.unitprice','price','1','0','0'),(1893,138,'fieldlist',3,'custbranch.brname','name','1','0','0'),(1894,138,'fieldlist',5,'custbranch.debtorno','debtorno','1','1','0'),(1895,138,'fieldlist',4,'custbranch.branchcode','branch ID','0','0','0'),(1896,138,'grouplist',1,'salesorders.orderno','Order No','0','0','0'),(1898,138,'sortlist',1,'custbranch.brname','name','0','0','0'),(1899,138,'sortlist',2,'salesorders.orderno','Order No','0','0','0'),(1900,138,'critlist',1,'salesorders.branchcode','branchcode','0','0','0'),(1901,138,'critlist',2,'salesorders.orderno','Order No','0','0','0'),(1902,138,'fieldlist',6,'salesorderdetails.quantity','qty1','1','0','1'),(1911,141,'fieldlist',5,'debtorsmaster.address4','Address 4','1','0','0'),(1912,141,'fieldlist',6,'debtorsmaster.address5','Address 5','1','1','0'),(1913,141,'fieldlist',7,'debtorsmaster.address6','Address 6','1','0','0'),(1914,141,'fieldlist',8,'debtorsmaster.salestype','Sales Type','1','0','0'),(1915,141,'fieldlist',9,'custbranch.branchcode','Branch Code','1','1','0'),(1916,141,'fieldlist',10,'custbranch.brname','Branch Name','1','0','0'),(1917,141,'fieldlist',11,'custbranch.braddress1','Branch Address 1','1','0','0'),(1918,141,'fieldlist',12,'custbranch.braddress2','Branch Address 2','1','1','0'),(1919,141,'fieldlist',13,'custbranch.braddress3','Branch Address 3','1','0','0'),(1920,141,'fieldlist',14,'custbranch.braddress4','Branch Address 4','1','0','0'),(1921,141,'fieldlist',15,'custbranch.braddress5','Branch Address 6','1','1','0'),(1922,141,'fieldlist',16,'custbranch.braddress6','Branch Address 6','1','0','0'),(1923,141,'fieldlist',17,'custbranch.contactname','Contact Name','1','0','0'),(1924,141,'fieldlist',18,'custbranch.phoneno','Telephone Number','1','1','0'),(1925,141,'fieldlist',19,'custbranch.faxno','Fax Number','1','0','0'),(1926,141,'fieldlist',20,'custbranch.email','e-mail Address','1','0','0'),(1927,141,'fieldlist',21,'custbranch.area','Branch Area','1','1','0'),(1928,141,'fieldlist',22,'custbranch.salesman','Branch Salesman','1','0','0'),(1929,141,'fieldlist',23,'areas.areadescription','Area Description','1','0','0'),(1930,141,'fieldlist',24,'salesman.salesmanname','Salesman Name','1','0','0'),(1931,141,'grouplist',1,'custbranch.salesman','Salesman','0','0','0'),(1932,141,'sortlist',1,'custbranch.area','Customer Area','0','0','0'),(1933,141,'sortlist',2,'custbranch.salesman','Sales Person','0','0','0'),(1934,141,'sortlist',3,'debtorsmaster.debtorno','Customer ID','0','0','0'),(1935,141,'sortlist',4,'custbranch.branchcode','Branch Code','0','0','0'),(1936,141,'trunclong',0,'','','1','1','0'),(1937,142,'critlist',1,'salesorders.branchcode','Branch ID','0','0','0'),(1938,142,'critlist',2,'salesorders.orderno','Order Number','0','0','0'),(1939,142,'critlist',3,'salesorders.quotation','Quotation','0','0','2'),(1940,142,'dateselect',0,'salesorders.orddate','abcdfhj','1','1','a'),(1941,142,'fieldlist',1,'salesorders.orderno','Order Number','1','0','0'),(1942,142,'fieldlist',2,'salesorders.orddate','Order Date','1','0','0'),(1943,142,'fieldlist',3,'salesorders.branchcode','Branch ID','1','1','0'),(1944,142,'fieldlist',4,'salesorders.customerref','Customer Reference','1','0','0'),(1945,142,'fieldlist',5,'salesorders.deliverto','Deliver To Name','1','1','0'),(1946,142,'fieldlist',6,'salesorderdetails.quantity','Quantity','1','0','1'),(1947,142,'fieldlist',7,'salesorderdetails.stkcode','Part Number','1','0','0'),(1948,142,'fieldlist',8,'salesorderdetails.unitprice','Unit Price','1','1','1'),(1949,142,'fieldlist',9,'debtorsmaster.name','Customer Name','1','0','0'),(1950,142,'fieldlist',10,'debtorsmaster.address1','Address 1','0','0','0'),(1951,142,'fieldlist',11,'debtorsmaster.address2','Address 2','0','1','0'),(1952,142,'fieldlist',12,'debtorsmaster.address3','City','0','0','0'),(1953,142,'fieldlist',13,'debtorsmaster.address4','State','0','0','0'),(1954,142,'fieldlist',14,'debtorsmaster.address5','Postal Code','0','0','0'),(1955,142,'fieldlist',15,'debtorsmaster.address6','Country','0','1','0'),(1956,142,'fieldlist',16,'salesorders.deliverydate','Delivery Date','1','0','0'),(1957,142,'fieldlist',17,'custbranch.custbranchcode','Customer Branch ID','0','0','0'),(1958,142,'grouplist',1,'salesorders.orddate','Order Date','0','0','0'),(1959,142,'grouplist',2,'salesorders.orderno','Order Number','0','0','0'),(1960,142,'sortlist',1,'debtorsmaster.name','Customer Name','0','0','1'),(1961,142,'sortlist',2,'salesorders.orderno','Order Number','0','0','0'),(1962,142,'trunclong',0,'','','1','1','1'),(1994,145,'critlist',1,'salesorders.orderno','Order No','0','0','0'),(1993,145,'fieldlist',1,'','Order No','1','0','a:33:{s:5:\"index\";s:4:\"Data\";s:11:\"DisplayName\";s:8:\"Order No\";s:2:\"ID\";s:4:\"1993\";s:6:\"SeqNum\";s:1:\"1\";s:8:\"ReportID\";s:3:\"145\";s:10:\"ReportName\";s:6:\"Orders\";s:4:\"todo\";s:6:\"Finish\";s:9:\"DataField\";s:19:\"salesorders.orderno\";s:9:\"LineXStrt\";s:2:\"10\";s:9:\"LineYStrt\";s:2:\"10\";s:8:\"BoxWidth\";s:2:\"60\";s:9:\"BoxHeight\";s:1:\"5\";s:10:\"Processing\";s:0:\"\";s:4:\"Font\";s:9:\"helvetica\";s:8:\"FontSize\";s:1:\"8\";s:9:\"FontAlign\";s:1:\"L\";s:5:\"Trunc\";s:1:\"0\";s:5:\"Color\";s:1:\"1\";s:9:\"FontColor\";s:5:\"0:0:0\";s:7:\"FontRed\";s:0:\"\";s:9:\"FontGreen\";s:0:\"\";s:8:\"FontBlue\";s:0:\"\";s:4:\"Line\";s:1:\"0\";s:9:\"BrdrColor\";s:5:\"0:0:0\";s:7:\"BrdrRed\";s:0:\"\";s:9:\"BrdrGreen\";s:0:\"\";s:8:\"BrdrBlue\";s:0:\"\";s:8:\"LineSize\";s:1:\"1\";s:4:\"Fill\";s:1:\"0\";s:9:\"FillColor\";s:5:\"0:0:0\";s:7:\"FillRed\";s:0:\"\";s:9:\"FillGreen\";s:0:\"\";s:8:\"FillBlue\";s:0:\"\";}'),(1992,145,'dateselect',0,'','a','1','1','a'),(1991,145,'grouplist',1,'salesorders.orderno','','1','1',''),(1995,135,'fieldlist',2,'stockmaster.description','Description','1','1','0'),(1996,135,'grouplist',1,'prices.currabrev','Currency','0','0','0'),(2010,0,'fieldlist',4,'stockmaster.lastcost','Last Cost Listed','1','1','0'),(2009,0,'fieldlist',3,'stockmaster.materialcost','Current Costed Value','1','1','0'),(2008,0,'fieldlist',2,'stockmaster.description','Item','1','1','0'),(2007,0,'fieldlist',1,'stockmaster.stockid','Inv. Code','1','1','0'),(2006,0,'dateselect',0,'','a','1','1','a'),(2005,0,'trunclong',0,'','','1','1','0'),(2011,0,'fieldlist',5,'stockmaster.controlled','Controlled','1','1','0'),(2012,0,'fieldlist',6,'stockmaster.kgs','Weight (in KG)','1','1','0'),(2017,1,'fieldlist',1,'stockmaster.stockid','ID','1','1','0'),(2018,1,'fieldlist',2,'stockmaster.description','Product','1','1','0'),(2019,1,'fieldlist',3,'stockmaster.materialcost','Cost','1','1','0'),(2020,1,'fieldlist',4,'stockmaster.kgs','Weight (KG)','1','1','0'),(2021,1,'fieldlist',5,'stockmaster.controlled','Controlled','1','1','0'),(2022,1,'fieldlist',6,'stockmaster.special','VTiger','1','1','0'),(2031,4,'fieldlist',1,'stockmaster.stockid','ID','1','1','0'),(2025,3,'fieldlist',1,'stockmaster.stockid','ID','1','1','0'),(2026,3,'fieldlist',2,'stockmaster.description','Product','1','1','0'),(2027,3,'fieldlist',3,'stockmaster.materialcost','Cost','1','1','0'),(2028,3,'fieldlist',4,'pricebookproductrel.listprice','Price','1','1','0'),(2029,3,'fieldlist',6,'((pricebookproductrel.listprice-stockmaster.materialcost)/pricebookproductrel.listprice) as gpp','Profit Margin','1','1','0'),(2030,3,'fieldlist',5,'pricebook.bookname','Price List','1','1','0'),(2032,4,'fieldlist',2,'stockmaster.description','Product','1','1','0'),(2033,4,'fieldlist',3,'stockmaster.materialcost','Cost','1','1','0'),(2034,4,'fieldlist',4,'stockmaster.unit_price','Wholesale Price','1','1','0'),(2035,4,'fieldlist',5,'((stockmaster.unit_price-stockmaster.materialcost)/stockmaster.unit_price) as gpp','Profit Margin','1','1','0'),(2036,5,'trunclong',0,'','','1','1','0'),(2037,5,'dateselect',0,'salesorders.orddate','abcdefghijk','1','1','a'),(2038,5,'fieldlist',1,'salesorders.orderno','No.','1','1','0'),(2039,5,'fieldlist',4,'salesorders.duedate','Req Del Date','1','1','0'),(2040,5,'fieldlist',5,'salesorders.customerref','Ref.','1','1','0'),(2041,5,'fieldlist',6,'salesorders.total','invoice','1','1','1'),(2042,5,'fieldlist',2,'custbranch.brname','name','1','1','0'),(2043,5,'critlist',1,'salesorders.duedate','Req Del Date','0','0','0'),(2044,5,'fieldlist',7,'debtorsmaster.currcode','Currency','1','1','0'),(2045,5,'fieldlist',8,'areas.areadescription','Type','1','1','0'),(2046,5,'fieldlist',3,'salesorders.orddate','Order  Date','1','1','0'),(2047,5,'sortlist',1,'salesorders.orderno','No.','0','0','1'),(2048,5,'sortlist',2,'salesorders.orddate','Order Date','0','0','0'),(2049,5,'sortlist',3,'salesorders.duedate','Req Del Date','0','0','0'),(2066,7,'trunclong',0,'','','1','1','0'),(2088,7,'sortlist',5,'debtorsmaster.currcode','Currency','0','0','0'),(2087,7,'sortlist',4,'custbranch.brname','Purchaser','0','0','0'),(2067,7,'dateselect',0,'salesorders.duedate','abcdefghijk','1','1','a'),(2068,7,'fieldlist',2,'salesorders.orderno','SO No.','1','1','0'),(2069,7,'fieldlist',9,'salesorders.salestax+salesorders.freighttax','GST','1','1','1'),(2070,7,'fieldlist',7,'salesorders.discounttotal','Discount','1','1','1'),(2071,7,'fieldlist',10,'salesorders.total','Total Invoice','1','1','1'),(2072,7,'fieldlist',6,'salesorders.subtotal+salesorders.discounttotal','Sales','1','1','1'),(2076,7,'fieldlist',8,'salesorders.freightcost','Freight','1','1','1'),(2077,7,'sortlist',1,'salesorders.orderno','SO No.','0','0','0'),(2078,7,'sortlist',2,'salesorders.duedate','Date','0','0','0'),(2086,7,'sortlist',3,'areas.areadescription','Sales Type','0','0','0'),(2093,7,'critlist',1,'custbranch.brname','Purchaser','0','0','2'),(2081,7,'fieldlist',1,'salesorders.duedate','Date','1','1','0'),(2082,7,'fieldlist',3,'custbranch.account_type','Sales Type','1','1','0'),(2083,7,'fieldlist',4,'custbranch.brname','Purchaser','1','1','0'),(2084,7,'fieldlist',5,'debtorsmaster.currcode','Currency','1','1','0'),(2094,7,'critlist',2,'salesorders.orderno','SO No.','0','0','0'),(2095,7,'critlist',3,'custbranch.account_type','Account Type','0','0','2'),(2096,8,'trunclong',0,'','','1','1','0'),(2097,8,'sortlist',5,'debtorsmaster.currcode','Currency','0','0','0'),(2098,8,'sortlist',4,'custbranch.brname','Purchaser','0','0','0'),(2099,8,'dateselect',0,'salesorders.orddate','abcdefghijk','1','1','a'),(2100,8,'fieldlist',2,'salesorders.orderno','SO No.','1','1','0'),(2101,8,'fieldlist',9,'salesorders.salestax+salesorders.freighttax','GST','1','1','1'),(2102,8,'fieldlist',7,'salesorders.discounttotal','Discount','1','1','1'),(2103,8,'fieldlist',10,'salesorders.total','Total Invoice','1','1','1'),(2104,8,'fieldlist',6,'salesorders.subtotal+salesorders.discounttotal','Sales','1','1','1'),(2105,8,'fieldlist',8,'salesorders.freightcost','Freight','1','1','1'),(2106,8,'sortlist',1,'salesorders.orderno','SO No.','0','0','0'),(2107,8,'sortlist',2,'salesorders.orddate','Date','0','0','0'),(2108,8,'sortlist',3,'areas.areadescription','Sales Type','0','0','0'),(2109,8,'critlist',1,'custbranch.brname','Purchaser','0','0','2'),(2110,8,'fieldlist',1,'salesorders.orddate','Order Date','1','1','0'),(2111,8,'fieldlist',3,'custbranch.account_type','Sales Type','1','1','0'),(2112,8,'fieldlist',4,'custbranch.brname','Purchaser','1','1','0'),(2113,8,'fieldlist',5,'debtorsmaster.currcode','Currency','1','1','0'),(2114,8,'critlist',2,'salesorders.orderno','SO No.','0','0','0'),(2115,8,'critlist',3,'custbranch.account_type','Account Type','0','0','2'),(2119,10,'dateselect',0,'','a','1','1','a'),(2118,10,'trunclong',0,'','','1','1','0'),(2120,10,'fieldlist',1,'purchorders.orderno','Order No.','1','0','0'),(2121,10,'fieldlist',3,'purchorders.supplierno','Supplier No.','1','0','0'),(2122,10,'fieldlist',5,'purchorders.orddate','Order Date','1','0','0'),(2123,10,'fieldlist',2,'purchorderdetails.podetailitem','Order Item','1','1','0'),(2124,10,'fieldlist',4,'purchorderdetails.itemcode','Code','1','1','0'),(2125,10,'fieldlist',6,'purchorderdetails.itemdescription','Description','1','1','0'),(2126,10,'fieldlist',8,'purchorderdetails.qtyinvoiced','Qty Recd','1','0','0'),(2127,10,'fieldlist',7,'purchorderdetails.completed','Completed','1','0','0'),(2128,10,'grouplist',1,'purchorders.orderno','Order No.','0','0','0'),(2129,10,'sortlist',1,'purchorders.orderno','Order No.','0','0','1');
/*!40000 ALTER TABLE `reportfields` ENABLE KEYS */;
UNLOCK TABLES;

--
-- Table structure for table `reportfolder`
--

DROP TABLE IF EXISTS `reportfolder`;
/*!40101 SET @saved_cs_client     = @@character_set_client */;
/*!40101 SET character_set_client = utf8 */;
CREATE TABLE `reportfolder` (
  `folderid` int(19) NOT NULL AUTO_INCREMENT,
  `foldername` varchar(100) NOT NULL DEFAULT '',
  `description` varchar(250) DEFAULT '',
  `state` varchar(50) DEFAULT 'SAVED',
  PRIMARY KEY (`folderid`)
) ENGINE=MyISAM AUTO_INCREMENT=11 DEFAULT CHARSET=latin1;
/*!40101 SET character_set_client = @saved_cs_client */;

--
-- Dumping data for table `reportfolder`
--

LOCK TABLES `reportfolder` WRITE;
/*!40000 ALTER TABLE `reportfolder` DISABLE KEYS */;
INSERT INTO `reportfolder` VALUES (1,'Account and Contact Reports','Account and Contact Reports','SAVED'),(2,'Lead Reports','Lead Reports','SAVED'),(3,'Potential Reports','Potential Reports','SAVED'),(4,'Activity Reports','Activity Reports','SAVED'),(5,'HelpDesk Reports','HelpDesk Reports','SAVED'),(6,'Product Reports','Product Reports','SAVED'),(7,'Quote Reports','Quote Reports','SAVED'),(8,'Order Reports','Order Reports','SAVED'),(9,'Invoice Reports','Invoice Reports','SAVED');
/*!40000 ALTER TABLE `reportfolder` ENABLE KEYS */;
UNLOCK TABLES;

--
-- Table structure for table `reportheaders`
--

DROP TABLE IF EXISTS `reportheaders`;
/*!40101 SET @saved_cs_client     = @@character_set_client */;
/*!40101 SET character_set_client = utf8 */;
CREATE TABLE `reportheaders` (
  `reportid` smallint(6) NOT NULL AUTO_INCREMENT,
  `reportheading` varchar(80) NOT NULL DEFAULT '',
  `groupbydata1` varchar(15) NOT NULL DEFAULT '',
  `newpageafter1` tinyint(1) NOT NULL DEFAULT '0',
  `lower1` varchar(10) NOT NULL DEFAULT '',
  `upper1` varchar(10) NOT NULL DEFAULT '',
  `groupbydata2` varchar(15) DEFAULT NULL,
  `newpageafter2` tinyint(1) NOT NULL DEFAULT '0',
  `lower2` varchar(10) DEFAULT NULL,
  `upper2` varchar(10) DEFAULT NULL,
  `groupbydata3` varchar(15) DEFAULT NULL,
  `newpageafter3` tinyint(1) NOT NULL DEFAULT '0',
  `lower3` varchar(10) DEFAULT NULL,
  `upper3` varchar(10) DEFAULT NULL,
  `groupbydata4` varchar(15) NOT NULL DEFAULT '',
  `newpageafter4` tinyint(1) NOT NULL DEFAULT '0',
  `upper4` varchar(10) NOT NULL DEFAULT '',
  `lower4` varchar(10) NOT NULL DEFAULT '',
  PRIMARY KEY (`reportid`),
  KEY `ReportHeading` (`reportheading`)
) ENGINE=InnoDB AUTO_INCREMENT=3 DEFAULT CHARSET=latin1;
/*!40101 SET character_set_client = @saved_cs_client */;

--
-- Dumping data for table `reportheaders`
--

LOCK TABLES `reportheaders` WRITE;
/*!40000 ALTER TABLE `reportheaders` DISABLE KEYS */;
INSERT INTO `reportheaders` VALUES (1,'Test report','Sales Area',0,'0','zzzzz','Customer Code',0,'1','zzzzzzzzzz','Product Code',0,'1','zzzzzzzzz','Not Used',0,'',''),(2,'Sales Analysis','Product Code',0,'1','zzzzzzzzzz','Not Used',0,'','','Not Used',0,'','','Not Used',0,'','');
/*!40000 ALTER TABLE `reportheaders` ENABLE KEYS */;
UNLOCK TABLES;

--
-- Table structure for table `reportlinks`
--

DROP TABLE IF EXISTS `reportlinks`;
/*!40101 SET @saved_cs_client     = @@character_set_client */;
/*!40101 SET character_set_client = utf8 */;
CREATE TABLE `reportlinks` (
  `table1` varchar(25) NOT NULL DEFAULT '',
  `table2` varchar(25) NOT NULL DEFAULT '',
  `equation` varchar(75) NOT NULL DEFAULT ''
) ENGINE=InnoDB DEFAULT CHARSET=latin1;
/*!40101 SET character_set_client = @saved_cs_client */;

--
-- Dumping data for table `reportlinks`
--

LOCK TABLES `reportlinks` WRITE;
/*!40000 ALTER TABLE `reportlinks` DISABLE KEYS */;
/*!40000 ALTER TABLE `reportlinks` ENABLE KEYS */;
UNLOCK TABLES;

--
-- Table structure for table `reportmodules`
--

DROP TABLE IF EXISTS `reportmodules`;
/*!40101 SET @saved_cs_client     = @@character_set_client */;
/*!40101 SET character_set_client = utf8 */;
CREATE TABLE `reportmodules` (
  `reportmodulesid` int(19) NOT NULL DEFAULT '0',
  `primarymodule` varchar(50) NOT NULL DEFAULT '',
  `secondarymodules` varchar(250) DEFAULT '',
  PRIMARY KEY (`reportmodulesid`),
  KEY `reportmodules_IDX0` (`reportmodulesid`),
  KEY `reportmodules_FK1` (`reportmodulesid`),
  CONSTRAINT `reportmodules_FK1` FOREIGN KEY (`reportmodulesid`) REFERENCES `report` (`reportid`) ON DELETE CASCADE
) ENGINE=InnoDB DEFAULT CHARSET=latin1;
/*!40101 SET character_set_client = @saved_cs_client */;

--
-- Dumping data for table `reportmodules`
--

LOCK TABLES `reportmodules` WRITE;
/*!40000 ALTER TABLE `reportmodules` DISABLE KEYS */;
INSERT INTO `reportmodules` VALUES (1,'Contacts','Accounts'),(2,'Contacts','Accounts'),(3,'Contacts','Potentials'),(4,'Leads',''),(5,'Leads',''),(6,'Potentials',''),(7,'Potentials',''),(8,'Activities',''),(9,'Activities',''),(10,'HelpDesk','Products'),(11,'HelpDesk',''),(12,'HelpDesk',''),(13,'Products',''),(14,'Products','Contacts'),(15,'Quotes',''),(16,'Quotes',''),(17,'Orders','Contacts'),(18,'Orders',''),(19,'Invoice',''),(22,'Accounts',''),(23,'Accounts',''),(24,'Accounts',''),(25,'Accounts',''),(26,'Accounts',''),(27,'Accounts',''),(28,'Accounts',''),(29,'Accounts',''),(30,'Accounts','Invoice');
/*!40000 ALTER TABLE `reportmodules` ENABLE KEYS */;
UNLOCK TABLES;

--
-- Table structure for table `reports`
--

DROP TABLE IF EXISTS `reports`;
/*!40101 SET @saved_cs_client     = @@character_set_client */;
/*!40101 SET character_set_client = utf8 */;
CREATE TABLE `reports` (
  `id` int(5) NOT NULL AUTO_INCREMENT,
  `reportname` varchar(30) NOT NULL DEFAULT '',
  `reporttype` char(3) NOT NULL DEFAULT 'rpt',
  `groupname` varchar(9) NOT NULL DEFAULT 'misc',
  `defaultreport` enum('1','0') NOT NULL DEFAULT '0',
  `papersize` varchar(15) NOT NULL DEFAULT 'A4,210,297',
  `paperorientation` enum('P','L') NOT NULL DEFAULT 'P',
  `margintop` int(3) NOT NULL DEFAULT '10',
  `marginbottom` int(3) NOT NULL DEFAULT '10',
  `marginleft` int(3) NOT NULL DEFAULT '10',
  `marginright` int(3) NOT NULL DEFAULT '10',
  `coynamefont` varchar(20) NOT NULL DEFAULT 'Helvetica',
  `coynamefontsize` int(3) NOT NULL DEFAULT '12',
  `coynamefontcolor` varchar(11) NOT NULL DEFAULT '0,0,0',
  `coynamealign` enum('L','C','R') NOT NULL DEFAULT 'C',
  `coynameshow` enum('1','0') NOT NULL DEFAULT '1',
  `title1desc` varchar(50) NOT NULL DEFAULT '%reportname%',
  `title1font` varchar(20) NOT NULL DEFAULT 'Helvetica',
  `title1fontsize` int(3) NOT NULL DEFAULT '10',
  `title1fontcolor` varchar(11) NOT NULL DEFAULT '0,0,0',
  `title1fontalign` enum('L','C','R') NOT NULL DEFAULT 'C',
  `title1show` enum('1','0') NOT NULL DEFAULT '1',
  `title2desc` varchar(50) NOT NULL DEFAULT 'Report Generated %date%',
  `title2font` varchar(20) NOT NULL DEFAULT 'Helvetica',
  `title2fontsize` int(3) NOT NULL DEFAULT '10',
  `title2fontcolor` varchar(11) NOT NULL DEFAULT '0,0,0',
  `title2fontalign` enum('L','C','R') NOT NULL DEFAULT 'C',
  `title2show` enum('1','0') NOT NULL DEFAULT '1',
  `filterfont` varchar(10) NOT NULL DEFAULT 'Helvetica',
  `filterfontsize` int(3) NOT NULL DEFAULT '8',
  `filterfontcolor` varchar(11) NOT NULL DEFAULT '0,0,0',
  `filterfontalign` enum('L','C','R') NOT NULL DEFAULT 'L',
  `datafont` varchar(10) NOT NULL DEFAULT 'Helvetica',
  `datafontsize` int(3) NOT NULL DEFAULT '10',
  `datafontcolor` varchar(10) NOT NULL DEFAULT 'black',
  `datafontalign` enum('L','C','R') NOT NULL DEFAULT 'L',
  `totalsfont` varchar(10) NOT NULL DEFAULT 'Helvetica',
  `totalsfontsize` int(3) NOT NULL DEFAULT '10',
  `totalsfontcolor` varchar(11) NOT NULL DEFAULT '0,0,0',
  `totalsfontalign` enum('L','C','R') NOT NULL DEFAULT 'L',
  `col1width` int(3) NOT NULL DEFAULT '25',
  `col2width` int(3) NOT NULL DEFAULT '25',
  `col3width` int(3) NOT NULL DEFAULT '25',
  `col4width` int(3) NOT NULL DEFAULT '25',
  `col5width` int(3) NOT NULL DEFAULT '25',
  `col6width` int(3) NOT NULL DEFAULT '25',
  `col7width` int(3) NOT NULL DEFAULT '25',
  `col8width` int(3) NOT NULL DEFAULT '25',
  `col9width` int(3) NOT NULL DEFAULT '25',
  `col10width` int(3) NOT NULL DEFAULT '25',
  `table1` varchar(25) NOT NULL DEFAULT '',
  `table2` varchar(25) DEFAULT NULL,
  `table2criteria` varchar(75) DEFAULT NULL,
  `table3` varchar(25) DEFAULT NULL,
  `table3criteria` varchar(75) DEFAULT NULL,
  `table4` varchar(25) DEFAULT NULL,
  `table4criteria` varchar(75) DEFAULT NULL,
  `table5` varchar(25) DEFAULT NULL,
  `table5criteria` varchar(75) DEFAULT NULL,
  `table6` varchar(25) DEFAULT NULL,
  `table6criteria` varchar(75) DEFAULT NULL,
  PRIMARY KEY (`id`),
  KEY `name` (`reportname`,`groupname`)
) ENGINE=MyISAM AUTO_INCREMENT=11 DEFAULT CHARSET=latin1;
/*!40101 SET character_set_client = @saved_cs_client */;

--
-- Dumping data for table `reports`
--

LOCK TABLES `reports` WRITE;
/*!40000 ALTER TABLE `reports` DISABLE KEYS */;
INSERT INTO `reports` VALUES (1,'Cost and Price Analysis','rpt','inv','1','Letter:216:282','P',10,10,10,10,'helvetica',12,'0:0:0','C','1','%reportname%','helvetica',10,'0:0:0','C','1','Report Generated %date%','helvetica',10,'0:0:0','C','1','helvetica',8,'0:0:0','L','helvetica',8,'0:0:0','L','helvetica',10,'0:0:0','L',20,75,25,20,20,20,20,20,25,25,'stockmaster','','','','','','','','','',''),(4,'Cost and Wholesale Price Anal.','rpt','inv','0','Letter:216:282','P',10,10,10,10,'helvetica',12,'0:0:0','C','1','%reportname%','helvetica',10,'0:0:0','C','1','Report Generated %date%','helvetica',10,'0:0:0','C','1','helvetica',8,'0:0:0','L','helvetica',8,'0:0:0','L','helvetica',10,'0:0:0','L',20,75,25,20,40,20,10,10,25,25,'stockmaster','','','','','','','','','',''),(3,'Cost and Price List Analysis','rpt','inv','0','Letter:216:282','P',10,10,10,10,'helvetica',12,'0:0:0','C','1','%reportname%','helvetica',10,'0:0:0','C','1','Report Generated %date%','helvetica',10,'0:0:0','C','1','helvetica',8,'0:0:0','L','helvetica',8,'0:0:0','L','helvetica',10,'0:0:0','L',20,75,25,20,40,20,10,10,25,25,'stockmaster','pricebookproductrel','stockmaster.productid=pricebookproductrel.productid','pricebook','pricebook.pricebookid=pricebookproductrel.pricebookid','','','','','',''),(5,'Sales Orders Report','rpt','ord','1','Letter:216:282','P',10,10,10,10,'helvetica',12,'0:0:0','C','1','%reportname%','helvetica',10,'0:0:0','C','1','Report Generated %date%','helvetica',10,'0:0:0','C','1','helvetica',8,'0:0:0','L','helvetica',10,'0:0:0','L','helvetica',10,'0:0:0','L',10,50,25,25,25,25,10,25,25,25,'salesorders','custbranch','salesorders.branchcode=custbranch.branchcode','debtorsmaster','custbranch.debtorno=debtorsmaster.debtorno','areas','custbranch.area=areas.areacode','','','',''),(7,'SO Finance Report - Req. Del.','rpt','ord','1','Letter:216:282','L',10,10,10,10,'helvetica',12,'0:0:0','C','1','%reportname%','helvetica',10,'0:0:0','C','1','Report Generated %date%','helvetica',10,'0:0:0','C','1','helvetica',8,'0:0:0','R','helvetica',10,'0:0:0','R','helvetica',10,'0:0:0','R',25,10,25,50,25,25,25,25,25,25,'salesorders','custbranch','salesorders.branchcode=custbranch.branchcode','debtorsmaster','custbranch.debtorno=debtorsmaster.debtorno','salestypes','debtorsmaster.salestype=salestypes.typeabbrev','','','',''),(8,'SO Finance Report - Order Date','rpt','ord','1','Letter:216:282','L',10,10,10,10,'helvetica',12,'0:0:0','C','1','%reportname%','helvetica',10,'0:0:0','C','1','Report Generated %date%','helvetica',10,'0:0:0','C','1','helvetica',8,'0:0:0','R','helvetica',10,'0:0:0','R','helvetica',10,'0:0:0','R',25,10,25,50,25,25,25,25,25,25,'salesorders','custbranch','salesorders.branchcode=custbranch.branchcode','debtorsmaster','custbranch.debtorno=debtorsmaster.debtorno','salestypes','debtorsmaster.salestype=salestypes.typeabbrev','','','',''),(10,'Purchase Order Report','rpt','prch','1','Letter:216:282','P',10,10,10,10,'helvetica',12,'0:0:0','C','1','%reportname%','helvetica',10,'0:0:0','C','1','Report Generated %date%','helvetica',10,'0:0:0','C','1','helvetica',8,'0:0:0','L','helvetica',10,'0:0:0','L','helvetica',10,'0:0:0','L',25,25,60,25,10,1,1,1,1,1,'purchorders','purchorderdetails','purchorders.orderno=purchorderdetails.orderno','','','','','','','','');
/*!40000 ALTER TABLE `reports` ENABLE KEYS */;
UNLOCK TABLES;

--
-- Table structure for table `reportsortcol`
--

DROP TABLE IF EXISTS `reportsortcol`;
/*!40101 SET @saved_cs_client     = @@character_set_client */;
/*!40101 SET character_set_client = utf8 */;
CREATE TABLE `reportsortcol` (
  `sortcolid` int(19) NOT NULL DEFAULT '0',
  `reportid` int(19) NOT NULL DEFAULT '0',
  `columnname` varchar(250) DEFAULT '',
  `sortorder` varchar(250) DEFAULT 'Asc',
  KEY `reportsortcol_IDX0` (`reportid`),
  KEY `reportsortcol_FK1` (`reportid`),
  CONSTRAINT `reportsortcol_FK1` FOREIGN KEY (`reportid`) REFERENCES `report` (`reportid`) ON DELETE CASCADE
) ENGINE=InnoDB DEFAULT CHARSET=latin1;
/*!40101 SET character_set_client = @saved_cs_client */;

--
-- Dumping data for table `reportsortcol`
--

LOCK TABLES `reportsortcol` WRITE;
/*!40000 ALTER TABLE `reportsortcol` DISABLE KEYS */;
INSERT INTO `reportsortcol` VALUES (1,4,'leaddetails:leadsource:Leads_Lead_Source:leadsource:V','Ascending'),(1,5,'leaddetails:leadstatus:Leads_Lead_Status:leadstatus:V','Ascending'),(1,6,'potential:sales_stage:Potentials_Sales_Stage:sales_stage:V','Ascending'),(1,11,'troubletickets:priority:HelpDesk_Priority:ticketpriorities:V','Ascending'),(1,1,'none','Ascending'),(2,1,'none','Ascending'),(3,1,'none','Ascending'),(1,22,'none','Ascending'),(2,22,'none','Ascending'),(3,22,'none','Ascending'),(1,23,'none','Ascending'),(2,23,'none','Ascending'),(3,23,'none','Ascending'),(1,24,'none','Ascending'),(2,24,'none','Ascending'),(3,24,'none','Ascending'),(1,25,'none','Ascending'),(2,25,'none','Ascending'),(3,25,'none','Ascending'),(1,26,'none','Ascending'),(2,26,'none','Ascending'),(3,26,'none','Ascending'),(1,27,'none','Ascending'),(2,27,'none','Ascending'),(3,27,'none','Ascending'),(1,28,'none','Ascending'),(2,28,'none','Ascending'),(3,28,'none','Ascending'),(1,29,'none','Ascending'),(2,29,'none','Ascending'),(3,29,'none','Ascending'),(1,30,'none','Ascending'),(2,30,'none','Ascending'),(3,30,'none','Ascending'),(1,8,'none','Ascending'),(2,8,'none','Ascending'),(3,8,'none','Ascending');
/*!40000 ALTER TABLE `reportsortcol` ENABLE KEYS */;
UNLOCK TABLES;

--
-- Table structure for table `reportsummary`
--

DROP TABLE IF EXISTS `reportsummary`;
/*!40101 SET @saved_cs_client     = @@character_set_client */;
/*!40101 SET character_set_client = utf8 */;
CREATE TABLE `reportsummary` (
  `reportsummaryid` int(19) NOT NULL DEFAULT '0',
  `summarytype` int(19) NOT NULL DEFAULT '0',
  `columnname` varchar(250) DEFAULT '',
  KEY `reportsummary_IDX0` (`reportsummaryid`),
  KEY `reportsummary_FK1` (`reportsummaryid`),
  CONSTRAINT `reportsummary_FK1` FOREIGN KEY (`reportsummaryid`) REFERENCES `report` (`reportid`) ON DELETE CASCADE
) ENGINE=InnoDB DEFAULT CHARSET=latin1;
/*!40101 SET character_set_client = @saved_cs_client */;

--
-- Dumping data for table `reportsummary`
--

LOCK TABLES `reportsummary` WRITE;
/*!40000 ALTER TABLE `reportsummary` DISABLE KEYS */;
INSERT INTO `reportsummary` VALUES (30,0,'cb:invoice:salesorderid:Sales_Order:2');
/*!40000 ALTER TABLE `reportsummary` ENABLE KEYS */;
UNLOCK TABLES;

--
-- Table structure for table `revenuetype`
--

DROP TABLE IF EXISTS `revenuetype`;
/*!40101 SET @saved_cs_client     = @@character_set_client */;
/*!40101 SET character_set_client = utf8 */;
CREATE TABLE `revenuetype` (
  `revenuetypeid` int(19) NOT NULL AUTO_INCREMENT,
  `revenuetype` varchar(200) NOT NULL DEFAULT '',
  `sortorderid` int(19) NOT NULL DEFAULT '0',
  `presence` int(1) NOT NULL DEFAULT '1',
  PRIMARY KEY (`revenuetypeid`),
  UNIQUE KEY `RevenueType_UK0` (`revenuetype`)
) ENGINE=InnoDB DEFAULT CHARSET=latin1;
/*!40101 SET character_set_client = @saved_cs_client */;

--
-- Dumping data for table `revenuetype`
--

LOCK TABLES `revenuetype` WRITE;
/*!40000 ALTER TABLE `revenuetype` DISABLE KEYS */;
/*!40000 ALTER TABLE `revenuetype` ENABLE KEYS */;
UNLOCK TABLES;

--
-- Table structure for table `role`
--

DROP TABLE IF EXISTS `role`;
/*!40101 SET @saved_cs_client     = @@character_set_client */;
/*!40101 SET character_set_client = utf8 */;
CREATE TABLE `role` (
  `roleid` int(11) NOT NULL AUTO_INCREMENT,
  `name` varchar(60) DEFAULT NULL,
  `description` varchar(100) DEFAULT NULL,
  PRIMARY KEY (`roleid`)
) ENGINE=InnoDB AUTO_INCREMENT=3 DEFAULT CHARSET=latin1;
/*!40101 SET character_set_client = @saved_cs_client */;

--
-- Dumping data for table `role`
--

LOCK TABLES `role` WRITE;
/*!40000 ALTER TABLE `role` DISABLE KEYS */;
INSERT INTO `role` VALUES (1,'administrator',''),(2,'standard_user','');
/*!40000 ALTER TABLE `role` ENABLE KEYS */;
UNLOCK TABLES;

--
-- Table structure for table `role2action`
--

DROP TABLE IF EXISTS `role2action`;
/*!40101 SET @saved_cs_client     = @@character_set_client */;
/*!40101 SET character_set_client = utf8 */;
CREATE TABLE `role2action` (
  `rolename` varchar(50) DEFAULT NULL,
  `tabid` int(11) DEFAULT '0',
  `actionname` varchar(100) DEFAULT NULL,
  `action_permission` int(4) NOT NULL DEFAULT '0',
  `description` varchar(100) DEFAULT NULL,
  KEY `idx_role2action_name` (`rolename`,`tabid`,`actionname`)
) ENGINE=MyISAM DEFAULT CHARSET=latin1;
/*!40101 SET character_set_client = @saved_cs_client */;

--
-- Dumping data for table `role2action`
--

LOCK TABLES `role2action` WRITE;
/*!40000 ALTER TABLE `role2action` DISABLE KEYS */;
/*!40000 ALTER TABLE `role2action` ENABLE KEYS */;
UNLOCK TABLES;

--
-- Table structure for table `role2profile`
--

DROP TABLE IF EXISTS `role2profile`;
/*!40101 SET @saved_cs_client     = @@character_set_client */;
/*!40101 SET character_set_client = utf8 */;
CREATE TABLE `role2profile` (
  `roleid` int(11) NOT NULL DEFAULT '0',
  `profileid` int(11) DEFAULT NULL,
  PRIMARY KEY (`roleid`)
) ENGINE=MyISAM DEFAULT CHARSET=latin1;
/*!40101 SET character_set_client = @saved_cs_client */;

--
-- Dumping data for table `role2profile`
--

LOCK TABLES `role2profile` WRITE;
/*!40000 ALTER TABLE `role2profile` DISABLE KEYS */;
INSERT INTO `role2profile` VALUES (1,1),(2,2);
/*!40000 ALTER TABLE `role2profile` ENABLE KEYS */;
UNLOCK TABLES;

--
-- Table structure for table `role2tab`
--

DROP TABLE IF EXISTS `role2tab`;
/*!40101 SET @saved_cs_client     = @@character_set_client */;
/*!40101 SET character_set_client = utf8 */;
CREATE TABLE `role2tab` (
  `rolename` varchar(100) DEFAULT NULL,
  `tabid` int(11) DEFAULT '0',
  `module_permission` int(4) NOT NULL DEFAULT '0',
  `description` varchar(100) DEFAULT NULL,
  KEY `idx_role2tab_name` (`rolename`,`tabid`)
) ENGINE=MyISAM DEFAULT CHARSET=latin1;
/*!40101 SET character_set_client = @saved_cs_client */;

--
-- Dumping data for table `role2tab`
--

LOCK TABLES `role2tab` WRITE;
/*!40000 ALTER TABLE `role2tab` DISABLE KEYS */;
/*!40000 ALTER TABLE `role2tab` ENABLE KEYS */;
UNLOCK TABLES;

--
-- Table structure for table `role_seq`
--

DROP TABLE IF EXISTS `role_seq`;
/*!40101 SET @saved_cs_client     = @@character_set_client */;
/*!40101 SET character_set_client = utf8 */;
CREATE TABLE `role_seq` (
  `id` int(11) NOT NULL DEFAULT '0'
) ENGINE=MyISAM DEFAULT CHARSET=latin1;
/*!40101 SET character_set_client = @saved_cs_client */;

--
-- Dumping data for table `role_seq`
--

LOCK TABLES `role_seq` WRITE;
/*!40000 ALTER TABLE `role_seq` DISABLE KEYS */;
INSERT INTO `role_seq` VALUES (2);
/*!40000 ALTER TABLE `role_seq` ENABLE KEYS */;
UNLOCK TABLES;

--
-- Table structure for table `rss`
--

DROP TABLE IF EXISTS `rss`;
/*!40101 SET @saved_cs_client     = @@character_set_client */;
/*!40101 SET character_set_client = utf8 */;
CREATE TABLE `rss` (
  `rssid` int(19) NOT NULL DEFAULT '0',
  `rssurl` varchar(200) NOT NULL DEFAULT '',
  `rsstitle` varchar(200) DEFAULT NULL,
  `rsstype` int(10) DEFAULT '0',
  `starred` int(1) DEFAULT '0',
  `rsscategory` varchar(100) DEFAULT '',
  PRIMARY KEY (`rssid`)
) ENGINE=MyISAM DEFAULT CHARSET=latin1;
/*!40101 SET character_set_client = @saved_cs_client */;

--
-- Dumping data for table `rss`
--

LOCK TABLES `rss` WRITE;
/*!40000 ALTER TABLE `rss` DISABLE KEYS */;
/*!40000 ALTER TABLE `rss` ENABLE KEYS */;
UNLOCK TABLES;

--
-- Table structure for table `rss_seq`
--

DROP TABLE IF EXISTS `rss_seq`;
/*!40101 SET @saved_cs_client     = @@character_set_client */;
/*!40101 SET character_set_client = utf8 */;
CREATE TABLE `rss_seq` (
  `id` int(11) NOT NULL DEFAULT '0'
) ENGINE=MyISAM DEFAULT CHARSET=latin1;
/*!40101 SET character_set_client = @saved_cs_client */;

--
-- Dumping data for table `rss_seq`
--

LOCK TABLES `rss_seq` WRITE;
/*!40000 ALTER TABLE `rss_seq` DISABLE KEYS */;
INSERT INTO `rss_seq` VALUES (3);
/*!40000 ALTER TABLE `rss_seq` ENABLE KEYS */;
UNLOCK TABLES;

--
-- Table structure for table `rsscategory`
--

DROP TABLE IF EXISTS `rsscategory`;
/*!40101 SET @saved_cs_client     = @@character_set_client */;
/*!40101 SET character_set_client = utf8 */;
CREATE TABLE `rsscategory` (
  `rsscategoryid` int(19) NOT NULL AUTO_INCREMENT,
  `rsscategory` varchar(200) NOT NULL DEFAULT '',
  `sortorderid` int(19) NOT NULL DEFAULT '0',
  `presence` int(1) NOT NULL DEFAULT '1',
  PRIMARY KEY (`rsscategoryid`),
  UNIQUE KEY `RssCategory_UK0` (`rsscategory`)
) ENGINE=InnoDB DEFAULT CHARSET=latin1;
/*!40101 SET character_set_client = @saved_cs_client */;

--
-- Dumping data for table `rsscategory`
--

LOCK TABLES `rsscategory` WRITE;
/*!40000 ALTER TABLE `rsscategory` DISABLE KEYS */;
/*!40000 ALTER TABLE `rsscategory` ENABLE KEYS */;
UNLOCK TABLES;

--
-- Table structure for table `sales_stage`
--

DROP TABLE IF EXISTS `sales_stage`;
/*!40101 SET @saved_cs_client     = @@character_set_client */;
/*!40101 SET character_set_client = utf8 */;
CREATE TABLE `sales_stage` (
  `sales_stage_id` int(19) NOT NULL AUTO_INCREMENT,
  `sales_stage` varchar(200) DEFAULT NULL,
  `SORTORDERID` int(19) NOT NULL DEFAULT '0',
  `PRESENCE` int(1) NOT NULL DEFAULT '1',
  PRIMARY KEY (`sales_stage_id`)
) ENGINE=MyISAM AUTO_INCREMENT=19 DEFAULT CHARSET=latin1;
/*!40101 SET character_set_client = @saved_cs_client */;

--
-- Dumping data for table `sales_stage`
--

LOCK TABLES `sales_stage` WRITE;
/*!40000 ALTER TABLE `sales_stage` DISABLE KEYS */;
INSERT INTO `sales_stage` VALUES (15,'Info Sharing',0,1),(16,'In Dialogue',1,1),(17,'Closed Won',2,1),(18,'Closed Lost',3,1);
/*!40000 ALTER TABLE `sales_stage` ENABLE KEYS */;
UNLOCK TABLES;

--
-- Table structure for table `salesanalysis`
--

DROP TABLE IF EXISTS `salesanalysis`;
/*!40101 SET @saved_cs_client     = @@character_set_client */;
/*!40101 SET character_set_client = utf8 */;
CREATE TABLE `salesanalysis` (
  `typeabbrev` char(2) NOT NULL DEFAULT '',
  `periodno` smallint(6) NOT NULL DEFAULT '0',
  `amt` double NOT NULL DEFAULT '0',
  `cost` double NOT NULL DEFAULT '0',
  `cust` varchar(10) NOT NULL DEFAULT '',
  `custbranch` varchar(10) NOT NULL DEFAULT '',
  `qty` double NOT NULL DEFAULT '0',
  `disc` double NOT NULL DEFAULT '0',
  `stockid` varchar(20) NOT NULL DEFAULT '',
  `area` char(2) NOT NULL DEFAULT '',
  `budgetoractual` tinyint(1) NOT NULL DEFAULT '0',
  `salesperson` char(3) NOT NULL DEFAULT '',
  `stkcategory` varchar(6) NOT NULL DEFAULT '',
  `id` int(11) NOT NULL AUTO_INCREMENT,
  PRIMARY KEY (`id`),
  KEY `CustBranch` (`custbranch`),
  KEY `Cust` (`cust`),
  KEY `PeriodNo` (`periodno`),
  KEY `StkCategory` (`stkcategory`),
  KEY `StockID` (`stockid`),
  KEY `TypeAbbrev` (`typeabbrev`),
  KEY `Area` (`area`),
  KEY `BudgetOrActual` (`budgetoractual`),
  KEY `Salesperson` (`salesperson`)
) ENGINE=InnoDB AUTO_INCREMENT=40 DEFAULT CHARSET=latin1;
/*!40101 SET character_set_client = @saved_cs_client */;

--
-- Dumping data for table `salesanalysis`
--

LOCK TABLES `salesanalysis` WRITE;
/*!40000 ALTER TABLE `salesanalysis` DISABLE KEYS */;
INSERT INTO `salesanalysis` VALUES ('DE',2,2,0,'WWW1070','WWW1070',2,0,'H02','DE',1,'SO1','HT',1),('DE',2,69.427274826789,0,'WWW1070','WWW1070',3,0,'H01','DE',1,'SO1','HT',2),('DE',2,1247.5,0,'WWW1087','WWW1087',250,0,'G01-02','DE',1,'SO1','HT',3),('DE',2,1,0,'WWW1087','WWW1087',1,0,'H02','DE',1,'SO1','HT',4),('DE',2,73.142424942263,0,'WWW1087','WWW1087',1,0,'P04','DE',1,'SO1','PT',5),('DE',2,247,0,'WWW1064','WWW1064',247,0,'H02','DE',1,'SO1','HT',6),('DE',2,5,0,'WWW1080','WWW1080',5,0,'H02','DE',1,'SO1','HT',7),('DE',2,114.77,0,'WWW1084','WWW1084',23,0,'G01-01','DE',1,'SO1','HT',8),('DE',2,48.12,0,'WWW1087','WWW1087',1,0,'P03','DE',1,'SO1','IT',9),('DE',3,0.25,0,'WWW1103','WWW1103',1,0,'H02','DE',1,'SO1','HT',10),('DE',3,0.5,0,'WWW1109','WWW1109',2,0,'H01','DE',1,'SO1','HT',11),('DE',6,3490,0,'WWW1070','WWW1070',1,0,'VW2','DE',1,'SO1','TE',12),('DE',6,56,0,'WWW1131','WWW1131',1,0,'VW004','DE',1,'SO1','CAR',13),('DE',43,16.2,0,'MON1053','MON1053',3,0,'G01-01','DE',1,'S99','HT',14),('DE',43,586,440,'WWW1184','WWW1184',11,0,'POW03','DE',1,'SO1','POWER',15),('DE',43,61,0,'WWW1184','WWW1184',244,0,'H02','DE',1,'SO1','HT',16),('DE',43,16.2,0,'WWW1080','WWW1080',3,0,'G01-01','DE',1,'SO1','HT',17),('DE',43,56,0,'WWW1184','WWW1184',1,0,'POWER030','DE',1,'S99','POWER',18),('DE',44,707.4,2358,'WWW1064','WWW1064',131,0,'G01-02','DE',1,'SO1','HT',19),('DE',46,99.96,0,'WWW1087','WWW1087',4,0,'G03','DE',1,'SO1','GT',20),('DE',46,189,0,'MWD1197','MWD1197',35,0,'G01-01','',1,'','HT',21),('DE',46,3500,0,'WWW1094','WWW1094',1,105,'PW3502','DE',1,'SO1','POWER',22),('DE',46,37,0,'WWW1131','WWW1131',1,0,'PW3553','DE',1,'S99','TE',23),('DE',46,48.12,0,'WWW1131','WWW1131',1,0,'P03','DE',1,'S99','IT',24),('DE',46,46,0,'TUR1212','TUR1212',2,0,'POW02','',1,'','TE',25),('DE',46,22,0,'TOR1226','TOR1226',11,0,'PW3502','',1,'S66','POWER',26),('DE',46,53,44,'WWW1230','WWW1230',1,0,'POW03','DE',1,'SO1','POWER',27),('DE',46,740,0,'WWW1230','WWW1230',2,0,'PW3553','DE',1,'S99','TE',28),('DE',46,53,44,'WWW1230','WWW1230',1,0,'POW03','DE',1,'S66','POWER',29),('DE',46,212,176,'WWW1230','WWW1230',4,0,'POW03','DE',1,'S99','POWER',30),('DE',46,53,44,'WWW1238','WWW1238',1,0,'POW03','DE',1,'SO1','POWER',31),('DE',46,4440,0,'MON1053','MON1053',12,0,'POW02','DE',1,'S99','TE',32),('DE',46,699,0,'CAN1219','CAN1219',3,0,'POW02','',1,'','TE',33),('DE',46,564,0,'DB 1248','DB 1248',2,0,'POW02','',1,'S1','TE',34),('DE',46,0.85,0,'WWW1230','WWW1230',1,0,'G01','DE',1,'S99','HT',35),('DE',46,56,0,'WWW1230','WWW1230',1,0,'VW004','DE',1,'S99','CAR',36),('DE',46,53,44,'WWW1254','WWW1254',1,0,'POW03','DE',1,'SO1','POWER',37),('DE',46,370,0,'MWD1258','MWD1258',1,0,'PW3553','',1,'S1','TE',38),('DE',46,478,0,'MWD1258','MWD1258',2,0,'PW3553','',1,'S66','TE',39);
/*!40000 ALTER TABLE `salesanalysis` ENABLE KEYS */;
UNLOCK TABLES;

--
-- Table structure for table `salescat`
--

DROP TABLE IF EXISTS `salescat`;
/*!40101 SET @saved_cs_client     = @@character_set_client */;
/*!40101 SET character_set_client = utf8 */;
CREATE TABLE `salescat` (
  `salescatid` tinyint(4) NOT NULL AUTO_INCREMENT,
  `parentcatid` tinyint(4) DEFAULT NULL,
  `salescatname` varchar(30) DEFAULT NULL,
  PRIMARY KEY (`salescatid`)
) ENGINE=InnoDB DEFAULT CHARSET=latin1;
/*!40101 SET character_set_client = @saved_cs_client */;

--
-- Dumping data for table `salescat`
--

LOCK TABLES `salescat` WRITE;
/*!40000 ALTER TABLE `salescat` DISABLE KEYS */;
/*!40000 ALTER TABLE `salescat` ENABLE KEYS */;
UNLOCK TABLES;

--
-- Table structure for table `salescatprod`
--

DROP TABLE IF EXISTS `salescatprod`;
/*!40101 SET @saved_cs_client     = @@character_set_client */;
/*!40101 SET character_set_client = utf8 */;
CREATE TABLE `salescatprod` (
  `salescatid` tinyint(4) NOT NULL DEFAULT '0',
  `stockid` varchar(20) NOT NULL DEFAULT '',
  PRIMARY KEY (`salescatid`,`stockid`),
  KEY `salescatid` (`salescatid`),
  KEY `stockid` (`stockid`)
) ENGINE=InnoDB DEFAULT CHARSET=latin1;
/*!40101 SET character_set_client = @saved_cs_client */;

--
-- Dumping data for table `salescatprod`
--

LOCK TABLES `salescatprod` WRITE;
/*!40000 ALTER TABLE `salescatprod` DISABLE KEYS */;
/*!40000 ALTER TABLE `salescatprod` ENABLE KEYS */;
UNLOCK TABLES;

--
-- Table structure for table `salesglpostings`
--

DROP TABLE IF EXISTS `salesglpostings`;
/*!40101 SET @saved_cs_client     = @@character_set_client */;
/*!40101 SET character_set_client = utf8 */;
CREATE TABLE `salesglpostings` (
  `id` int(11) NOT NULL AUTO_INCREMENT,
  `area` char(2) NOT NULL DEFAULT '',
  `stkcat` varchar(6) NOT NULL DEFAULT '',
  `discountglcode` int(11) NOT NULL DEFAULT '0',
  `salesglcode` int(11) NOT NULL DEFAULT '0',
  `salestype` char(2) NOT NULL DEFAULT 'AN',
  PRIMARY KEY (`id`),
  UNIQUE KEY `Area_StkCat` (`area`,`stkcat`,`salestype`),
  KEY `Area` (`area`),
  KEY `StkCat` (`stkcat`),
  KEY `SalesType` (`salestype`)
) ENGINE=InnoDB AUTO_INCREMENT=12 DEFAULT CHARSET=latin1;
/*!40101 SET character_set_client = @saved_cs_client */;

--
-- Dumping data for table `salesglpostings`
--

LOCK TABLES `salesglpostings` WRITE;
/*!40000 ALTER TABLE `salesglpostings` DISABLE KEYS */;
INSERT INTO `salesglpostings` VALUES (1,'AN','ANY',4635,4550,'AN'),(2,'DB','ANY',4605,4200,'AN'),(3,'DI','ANY',4625,4400,'AN'),(4,'FS','ANY',4615,4300,'AN'),(5,'FU','ANY',4635,4500,'AN'),(6,'GI','ANY',4635,4450,'AN'),(7,'IN','ANY',4620,4350,'AN'),(8,'MS','ANY',4635,4250,'AN'),(9,'PL','ANY',4635,4100,'AN'),(10,'RE','ANY',4635,4550,'AN'),(11,'IN','ANY',4620,4350,'I2');
/*!40000 ALTER TABLE `salesglpostings` ENABLE KEYS */;
UNLOCK TABLES;

--
-- Table structure for table `salesman`
--

DROP TABLE IF EXISTS `salesman`;
/*!40101 SET @saved_cs_client     = @@character_set_client */;
/*!40101 SET character_set_client = utf8 */;
CREATE TABLE `salesman` (
  `salesmancode` char(11) NOT NULL DEFAULT '',
  `salesmanname` varchar(30) NOT NULL DEFAULT '',
  `smantel` varchar(20) NOT NULL DEFAULT '',
  `smanfax` varchar(20) NOT NULL DEFAULT '',
  `commissionrate1` double NOT NULL DEFAULT '0',
  `breakpoint` decimal(10,0) NOT NULL DEFAULT '0',
  `commissionrate2` double NOT NULL DEFAULT '0',
  `userid` int(11) NOT NULL DEFAULT '0',
  PRIMARY KEY (`salesmancode`)
) ENGINE=InnoDB DEFAULT CHARSET=latin1;
/*!40101 SET character_set_client = @saved_cs_client */;

--
-- Dumping data for table `salesman`
--

LOCK TABLES `salesman` WRITE;
/*!40000 ALTER TABLE `salesman` DISABLE KEYS */;
INSERT INTO `salesman` VALUES ('','smith ,jackie','','',0,0,0,661),('S01','general sales','','',0,0,0,16),('S1','Administrator ,','','',0,0,0,1),('S662','larkin ,andy','','',0,0,0,662),('S99','Admin','','',0,0,0,1);
/*!40000 ALTER TABLE `salesman` ENABLE KEYS */;
UNLOCK TABLES;

--
-- Table structure for table `salesmanactivityrel`
--

DROP TABLE IF EXISTS `salesmanactivityrel`;
/*!40101 SET @saved_cs_client     = @@character_set_client */;
/*!40101 SET character_set_client = utf8 */;
CREATE TABLE `salesmanactivityrel` (
  `smid` int(19) NOT NULL DEFAULT '0',
  `activityid` int(19) NOT NULL DEFAULT '0',
  PRIMARY KEY (`smid`,`activityid`),
  KEY `SalesmanActivityRel_IDX0` (`activityid`),
  KEY `SalesmanActivityRel_IDX1` (`smid`),
  CONSTRAINT `fk_SalesmanActivityRel` FOREIGN KEY (`smid`) REFERENCES `users` (`id`) ON DELETE CASCADE,
  CONSTRAINT `fk_SalesmanActivityRel2` FOREIGN KEY (`activityid`) REFERENCES `activity` (`activityid`) ON DELETE CASCADE
) ENGINE=InnoDB DEFAULT CHARSET=latin1;
/*!40101 SET character_set_client = @saved_cs_client */;

--
-- Dumping data for table `salesmanactivityrel`
--

LOCK TABLES `salesmanactivityrel` WRITE;
/*!40000 ALTER TABLE `salesmanactivityrel` DISABLE KEYS */;
INSERT INTO `salesmanactivityrel` VALUES (662,1269);
/*!40000 ALTER TABLE `salesmanactivityrel` ENABLE KEYS */;
UNLOCK TABLES;

--
-- Table structure for table `salesmanticketrel`
--

DROP TABLE IF EXISTS `salesmanticketrel`;
/*!40101 SET @saved_cs_client     = @@character_set_client */;
/*!40101 SET character_set_client = utf8 */;
CREATE TABLE `salesmanticketrel` (
  `smid` int(19) NOT NULL DEFAULT '0',
  `id` int(19) NOT NULL DEFAULT '0',
  PRIMARY KEY (`smid`,`id`),
  KEY `SalesmanTicketRel_IDX1` (`smid`),
  KEY `SalesmanTicketRel_IDX0` (`id`),
  CONSTRAINT `fk_SalesmanTicketRel` FOREIGN KEY (`smid`) REFERENCES `users` (`id`) ON DELETE CASCADE,
  CONSTRAINT `fk_SalesmanTicketRel2` FOREIGN KEY (`id`) REFERENCES `troubletickets` (`ticketid`) ON DELETE CASCADE
) ENGINE=InnoDB DEFAULT CHARSET=latin1;
/*!40101 SET character_set_client = @saved_cs_client */;

--
-- Dumping data for table `salesmanticketrel`
--

LOCK TABLES `salesmanticketrel` WRITE;
/*!40000 ALTER TABLE `salesmanticketrel` DISABLE KEYS */;
/*!40000 ALTER TABLE `salesmanticketrel` ENABLE KEYS */;
UNLOCK TABLES;

--
-- Table structure for table `salesorder`
--

DROP TABLE IF EXISTS `salesorder`;
/*!40101 SET @saved_cs_client     = @@character_set_client */;
/*!40101 SET character_set_client = utf8 */;
CREATE TABLE `salesorder` (
  `salesorderid` int(19) NOT NULL DEFAULT '0',
  `subject` varchar(100) DEFAULT NULL,
  `potentialid` int(19) DEFAULT NULL,
  `customerno` varchar(100) DEFAULT NULL,
  `quoteid` int(19) DEFAULT NULL,
  `vendorterms` varchar(100) DEFAULT NULL,
  `contactid` int(19) DEFAULT NULL,
  `vendorid` int(19) DEFAULT NULL,
  `duedate` date DEFAULT NULL,
  `carrier` varchar(100) DEFAULT NULL,
  `pending` varchar(200) DEFAULT NULL,
  `type` varchar(100) DEFAULT NULL,
  `salestax` decimal(11,3) DEFAULT NULL,
  `adjustment` decimal(11,3) DEFAULT NULL,
  `salescommission` decimal(11,3) DEFAULT NULL,
  `exciseduty` decimal(11,3) DEFAULT NULL,
  `total` decimal(11,3) DEFAULT NULL,
  `subtotal` decimal(11,3) DEFAULT NULL,
  `accountid` int(19) DEFAULT NULL,
  `terms_conditions` longtext,
  `purchaseorder` varchar(200) DEFAULT NULL,
  `sostatus` varchar(200) DEFAULT NULL,
  PRIMARY KEY (`salesorderid`),
  KEY `fk_SO2` (`vendorid`),
  KEY `fk_SO3` (`contactid`)
) ENGINE=InnoDB DEFAULT CHARSET=latin1;
/*!40101 SET character_set_client = @saved_cs_client */;

--
-- Dumping data for table `salesorder`
--

LOCK TABLES `salesorder` WRITE;
/*!40000 ALTER TABLE `salesorder` DISABLE KEYS */;
/*!40000 ALTER TABLE `salesorder` ENABLE KEYS */;
UNLOCK TABLES;

--
-- Table structure for table `salesordercf`
--

DROP TABLE IF EXISTS `salesordercf`;
/*!40101 SET @saved_cs_client     = @@character_set_client */;
/*!40101 SET character_set_client = utf8 */;
CREATE TABLE `salesordercf` (
  `salesorderid` int(19) NOT NULL DEFAULT '0',
  `cf_403` char(3) DEFAULT NULL,
  PRIMARY KEY (`salesorderid`),
  CONSTRAINT `fk_SoCF` FOREIGN KEY (`salesorderid`) REFERENCES `salesorders` (`salesorderid`) ON DELETE CASCADE
) ENGINE=InnoDB DEFAULT CHARSET=latin1;
/*!40101 SET character_set_client = @saved_cs_client */;

--
-- Dumping data for table `salesordercf`
--

LOCK TABLES `salesordercf` WRITE;
/*!40000 ALTER TABLE `salesordercf` DISABLE KEYS */;
INSERT INTO `salesordercf` VALUES (1066,NULL),(1067,NULL),(1072,NULL),(1078,NULL),(1079,NULL),(1082,NULL),(1083,NULL),(1086,NULL),(1089,NULL),(1090,NULL),(1091,NULL),(1092,NULL),(1093,NULL),(1096,NULL),(1097,NULL),(1098,NULL),(1099,NULL),(1100,NULL),(1101,NULL),(1102,NULL),(1105,NULL),(1107,NULL),(1108,NULL),(1111,NULL),(1116,NULL),(1120,NULL),(1123,NULL),(1124,NULL),(1130,NULL),(1133,NULL),(1157,NULL),(1158,NULL),(1177,NULL),(1178,NULL),(1186,NULL),(1187,NULL),(1189,NULL),(1190,NULL),(1191,NULL),(1192,NULL),(1194,NULL),(1200,NULL),(1202,NULL),(1203,NULL),(1206,NULL),(1207,NULL),(1208,NULL),(1209,NULL),(1215,NULL),(1229,NULL),(1232,NULL),(1233,NULL),(1234,NULL),(1235,NULL),(1236,NULL),(1237,NULL),(1240,NULL),(1241,NULL),(1242,NULL),(1244,NULL),(1245,NULL),(1250,NULL),(1251,NULL),(1252,NULL),(1253,NULL),(1256,NULL),(1261,NULL),(1262,NULL);
/*!40000 ALTER TABLE `salesordercf` ENABLE KEYS */;
UNLOCK TABLES;

--
-- Table structure for table `salesorderdetails`
--

DROP TABLE IF EXISTS `salesorderdetails`;
/*!40101 SET @saved_cs_client     = @@character_set_client */;
/*!40101 SET character_set_client = utf8 */;
CREATE TABLE `salesorderdetails` (
  `orderlineno` int(11) NOT NULL DEFAULT '0',
  `orderno` int(11) NOT NULL DEFAULT '0',
  `stkcode` varchar(20) NOT NULL DEFAULT '',
  `qtyinvoiced` double NOT NULL DEFAULT '0',
  `unitprice` double NOT NULL DEFAULT '0',
  `quantity` double NOT NULL DEFAULT '0',
  `estimate` tinyint(4) NOT NULL DEFAULT '0',
  `discountpercent` double NOT NULL DEFAULT '0',
  `actualdispatchdate` datetime NOT NULL DEFAULT '0000-00-00 00:00:00',
  `completed` tinyint(1) NOT NULL DEFAULT '0',
  `narrative` text NOT NULL,
  `salesorderid` int(19) NOT NULL DEFAULT '0',
  `productid` int(19) NOT NULL DEFAULT '0',
  PRIMARY KEY (`orderlineno`,`orderno`),
  KEY `OrderNo` (`orderno`),
  KEY `StkCode` (`stkcode`),
  KEY `Completed` (`completed`)
) ENGINE=InnoDB DEFAULT CHARSET=latin1;
/*!40101 SET character_set_client = @saved_cs_client */;

--
-- Dumping data for table `salesorderdetails`
--

LOCK TABLES `salesorderdetails` WRITE;
/*!40000 ALTER TABLE `salesorderdetails` DISABLE KEYS */;
INSERT INTO `salesorderdetails` VALUES (0,3,'H02',0,1,5,0,0,'0000-00-00 00:00:00',0,'',1066,1032),(0,4,'P01',0,149.99,1,0,0,'0000-00-00 00:00:00',0,'Chain Saw',1067,1029),(0,5,'H02',2,1,1,0,0,'2007-04-17 00:00:00',1,'Hammer',1072,1032),(0,6,'H02',0,1,1,0,0,'0000-00-00 00:00:00',0,'Hammer',1078,1032),(0,7,'G01-01',0,4.99,1,0,0,'0000-00-00 00:00:00',0,'',1079,1037),(0,8,'P02',0,220.9,1,0,0,'0000-00-00 00:00:00',0,'',1082,1030),(0,9,'H02',247,1,1,0,0,'2007-04-17 00:00:00',1,'Hammer',1083,1032),(0,10,'G01-01',23,4.99,1,0,0,'2007-04-17 00:00:00',1,'',1086,1037),(0,11,'G01-02',250,4.99,1,0,0,'2007-04-17 00:00:00',1,'Hand Shovel',1089,1038),(0,12,'H01',0,23.142424942263,1,0,0,'0000-00-00 00:00:00',0,'',1090,1040),(0,13,'P04',1,73.142424942263,1,0,0,'2007-04-17 00:00:00',1,'Power Sander',1091,1041),(0,14,'P03',1,48.12,1,0,0,'2007-04-17 00:00:00',1,'Drill',1092,1031),(0,15,'P01',0,0.25,1,0,0,'0000-00-00 00:00:00',0,'Chain Saw',1096,1029),(0,16,'P01',0,0.25,1,0,0,'0000-00-00 00:00:00',0,'Chain Saw',1097,1029),(0,17,'P01',0,0.25,1,0,0,'0000-00-00 00:00:00',0,'Chain Saw',1098,1029),(0,18,'P01',0,0.25,1,0,0,'0000-00-00 00:00:00',0,'Chain Saw',1099,1029),(0,19,'P01',0,0.25,1,0,0,'0000-00-00 00:00:00',0,'Chain Saw',1100,1029),(0,20,'P01',0,0.25,1,0,0,'0000-00-00 00:00:00',0,'Chain Saw',1101,1029),(0,21,'P01',0,0.25,1,0,0,'0000-00-00 00:00:00',0,'Chain Saw',1102,1029),(0,22,'H02',0,1,1,0,0,'0000-00-00 00:00:00',0,'Hammer',1105,1032),(0,23,'H01',0,0.25,1,0,0,'0000-00-00 00:00:00',0,'Lapel Pin',1107,1040),(0,24,'H02',1,0.25,1,0,0,'2007-05-08 00:00:00',1,'Mug',1108,1032),(0,25,'H01',2,0.25,2,0,0,'2007-05-15 00:00:00',1,'Lapel Pin',1111,1040),(0,26,'H01',0,0.25,1,0,0,'0000-00-00 00:00:00',0,'Lapel Pin',1120,1040),(0,27,'H01',0,0.25,1,0,0,'0000-00-00 00:00:00',0,'Lapel Pin',1123,1040),(0,28,'H02',0,0.25,1,0,0,'0000-00-00 00:00:00',0,'Mug',1124,1032),(0,29,'H01',0,0.25,1,0,0,'0000-00-00 00:00:00',0,'Lapel Pin',1130,1040),(0,30,'H02',0,0.25,1,0,0,'0000-00-00 00:00:00',0,'',1133,1032),(0,31,'VW004',1,56,1,0,0,'2007-08-20 00:00:00',1,'RAbIT',1158,1156),(0,32,'POW03',1,56,1,0,0,'2010-09-30 00:00:00',1,'power inverter 250 volts',1186,1183),(0,33,'H02',244,0.25,1,0,0,'2010-09-30 00:00:00',1,'Mug',1187,1032),(0,34,'PW3502',0,56,1,0,0,'0000-00-00 00:00:00',0,'power Invertors',1192,1180),(0,35,'POWER030',1,56,1,0,0,'2010-09-30 00:00:00',1,'',1194,1193),(0,36,'H01',0,0.25,1,0,0,'0000-00-00 00:00:00',0,'Lapel Pin',1232,1040),(0,37,'POW03',1,53,1,0,0,'2010-12-13 00:00:00',1,'power inverter 250 volts',1233,1183),(0,38,'POW03',1,53,1,0,0,'2010-12-13 00:00:00',1,'power inverter 250 volts',1234,1183),(0,39,'POW03',1,53,1,0,0,'2010-12-13 00:00:00',1,'power inverter 250 volts',1236,1183),(0,40,'POW03',1,53,1,0,0,'2010-12-13 00:00:00',1,'power inverter 250 volts',1237,1183),(0,41,'POW03',1,53,1,0,0,'2010-12-13 00:00:00',1,'power inverter 250 volts',1240,1183),(0,42,'POW03',2,53,2,0,0,'2010-12-13 00:00:00',1,'power inverter 250 volts',1245,1183),(0,43,'G01',0,0.85,1,0,0,'0000-00-00 00:00:00',0,'',1251,1106),(0,44,'G01',1,0.85,1,0,0,'2010-12-13 00:00:00',1,'Tie',1252,1106),(0,45,'VW004',1,56,1,0,0,'2010-12-13 00:00:00',1,'RAbIT',1253,1156),(0,46,'POW03',1,53,1,0,0,'2010-12-13 00:00:00',1,'power inverter 250 volts',1256,1183),(0,1001,'L02',0,49.99,1,0,0,'0000-00-00 00:00:00',0,'',1093,1034),(0,1002,'H02',0,1,1,0,0,'0000-00-00 00:00:00',0,'',1116,1032),(0,1003,'VW2',1,3490,1,0,0,'2007-08-20 00:00:00',1,'',1157,1155),(0,1004,'G01-02',0,5.4,8,0,0,'0000-00-00 00:00:00',0,'',1177,1038),(0,1005,'G01-01',3,5.4,3,0,0,'2010-09-30 00:00:00',1,'',1178,1037),(0,1006,'POW03',1,53,1,0,0,'2010-09-30 00:00:00',1,'',1188,1183),(0,1007,'POW03',3,53,3,0,0,'2010-09-30 00:00:00',1,'',1189,1183),(0,1008,'POW03',6,53,6,0,0,'2010-09-30 00:00:00',1,'',1190,1183),(0,1009,'G01-01',3,5.4,3,0,0,'2010-09-30 00:00:00',1,'',1191,1037),(0,1010,'G01-01',0,5.4,2,0,0,'0000-00-00 00:00:00',0,'',1200,1037),(0,1011,'G01-01',0,5.4,1,0,0,'0000-00-00 00:00:00',0,'',1202,1037),(0,1012,'G01-01',35,5.4,1,0,0,'2010-12-08 00:00:00',1,'',1203,1037),(0,1013,'G01-02',131,5.4,4,0,0,'2010-10-04 00:00:00',1,'',1206,1038),(0,1014,'G03',4,24.99,4,0,0,'2010-12-08 00:00:00',1,'',1207,1042),(0,1015,'PW3502',1,3500,1,0,0.03,'2010-12-08 00:00:00',1,'',1208,1180),(0,1016,'PW3553',1,37,1,0,0,'2010-12-08 00:00:00',1,'',1209,1182),(0,1017,'POW02',2,23,2,0,0,'2010-12-08 00:00:00',1,'',1215,1181),(0,1018,'PW3502',11,2,11,0,0,'2010-12-09 00:00:00',1,'',1229,1180),(0,1019,'PW3553',2,370,2,0,0,'2010-12-13 00:00:00',1,'',1235,1182),(0,1020,'POW02',0,250,1,0,0,'0000-00-00 00:00:00',0,'',1241,1181),(0,1021,'POW02',12,370,12,0,0,'2010-12-13 00:00:00',1,'',1242,1181),(0,1022,'POW02',3,233,3,0,0,'2010-12-13 00:00:00',1,'',1244,1181),(0,1023,'POW02',2,282,2,0,0,'2010-12-13 00:00:00',1,'',1250,1181),(0,1024,'PW3553',1,370,1,0,0,'2010-12-29 00:00:00',1,'',1261,1182),(0,1025,'PW3553',2,239,2,0,0,'2010-12-29 00:00:00',1,'',1262,1182),(1,3,'P01',0,149.99,2,0,0,'0000-00-00 00:00:00',0,'',1066,1029),(1,4,'P02',0,177.52,1,0,0,'0000-00-00 00:00:00',0,'Circular Saw',1067,1030),(1,5,'H01',3,23.142424942263,1,0,0,'2007-04-17 00:00:00',1,'Nice Saw',1072,1040),(1,11,'H02',1,1,1,0,0,'2007-04-17 00:00:00',1,'Hammer',1089,1032),(1,43,'G03',0,1.99,1,0,0,'0000-00-00 00:00:00',0,'',1251,1042),(1,1016,'P03',1,48.12,1,0,0,'2010-12-08 00:00:00',1,'',1209,1031),(2,11,'P02',0,177.52,1,0,0,'0000-00-00 00:00:00',0,'Circular Saw',1089,1030);
/*!40000 ALTER TABLE `salesorderdetails` ENABLE KEYS */;
UNLOCK TABLES;

--
-- Table structure for table `salesorders`
--

DROP TABLE IF EXISTS `salesorders`;
/*!40101 SET @saved_cs_client     = @@character_set_client */;
/*!40101 SET character_set_client = utf8 */;
CREATE TABLE `salesorders` (
  `orderno` int(11) NOT NULL DEFAULT '0',
  `debtorno` varchar(10) NOT NULL DEFAULT '',
  `branchcode` varchar(10) NOT NULL DEFAULT '',
  `customerref` varchar(50) NOT NULL DEFAULT '',
  `buyername` varchar(50) DEFAULT NULL,
  `comments` longtext,
  `orddate` date NOT NULL DEFAULT '0000-00-00',
  `ordertype` char(2) NOT NULL DEFAULT '',
  `shipvia` int(11) NOT NULL DEFAULT '0',
  `deladd1` varchar(40) NOT NULL DEFAULT '',
  `deladd2` varchar(40) NOT NULL DEFAULT '',
  `deladd3` varchar(40) NOT NULL DEFAULT '',
  `deladd4` varchar(40) DEFAULT NULL,
  `deladd5` varchar(20) NOT NULL DEFAULT '',
  `deladd6` varchar(15) NOT NULL DEFAULT '',
  `contactphone` varchar(25) DEFAULT NULL,
  `contactemail` varchar(25) DEFAULT NULL,
  `deliverto` varchar(40) NOT NULL DEFAULT '',
  `deliverblind` tinyint(1) DEFAULT '1',
  `freightcost` decimal(11,2) NOT NULL DEFAULT '0.00',
  `fromstkloc` varchar(5) NOT NULL DEFAULT '',
  `deliverydate` date NOT NULL DEFAULT '0000-00-00',
  `printedpackingslip` tinyint(4) NOT NULL DEFAULT '0',
  `datepackingslipprinted` date NOT NULL DEFAULT '0000-00-00',
  `quotation` tinyint(4) NOT NULL DEFAULT '0',
  `salesorderid` int(19) NOT NULL DEFAULT '0',
  `potentialid` int(11) NOT NULL DEFAULT '0',
  `quoteid` int(11) NOT NULL DEFAULT '0',
  `contactid` int(11) NOT NULL DEFAULT '0',
  `salescommission` decimal(11,3) DEFAULT NULL,
  `accountid` int(11) NOT NULL DEFAULT '0',
  `sostatus` varchar(200) DEFAULT NULL,
  `subject` varchar(100) DEFAULT NULL,
  `pending` varchar(200) DEFAULT NULL,
  `duedate` date DEFAULT NULL,
  `total` decimal(11,2) DEFAULT NULL,
  `subtotal` decimal(11,2) DEFAULT NULL,
  `salestax` decimal(11,2) DEFAULT NULL,
  `discounttotal` decimal(10,2) NOT NULL DEFAULT '0.00',
  `freighttax` decimal(10,2) NOT NULL DEFAULT '0.00',
  PRIMARY KEY (`orderno`),
  KEY `DebtorNo` (`debtorno`),
  KEY `OrdDate` (`orddate`),
  KEY `OrderType` (`ordertype`),
  KEY `LocationIndex` (`fromstkloc`),
  KEY `BranchCode` (`branchcode`,`debtorno`),
  KEY `ShipVia` (`shipvia`),
  KEY `quotation` (`quotation`),
  KEY `salesorderid` (`salesorderid`),
  KEY `fk_SO3` (`accountid`),
  CONSTRAINT `fk_SO1` FOREIGN KEY (`salesorderid`) REFERENCES `crmentity` (`crmid`) ON DELETE CASCADE,
  CONSTRAINT `fk_SO3` FOREIGN KEY (`accountid`) REFERENCES `custbranch` (`accountid`) ON DELETE CASCADE
) ENGINE=InnoDB DEFAULT CHARSET=latin1;
/*!40101 SET character_set_client = @saved_cs_client */;

--
-- Dumping data for table `salesorders`
--

LOCK TABLES `salesorders` WRITE;
/*!40000 ALTER TABLE `salesorders` DISABLE KEYS */;
INSERT INTO `salesorders` VALUES (3,'WWW1064','WWW1064','WWW1066',NULL,'Deliver to back door.','2007-03-27','DE',1,'285 Churchill Ave. N.','','Ottawa','ON','K1Z 5B7','CAN','613-761-1489','gareth@agora-group.com','Gareth Spanglett',1,26.40,'TOR','2007-03-27',1,'0000-00-00',0,1066,0,0,0,NULL,1064,'Created','WWW1066',NULL,'2007-03-27',330.29,304.98,25.31,0.00,2.18),(4,'WWW1064','WWW1064','WEB',NULL,'','2007-03-27','DE',1,'285 Churchill Ave. N.','','Ottawa','ON','K1Z 5B7','CAN','613-761-1489','gareth@agora-group.com','Gareth Spanglett',1,45.00,'TOR','2007-03-27',0,'0000-00-00',0,1067,0,0,0,NULL,1064,'Created','WWW1067',NULL,'2007-03-27',401.53,327.51,27.17,-2.00,0.00),(5,'WWW1070','WWW1070','WEB',NULL,' Inv 1001','2007-03-28','DE',1,'3  Ridgeburngate','','Ottawa','AB','Ontaio','CAN','613-830-0220','jmoncrieff@mahsie.org','Jeffrey Moncrieff',1,45.00,'TOR','2007-03-28',0,'0000-00-00',0,1072,0,0,0,NULL,1070,'Partial Delivery','WWW1072',NULL,'2007-03-28',73.13,24.14,2.14,-2.00,0.00),(6,'WWW1068','WWW1068','WEB',NULL,'','2007-04-02','DE',1,'3 Ridgeburn Gate','','Ottawa','AB','k1b4c1','CAN','613-830-0220','jeff@mahsie.com','Jeffrey Moncrieff',1,37.00,'TOR','2007-04-02',1,'2007-04-16',0,1078,0,0,0,NULL,1068,'Created','WWW1078',NULL,'2007-04-02',38.08,1.00,0.08,0.00,0.00),(7,'WWW1068','WWW1068','WWW1079',NULL,'','2007-04-02','DE',1,'3 Ridgeburn Gate','','Ottawa','AB','k1b4c1','CAN','613-830-0220','jeff@mahsie.com','Jeffrey Moncrieff',1,12.00,'TOR','2007-04-02',0,'0000-00-00',0,1079,0,0,0,NULL,1068,'Created','WWW1079',NULL,'2007-04-02',4.99,4.99,0.00,0.00,0.99),(8,'WWW1080','WWW1080','WWW1082',NULL,' Inv 1005','2007-04-16','DE',1,'285 Churchill AVe.','','Ottawa','ON','K1Z 5B7','CAN','613-761-1489','gspanglett@rogers.com','Agora Communications Group',1,12.00,'TOR','2007-04-16',0,'0000-00-00',0,1082,0,0,0,0.000,1080,'Partial Delivery','WWW1082','','2007-04-02',247.14,220.90,13.25,0.00,0.99),(9,'WWW1064','WWW1064','WEB',NULL,' Inv 1004','2007-04-16','DE',1,'285 Churchill Ave. N.','','Ottawa','ON','K1Z 5B7','CAN','613-761-1489','gareth@agora-group.com','Gareth Spanglett',1,37.00,'TOR','2007-04-16',0,'0000-00-00',0,1083,0,0,0,NULL,1064,'Partial Delivery','WWW1083',NULL,'2007-04-16',40.08,1.00,0.23,-2.00,0.00),(10,'WWW1084','WWW1084','WEB',NULL,' Inv 1006','2007-04-16','DE',1,'1234 Main Street','','Ottawa','ON','K1Z 1Z1','CAN','613-555-5555','quixote1024@yahoo.ca','John Doe',1,12.00,'TOR','2007-04-16',0,'0000-00-00',0,1086,0,0,0,NULL,1084,'Partial Delivery','WWW1086',NULL,'2007-04-16',19.98,4.99,0.00,-2.00,0.99),(11,'WWW1087','WWW1087','WEB',NULL,' Inv 1002','2007-04-16','DE',1,'3 ridgeburn Gate','','Ottawa','AB','k1b4c1','CAN','830-0220','jmoncrieff@mahsie.com','Jeffrey Moncrieff',1,45.00,'TOR','2007-04-16',0,'0000-00-00',0,1089,0,0,0,NULL,1087,'Partial Delivery','WWW1089',NULL,'2007-04-16',245.24,183.51,14.88,-2.00,0.00),(12,'WWW1087','WWW1087','WWW1090',NULL,'','2007-04-16','DE',1,'3 ridgeburn Gate','','Ottawa','AB','k1b4c1','CAN','830-0220','jmoncrieff@mahsie.com','Jeffrey Moncrieff',1,37.00,'TOR','2007-04-16',1,'2007-04-16',0,1090,0,0,0,NULL,1087,'Created','WWW1090',NULL,'2007-04-16',25.20,23.14,2.06,0.00,0.00),(13,'WWW1087','WWW1087','WEB',NULL,' Inv 1003','2007-04-16','DE',1,'3 ridgeburn Gate','','Ottawa','AB','k1b4c1','CAN','830-0220','jmoncrieff@mahsie.com','Jeffrey Moncrieff',1,37.00,'TOR','2007-04-16',0,'0000-00-00',0,1091,0,0,0,NULL,1087,'Partial Delivery','WWW1091',NULL,'2007-04-16',118.18,73.15,6.18,-2.00,0.00),(14,'WWW1087','WWW1087','WEB',NULL,' Inv 1007','2007-04-16','DE',1,'3 ridgeburn Gate','','Ottawa','AB','k1b4c1','CAN','830-0220','jmoncrieff@mahsie.com','Jeffrey Moncrieff',1,37.00,'TOR','2007-04-16',0,'0000-00-00',0,1092,0,0,0,NULL,1087,'Partial Delivery','WWW1092',NULL,'2007-04-16',91.09,48.12,4.12,-2.00,0.00),(15,'WWW1094','WWW1094','WEB',NULL,'','2007-04-23','DE',1,'285 Churchill Ave. N.','','Ottawa','ON','K1Z 5B7','CAN','613-761-1489','gareth@agora-group.com','Gareth Spanglett',1,0.15,'TOR','2007-04-23',0,'0000-00-00',0,1096,0,0,0,NULL,1094,'Created','WWW1096',NULL,'2007-04-23',0.42,0.25,0.02,0.00,0.00),(16,'WWW1094','WWW1094','WEB',NULL,'','2007-04-23','DE',1,'285 Churchill Ave. N.','','Ottawa','ON','K1Z 5B7','CAN','613-761-1489','gareth@agora-group.com','Gareth Spanglett',1,0.15,'TOR','2007-04-23',0,'0000-00-00',0,1097,0,0,0,NULL,1094,'Created','WWW1097',NULL,'2007-04-23',0.42,0.25,0.02,0.00,0.00),(17,'WWW1094','WWW1094','WEB',NULL,'','2007-04-23','DE',1,'285 Churchill Ave. N.','','Ottawa','ON','K1Z 5B7','CAN','613-761-1489','gareth@agora-group.com','Gareth Spanglett',1,0.15,'TOR','2007-04-23',0,'0000-00-00',0,1098,0,0,0,NULL,1094,'Created','WWW1098',NULL,'2007-04-23',0.42,0.25,0.02,0.00,0.00),(18,'WWW1094','WWW1094','WEB',NULL,'','2007-04-23','DE',1,'285 Churchill Ave. N.','','Ottawa','ON','K1Z 5B7','CAN','613-761-1489','gareth@agora-group.com','Gareth Spanglett',1,0.15,'TOR','2007-04-23',0,'0000-00-00',0,1099,0,0,0,NULL,1094,'Created','WWW1099',NULL,'2007-04-23',0.42,0.25,0.02,0.00,0.00),(19,'WWW1094','WWW1094','WEB',NULL,'','2007-04-23','DE',1,'285 Churchill Ave. N.','','Ottawa','ON','K1Z 5B7','CAN','613-761-1489','gareth@agora-group.com','Gareth Spanglett',1,0.15,'TOR','2007-04-23',0,'0000-00-00',0,1100,0,0,0,NULL,1094,'Created','WWW1100',NULL,'2007-04-23',0.42,0.25,0.02,0.00,0.00),(20,'WWW1094','WWW1094','WEB',NULL,'','2007-04-23','DE',1,'285 Churchill Ave. N.','','Ottawa','ON','K1Z 5B7','CAN','613-761-1489','gareth@agora-group.com','Gareth Spanglett',1,0.15,'TOR','2007-04-23',0,'0000-00-00',0,1101,0,0,0,NULL,1094,'Created','WWW1101',NULL,'2007-04-23',0.42,0.25,0.02,0.00,0.00),(21,'WWW1094','WWW1094','WEB',NULL,'','2007-04-23','DE',1,'285 Churchill Ave. N.','','Ottawa','ON','K1Z 5B7','CAN','613-761-1489','gareth@agora-group.com','Gareth Spanglett',1,0.15,'TOR','2007-04-23',0,'0000-00-00',0,1102,0,0,0,NULL,1094,'Created','WWW1102',NULL,'2007-04-23',0.42,0.25,0.02,0.00,0.00),(22,'WWW1103','WWW1103','WEB',NULL,'','2007-05-08','DE',1,'1234 Main','','Ottawa','ON','K1Z 5B7','CAN','613-555-1212','gareth@mahsie.com','Gareth Spanglett',1,12.00,'TOR','2007-05-08',0,'0000-00-00',0,1105,0,0,0,NULL,1103,'Created','WWW1105',NULL,'2007-05-08',14.07,1.00,0.08,0.00,0.99),(23,'WWW1103','WWW1103','WEB',NULL,'','2007-05-08','DE',1,'1234 Main','','Ottawa','ON','K1Z 5B7','CAN','613-555-1212','gareth@mahsie.com','Gareth Spanglett',1,0.25,'TOR','2007-05-08',0,'0000-00-00',0,1107,0,0,0,NULL,1103,'Created','WWW1107',NULL,'2007-05-08',2.54,0.25,0.17,-2.00,0.02),(24,'WWW1103','WWW1103','WEB',NULL,' Inv 1008','2007-05-08','DE',1,'1234 Main','','Ottawa','ON','K1Z 5B7','CAN','613-555-1212','gareth@mahsie.com','Gareth Spanglett',1,0.25,'TOR','2007-05-08',0,'0000-00-00',0,1108,0,0,0,NULL,1103,'Partial Delivery','WWW1108',NULL,'2007-05-08',0.54,0.25,0.02,0.00,0.02),(25,'WWW1109','WWW1109','WEB',NULL,'Thanks for the great pins. Inv 1009','2007-05-15','DE',1,'1234 Main Street','','Ottawa','ON','K1A 1A1','CAN','613-555-1212','mikepowers40@yahoo.ca','Klaus Vachon',1,0.25,'TOR','2007-05-15',1,'2007-05-15',0,1111,0,0,0,NULL,1109,'Partial Delivery','WWW1111',NULL,'2007-05-15',0.81,0.50,0.04,0.00,0.02),(26,'WWW1118','WWW1118','WEB',NULL,'','2007-06-18','DE',1,'3 ridgeBurn gate','','Ottawa','AB','ontario','CAN','613-830-0220','jeffrey.moncrieff@mahsie.','Jeffrey Moncrieff',1,28.00,'TOR','2007-06-18',0,'0000-00-00',0,1120,0,0,0,NULL,1118,'Created','WWW1120',NULL,'2007-06-18',28.27,0.25,0.02,0.00,0.00),(27,'WWW1121','WWW1121','WEB',NULL,'','2007-06-19','DE',1,'1234 Main','','Ottawa','ON','K1A1A1','CAN','613-761-1489','prsidoro@mavericsolutions','Gareth Spanglett',1,28.00,'TOR','2007-06-19',0,'0000-00-00',0,1123,0,0,0,NULL,1121,'Created','WWW1123',NULL,'2007-06-19',28.27,0.25,0.02,0.00,0.00),(28,'WWW1121','WWW1121','WEB',NULL,'','2007-06-25','DE',1,'1234 Main','','Ottawa','ON','K1A1A1','CAN','613-761-1489','prsidoro@mavericsolutions','Gareth Spanglett',1,0.25,'TOR','2007-06-25',0,'0000-00-00',0,1124,0,0,0,NULL,1121,'Created','WWW1124',NULL,'2007-06-25',0.54,0.25,0.02,0.00,0.02),(29,'WWW1128','WWW1128','WEB',NULL,'','2007-06-25','DE',1,'1234 Main St.','','Ottawa','ON','K1Z5B7','CAN','613-555-5555','vic@vaid.com','Vic Vaid',1,0.25,'TOR','2007-06-25',0,'0000-00-00',0,1130,0,0,0,NULL,1128,'Created','WWW1130',NULL,'2007-06-25',0.54,0.25,0.02,0.00,0.02),(30,'WWW1131','WWW1131','WWW1133',NULL,'','2007-08-13','DE',1,'3 ridgebun Gate','','Gloucester','AB','k1b4c1','CAN','613-830-0220','jmoncrieff@mahsie.com','mahsie OSS',1,28.00,'TOR','2007-08-13',1,'2010-12-12',0,1133,0,0,0,0.000,1131,'Approved','WWW1133','','2007-08-13',0.42,0.25,0.17,0.00,0.00),(31,'WWW1131','WWW1131','WEB',NULL,' Inv 1011','2007-08-18','DE',1,'3 ridgebun Gate','','Gloucester','AB','k1b4c1','CAN','613-830-0220','jmoncrieff@mahsie.com','Jeffrey Moncrieff',1,28.00,'TOR','2007-08-18',0,'0000-00-00',0,1158,0,0,0,NULL,1131,'Partial Delivery','WWW1158',NULL,'2007-08-18',84.00,56.00,0.00,0.00,0.00),(32,'WWW1184','WWW1184','WEB',NULL,' Inv 1013','2010-09-29','DE',1,'3 ridgeburn','','Ottawa','AB','k1b4c1','CAN','613-8300220','jeffrey.moncrieff@yahoo.c','Jeff Moncrieff',1,28.00,'TOR','2010-09-29',0,'0000-00-00',0,1186,0,0,0,NULL,1184,'Partial Delivery','WWW1186',NULL,'2010-09-29',86.00,56.00,0.00,-2.00,0.00),(33,'WWW1184','WWW1184','WEB',NULL,' Inv 1014','2010-09-29','DE',1,'3 ridgeburn','','Ottawa','AB','k1b4c1','CAN','613-8300220','jeffrey.moncrieff@yahoo.c','Jeff Moncrieff',1,28.00,'TOR','2010-09-29',0,'0000-00-00',0,1187,0,0,0,NULL,1184,'Partial Delivery','WWW1187',NULL,'2010-09-29',30.27,0.25,0.17,-2.00,0.00),(34,'WWW1184','WWW1184','WEB',NULL,'','2010-09-30','DE',1,'3 ridgeburn','','Ottawa','AB','k1b4c1','CAN','613-8300220','jeffrey.moncrieff@yahoo.c','Jeff Moncrieff',1,28.00,'TOR','2010-09-30',0,'0000-00-00',0,1192,0,0,0,NULL,1184,'Created','WWW1192',NULL,'2010-09-30',86.00,56.00,0.00,-2.00,0.00),(35,'WWW1184','WWW1184','WWW1194',NULL,' Inv 1019','2010-09-30','DE',1,'3 ridgeburn','','Ottawa','AB','k1b4c1','CAN','613-8300220','jeffrey.moncrieff@yahoo.c','Jeff Moncrieff',1,0.15,'TOR','2010-09-30',1,'0000-00-00',0,1194,0,0,0,NULL,1184,'Partial Delivery','WWW1194',NULL,'2010-09-30',56.00,56.00,0.00,0.00,0.00),(36,'WWW1230','WWW1230','WEB',NULL,'','2010-12-12','DE',1,'4 woodbuirn','','Ottawa','AB','ontario','CAN','555-555-5555','jeff@mwds.ca','Jeffrey Moncrieff',1,28.00,'TOR','2010-12-12',0,'0000-00-00',0,1232,0,0,0,NULL,1230,'Created','WWW1232',NULL,'2010-12-12',30.27,0.25,0.17,-2.00,0.00),(37,'WWW1230','WWW1230','WEB',NULL,' Inv 1032','2010-12-12','DE',1,'4 woodbuirn','','Ottawa','AB','ontario','CAN','555-555-5555','jeff@mwds.ca','Jeffrey Moncrieff',1,28.00,'TOR','2010-12-12',0,'0000-00-00',0,1233,0,0,0,NULL,1230,'Partial Delivery','WWW1233',NULL,'2010-12-12',81.00,53.00,0.00,0.00,0.00),(38,'WWW1230','WWW1230','WEB',NULL,' Inv 1027','2010-12-12','DE',1,'4 woodbuirn','','Ottawa','AB','ontario','CAN','555-555-5555','jeff@mwds.ca','Jeffrey Moncrieff',1,0.15,'TOR','2010-12-12',0,'0000-00-00',0,1234,0,0,0,NULL,1230,'Partial Delivery','WWW1234',NULL,'2010-12-12',55.15,53.00,0.00,-2.00,0.00),(39,'WWW1230','WWW1230','WEB',NULL,' Inv 1029','2010-12-12','DE',1,'4 woodbuirn','','Ottawa','AB','ontario','CAN','555-555-5555','jeff@mwds.ca','Jeffrey Moncrieff',1,28.00,'TOR','2010-12-12',0,'0000-00-00',0,1236,0,0,0,NULL,1230,'Partial Delivery','WWW1236',NULL,'2010-12-12',83.00,53.00,0.00,-2.00,0.00),(40,'WWW1230','WWW1230','WEB',NULL,' Inv 1030','2010-12-12','DE',1,'4 woodbuirn','','Ottawa','AB','ontario','CAN','555-555-5555','jeff@mwds.ca','Jeffrey Moncrieff',1,28.00,'TOR','2010-12-12',0,'0000-00-00',0,1237,0,0,0,NULL,1230,'Partial Delivery','WWW1237',NULL,'2010-12-12',83.00,53.00,0.00,-2.00,0.00),(41,'WWW1238','WWW1238','WEB',NULL,' Inv 1031','2010-12-12','DE',1,'3 ridgeburn','','Ottawa','ON','k1b4c1','CAN','555-555-5555','jeffrey.moncrieff@mwds.ca','Jeff Moncrieff',1,28.00,'TOR','2010-12-12',0,'0000-00-00',0,1240,0,0,0,NULL,1238,'Partial Delivery','WWW1240',NULL,'2010-12-12',83.00,53.00,0.00,-2.00,0.00),(42,'WWW1230','WWW1230','WEB',NULL,' Inv 1035','2010-12-12','DE',1,'4 woodbuirn','','Ottawa','AB','ontario','CAN','555-555-5555','jeff@mwds.ca','Jeffrey Moncrieff',1,28.00,'TOR','2010-12-12',0,'0000-00-00',0,1245,0,0,0,NULL,1230,'Partial Delivery','WWW1245',NULL,'2010-12-12',136.00,106.00,0.00,-2.00,0.00),(43,'WWW1230','WWW1230','WWW1251',NULL,'','2010-12-13','DE',1,'4 woodbuirn','','Ottawa','AB','ontario','CAN','555-555-5555','jeff@mwds.ca','Jeffrey Moncrieff',1,28.00,'TOR','2010-12-13',0,'0000-00-00',0,1251,0,0,0,NULL,1230,'Created','WWW1251',NULL,'2010-12-13',3.07,2.84,0.23,0.00,0.00),(44,'WWW1230','WWW1230','WEB',NULL,' Inv 1037','2010-12-13','DE',1,'4 woodbuirn','','Ottawa','AB','ontario','CAN','555-555-5555','jeff@mwds.ca','Jeffrey Moncrieff',1,28.00,'TOR','2010-12-13',0,'0000-00-00',0,1252,0,0,0,NULL,1230,'Partial Delivery','WWW1252',NULL,'2010-12-13',30.92,0.85,0.22,-2.00,0.00),(45,'WWW1230','WWW1230','WEB',NULL,' Inv 1038','2010-12-13','DE',1,'4 woodbuirn','','Ottawa','AB','ontario','CAN','555-555-5555','jeff@mwds.ca','Jeffrey Moncrieff',1,28.00,'TOR','2010-12-13',0,'0000-00-00',0,1253,0,0,0,NULL,1230,'Partial Delivery','WWW1253',NULL,'2010-12-13',86.00,56.00,0.00,-2.00,0.00),(46,'WWW1254','WWW1254','WEB',NULL,' Inv 1039','2010-12-13','DE',1,'40 wood','','Nashvile','AL','Tn','USA','613-8300220','jeffrey.moncrieff@yahoo.c','Paul Testion',1,28.00,'TOR','2010-12-13',0,'0000-00-00',0,1256,0,0,0,NULL,1254,'Partial Delivery','WWW1256',NULL,'2010-12-13',83.00,53.00,0.00,-2.00,0.00),(1001,'WWW1070','WWW1070','1093',NULL,'','2007-04-17','DE',1,'','','','','','','','','Mahsie Open Soure',1,0.00,'HQ','2007-04-17',1,'2010-12-12',0,1093,0,0,0,0.000,1070,'Created','1093','','2007-04-17',49.99,49.99,0.00,0.00,0.00),(1002,'WWW1109','WWW1109','test',NULL,'','2007-06-15','DE',1,'','','','','','','','','Vachon, Klaus',1,0.00,'HQ','2007-06-15',1,'2010-09-29',0,1116,0,0,0,0.000,1109,'Created','test','','2007-06-15',1.06,1.00,0.06,0.00,0.00),(1003,'WWW1070','WWW1070','05054',NULL,' Inv 1010','2007-08-18','DE',1,'','','','','','',NULL,NULL,'Mahsie Open Soure',1,0.00,'HQ','2007-08-18',0,'0000-00-00',0,1157,0,0,0,0.000,1070,'Partial Delivery','05054','','2007-08-18',3699.40,3490.00,209.40,0.00,0.00),(1004,'MON1053','MON1053','096',NULL,'','2010-09-29','DE',1,'9754 Mont Royal','','Montreal','QC','Quebec','H5J R3R',NULL,NULL,'Mont Royal Hardware',1,0.00,'HQ','2010-09-29',0,'0000-00-00',0,1177,0,0,0,0.000,1053,'Created','096','','2010-09-29',45.79,43.20,2.59,0.00,0.00),(1005,'MON1053','MON1053','g0102',NULL,' Inv 1012','2010-09-29','DE',1,'9754 Mont Royal','','Montreal','QC','Quebec','H5J R3R',NULL,NULL,'Mont Royal Hardware',1,0.00,'HQ','2010-09-29',0,'0000-00-00',0,1178,0,0,0,0.000,1053,'Partial Delivery','g0102','','2010-09-29',17.17,16.20,0.97,0.00,0.00),(1006,'WWW1184','WWW1184','www',NULL,' Inv 1018','2010-09-29','DE',1,'3 ridgeburn','','Ottawa','AB','CAN','k1b4c1','613-8300220','jeffrey.moncrieff@yahoo.c','MWDS',1,0.00,'TOR','2010-09-30',0,'0000-00-00',0,1188,0,0,0,NULL,1184,'Partial Delivery','www','','2010-09-30',53.00,53.00,0.00,0.00,0.00),(1007,'WWW1184','WWW1184','535',NULL,' Inv 1015','2010-09-29','DE',1,'','','','','','',NULL,NULL,'MWDS',1,0.00,'TOR','2010-09-29',0,'0000-00-00',0,1189,0,0,0,0.000,1184,'Partial Delivery','535','','2010-09-29',159.00,159.00,0.00,0.00,0.00),(1008,'WWW1184','WWW1184','test4',NULL,' Inv 1016','2010-09-29','DE',1,'3 ridgeburn','','Ottawa','AB','CAN','k1b4c1',NULL,NULL,'MWDS',1,0.00,'TOR','2010-09-29',0,'0000-00-00',0,1190,0,0,0,0.000,1184,'Partial Delivery','test4','','2010-09-29',318.00,318.00,0.00,0.00,0.00),(1009,'WWW1080','WWW1080','test 4',NULL,' Inv 1017','2010-09-29','DE',1,'','','','','','',NULL,NULL,'Agora Communications Group',1,0.00,'HQ','2010-09-29',0,'0000-00-00',0,1191,0,0,0,0.000,1080,'Partial Delivery','test 4','','2010-09-29',17.17,16.20,0.97,0.00,0.00),(1010,'MWD1197','MWD1197','2828',NULL,'','2010-10-01','DE',1,'26 Main','','windermere','','BC','','','','MWDS BC',1,0.00,'HQ','2010-10-01',0,'0000-00-00',0,1200,0,0,0,0.000,1197,'Created','2828','','2010-10-01',10.80,10.80,0.00,0.00,0.00),(1011,'MWD1197','MWD1197','1111',NULL,'','2010-10-01','DE',1,'26 Main','','windermere','','BC','','','','MWDS BC',1,0.00,'HQ','2010-10-01',1,'0000-00-00',0,1202,0,0,0,0.000,1197,'Created','1111','','2010-10-01',5.40,5.40,0.00,0.00,0.00),(1012,'MWD1197','MWD1197','1112',NULL,' Inv 1022','2010-10-01','DE',1,'26 Main','','windermere','','BC','','','','MWDS BC',1,0.00,'HQ','2010-10-01',1,'0000-00-00',0,1203,0,0,0,0.000,1197,'Partial Delivery','1112','','2010-10-01',5.40,5.40,0.00,0.00,0.00),(1013,'WWW1064','WWW1064','3143',NULL,' Inv 1020','2010-10-02','DE',1,'','','','','','',NULL,NULL,'Agora Communications Group',1,0.00,'HQ','2010-10-02',0,'0000-00-00',0,1206,0,0,0,0.000,1064,'Partial Delivery','3143','','2010-10-02',24.84,21.60,3.24,0.00,0.00),(1014,'WWW1087','WWW1087','3133',NULL,' Inv 1021','2010-12-08','DE',1,'','','','','','',NULL,NULL,'Mahsie',1,0.00,'HQ','2010-12-08',0,'0000-00-00',0,1207,0,0,0,0.000,1087,'Partial Delivery','3133','','2010-12-08',99.96,99.96,0.00,0.00,0.00),(1015,'WWW1094','WWW1094','244',NULL,' Inv 1023','2010-12-08','DE',1,'285 Churchill Ave. N.','','Ottawa','ON','CAN','K1Z 5B7',NULL,NULL,'Agora',1,0.00,'HQ','2010-12-08',0,'0000-00-00',0,1208,0,0,0,0.000,1094,'Partial Delivery','244','','2010-12-08',3904.25,3395.00,509.25,105.00,0.00),(1016,'WWW1131','WWW1131','223',NULL,' Inv 1024','2010-12-08','DE',1,'3 ridgebun Gate','','Gloucester','AB','CAN','k1b4c1',NULL,NULL,'mahsie OSS',1,0.00,'HQ','2010-12-08',0,'0000-00-00',0,1209,0,0,0,0.000,1131,'Partial Delivery','223','','2010-12-08',85.12,85.12,0.00,0.00,0.00),(1017,'TUR1212','TUR1212','8187',NULL,' Inv 1025','2010-12-08','DE',1,'12 Main','','Nashvile','Tensses','','',NULL,NULL,'Turner and sons',1,0.00,'HQ','2010-12-08',0,'0000-00-00',0,1215,0,0,0,0.000,1212,'Partial Delivery','8187','','2010-12-08',52.89,46.00,6.89,0.00,0.00),(1018,'TOR1226','TOR1226','234',NULL,' Inv 1026','2010-12-09','DE',1,'1456 Bathurst Ave.','Second Floor','Toronto','ON','Canada','M5S 2T3',NULL,NULL,'Toronto Hardware',1,0.00,'HQ','2010-12-09',0,'0000-00-00',0,1229,0,0,0,0.000,1226,'Partial Delivery','234','','2010-12-09',25.30,22.00,3.30,0.00,0.00),(1019,'WWW1230','WWW1230','2033',NULL,' Inv 1028','2010-12-12','DE',1,'','','','','','',NULL,NULL,'mwds ottawa',1,0.00,'HQ','2010-12-12',0,'0000-00-00',0,1235,0,0,0,0.000,1230,'Partial Delivery','2033','','2010-12-12',740.00,740.00,0.00,0.00,0.00),(1020,'MON1053','MON1053','334',NULL,'','2010-12-12','DE',1,'9754 Mont Royal','','Montreal','QC','Quebec','H5J R3R',NULL,NULL,'Mont Royal Hardware',1,0.00,'HQ','2010-12-12',0,'0000-00-00',0,1241,0,0,0,0.000,1053,'Created','334','','2010-12-12',0.00,0.00,0.00,0.00,0.00),(1021,'MON1053','MON1053','331',NULL,' Inv 1033','2010-12-12','DE',1,'9754 Mont Royal','','Montreal','QC','Quebec','H5J R3R',NULL,NULL,'Mont Royal Hardware',1,0.00,'HQ','2010-12-12',0,'0000-00-00',0,1242,0,0,0,0.000,1053,'Partial Delivery','331','','2010-12-12',4706.40,4440.00,266.40,0.00,0.00),(1022,'CAN1219','CAN1219','344214',NULL,' Inv 1034','2010-12-12','DE',1,'','','','','','',NULL,NULL,'Cannon airlines',1,0.00,'HQ','2010-12-12',0,'0000-00-00',0,1244,0,0,0,0.000,1219,'Partial Delivery','344214','','2010-12-12',803.85,699.00,104.85,0.00,0.00),(1023,'DB 1248','DB 1248','234',NULL,' Inv 1036','2010-12-12','DE',1,'348 Main','','Childs','Ohio','use','',NULL,NULL,'db witz',1,0.00,'HQ','2010-12-12',0,'0000-00-00',0,1250,0,0,0,0.000,1248,'Partial Delivery','234','','2010-12-12',648.60,564.00,84.60,0.00,0.00),(1024,'MWD1258','MWD1258','4245',NULL,' Inv 1040','2010-12-28','DE',1,'1178 Main','','Windermere','bc','','k1b4c1',NULL,NULL,'mwds bc 1',1,0.00,'HQ','2010-12-28',0,'0000-00-00',0,1261,0,0,0,0.000,1258,'Partial Delivery','4245','','2010-12-28',425.50,370.00,55.50,0.00,0.00),(1025,'MWD1258','MWD1258','211',NULL,' Inv 1041','2010-12-29','DE',1,'1178 Main','','Windermere','bc','','k1b4c1',NULL,NULL,'mwds bc 1',1,0.00,'HQ','2010-12-29',0,'0000-00-00',0,1262,0,0,0,0.000,1258,'Partial Delivery','211','','2010-12-29',549.70,478.00,71.70,0.00,0.00);
/*!40000 ALTER TABLE `salesorders` ENABLE KEYS */;
UNLOCK TABLES;

--
-- Table structure for table `salestypes`
--

DROP TABLE IF EXISTS `salestypes`;
/*!40101 SET @saved_cs_client     = @@character_set_client */;
/*!40101 SET character_set_client = utf8 */;
CREATE TABLE `salestypes` (
  `typeabbrev` char(2) NOT NULL DEFAULT '',
  `sales_type` char(20) NOT NULL DEFAULT '',
  PRIMARY KEY (`typeabbrev`),
  KEY `Sales_Type` (`sales_type`)
) ENGINE=InnoDB DEFAULT CHARSET=latin1;
/*!40101 SET character_set_client = @saved_cs_client */;

--
-- Dumping data for table `salestypes`
--

LOCK TABLES `salestypes` WRITE;
/*!40000 ALTER TABLE `salestypes` DISABLE KEYS */;
INSERT INTO `salestypes` VALUES ('DE','Default Price List'),('DI','Direct'),('DB','Distributor');
/*!40000 ALTER TABLE `salestypes` ENABLE KEYS */;
UNLOCK TABLES;

--
-- Table structure for table `salutationtype`
--

DROP TABLE IF EXISTS `salutationtype`;
/*!40101 SET @saved_cs_client     = @@character_set_client */;
/*!40101 SET character_set_client = utf8 */;
CREATE TABLE `salutationtype` (
  `salutationid` int(19) NOT NULL AUTO_INCREMENT,
  `salutationtype` varchar(200) NOT NULL DEFAULT '',
  `sortorderid` int(19) NOT NULL DEFAULT '0',
  `presence` int(1) NOT NULL DEFAULT '1',
  PRIMARY KEY (`salutationid`)
) ENGINE=MyISAM AUTO_INCREMENT=7 DEFAULT CHARSET=latin1;
/*!40101 SET character_set_client = @saved_cs_client */;

--
-- Dumping data for table `salutationtype`
--

LOCK TABLES `salutationtype` WRITE;
/*!40000 ALTER TABLE `salutationtype` DISABLE KEYS */;
INSERT INTO `salutationtype` VALUES (1,'--None--',0,1),(2,'Mr.',1,1),(3,'Ms.',2,1),(4,'Mrs.',3,1),(5,'Dr.',4,1),(6,'Prof.',5,1);
/*!40000 ALTER TABLE `salutationtype` ENABLE KEYS */;
UNLOCK TABLES;

--
-- Table structure for table `scripts`
--

DROP TABLE IF EXISTS `scripts`;
/*!40101 SET @saved_cs_client     = @@character_set_client */;
/*!40101 SET character_set_client = utf8 */;
CREATE TABLE `scripts` (
  `pageid` smallint(4) NOT NULL AUTO_INCREMENT,
  `filename` varchar(50) NOT NULL DEFAULT '',
  `pagedescription` text NOT NULL,
  PRIMARY KEY (`pageid`),
  KEY `FileName` (`filename`)
) ENGINE=InnoDB AUTO_INCREMENT=167 DEFAULT CHARSET=latin1 COMMENT='Index of all scripts';
/*!40101 SET character_set_client = @saved_cs_client */;

--
-- Dumping data for table `scripts`
--

LOCK TABLES `scripts` WRITE;
/*!40000 ALTER TABLE `scripts` DISABLE KEYS */;
INSERT INTO `scripts` VALUES (1,'AccountGroups.php','Defines the groupings of general ledger accounts'),(2,'AgedDebtors.php','Lists customer account balances in detail or summary in selected currency'),(3,'AgedSuppliers.php','Lists supplier account balances in detail or summary in selected currency'),(4,'Areas.php','Defines the sales areas - all customers must belong to a sales area for the purposes of sales analysis'),(5,'BOMInquiry.php','Displays the bill of material with cost information'),(6,'BOMListing.php','Lists the bills of material for a selected range of items'),(7,'BOMs.php','Administers the bills of material for a selected item'),(8,'BankAccounts.php','Defines the general ledger code for bank accounts and specifies that bank transactions be created for these accounts for the purposes of reconciliation'),(9,'BankMatching.php','Allows payments and receipts to be matched off against bank statements'),(10,'BankReconciliation.php','Displays the bank reconciliation for a selected bank account'),(11,'COGSGLPostings.php','Defines the general ledger account to be used for cost of sales entries'),(12,'CompanyPreferences.php','Defines the settings applicable for the company, including name, address, tax authority reference, whether GL integration used etc.'),(13,'ConfirmDispatchControlled_Invoice.php','Specifies the batch references/serial numbers of items dispatched that are being invoiced'),(14,'ConfirmDispatch_Invoice.php','Creates sales invoices from entered sales orders based on the quantities dispatched that can be modified'),(15,'CreditItemsControlled.php','Specifies the batch references/serial numbers of items being credited back into stock'),(16,'CreditStatus.php','Defines the credit status records. Each customer account is given a credit status from this table. Some credit status records can prohibit invoicing and new orders being entered.'),(17,'Credit_Invoice.php','Creates a credit note based on the details of an existing invoice'),(18,'Currencies.php','Defines the currencies available. Each customer and supplier must be defined as transacting in one of the currencies defined here.'),(19,'CustEDISetup.php','Allows the set up the customer specified EDI parameters for server, email or ftp.'),(20,'CustWhereAlloc.php','Shows to which invoices a receipt was allocated to'),(21,'CustomerAllocations.php','Allows customer receipts and credit notes to be allocated to sales invoices'),(22,'CustomerBranches.php','Defines the details of customer branches such as delivery address and contact details - also sales area, representative etc'),(23,'CustomerInquiry.php','Shows the customers account transactions with balances outstanding, links available to drill down to invoice/credit note or email invoices/credit notes'),(24,'CustomerReceipt.php','Entry of both customer receipts against accounts receivable and also general ledger or nominal receipts'),(25,'CustomerTransInquiry.php','Lists in html the sequence of customer transactions, invoices, credit notes or receipts by a user entered date range'),(26,'Customers.php','Defines the setup of a customer account, including payment terms, billing address, credit status, currency etc'),(27,'DeliveryDetails.php','Used during order entry to allow the entry of delivery addresses other than the defaulted branch delivery address and information about carrier/shipping method etc'),(28,'DiscountCategories.php','Defines the items belonging to a discount category. Discount Categories are used to allow discounts based on quantities across a range of producs'),(29,'DiscountMatrix.php','Defines the rates of discount applicable to discount categories and the customer groupings to which the rates are to apply'),(30,'EDIMessageFormat.php','Specifies the EDI message format used by a customer - administrator use only.'),(31,'EDIProcessOrders.php','Processes incoming EDI orders into sales orders'),(32,'EDISendInvoices.php','Processes invoiced EDI customer invoices into EDI messages and sends using the customers preferred method either ftp or email attachments.'),(33,'EmailCustTrans.php','Emails selected invoice or credit to the customer'),(34,'FTP_RadioBeacon.php','FTPs sales orders for dispatch to a radio beacon software enabled warehouse dispatching facility'),(35,'FreightCosts.php','Defines the setup of the freight cost using different shipping methods to different destinations. The system can use this information to calculate applicable freight if the items are defined with the correct kgs and cubic volume'),(36,'GLAccountInquiry.php','Shows the general ledger transactions for a specified account over a specified range of periods'),(37,'GLAccounts.php','Defines the general ledger accounts'),(38,'GLBalanceSheet.php','Shows the balance sheet for the company as at a specified date'),(39,'GLCodesInquiry.php','Shows the list of general ledger codes defined with account names and groupings'),(40,'GLJournal.php','Entry of general ledger journals, periods are calculated based on the date entered here'),(41,'GLProfit_Loss.php','Shows the profit and loss of the company for the range of periods entered'),(42,'GLTransInquiry.php','Shows the general ledger journal created for the sub ledger transaction specified'),(43,'GLTrialBalance.php','Shows the trial balance for the month and the for the period selected together with the budgeted trial balances'),(44,'GoodsReceived.php','Entry of items received against purchase orders'),(45,'GoodsReceivedControlled.php','Entry of the serial numbers or batch references for controlled items received against purchase orders'),(46,'InventoryPlanning.php','Creates a pdf report showing the last 4 months use of items including as a component of assemblies together with stock quantity on hand, current demand for the item and current quantity on sales order.'),(47,'InventoryValuation.php','Creates a pdf report showing the value of stock at standard cost for a range of product categories selected'),(48,'Locations.php','Defines the inventory stocking locations or warehouses'),(49,'Logout.php','Shows when the user logs out of webERP'),(50,'MailInventoryValuation.php','Meant to be run as a scheduled process to email the stock valuation off to a specified person. Creates the same stock valuation report as InventoryValuation.php'),(51,'MailSalesReport.php','Creates a sales analysis pdf report and emails it to the defined receipients. This script is meant to be run as a scheduled process for daily or weekly sales reporting'),(52,'MailSalesReport_csv.php','Creates a sales analysis report as a comma separated values (csv) file and emails it to the defined receipients. This script is meant to be run as a scheduled process for daily or weekly sales reporting'),(53,'OrderDetails.php','Shows the detail of a sales order'),(54,'OutstandingGRNs.php','Creates a pdf showing all GRNs for which there has been no purchase invoice matched off against.'),(55,'PDFBankingSummary.php','Creates a pdf showing the amounts entered as receipts on a specified date together with references for the purposes of banking'),(56,'PDFChequeListing.php','Creates a pdf showing all payments that have been made from a specified bank account over a specified period. This can be emailed to an email account defined in config.php - ie a financial controller'),(57,'PDFDeliveryDifferences.php','Creates a pdf report listing the delivery differences from what the customer requested as recorded in the order entry. The report calculates a percentage of order fill based on the number of orders filled in full on time'),(58,'PDFLowGP.php','Creates a pdf report showing the low gross profit sales made in the selected date range. The percentage of gp deemed acceptable can also be entered'),(59,'PDFPriceList.php','Creates a pdf of the price list applicable to a given sales type and customer. Also allows the listing of prices specific to a customer'),(60,'PDFStockCheckComparison.php','Creates a pdf comparing the quantites entered as counted at a given range of locations against the quantity stored as on hand as at the time a stock check was initiated.'),(61,'PDFStockLocTransfer.php','Creates a stock location transfer docket for the selected location transfer reference number'),(62,'PO_Chk_ShiptRef_JobRef.php','Checks the Shipment of JobReference number is correct during AP invoice entry'),(63,'PO_Header.php','Entry of a purchase order header record - date, references buyer etc'),(64,'PO_Items.php','Entry of a purchase order items - allows entry of items with lookup of currency cost from Purchasing Data previously entered also allows entry of nominal items against a general ledger code if the AP is integrated to the GL'),(65,'PO_OrderDetails.php','Purchase order inquiry shows the quantity received and invoiced of purchase order items as well as the header information'),(66,'PO_PDFPurchOrder.php','Creates a pdf of the selected purchase order for printing or email to one of the supplier contacts entered'),(67,'PO_SelectOSPurchOrder.php','Shows the outstanding purchase orders for selecting with links to receive or modify the purchase order header and items'),(68,'PO_SelectPurchOrder.php','Allows selection of any purchase order with links to the inquiry'),(69,'PaymentTerms.php','Defines the payment terms records, these can be expressed as either a number of days credit or a day in the following month. All customers and suppliers must have a corresponding payment term recorded against their account'),(70,'Payments.php','Entry of bank account payments either against an AP account or a general ledger payment - if the AP-GL link in company preferences is set'),(71,'PeriodsInquiry.php','Shows a list of all the system defined periods'),(72,'Prices.php','Entry of prices for a selected item also allows selection of sales type and currency for the price'),(73,'Prices_Customer.php','Entry of prices for a selected item and selected customer/branch. The currency and sales type is defaulted from the customer\'s record'),(74,'PrintCustOrder.php','Creates a pdf of the dispatch note - by default this is expected to be on two part pre-printed stationery to allow pickers to note discrepancies for the confirmer to update the dispatch at the time of invoicing'),(75,'PrintCustOrder_generic.php','Creates two copies of a laser printed dispatch note - both copies need to be written on by the pickers with any discrepancies to advise customer of any shortfall and on the office copy to ensure the correct quantites are invoiced'),(76,'PrintCustStatements.php','Creates a pdf for the customer statements in the selected range'),(77,'PrintCustTrans.php','Creates either a html invoice or credit note or a pdf. A range of invoices or credit notes can be selected also.'),(78,'PurchData.php','Entry of supplier purchasing data, the suppliers part reference and the suppliers currency cost of the item'),(79,'ReverseGRN.php','Reverses the entry of goods received - creating stock movements back out and necessary general ledger journals to effect the reversal'),(80,'SalesAnalReptCols.php','Entry of the definition of a sales analysis report\'s columns.'),(81,'SalesAnalRepts.php','Entry of the definition of a sales analysis report headers'),(82,'SalesAnalysis_UserDefined.php','Creates a pdf of a selected user defined sales analysis report'),(83,'SalesGLPostings.php','Defines the general ledger accounts used to post sales to based on product categories and sales areas'),(84,'SalesPeople.php','Defines the sales people of the business'),(85,'SalesTypes.php','Defines the sales types - prices are held against sales types they can be considered price lists. Sales analysis records are held by sales type too.'),(86,'SelectCompletedOrder.php','Allows the selection of completed sales orders for inquiries - choices to select by item code or customer'),(87,'SelectCreditItems.php','Entry of credit notes from scratch, selecting the items in either quick entry mode or searching for them manually'),(88,'SelectCustomer.php','Selection of customer - from where all customer related maintenance, transactions and inquiries start'),(89,'SelectGLAccount.php','Selection of general ledger account from where all general ledger account maintenance, or inquiries are initiated'),(90,'SelectOrderItems.php','Entry of sales order items with both quick entry and part search functions'),(91,'SelectProduct.php','Selection of items. All item maintenance, transactions and inquiries start with this script'),(92,'SelectSalesOrder.php','Selects a sales order irrespective of completed or not for inquiries'),(93,'SelectSupplier.php','Selects a supplier. A supplier is required to be selected before any AP transactions and before any maintenance or inquiry of the supplier'),(94,'ShipmentCosting.php','Shows the costing of a shipment with all the items invoice values and any shipment costs apportioned. Updating the shipment has an option to update standard costs of all items on the shipment and create any general ledger variance journals'),(95,'Shipments.php','Entry of shipments from outstanding purchase orders for a selected supplier - changes in the delivery date will cascade into the different purchase orders on the shipment'),(96,'Shippers.php','Defines the shipping methods available. Each customer branch has a default shipping method associated with it which must match a record from this table'),(97,'Shipt_Select.php','Selection of a shipment for displaying and modification or updating'),(98,'ShiptsList.php','Shows a list of all the open shipments for a selected supplier. Linked from POItems.php'),(99,'SpecialOrder.php','Allows for a sales order to be created and an indent order to be created on a supplier for a one off item that may never be purchased again. A dummy part is created based on the description and cost details given.'),(100,'StockAdjustments.php','Entry of quantity corrections to stocks in a selected location.'),(101,'StockAdjustmentsControlled.php','Entry of batch references or serial numbers on controlled stock items being adjusted'),(102,'StockCategories.php','Defines the stock categories. All items must refer to one of these categories. The category record also allows the specification of the general ledger codes where stock items are to be posted - the balance sheet account and the profit and loss effect of any adjustments and the profit and loss effect of any price variances'),(103,'StockCheck.php','Allows creation of a stock check file - copying the current quantites in stock for later comparison to the entered counts. Also produces a pdf for the count sheets.'),(104,'StockCostUpdate.php','Allows update of the standard cost of items producing general ledger journals if the company preferences stock GL interface is active'),(105,'StockCounts.php','Allows entry of stock counts'),(106,'StockLocMovements.php','Inquiry shows the Movements of all stock items for a specified location'),(107,'StockLocQties_csv.php','Makes a comma separated values (CSV)file of the stock item codes and quantities'),(108,'StockLocStatus.php','Shows the stock on hand together with outstanding sales orders and outstanding purchase orders by stock location for all items in the selected stock category'),(109,'StockLocTransfer.php','Entry of a bulk stock location transfer for many parts from one location to another.'),(110,'StockLocTransferReceive.php','Effects the transfer and creates the stock movements for a bulk stock location transfer initiated from StockLocTransfer.php'),(111,'StockMovements.php','Shows a list of all the stock movements for a selected item and stock location including the price at which they were sold in local currency and the price at which they were purchased for in local currency'),(112,'StockQties_csv.php','Makes a comma separated values (CSV)file of the stock item codes and quantities'),(113,'StockReorderLevel.php','Entry and review of the re-order level of items by stocking location'),(114,'StockSerialItems.php','Shows a list of the serial numbers or the batch references and quantities of controlled items. This inquiry is linked from the stock status inquiry'),(115,'StockStatus.php','Shows the stock on hand together with outstanding sales orders and outstanding purchase orders by stock location for a selected part. Has a link to show the serial numbers in stock at the location selected if the item is controlled'),(116,'StockTransferControlled.php','Entry of serial numbers/batch references for controlled items being received on a stock transfer. The script is used by both bulk transfers and point to point transfers'),(117,'StockTransfers.php','Entry of point to point stock location transfers of a single part'),(118,'StockUsage.php','Inquiry showing the quantity of stock used by period calculated from the sum of the stock movements over that period - by item and stock location. Also available over all locations'),(119,'Stocks.php','Defines an item - maintenance and addition of new parts'),(120,'SuppCreditGRNs.php','Entry of a supplier credit notes (debit notes) against existing GRN which have already been matched in full or in part'),(121,'SuppInvGRNs.php','Entry of supplier invoices against goods received'),(122,'SuppPaymentRun.php','Automatic creation of payment records based on calculated amounts due from AP invoices entered'),(123,'SuppShiptChgs.php','Entry of supplier invoices against shipments as charges against a shipment'),(124,'SuppTransGLAnalysis.php','Entry of supplier invoices against general ledger codes'),(125,'SupplierAllocations.php','Entry of allocations of supplier payments and credit notes to invoices'),(126,'SupplierContacts.php','Entry of supplier contacts and contact details including email addresses'),(127,'SupplierCredit.php','Entry of supplier credit notes (debit notes)'),(128,'SupplierInquiry.php','Inquiry showing invoices, credit notes and payments made to suppliers together with the amounts outstanding'),(129,'SupplierInvoice.php','Entry of supplier invoices'),(130,'Suppliers.php','Entry of new suppliers and maintenance of existing suppliers'),(131,'TaxAuthorities.php','Entry of tax authorities - the state intitutions that charge tax'),(132,'TaxAuthorityRates.php','Entry of the rates of tax applicable to the tax authority depending on the item tax level'),(133,'WWW_Users.php','Entry of users and security settings of users'),(134,'WhereUsedInquiry.php','Inquiry showing where an item is used ie all the parents where the item is a component of'),(135,'WorkCentres.php','Defines the various centres of work within a manufacturing company. Also the overhead and labour rates applicable to the work centre and its standard capacity'),(136,'WorkOrderEntry.php','Entry of new work orders'),(137,'WorkOrderIssue.php','Issue of materials to a work order'),(138,'Z_ChangeBranchCode.php','Utility to change the branch code of a customer that cascades the change through all the necessary tables'),(139,'Z_ChangeCustomerCode.php','Utility to change a customer code that cascades the change through all the necessary tables'),(140,'Z_ChangeStockCode.php','Utility to change an item code that cascades the change through all the necessary tables'),(141,'Z_CheckAllocationsFrom.php',''),(142,'Z_CheckAllocs.php',''),(143,'Z_CheckDebtorsControl.php','Inquiry that shows the total local currency (functional currency) balance of all customer accounts to reconcile with the general ledger debtors account'),(144,'Z_CreateChartDetails.php','Utility page to create chart detail records for all general ledger accounts and periods created - needs expert assistance in use'),(145,'Z_CreateCompany.php','Utility to insert company number 1 if not already there - actually only company 1 is used - the system is not multi-company'),(146,'Z_CurrencyDebtorsBalances.php','Inquiry that shows the total foreign currency together with the total local currency (functional currency) balances of all customer accounts to reconcile with the general ledger debtors account'),(147,'Z_CurrencySuppliersBalances.php','Inquiry that shows the total foreign currency amounts and also the local currency (functional currency) balances of all supplier accounts to reconcile with the general ledger creditors account'),(148,'Z_DeleteCreditNote.php','Utility to reverse a customer credit note - a desperate measure that should not be used except in extreme circumstances'),(149,'Z_DeleteInvoice.php','Utility to reverse a customer invoice - a desperate measure that should not be used except in extreme circumstances'),(150,'Z_DeleteSalesTransActions.php','Utility to delete all sales transactions, sales analysis the lot! Extreme care required!!!'),(151,'Z_MakeStockLocns.php','Utility to make LocStock records for all items and locations if not already set up.'),(152,'Z_PriceChanges.php','Utility to make bulk pricing alterations to selected sales type price lists or selected customer prices only'),(153,'Z_ReApplyCostToSA.php','Utility to allow the sales analysis table to be updated with the latest cost information - the sales analysis takes the cost at the time the sale was made to reconcile with the enteries made in the gl.'),(154,'Z_RePostGLFromPeriod.php','Utility to repost all general ledger transaction commencing from a specified period. This can take some time in busy environments. Normally GL transactions are posted automatically each time a trial balance or profit and loss account is run'),(155,'Z_ReverseSuppPaymentRun.php','Utility to reverse an entire Supplier payment run'),(156,'Z_UpdateChartDetailsBFwd.php','Utility to recalculate the ChartDetails table B/Fwd balances - extreme care!!'),(157,'Z_UploadForm.php','Utility to upload a file to a remote server'),(158,'Z_UploadResult.php','Utility to upload a file to a remote server'),(159,'Z_index.php','Utility menu page'),(160,'index.php','The main menu from where all functions available to the user are accessed by clicking on the links'),(161,'phpinfo.php','Details about PHP installation on the server'),(162,'UserSettings.php','Allows the user to change system wide defaults for the theme - appearance, the number of records to show in searches and the language to display messages in'),(163,'StockQuantityByDate.php','Shows the stock on hand for each item at a selected location and stock category as at a specified date'),(164,'PDFOrderStatus.php','Reports on sales order status by date range, by stock location and stock category - producing a pdf showing each line items and any quantites delivered'),(165,'Tax.php','Creates a report of the ad-valoerm tax - GST/VAT - for the period selected from accounts payable and accounts receivable data'),(166,'PDFCustomerList.php','Creates a report of the customer and branch information held. This report has options to print only customer branches in a specified sales area and sales person. Additional option allows to list only those customers with activity either under or over a specified amount, since a specified date.');
/*!40000 ALTER TABLE `scripts` ENABLE KEYS */;
UNLOCK TABLES;

--
-- Table structure for table `seactivityrel`
--

DROP TABLE IF EXISTS `seactivityrel`;
/*!40101 SET @saved_cs_client     = @@character_set_client */;
/*!40101 SET character_set_client = utf8 */;
CREATE TABLE `seactivityrel` (
  `crmid` int(19) NOT NULL DEFAULT '0',
  `activityid` int(19) NOT NULL DEFAULT '0',
  PRIMARY KEY (`crmid`,`activityid`),
  KEY `SeActivityRel_IDX0` (`activityid`),
  KEY `SeActivityRel_IDX1` (`crmid`),
  CONSTRAINT `fk_SeActivityRel1` FOREIGN KEY (`crmid`) REFERENCES `crmentity` (`crmid`) ON DELETE CASCADE,
  CONSTRAINT `fk_SeActivityRel2` FOREIGN KEY (`activityid`) REFERENCES `activity` (`activityid`) ON DELETE CASCADE
) ENGINE=InnoDB DEFAULT CHARSET=latin1;
/*!40101 SET character_set_client = @saved_cs_client */;

--
-- Dumping data for table `seactivityrel`
--

LOCK TABLES `seactivityrel` WRITE;
/*!40000 ALTER TABLE `seactivityrel` DISABLE KEYS */;
/*!40000 ALTER TABLE `seactivityrel` ENABLE KEYS */;
UNLOCK TABLES;

--
-- Table structure for table `seattachmentsrel`
--

DROP TABLE IF EXISTS `seattachmentsrel`;
/*!40101 SET @saved_cs_client     = @@character_set_client */;
/*!40101 SET character_set_client = utf8 */;
CREATE TABLE `seattachmentsrel` (
  `crmid` int(19) NOT NULL DEFAULT '0',
  `attachmentsid` int(19) NOT NULL DEFAULT '0',
  PRIMARY KEY (`crmid`,`attachmentsid`),
  KEY `SeAttachmentsRel_IDX0` (`attachmentsid`),
  KEY `SeAttachmentsRel_IDX1` (`crmid`),
  KEY `attachmentsid` (`attachmentsid`,`crmid`),
  CONSTRAINT `fk_SeAttachmentsRel` FOREIGN KEY (`attachmentsid`) REFERENCES `attachments` (`attachmentsid`) ON DELETE CASCADE,
  CONSTRAINT `fk_SeAttachmentsRel2` FOREIGN KEY (`crmid`) REFERENCES `crmentity` (`crmid`) ON DELETE CASCADE
) ENGINE=InnoDB DEFAULT CHARSET=latin1;
/*!40101 SET character_set_client = @saved_cs_client */;

--
-- Dumping data for table `seattachmentsrel`
--

LOCK TABLES `seattachmentsrel` WRITE;
/*!40000 ALTER TABLE `seattachmentsrel` DISABLE KEYS */;
/*!40000 ALTER TABLE `seattachmentsrel` ENABLE KEYS */;
UNLOCK TABLES;

--
-- Table structure for table `securitygroups`
--

DROP TABLE IF EXISTS `securitygroups`;
/*!40101 SET @saved_cs_client     = @@character_set_client */;
/*!40101 SET character_set_client = utf8 */;
CREATE TABLE `securitygroups` (
  `secroleid` int(11) NOT NULL DEFAULT '0',
  `tokenid` int(11) NOT NULL DEFAULT '0',
  PRIMARY KEY (`secroleid`,`tokenid`),
  KEY `secroleid` (`secroleid`),
  KEY `tokenid` (`tokenid`)
) ENGINE=InnoDB DEFAULT CHARSET=latin1;
/*!40101 SET character_set_client = @saved_cs_client */;

--
-- Dumping data for table `securitygroups`
--

LOCK TABLES `securitygroups` WRITE;
/*!40000 ALTER TABLE `securitygroups` DISABLE KEYS */;
INSERT INTO `securitygroups` VALUES (1,1),(1,2),(2,1),(2,2),(2,11),(3,1),(3,2),(3,3),(3,4),(3,5),(3,11),(4,1),(4,2),(4,5),(5,1),(5,2),(5,3),(5,11),(6,1),(6,2),(6,3),(6,4),(6,5),(6,7),(6,8),(7,1),(8,1),(8,2),(8,3),(8,4),(8,5),(8,6),(8,7),(8,8),(8,9),(8,10),(8,11),(8,12),(8,13),(8,14),(8,15);
/*!40000 ALTER TABLE `securitygroups` ENABLE KEYS */;
UNLOCK TABLES;

--
-- Table structure for table `securityroles`
--

DROP TABLE IF EXISTS `securityroles`;
/*!40101 SET @saved_cs_client     = @@character_set_client */;
/*!40101 SET character_set_client = utf8 */;
CREATE TABLE `securityroles` (
  `secroleid` int(11) NOT NULL AUTO_INCREMENT,
  `secrolename` text NOT NULL,
  PRIMARY KEY (`secroleid`)
) ENGINE=InnoDB AUTO_INCREMENT=9 DEFAULT CHARSET=latin1;
/*!40101 SET character_set_client = @saved_cs_client */;

--
-- Dumping data for table `securityroles`
--

LOCK TABLES `securityroles` WRITE;
/*!40000 ALTER TABLE `securityroles` DISABLE KEYS */;
INSERT INTO `securityroles` VALUES (1,'Inquiries/Order Entry'),(2,'Manufac/Stock Admin'),(3,'Purchasing Officer'),(4,'AP Clerk'),(5,'AR Clerk'),(6,'Accountant'),(7,'Customer Log On Only'),(8,'System Administrator');
/*!40000 ALTER TABLE `securityroles` ENABLE KEYS */;
UNLOCK TABLES;

--
-- Table structure for table `securitytokens`
--

DROP TABLE IF EXISTS `securitytokens`;
/*!40101 SET @saved_cs_client     = @@character_set_client */;
/*!40101 SET character_set_client = utf8 */;
CREATE TABLE `securitytokens` (
  `tokenid` int(11) NOT NULL DEFAULT '0',
  `tokenname` text NOT NULL,
  PRIMARY KEY (`tokenid`)
) ENGINE=InnoDB DEFAULT CHARSET=latin1;
/*!40101 SET character_set_client = @saved_cs_client */;

--
-- Dumping data for table `securitytokens`
--

LOCK TABLES `securitytokens` WRITE;
/*!40000 ALTER TABLE `securitytokens` DISABLE KEYS */;
INSERT INTO `securitytokens` VALUES (1,'Order Entry/Inquiries customer access only'),(2,'Basic Reports and Inquiries with selection options'),(3,'Credit notes and AR management'),(4,'Purchasing data/PO Entry/Reorder Levels'),(5,'Accounts Payable'),(6,'Not Used'),(7,'Bank Reconciliations'),(8,'General ledger reports/inquiries'),(9,'Not Used'),(10,'General Ledger Maintenance, stock valuation & Configuration'),(11,'Inventory Management and Pricing'),(12,'Unknown'),(13,'Unknown'),(14,'Unknown'),(15,'User Management and System Administration');
/*!40000 ALTER TABLE `securitytokens` ENABLE KEYS */;
UNLOCK TABLES;

--
-- Table structure for table `selectcolumn`
--

DROP TABLE IF EXISTS `selectcolumn`;
/*!40101 SET @saved_cs_client     = @@character_set_client */;
/*!40101 SET character_set_client = utf8 */;
CREATE TABLE `selectcolumn` (
  `queryid` int(19) DEFAULT NULL,
  `columnindex` int(11) NOT NULL DEFAULT '0',
  `columnname` varchar(250) DEFAULT '',
  KEY `selectcolumn_IDX0` (`queryid`)
) ENGINE=InnoDB DEFAULT CHARSET=latin1;
/*!40101 SET character_set_client = @saved_cs_client */;

--
-- Dumping data for table `selectcolumn`
--

LOCK TABLES `selectcolumn` WRITE;
/*!40000 ALTER TABLE `selectcolumn` DISABLE KEYS */;
INSERT INTO `selectcolumn` VALUES (2,0,'contactdetails:firstname:Contacts_First_Name:firstname:V'),(2,1,'contactdetails:lastname:Contacts_Last_Name:lastname:V'),(2,2,'contactsubdetails:leadsource:Contacts_Lead_Source:leadsource:V'),(2,3,'accountContacts:brname:Contacts_Account_Name:account_id:I'),(2,4,'custbranch:industry:Accounts_industry:industry:V'),(2,5,'contactdetails:email:Contacts_Email:email:V'),(3,0,'contactdetails:firstname:Contacts_First_Name:firstname:V'),(3,1,'contactdetails:lastname:Contacts_Last_Name:lastname:V'),(3,2,'accountContacts:brname:Contacts_Account_Name:account_id:I'),(3,3,'contactdetails:email:Contacts_Email:email:V'),(3,4,'potential:potentialname:Potentials_Potential_Name:potentialname:V'),(3,5,'potential:sales_stage:Potentials_Sales_Stage:sales_stage:V'),(4,0,'leaddetails:firstname:Leads_First_Name:firstname:V'),(4,1,'leaddetails:lastname:Leads_Last_Name:lastname:V'),(4,2,'leaddetails:company:Leads_Company:company:V'),(4,3,'leaddetails:email:Leads_Email:email:V'),(5,0,'leaddetails:firstname:Leads_First_Name:firstname:V'),(5,1,'leaddetails:lastname:Leads_Last_Name:lastname:V'),(5,2,'leaddetails:company:Leads_Company:company:V'),(5,3,'leaddetails:email:Leads_Email:email:V'),(5,4,'leaddetails:leadsource:Leads_Lead_Source:leadsource:V'),(6,0,'potential:potentialname:Potentials_Potential_Name:potentialname:V'),(6,1,'potential:amount:Potentials_Amount:amount:N'),(6,2,'potential:potentialtype:Potentials_Type:opportunity_type:V'),(6,3,'potential:leadsource:Potentials_Lead_Source:leadsource:V'),(6,4,'potential:sales_stage:Potentials_Sales_Stage:sales_stage:V'),(7,0,'potential:potentialname:Potentials_Potential_Name:potentialname:V'),(7,1,'potential:amount:Potentials_Amount:amount:N'),(7,2,'potential:potentialtype:Potentials_Type:opportunity_type:V'),(7,3,'potential:leadsource:Potentials_Lead_Source:leadsource:V'),(7,4,'potential:sales_stage:Potentials_Sales_Stage:sales_stage:V'),(9,0,'activity:subject:Activities_Subject:subject:V'),(9,1,'contactdetailsActivities:lastname:Activities_Contact_Name:contact_id:I'),(9,2,'activity:status:Activities_Status:taskstatus:V'),(9,3,'activity:priority:Activities_Priority:taskpriority:V'),(9,4,'usersActivities:user_name:Activities_Assigned_To:assigned_user_id:V'),(10,0,'troubletickets:title:HelpDesk_Title:ticket_title:V'),(10,1,'troubletickets:status:HelpDesk_Status:ticketstatus:V'),(10,2,'stockmaster:descriptionProducts_Product_Name:productname:V'),(10,3,'stockmaster:discontinued:Products_Product_Active:discontinued:V'),(10,4,'stockmaster:categoryid:Products_Product_Category:productcategory:V'),(10,5,'stockmaster:manufacturer:Products_Manufacturer:manufacturer:V'),(10,6,'contactdetailsProducts:lastname:Products_Contact_Name:contact_id:I'),(11,0,'troubletickets:title:HelpDesk_Title:ticket_title:V'),(11,1,'troubletickets:priority:HelpDesk_Priority:ticketpriorities:V'),(11,2,'troubletickets:severity:HelpDesk_Severity:ticketseverities:V'),(11,3,'troubletickets:status:HelpDesk_Status:ticketstatus:V'),(11,4,'troubletickets:category:HelpDesk_Category:ticketcategories:V'),(11,5,'usersHelpDesk:user_name:HelpDesk_Assigned_To:assigned_user_id:V'),(12,0,'troubletickets:title:HelpDesk_Title:ticket_title:V'),(12,1,'troubletickets:priority:HelpDesk_Priority:ticketpriorities:V'),(12,2,'troubletickets:severity:HelpDesk_Severity:ticketseverities:V'),(12,3,'troubletickets:status:HelpDesk_Status:ticketstatus:V'),(12,4,'troubletickets:category:HelpDesk_Category:ticketcategories:V'),(12,5,'usersHelpDesk:user_name:HelpDesk_Assigned_To:assigned_user_id:V'),(13,0,'stockmaster:description:Products_Product_Name:productname:V'),(13,1,'stockmaster:stockid:Products_Product_Code:productcode:V'),(13,2,'stockmaster:discontinued:Products_Product_Active:discontinued:V'),(13,3,'stockmaster:categoryid:Products_Product_Category:productcategory:V'),(13,4,'contactdetailsProducts:lastname:Products_Contact_Name:contact_id:I'),(13,5,'stockmaster:website:Products_Website:website:V'),(99,99,'vendorRel:vendorname:Products_Vendor_Name:vendor_id:I'),(99,99,'stockmaster:mfr_part_no:Products_Mfr_PartNo:mfr_part_no:V'),(14,0,'stockmaster:description:Products_Product_Name:productname:V'),(14,1,'stockmaster:manufacturer:Products_Manufacturer:manufacturer:V'),(14,2,'stockmaster:categoryid:Products_Product_Category:productcategory:V'),(14,3,'contactdetails:firstname:Contacts_First_Name:firstname:V'),(14,4,'contactdetails:lastname:Contacts_Last_Name:lastname:V'),(14,5,'contactsubdetails:leadsource:Contacts_Lead_Source:leadsource:V'),(15,0,'quotes:subject:Quotes_Subject:subject:V'),(15,1,'potentialRel:potentialname:Quotes_Potential_Name:potential_id:I'),(15,2,'quotes:quotestage:Quotes_Quote_Stage:quotestage:V'),(15,3,'contactdetailsQuotes:lastname:Quotes_Contact_Name:contact_id:V'),(15,4,'usersQuotes:user_name:Quotes_Inventory_Manager:assigned_user_id1:I'),(15,5,'accountQuotes:brname:Quotes_Account_Name:account_id:I'),(16,0,'quotes:subject:Quotes_Subject:subject:V'),(16,1,'potentialRel:potentialname:Quotes_Potential_Name:potential_id:I'),(16,2,'quotes:quotestage:Quotes_Quote_Stage:quotestage:V'),(16,3,'contactdetailsQuotes:lastname:Quotes_Contact_Name:contact_id:V'),(16,4,'usersQuotes:user_name:Quotes_Inventory_Manager:assigned_user_id1:I'),(16,5,'accountQuotes:brname:Quotes_Account_Name:account_id:I'),(16,6,'quotes:shipvia:Quotes_Carrier:carrier:V'),(9999,7,'quotes:shipping:Quotes_Shipping:shipping:V'),(17,0,'purchaseorder:subject:Orders_Subject:subject:V'),(99,99,'vendorRel:vendorname:Orders_Vendor_Name:vendor_id:I'),(17,2,'purchaseorder:tracking_no:Orders_Tracking_Number:tracking_no:V'),(17,3,'contactdetails:firstname:Contacts_First_Name:firstname:V'),(17,4,'contactdetails:lastname:Contacts_Last_Name:lastname:V'),(17,5,'contactsubdetails:leadsource:Contacts_Lead_Source:leadsource:V'),(17,6,'contactdetails:email:Contacts_Email:email:V'),(18,0,'purchaseorder:subject:Orders_Subject:subject:V'),(99,99,'vendorRel:vendorname:Orders_Vendor_Name:vendor_id:I'),(18,2,'purchaseorder:requisition_no:Orders_Requisition_No:requisition_no:V'),(18,3,'purchaseorder:tracking_no:Orders_Tracking_Number:tracking_no:V'),(18,4,'contactdetailsOrders:lastname:Orders_Contact_Name:contact_id:I'),(18,5,'purchaseorder:carrier:Orders_Carrier:carrier:V'),(18,6,'purchaseorder:salescommission:Orders_Sales_Commission:salescommission:N'),(18,7,'purchaseorder:exciseduty:Orders_Excise_Duty:exciseduty:N'),(18,8,'usersOrders:user_name:Orders_Assigned_To:assigned_user_id:V'),(19,0,'invoice:subject:Invoice_Subject:subject:V'),(19,1,'invoice:salesorderid:Invoice_Sales_Order:salesorder_id:I'),(19,2,'invoice:customerno:Invoice_Customer_No:customerno:V'),(19,3,'invoice:notes:Invoice_Notes:notes:V'),(19,4,'invoice:invoiceterms:Invoice_Invoice_Terms:invoiceterms:V'),(19,5,'invoice:exciseduty:Invoice_Excise_Duty:exciseduty:N'),(19,6,'invoice:salescommission:Invoice_Sales_Commission:salescommission:N'),(19,7,'custbranchInvoice:brname:Invoice_Account_Name:account_id:I'),(1,0,'contactdetails:lastname:Contacts_Last_Name:lastname:V'),(1,1,'contactdetails:firstname:Contacts_First_Name:firstname:V'),(1,2,'contactsubdetails:leadsource:Contacts_Lead_Source:leadsource:V'),(1,3,'accountContacts:brname:Contacts_Account_Name:account_id:I'),(1,4,'custbranch:industry:Accounts_industry:industry:V'),(1,5,'contactdetails:email:Contacts_Email:email:V'),(22,0,'custbranch:brname:Accounts_Account_Name:brname:V'),(22,1,'custbranch:industry:Accounts_Industry:industry:V'),(22,2,'custbranch:account_type:Accounts_Type:accounttype:V'),(22,3,'usersAccounts:user_name:Accounts_Assigned_To:assigned_user_id:V'),(22,4,'custbranch:area:Accounts_Sales_Area:area:V'),(22,5,'custbranch:salesman:Accounts_Sales_person:salesman:V'),(22,6,'custbranch:defaultlocation:Accounts_Stock_location:defaultlocation:V'),(22,7,'custbranch:taxgroupid:Accounts_Tax_group:taxgroupid:I'),(22,8,'custbranch:currcode:Accounts_Currency:currcode:V'),(23,0,'custbranch:brname:Accounts_Account_Name:brname:V'),(23,1,'custbranch:industry:Accounts_Industry:industry:V'),(23,2,'custbranch:account_type:Accounts_Type:accounttype:V'),(23,3,'usersAccounts:user_name:Accounts_Assigned_To:assigned_user_id:V'),(23,4,'custbranch:area:Accounts_Sales_Area:area:V'),(23,5,'custbranch:salesman:Accounts_Sales_person:salesman:V'),(23,6,'custbranch:defaultlocation:Accounts_Stock_location:defaultlocation:V'),(23,7,'custbranch:defaultshipvia:Accounts_Default_Freight_Company:defaultshipvia:I'),(23,8,'custbranch:currcode:Accounts_Currency:currcode:V'),(23,9,'custbranch:braddress3:Accounts_City:bill_city:V'),(23,10,'custbranch:braddress4:Accounts_State:bill_state:V'),(23,11,'accountscf:cf_374:Accounts_Preferred_Language:cf_374:V'),(24,0,'custbranch:brname:Accounts_Account_Name:brname:V'),(24,1,'custbranch:industry:Accounts_Industry:industry:V'),(24,2,'custbranch:account_type:Accounts_Type:accounttype:V'),(24,3,'usersAccounts:user_name:Accounts_Assigned_To:assigned_user_id:V'),(24,4,'custbranch:area:Accounts_Sales_Area:area:V'),(24,5,'custbranch:salesman:Accounts_Sales_person:salesman:V'),(24,6,'custbranch:defaultlocation:Accounts_Stock_location:defaultlocation:V'),(24,7,'custbranch:defaultshipvia:Accounts_Default_Freight_Company:defaultshipvia:I'),(24,8,'custbranch:currcode:Accounts_Currency:currcode:V'),(25,0,'custbranch:brname:Accounts_Account_Name:brname:V'),(25,1,'custbranch:industry:Accounts_Industry:industry:V'),(25,2,'custbranch:account_type:Accounts_Type:accounttype:V'),(25,3,'usersAccounts:user_name:Accounts_Assigned_To:assigned_user_id:V'),(25,4,'custbranch:area:Accounts_Sales_Area:area:V'),(25,5,'custbranch:salesman:Accounts_Sales_person:salesman:V'),(25,6,'custbranch:defaultlocation:Accounts_Stock_location:defaultlocation:V'),(25,7,'custbranch:defaultshipvia:Accounts_Default_Freight_Company:defaultshipvia:I'),(25,8,'custbranch:currcode:Accounts_Currency:currcode:V'),(26,0,'custbranch:brname:Accounts_Account_Name:brname:V'),(26,1,'custbranch:industry:Accounts_Industry:industry:V'),(26,2,'custbranch:account_type:Accounts_Type:accounttype:V'),(26,3,'usersAccounts:user_name:Accounts_Assigned_To:assigned_user_id:V'),(26,4,'custbranch:area:Accounts_Sales_Area:area:V'),(26,5,'custbranch:salesman:Accounts_Sales_person:salesman:V'),(26,6,'custbranch:defaultlocation:Accounts_Stock_location:defaultlocation:V'),(26,7,'custbranch:defaultshipvia:Accounts_Default_Freight_Company:defaultshipvia:I'),(26,8,'custbranch:currcode:Accounts_Currency:currcode:V'),(27,0,'custbranch:brname:Accounts_Account_Name:brname:V'),(27,1,'custbranch:rating:Accounts_Rating:rating:V'),(27,2,'custbranch:account_type:Accounts_Type:accounttype:V'),(27,3,'usersAccounts:user_name:Accounts_Assigned_To:assigned_user_id:V'),(27,4,'custbranch:area:Accounts_Sales_Area:area:V'),(27,5,'custbranch:salesman:Accounts_Sales_person:salesman:V'),(27,6,'custbranch:defaultlocation:Accounts_Stock_location:defaultlocation:V'),(27,7,'custbranch:defaultshipvia:Accounts_Default_Freight_Company:defaultshipvia:I'),(27,8,'custbranch:currcode:Accounts_Currency:currcode:V'),(28,0,'custbranch:brname:Accounts_Account_Name:brname:V'),(28,1,'custbranch:rating:Accounts_Rating:rating:V'),(28,2,'custbranch:account_type:Accounts_Type:accounttype:V'),(28,3,'usersAccounts:user_name:Accounts_Assigned_To:assigned_user_id:V'),(28,4,'custbranch:area:Accounts_Sales_Area:area:V'),(28,5,'custbranch:salesman:Accounts_Sales_person:salesman:V'),(28,6,'custbranch:defaultlocation:Accounts_Stock_location:defaultlocation:V'),(28,7,'custbranch:defaultshipvia:Accounts_Default_Freight_Company:defaultshipvia:I'),(28,8,'custbranch:currcode:Accounts_Currency:currcode:V'),(29,0,'custbranch:brname:Accounts_Account_Name:brname:V'),(29,1,'custbranch:industry:Accounts_Industry:industry:V'),(29,2,'custbranch:account_type:Accounts_Type:accounttype:V'),(29,3,'usersAccounts:user_name:Accounts_Assigned_To:assigned_user_id:V'),(29,4,'custbranch:area:Accounts_Sales_Area:area:V'),(29,5,'custbranch:salesman:Accounts_Sales_person:salesman:V'),(29,6,'custbranch:defaultlocation:Accounts_Stock_location:defaultlocation:V'),(29,7,'custbranch:defaultshipvia:Accounts_Default_Freight_Company:defaultshipvia:I'),(29,8,'custbranch:currcode:Accounts_Currency:currcode:V'),(30,0,'custbranch:brname:Accounts_Account_Name:brname:V'),(30,1,'invoice:salesorderid:Invoice_Sales_Order:salesorder_id:I'),(30,2,'invoice:duedate:Invoice_Due_Date:duedate:D'),(8,0,'activity:subject:Activities_Subject:subject:V'),(8,1,'contactdetailsActivities:lastname:Activities_Contact_Name:contact_id:I'),(8,2,'activity:status:Activities_Status:taskstatus:V'),(8,3,'activity:priority:Activities_Priority:taskpriority:V'),(8,4,'usersActivities:user_name:Activities_Assigned_To:assigned_user_id:V');
/*!40000 ALTER TABLE `selectcolumn` ENABLE KEYS */;
UNLOCK TABLES;

--
-- Table structure for table `selectquery`
--

DROP TABLE IF EXISTS `selectquery`;
/*!40101 SET @saved_cs_client     = @@character_set_client */;
/*!40101 SET character_set_client = utf8 */;
CREATE TABLE `selectquery` (
  `queryid` int(19) NOT NULL DEFAULT '0',
  `startindex` int(19) DEFAULT '0',
  `numofobjects` int(19) DEFAULT '0',
  PRIMARY KEY (`queryid`)
) ENGINE=MyISAM DEFAULT CHARSET=latin1;
/*!40101 SET character_set_client = @saved_cs_client */;

--
-- Dumping data for table `selectquery`
--

LOCK TABLES `selectquery` WRITE;
/*!40000 ALTER TABLE `selectquery` DISABLE KEYS */;
INSERT INTO `selectquery` VALUES (1,0,0),(2,0,0),(3,0,0),(4,0,0),(5,0,0),(6,0,0),(7,0,0),(8,0,0),(9,0,0),(10,0,0),(11,0,0),(12,0,0),(13,0,0),(14,0,0),(15,0,0),(16,0,0),(17,0,0),(18,0,0),(19,0,0),(22,0,0),(23,0,0),(24,0,0),(25,0,0),(26,0,0),(27,0,0),(28,0,0),(29,0,0),(30,0,0);
/*!40000 ALTER TABLE `selectquery` ENABLE KEYS */;
UNLOCK TABLES;

--
-- Table structure for table `selectquery_seq`
--

DROP TABLE IF EXISTS `selectquery_seq`;
/*!40101 SET @saved_cs_client     = @@character_set_client */;
/*!40101 SET character_set_client = utf8 */;
CREATE TABLE `selectquery_seq` (
  `id` int(11) NOT NULL DEFAULT '0'
) ENGINE=MyISAM DEFAULT CHARSET=latin1;
/*!40101 SET character_set_client = @saved_cs_client */;

--
-- Dumping data for table `selectquery_seq`
--

LOCK TABLES `selectquery_seq` WRITE;
/*!40000 ALTER TABLE `selectquery_seq` DISABLE KEYS */;
INSERT INTO `selectquery_seq` VALUES (30);
/*!40000 ALTER TABLE `selectquery_seq` ENABLE KEYS */;
UNLOCK TABLES;

--
-- Table structure for table `senotesrel`
--

DROP TABLE IF EXISTS `senotesrel`;
/*!40101 SET @saved_cs_client     = @@character_set_client */;
/*!40101 SET character_set_client = utf8 */;
CREATE TABLE `senotesrel` (
  `crmid` int(19) NOT NULL DEFAULT '0',
  `notesid` int(19) NOT NULL DEFAULT '0',
  PRIMARY KEY (`crmid`,`notesid`),
  KEY `SeNotesRel_IDX0` (`notesid`),
  KEY `SeNotesRel_IDX1` (`crmid`),
  CONSTRAINT `fk_SeNotesRel` FOREIGN KEY (`notesid`) REFERENCES `notes` (`notesid`) ON DELETE CASCADE,
  CONSTRAINT `fk_SeNotesRel2` FOREIGN KEY (`crmid`) REFERENCES `crmentity` (`crmid`) ON DELETE CASCADE
) ENGINE=InnoDB DEFAULT CHARSET=latin1;
/*!40101 SET character_set_client = @saved_cs_client */;

--
-- Dumping data for table `senotesrel`
--

LOCK TABLES `senotesrel` WRITE;
/*!40000 ALTER TABLE `senotesrel` DISABLE KEYS */;
/*!40000 ALTER TABLE `senotesrel` ENABLE KEYS */;
UNLOCK TABLES;

--
-- Table structure for table `seproductsrel`
--

DROP TABLE IF EXISTS `seproductsrel`;
/*!40101 SET @saved_cs_client     = @@character_set_client */;
/*!40101 SET character_set_client = utf8 */;
CREATE TABLE `seproductsrel` (
  `crmid` int(19) NOT NULL DEFAULT '0',
  `productid` int(19) NOT NULL DEFAULT '0',
  PRIMARY KEY (`crmid`,`productid`),
  KEY `SeProductsRel_IDX0` (`productid`),
  KEY `SeProductRel_IDX1` (`crmid`),
  CONSTRAINT `fk_SeProductsRel1` FOREIGN KEY (`crmid`) REFERENCES `crmentity` (`crmid`) ON DELETE CASCADE,
  CONSTRAINT `fk_SeProductsRel2` FOREIGN KEY (`productid`) REFERENCES `stockmaster` (`productid`) ON DELETE CASCADE
) ENGINE=InnoDB DEFAULT CHARSET=latin1;
/*!40101 SET character_set_client = @saved_cs_client */;

--
-- Dumping data for table `seproductsrel`
--

LOCK TABLES `seproductsrel` WRITE;
/*!40000 ALTER TABLE `seproductsrel` DISABLE KEYS */;
/*!40000 ALTER TABLE `seproductsrel` ENABLE KEYS */;
UNLOCK TABLES;

--
-- Table structure for table `seticketsrel`
--

DROP TABLE IF EXISTS `seticketsrel`;
/*!40101 SET @saved_cs_client     = @@character_set_client */;
/*!40101 SET character_set_client = utf8 */;
CREATE TABLE `seticketsrel` (
  `crmid` int(19) NOT NULL DEFAULT '0',
  `ticketid` int(19) NOT NULL DEFAULT '0',
  PRIMARY KEY (`crmid`,`ticketid`),
  KEY `SeTicketsRel_IDX1` (`crmid`),
  KEY `SeTicketsRel_IDX0` (`ticketid`),
  CONSTRAINT `fk_SeTicketsRel1` FOREIGN KEY (`crmid`) REFERENCES `crmentity` (`crmid`) ON DELETE CASCADE,
  CONSTRAINT `fk_SeTicketsRel2` FOREIGN KEY (`ticketid`) REFERENCES `troubletickets` (`ticketid`) ON DELETE CASCADE
) ENGINE=InnoDB DEFAULT CHARSET=latin1;
/*!40101 SET character_set_client = @saved_cs_client */;

--
-- Dumping data for table `seticketsrel`
--

LOCK TABLES `seticketsrel` WRITE;
/*!40000 ALTER TABLE `seticketsrel` DISABLE KEYS */;
/*!40000 ALTER TABLE `seticketsrel` ENABLE KEYS */;
UNLOCK TABLES;

--
-- Table structure for table `shipmentcharges`
--

DROP TABLE IF EXISTS `shipmentcharges`;
/*!40101 SET @saved_cs_client     = @@character_set_client */;
/*!40101 SET character_set_client = utf8 */;
CREATE TABLE `shipmentcharges` (
  `shiptchgid` int(11) NOT NULL AUTO_INCREMENT,
  `shiptref` int(11) NOT NULL DEFAULT '0',
  `transtype` smallint(6) NOT NULL DEFAULT '0',
  `transno` int(11) NOT NULL DEFAULT '0',
  `stockid` varchar(20) NOT NULL DEFAULT '',
  `value` double NOT NULL DEFAULT '0',
  `invoicetype` varchar(200) DEFAULT NULL,
  PRIMARY KEY (`shiptchgid`),
  KEY `TransType` (`transtype`,`transno`),
  KEY `ShiptRef` (`shiptref`),
  KEY `StockID` (`stockid`),
  KEY `TransType_2` (`transtype`),
  CONSTRAINT `shipmentcharges_ibfk_1` FOREIGN KEY (`shiptref`) REFERENCES `shipments` (`shiptref`),
  CONSTRAINT `shipmentcharges_ibfk_2` FOREIGN KEY (`transtype`) REFERENCES `systypes` (`typeid`)
) ENGINE=InnoDB DEFAULT CHARSET=latin1;
/*!40101 SET character_set_client = @saved_cs_client */;

--
-- Dumping data for table `shipmentcharges`
--

LOCK TABLES `shipmentcharges` WRITE;
/*!40000 ALTER TABLE `shipmentcharges` DISABLE KEYS */;
/*!40000 ALTER TABLE `shipmentcharges` ENABLE KEYS */;
UNLOCK TABLES;

--
-- Table structure for table `shipments`
--

DROP TABLE IF EXISTS `shipments`;
/*!40101 SET @saved_cs_client     = @@character_set_client */;
/*!40101 SET character_set_client = utf8 */;
CREATE TABLE `shipments` (
  `shiptref` int(11) NOT NULL DEFAULT '0',
  `voyageref` varchar(20) NOT NULL DEFAULT '0',
  `vessel` varchar(50) NOT NULL DEFAULT '',
  `eta` datetime NOT NULL DEFAULT '0000-00-00 00:00:00',
  `accumvalue` double NOT NULL DEFAULT '0',
  `supplierid` varchar(10) NOT NULL DEFAULT '',
  `closed` tinyint(4) NOT NULL DEFAULT '0',
  `allowprint` tinyint(4) NOT NULL DEFAULT '1',
  `dateprinted` datetime DEFAULT NULL,
  `initdate` datetime DEFAULT NULL,
  `reqdate` datetime DEFAULT NULL,
  `initiator` varchar(30) DEFAULT NULL,
  `comments` longblob,
  `invoicetype` varchar(200) NOT NULL DEFAULT '',
  `requisitionno` varchar(30) DEFAULT NULL,
  PRIMARY KEY (`shiptref`),
  KEY `ETA` (`eta`),
  KEY `SupplierID` (`supplierid`),
  KEY `ShipperRef` (`voyageref`),
  KEY `Vessel` (`vessel`),
  CONSTRAINT `shipments_ibfk_1` FOREIGN KEY (`supplierid`) REFERENCES `suppliers` (`supplierid`)
) ENGINE=InnoDB DEFAULT CHARSET=latin1;
/*!40101 SET character_set_client = @saved_cs_client */;

--
-- Dumping data for table `shipments`
--

LOCK TABLES `shipments` WRITE;
/*!40000 ALTER TABLE `shipments` DISABLE KEYS */;
/*!40000 ALTER TABLE `shipments` ENABLE KEYS */;
UNLOCK TABLES;

--
-- Table structure for table `shippers`
--

DROP TABLE IF EXISTS `shippers`;
/*!40101 SET @saved_cs_client     = @@character_set_client */;
/*!40101 SET character_set_client = utf8 */;
CREATE TABLE `shippers` (
  `shipper_id` int(11) NOT NULL AUTO_INCREMENT,
  `shippername` char(40) NOT NULL DEFAULT '',
  `mincharge` double NOT NULL DEFAULT '0',
  PRIMARY KEY (`shipper_id`)
) ENGINE=InnoDB AUTO_INCREMENT=6 DEFAULT CHARSET=latin1;
/*!40101 SET character_set_client = @saved_cs_client */;

--
-- Dumping data for table `shippers`
--

LOCK TABLES `shippers` WRITE;
/*!40000 ALTER TABLE `shippers` DISABLE KEYS */;
INSERT INTO `shippers` VALUES (1,'Fedex',0),(2,'UPS',0),(3,'DHL',0),(4,'Canada Post',0),(5,'Pick Up',0);
/*!40000 ALTER TABLE `shippers` ENABLE KEYS */;
UNLOCK TABLES;

--
-- Table structure for table `so_seq`
--

DROP TABLE IF EXISTS `so_seq`;
/*!40101 SET @saved_cs_client     = @@character_set_client */;
/*!40101 SET character_set_client = utf8 */;
CREATE TABLE `so_seq` (
  `soid` int(6) NOT NULL DEFAULT '0',
  PRIMARY KEY (`soid`)
) ENGINE=MyISAM DEFAULT CHARSET=latin1;
/*!40101 SET character_set_client = @saved_cs_client */;

--
-- Dumping data for table `so_seq`
--

LOCK TABLES `so_seq` WRITE;
/*!40000 ALTER TABLE `so_seq` DISABLE KEYS */;
INSERT INTO `so_seq` VALUES (1025);
/*!40000 ALTER TABLE `so_seq` ENABLE KEYS */;
UNLOCK TABLES;

--
-- Table structure for table `sobillads`
--

DROP TABLE IF EXISTS `sobillads`;
/*!40101 SET @saved_cs_client     = @@character_set_client */;
/*!40101 SET character_set_client = utf8 */;
CREATE TABLE `sobillads` (
  `sobilladdressid` int(19) NOT NULL DEFAULT '0',
  `bill_city` varchar(30) DEFAULT NULL,
  `bill_code` varchar(30) DEFAULT NULL,
  `bill_country` varchar(30) DEFAULT NULL,
  `bill_state` varchar(30) DEFAULT NULL,
  `bill_street` varchar(250) DEFAULT NULL,
  `bill_street2` varchar(250) DEFAULT NULL,
  PRIMARY KEY (`sobilladdressid`),
  CONSTRAINT `fk_SoBillAds` FOREIGN KEY (`sobilladdressid`) REFERENCES `salesorders` (`salesorderid`) ON DELETE CASCADE
) ENGINE=InnoDB DEFAULT CHARSET=latin1;
/*!40101 SET character_set_client = @saved_cs_client */;

--
-- Dumping data for table `sobillads`
--

LOCK TABLES `sobillads` WRITE;
/*!40000 ALTER TABLE `sobillads` DISABLE KEYS */;
INSERT INTO `sobillads` VALUES (1066,'Ottawa','K1Z 5B7','CAN','ON','285 Churchill Ave. N.',''),(1067,'Ottawa','K1Z 5B7','CAN','ON','285 Churchill Ave. N.',''),(1072,'Ottawa','Ontaio','CAN','AB','3  Ridgeburngate',''),(1078,'Ottawa','k1b4c1','CAN','AB','3 Ridgeburn Gate',''),(1079,'Ottawa','k1b4c1','CAN','AB','3 Ridgeburn Gate',''),(1082,'Ottawa','K1Z 5B7','CAN','ON','285 Churchill AVe.',''),(1083,'Ottawa','K1Z 5B7','CAN','ON','285 Churchill Ave. N.',''),(1086,'Ottawa','K1Z 1Z1','CAN','ON','1234 Main Street',''),(1089,'Ottawa','k1b4c1','CAN','AB','3 ridgeburn Gate',''),(1090,'Ottawa','k1b4c1','CAN','AB','3 ridgeburn Gate',''),(1091,'Ottawa','k1b4c1','CAN','AB','3 ridgeburn Gate',''),(1092,'Ottawa','k1b4c1','CAN','AB','3 ridgeburn Gate',''),(1093,'Ottawa','Ontaio','CAN','AB','3  Ridgeburngate',''),(1096,'Ottawa','K1Z 5B7','CAN','ON','285 Churchill Ave. N.',''),(1097,'Ottawa','K1Z 5B7','CAN','ON','285 Churchill Ave. N.',''),(1098,'Ottawa','K1Z 5B7','CAN','ON','285 Churchill Ave. N.',''),(1099,'Ottawa','K1Z 5B7','CAN','ON','285 Churchill Ave. N.',''),(1100,'Ottawa','K1Z 5B7','CAN','ON','285 Churchill Ave. N.',''),(1101,'Ottawa','K1Z 5B7','CAN','ON','285 Churchill Ave. N.',''),(1102,'Ottawa','K1Z 5B7','CAN','ON','285 Churchill Ave. N.',''),(1105,'Ottawa','K1Z 5B7','CAN','ON','1234 Main',''),(1107,'Ottawa','K1Z 5B7','CAN','ON','1234 Main',''),(1108,'Ottawa','K1Z 5B7','CAN','ON','1234 Main',''),(1111,'Ottawa','K1A 1A1','CAN','ON','1234 Main Street',''),(1116,'Ottawa','K1A 1A1','CAN','ON','1234 Main Street',''),(1120,'Ottawa','ontario','CAN','AB','3 ridgeBurn gate',''),(1123,'Ottawa','K1A1A1','CAN','ON','1234 Main',''),(1124,'Ottawa','K1A1A1','CAN','ON','1234 Main',''),(1130,'Ottawa','K1Z5B7','CAN','ON','1234 Main St.',''),(1133,'Gloucester','k1b4c1','CAN','AB','3 ridgebun Gate',''),(1157,'Ottawa','Ontaio','CAN','AB','3  Ridgeburngate',''),(1158,'Gloucester','k1b4c1','CAN','AB','3 ridgebun Gate',''),(1177,'Montreal','H5J R3R','Quebec','QC','9754 Mont Royal',''),(1178,'Montreal','H5J R3R','Quebec','QC','9754 Mont Royal',''),(1186,'Ottawa','k1b4c1','CAN','AB','3 ridgeburn',''),(1187,'Ottawa','k1b4c1','CAN','AB','3 ridgeburn',''),(1189,'Ottawa','k1b4c1','CAN','AB','3 ridgeburn',''),(1190,'Ottawa','k1b4c1','CAN','AB','3 ridgeburn',''),(1191,'Ottawa','K1Z 5B7','CAN','ON','285 Churchill AVe.',''),(1192,'Ottawa','k1b4c1','CAN','AB','3 ridgeburn',''),(1194,'Ottawa','k1b4c1','CAN','AB','3 ridgeburn',''),(1200,'windermere','','BC','','26 Main',''),(1202,'windermere','','BC','','26 Main',''),(1203,'windermere','','BC','','26 Main',''),(1206,'Ottawa','K1Z 5B7','CAN','ON','285 Churchill Ave. N.',''),(1207,'Ottawa','k1b4c1','CAN','AB','3 ridgeburn Gate',''),(1208,'Ottawa','K1Z 5B7','CAN','ON','285 Churchill Ave. N.',''),(1209,'Gloucester','k1b4c1','CAN','AB','3 ridgebun Gate',''),(1215,'Nashvile','','','Tensses','12 Main',''),(1229,'Toronto','M5S 2T3','Canada','ON','1456 Bathurst Ave.','Second Floor'),(1232,'Ottawa','ontario','CAN','AB','4 woodbuirn',''),(1233,'Ottawa','ontario','CAN','AB','4 woodbuirn',''),(1234,'Ottawa','ontario','CAN','AB','4 woodbuirn',''),(1235,'Ottawa','ontario','CAN','AB','4 woodbuirn',''),(1236,'Ottawa','ontario','CAN','AB','4 woodbuirn',''),(1237,'Ottawa','ontario','CAN','AB','4 woodbuirn',''),(1240,'Ottawa','k1b4c1','CAN','ON','3 ridgeburn',''),(1241,'Montreal','H5J R3R','Quebec','QC','9754 Mont Royal',''),(1242,'Montreal','H5J R3R','Quebec','QC','9754 Mont Royal',''),(1244,'','','','','9754 Mont Royal',''),(1245,'Ottawa','ontario','CAN','AB','4 woodbuirn',''),(1250,'Childs','','use','Ohio','348 Main',''),(1251,'Ottawa','ontario','CAN','AB','4 woodbuirn',''),(1252,'Ottawa','ontario','CAN','AB','4 woodbuirn',''),(1253,'Ottawa','ontario','CAN','AB','4 woodbuirn',''),(1256,'Nashvile','Tn','USA','AL','40 wood',''),(1261,'Windermere','k1b4c1','','bc','1178 Main',''),(1262,'Windermere','k1b4c1','','bc','1178 Main','');
/*!40000 ALTER TABLE `sobillads` ENABLE KEYS */;
UNLOCK TABLES;

--
-- Table structure for table `soproductrel`
--

DROP TABLE IF EXISTS `soproductrel`;
/*!40101 SET @saved_cs_client     = @@character_set_client */;
/*!40101 SET character_set_client = utf8 */;
CREATE TABLE `soproductrel` (
  `salesorderid` int(19) NOT NULL DEFAULT '0',
  `productid` int(19) NOT NULL DEFAULT '0',
  `quantity` int(19) DEFAULT NULL,
  `listprice` decimal(11,3) DEFAULT NULL,
  PRIMARY KEY (`salesorderid`,`productid`),
  KEY `SoProductRel_IDX0` (`salesorderid`),
  KEY `SoProductRel_IDX1` (`productid`),
  CONSTRAINT `fk_SoProductRel` FOREIGN KEY (`salesorderid`) REFERENCES `salesorders` (`salesorderid`) ON DELETE CASCADE,
  CONSTRAINT `fk_SoProductRel2` FOREIGN KEY (`productid`) REFERENCES `stockmaster` (`productid`) ON DELETE CASCADE
) ENGINE=InnoDB DEFAULT CHARSET=latin1;
/*!40101 SET character_set_client = @saved_cs_client */;

--
-- Dumping data for table `soproductrel`
--

LOCK TABLES `soproductrel` WRITE;
/*!40000 ALTER TABLE `soproductrel` DISABLE KEYS */;
/*!40000 ALTER TABLE `soproductrel` ENABLE KEYS */;
UNLOCK TABLES;

--
-- Table structure for table `soshipads`
--

DROP TABLE IF EXISTS `soshipads`;
/*!40101 SET @saved_cs_client     = @@character_set_client */;
/*!40101 SET character_set_client = utf8 */;
CREATE TABLE `soshipads` (
  `soshipaddressid` int(19) NOT NULL DEFAULT '0',
  `ship_city` varchar(30) DEFAULT NULL,
  `ship_code` varchar(30) DEFAULT NULL,
  `ship_country` varchar(30) DEFAULT NULL,
  `ship_state` varchar(30) DEFAULT NULL,
  `ship_street` varchar(250) DEFAULT NULL,
  `ship_street2` varchar(250) DEFAULT NULL,
  PRIMARY KEY (`soshipaddressid`),
  CONSTRAINT `fk_SoShipAds` FOREIGN KEY (`soshipaddressid`) REFERENCES `salesorders` (`salesorderid`) ON DELETE CASCADE
) ENGINE=InnoDB DEFAULT CHARSET=latin1;
/*!40101 SET character_set_client = @saved_cs_client */;

--
-- Dumping data for table `soshipads`
--

LOCK TABLES `soshipads` WRITE;
/*!40000 ALTER TABLE `soshipads` DISABLE KEYS */;
/*!40000 ALTER TABLE `soshipads` ENABLE KEYS */;
UNLOCK TABLES;

--
-- Table structure for table `sostatus`
--

DROP TABLE IF EXISTS `sostatus`;
/*!40101 SET @saved_cs_client     = @@character_set_client */;
/*!40101 SET character_set_client = utf8 */;
CREATE TABLE `sostatus` (
  `sostatusid` int(19) NOT NULL AUTO_INCREMENT,
  `sostatus` varchar(200) NOT NULL DEFAULT '',
  `sortorderid` int(19) NOT NULL DEFAULT '0',
  `presence` int(1) NOT NULL DEFAULT '1',
  PRIMARY KEY (`sostatusid`),
  UNIQUE KEY `sostatus_UK0` (`sostatus`)
) ENGINE=InnoDB AUTO_INCREMENT=6 DEFAULT CHARSET=latin1;
/*!40101 SET character_set_client = @saved_cs_client */;

--
-- Dumping data for table `sostatus`
--

LOCK TABLES `sostatus` WRITE;
/*!40000 ALTER TABLE `sostatus` DISABLE KEYS */;
INSERT INTO `sostatus` VALUES (1,'Created',0,1),(2,'Approved',1,1),(3,'Delivered',2,1),(4,'Partial Delivery',3,1),(5,'Canceled',4,1);
/*!40000 ALTER TABLE `sostatus` ENABLE KEYS */;
UNLOCK TABLES;

--
-- Table structure for table `stockcategory`
--

DROP TABLE IF EXISTS `stockcategory`;
/*!40101 SET @saved_cs_client     = @@character_set_client */;
/*!40101 SET character_set_client = utf8 */;
CREATE TABLE `stockcategory` (
  `categoryid` char(6) NOT NULL DEFAULT '',
  `categorydescription` char(20) NOT NULL DEFAULT '',
  `stocktype` char(1) NOT NULL DEFAULT 'F',
  `stockact` int(11) NOT NULL DEFAULT '0',
  `adjglact` int(11) NOT NULL DEFAULT '0',
  `purchpricevaract` int(11) NOT NULL DEFAULT '80000',
  `materialuseagevarac` int(11) NOT NULL DEFAULT '80000',
  `wipact` int(11) NOT NULL DEFAULT '0',
  PRIMARY KEY (`categoryid`),
  KEY `CategoryDescription` (`categorydescription`),
  KEY `StockType` (`stocktype`)
) ENGINE=InnoDB DEFAULT CHARSET=latin1;
/*!40101 SET character_set_client = @saved_cs_client */;

--
-- Dumping data for table `stockcategory`
--

LOCK TABLES `stockcategory` WRITE;
/*!40000 ALTER TABLE `stockcategory` DISABLE KEYS */;
INSERT INTO `stockcategory` VALUES ('CAR','Cars','F',1010,4100,1010,4100,1010),('CARPA','Car Parts','F',1010,4100,1010,4100,1010),('CARPRT','Car Parts','F',1010,4100,1010,4100,1010),('GT','Our Services','F',1510,5100,1510,5100,1510),('HT','Our Products','F',1510,5100,1510,5100,1510),('IT','Indoor Tools','F',1510,5100,1510,5100,1510),('OT','Outdoor Tools','F',1510,5100,1510,5100,1510),('PBX1','rffjk','F',1010,4100,1010,4100,1010),('PET','mdkm,','F',1010,4100,1010,4100,1010),('PET1','dn','F',1010,4100,1010,4100,1010),('PET2','tyest','F',1010,4100,1010,4100,1010),('PHO_PB','VOIP','F',1010,4100,1010,4100,1010),('POWER','power inverter','F',1010,4100,1010,4100,1010),('PT','Power Tools','F',1510,5100,1510,5100,1510),('PT103','TEST','F',1010,4100,1010,4100,1010),('RM','Raw Materials','M',1510,5100,1510,5100,1510),('TE','','F',1010,4100,1010,4100,1010),('TES','ke','F',1010,4100,1010,4100,1010),('TES8','ey','F',1010,4100,1010,4100,1010),('TEST','test','F',1010,4100,1010,4100,1010),('TEST7','TEST','F',1010,4100,1010,4100,1010),('TRE','TEE','F',1010,4100,1010,4100,1010),('VJ102','FBN','F',1010,4615,1010,4100,1010),('VOIP','Voip','F',1010,4100,1010,4100,1010);
/*!40000 ALTER TABLE `stockcategory` ENABLE KEYS */;
UNLOCK TABLES;

--
-- Table structure for table `stockcheckfreeze`
--

DROP TABLE IF EXISTS `stockcheckfreeze`;
/*!40101 SET @saved_cs_client     = @@character_set_client */;
/*!40101 SET character_set_client = utf8 */;
CREATE TABLE `stockcheckfreeze` (
  `stockid` varchar(20) NOT NULL DEFAULT '',
  `loccode` varchar(5) NOT NULL DEFAULT '',
  `qoh` double NOT NULL DEFAULT '0',
  PRIMARY KEY (`stockid`),
  KEY `LocCode` (`loccode`),
  CONSTRAINT `stockcheckfreeze_ibfk_1` FOREIGN KEY (`stockid`) REFERENCES `stockmaster` (`stockid`),
  CONSTRAINT `stockcheckfreeze_ibfk_2` FOREIGN KEY (`loccode`) REFERENCES `locations` (`loccode`)
) ENGINE=InnoDB DEFAULT CHARSET=latin1;
/*!40101 SET character_set_client = @saved_cs_client */;

--
-- Dumping data for table `stockcheckfreeze`
--

LOCK TABLES `stockcheckfreeze` WRITE;
/*!40000 ALTER TABLE `stockcheckfreeze` DISABLE KEYS */;
INSERT INTO `stockcheckfreeze` VALUES ('G01','HQ',0),('G01-01','HQ',0),('G01-02','HQ',0),('G01-03','HQ',0),('G03','HQ',-4),('G04','HQ',0),('GOLFTDI','HQ',0),('H01','HQ',0),('H02','HQ',0),('L01','HQ',0),('L02','HQ',0),('L03','HQ',0),('P01','HQ',0),('P02','HQ',6),('P03','HQ',1),('P04','HQ',0),('POW03','HQ',-6),('POWER030','HQ',0),('PW3502','HQ',-12),('R01-H01','HQ',0),('R02-H01','HQ',0),('R03-H02','HQ',27),('R04-H02','HQ',0),('S01','HQ',0),('TEST-132','HQ',0),('TURBO','HQ',0),('TURBO-TEST','HQ',0),('VW-001-03','HQ',0);
/*!40000 ALTER TABLE `stockcheckfreeze` ENABLE KEYS */;
UNLOCK TABLES;

--
-- Table structure for table `stockcounts`
--

DROP TABLE IF EXISTS `stockcounts`;
/*!40101 SET @saved_cs_client     = @@character_set_client */;
/*!40101 SET character_set_client = utf8 */;
CREATE TABLE `stockcounts` (
  `id` int(11) NOT NULL AUTO_INCREMENT,
  `stockid` varchar(20) NOT NULL DEFAULT '',
  `loccode` varchar(5) NOT NULL DEFAULT '',
  `qtycounted` double NOT NULL DEFAULT '0',
  `reference` varchar(20) NOT NULL DEFAULT '',
  PRIMARY KEY (`id`),
  KEY `StockID` (`stockid`),
  KEY `LocCode` (`loccode`),
  CONSTRAINT `stockcounts_ibfk_1` FOREIGN KEY (`stockid`) REFERENCES `stockmaster` (`stockid`),
  CONSTRAINT `stockcounts_ibfk_2` FOREIGN KEY (`loccode`) REFERENCES `locations` (`loccode`)
) ENGINE=InnoDB DEFAULT CHARSET=latin1;
/*!40101 SET character_set_client = @saved_cs_client */;

--
-- Dumping data for table `stockcounts`
--

LOCK TABLES `stockcounts` WRITE;
/*!40000 ALTER TABLE `stockcounts` DISABLE KEYS */;
/*!40000 ALTER TABLE `stockcounts` ENABLE KEYS */;
UNLOCK TABLES;

--
-- Table structure for table `stockmaster`
--

DROP TABLE IF EXISTS `stockmaster`;
/*!40101 SET @saved_cs_client     = @@character_set_client */;
/*!40101 SET character_set_client = utf8 */;
CREATE TABLE `stockmaster` (
  `stockid` varchar(20) NOT NULL DEFAULT '',
  `categoryid` varchar(6) NOT NULL DEFAULT '',
  `description` varchar(50) NOT NULL DEFAULT '',
  `longdescription` text NOT NULL,
  `units` varchar(20) NOT NULL DEFAULT 'each',
  `mbflag` char(1) NOT NULL DEFAULT 'B',
  `lastcurcostdate` date NOT NULL DEFAULT '1800-01-01',
  `actualcost` decimal(20,4) NOT NULL DEFAULT '0.0000',
  `lastcost` decimal(20,4) NOT NULL DEFAULT '0.0000',
  `materialcost` decimal(20,4) NOT NULL DEFAULT '0.0000',
  `labourcost` decimal(20,4) NOT NULL DEFAULT '0.0000',
  `overheadcost` decimal(20,4) NOT NULL DEFAULT '0.0000',
  `lowestlevel` smallint(6) NOT NULL DEFAULT '0',
  `discontinued` tinyint(4) NOT NULL DEFAULT '0',
  `controlled` tinyint(4) NOT NULL DEFAULT '0',
  `eoq` double NOT NULL DEFAULT '0',
  `volume` decimal(20,4) NOT NULL DEFAULT '0.0000',
  `kgs` decimal(20,4) NOT NULL DEFAULT '0.0000',
  `barcode` varchar(50) NOT NULL DEFAULT '',
  `discountcategory` char(2) NOT NULL DEFAULT '',
  `taxcatid` tinyint(4) NOT NULL DEFAULT '1',
  `serialised` tinyint(4) NOT NULL DEFAULT '0',
  `decimalplaces` tinyint(4) NOT NULL DEFAULT '0',
  `productid` int(11) NOT NULL DEFAULT '0',
  `qty_per_unit` decimal(11,2) DEFAULT '0.00',
  `sales_start_date` date DEFAULT NULL,
  `sales_end_date` date DEFAULT NULL,
  `start_date` date DEFAULT NULL,
  `expiry_date` date DEFAULT NULL,
  `commissionrate` decimal(4,3) DEFAULT NULL,
  `commissionmethod` varchar(50) DEFAULT NULL,
  `contactid` int(11) DEFAULT NULL,
  `currency` varchar(200) DEFAULT NULL,
  `website` varchar(100) DEFAULT NULL,
  `qtyinstock` int(11) DEFAULT NULL,
  `qtyindemand` int(11) DEFAULT NULL,
  `imagename` varchar(150) DEFAULT NULL,
  `unit_price` decimal(11,2) DEFAULT NULL,
  `special` tinyint(1) NOT NULL DEFAULT '0',
  `special2` int(10) NOT NULL DEFAULT '0',
  PRIMARY KEY (`stockid`),
  KEY `CategoryID` (`categoryid`),
  KEY `Description` (`description`),
  KEY `LastCurCostDate` (`lastcurcostdate`),
  KEY `MBflag` (`mbflag`),
  KEY `StockID` (`stockid`,`categoryid`),
  KEY `Controlled` (`controlled`),
  KEY `DiscountCategory` (`discountcategory`),
  KEY `taxcatid` (`taxcatid`),
  KEY `productid` (`productid`),
  CONSTRAINT `fk_productsCF` FOREIGN KEY (`productid`) REFERENCES `crmentity` (`crmid`) ON DELETE CASCADE,
  CONSTRAINT `stockmaster_ibfk_1` FOREIGN KEY (`categoryid`) REFERENCES `stockcategory` (`categoryid`),
  CONSTRAINT `stockmaster_ibfk_2` FOREIGN KEY (`taxcatid`) REFERENCES `taxcategories` (`taxcatid`)
) ENGINE=InnoDB DEFAULT CHARSET=latin1;
/*!40101 SET character_set_client = @saved_cs_client */;

--
-- Dumping data for table `stockmaster`
--

LOCK TABLES `stockmaster` WRITE;
/*!40000 ALTER TABLE `stockmaster` DISABLE KEYS */;
INSERT INTO `stockmaster` VALUES ('0001','HT','test','test 1233','10kg','B','1800-01-01',0.0000,0.0000,0.0000,0.0000,0.0000,0,0,0,3,1.0000,0.0000,'wwwtest1','',1,0,0,1125,0.00,NULL,NULL,NULL,NULL,NULL,NULL,NULL,NULL,NULL,NULL,NULL,'',NULL,0,0),('00013','HT','test','test 1233','10kg','B','1800-01-01',0.0000,0.0000,0.0000,0.0000,0.0000,0,0,0,3,1.0000,0.0000,'wwwtest1','',1,0,0,1126,0.00,NULL,NULL,NULL,NULL,NULL,NULL,NULL,NULL,NULL,NULL,NULL,'',NULL,0,0),('000133','HT','test','test 1233','10kg','B','1800-01-01',0.0000,0.0000,0.0000,0.0000,0.0000,0,0,0,3,1.0000,0.0000,'wwwtest1','',1,0,0,1127,0.00,NULL,NULL,NULL,NULL,NULL,NULL,NULL,NULL,NULL,NULL,NULL,'',NULL,0,0),('123','IT','test','tesst','','B','1800-01-01',0.0000,0.0000,0.0000,0.0000,0.0000,0,0,0,0,0.0000,0.0000,'','',1,0,0,1138,0.00,NULL,NULL,NULL,NULL,NULL,NULL,NULL,NULL,NULL,NULL,NULL,'',NULL,0,0),('1235','IT','test','tesst','','B','1800-01-01',0.0000,0.0000,0.0000,0.0000,0.0000,0,0,0,0,0.0000,0.0000,'','',1,0,0,1139,0.00,NULL,NULL,NULL,NULL,NULL,NULL,NULL,NULL,NULL,NULL,NULL,'',NULL,0,0),('485489','IT','348745','tgbikw','','B','1800-01-01',0.0000,0.0000,0.0000,0.0000,0.0000,0,0,0,39834,38.0000,38.0000,'','',1,0,0,1144,0.00,NULL,NULL,NULL,NULL,NULL,NULL,NULL,NULL,NULL,NULL,NULL,'',NULL,0,0),('55148','IT','3849','test','','B','1800-01-01',0.0000,0.0000,0.0000,0.0000,0.0000,0,0,0,0,0.0000,38754.0000,'348','48',1,0,2,1142,0.00,NULL,NULL,NULL,NULL,NULL,NULL,NULL,NULL,NULL,NULL,NULL,'',NULL,1,0),('555TEWST','IT','4u5','test','','D','1800-01-01',0.0000,0.0000,0.0000,0.0000,0.0000,0,0,0,1,13.0000,33.0000,'','',1,0,0,1141,0.00,NULL,NULL,NULL,NULL,NULL,NULL,NULL,NULL,NULL,NULL,NULL,'',NULL,0,0),('573898','IT','489','test i149i','','B','1800-01-01',0.0000,0.0000,0.0000,0.0000,0.0000,0,0,0,0,0.0000,0.0000,'','',1,0,0,1143,0.00,NULL,NULL,NULL,NULL,NULL,NULL,NULL,NULL,NULL,NULL,NULL,'',NULL,0,0),('58738','IT','test','tesst','','B','1800-01-01',0.0000,0.0000,0.0000,0.0000,0.0000,0,0,0,0,5.0000,5.0000,'','',1,0,0,1134,0.00,NULL,NULL,NULL,NULL,NULL,NULL,NULL,NULL,NULL,NULL,NULL,'',NULL,0,0),('58738-A','IT','test','tesst','','B','1800-01-01',0.0000,0.0000,0.0000,0.0000,0.0000,0,0,0,0,0.0000,0.0000,'','',1,0,0,1137,0.00,NULL,NULL,NULL,NULL,NULL,NULL,NULL,NULL,NULL,NULL,NULL,'',NULL,0,0),('587387','IT','test','tesst','','B','1800-01-01',0.0000,0.0000,0.0000,0.0000,0.0000,0,0,0,0,0.0000,0.0000,'','',1,0,0,1136,0.00,NULL,NULL,NULL,NULL,NULL,NULL,NULL,NULL,NULL,NULL,NULL,'',NULL,0,0),('ABCABD','IT','test','tesst','','B','1800-01-01',0.0000,0.0000,0.0000,0.0000,0.0000,0,0,0,0,0.0000,0.0000,'','',1,0,0,1140,0.00,NULL,NULL,NULL,NULL,NULL,NULL,NULL,NULL,NULL,NULL,NULL,'',NULL,0,0),('EMI','CAR','emi u','wemrn','','B','1800-01-01',0.0000,0.0000,0.0000,0.0000,0.0000,0,0,0,0,0.0000,0.0000,'','',1,0,0,1151,0.00,NULL,NULL,NULL,NULL,NULL,NULL,NULL,NULL,NULL,NULL,NULL,'',NULL,1,0),('ETY','CAR','ETU','etu vw 78-90','','B','1800-01-01',0.0000,0.0000,0.0000,0.0000,0.0000,0,0,0,0,0.0000,0.0000,'','',1,0,0,1150,0.00,NULL,NULL,NULL,NULL,NULL,NULL,NULL,NULL,NULL,NULL,NULL,'',NULL,1,0),('G01','HT','Tie','Tie','each','B','1800-01-01',0.0000,0.0000,0.0000,0.0000,0.0000,0,0,0,0,0.0000,0.0000,'','',1,0,0,1106,0.00,NULL,NULL,NULL,NULL,NULL,NULL,NULL,NULL,NULL,NULL,NULL,'',50.00,1,0),('G01-01','HT','Hand Shovel - Red, Small','Hand Shovel - Red, Small\r\n    *  Hand crafted handle with maximum grip torque\r\n    * Titanium tipped shovel platter\r\n    * Half degree offset for less accidents\r\n    * Includes HowTo Video narrated by Bob Costas \r\n\r\nSpecifications\r\n5\\\" Diameter\r\nTungsten handle tip with 5 point loft\r\n','each','B','1800-01-01',0.0000,0.0000,0.0000,0.0000,0.0000,0,0,1,25,0.0000,1.0000,'G01-01','',1,0,0,1037,1.00,NULL,NULL,NULL,NULL,NULL,NULL,NULL,NULL,NULL,NULL,NULL,'test/product/G01-01.jpg',5.40,1,11),('G01-02','HT','Hand Shovel - Green, Medium','Hand Shovel - Green, Medium\r\n    *  Hand crafted handle with maximum grip torque\r\n    * Titanium tipped shovel platter\r\n    * Half degree offset for less accidents\r\n    * Includes HowTo Video narrated by Bob Costas \r\n\r\nSpecifications\r\n5\\\" Diameter\r\nTungsten handle tip with 5 point loft\r\n','each','B','1800-01-01',0.0000,0.0000,18.0000,0.0000,0.0000,0,0,1,25,0.0000,1.0000,'G01-02','',1,0,0,1038,1.00,NULL,NULL,NULL,NULL,NULL,NULL,NULL,NULL,NULL,NULL,NULL,'test/product/G01-02.jpg',33.00,1,12),('G01-03','HT','Hand Shovel - Blue, Large','Hand Shovel - Blue, Large\r\n    *  Hand crafted handle with maximum grip torque\r\n    * Titanium tipped shovel platter\r\n    * Half degree offset for less accidents\r\n    * Includes HowTo Video narrated by Bob Costas \r\n\r\nSpecifications\r\n5\\\" Diameter\r\nTungsten handle tip with 5 point loft\r\n','each','B','1800-01-01',0.0000,0.0000,0.0000,0.0000,0.0000,0,0,1,25,0.0000,1.0000,'G01-03','',1,0,0,1039,1.00,NULL,NULL,NULL,NULL,NULL,NULL,NULL,NULL,NULL,NULL,NULL,'test/product/G01-03.jpg',16.23,1,13),('G03','GT','Membership','Membership','each','M','1800-01-01',0.0000,0.0000,0.0000,0.0000,0.0000,0,0,0,20,0.0000,3.0000,'G03','',1,0,0,1042,1.00,NULL,NULL,NULL,NULL,NULL,NULL,NULL,NULL,NULL,NULL,NULL,'',24.99,1,3),('G04','GT','Event Tickets','Event Tickets','each','M','1800-01-01',0.0000,0.0000,0.0000,0.0000,0.0000,0,0,1,20,0.0000,2.0000,'G04','',1,0,0,1043,1.00,NULL,NULL,NULL,NULL,NULL,NULL,NULL,NULL,NULL,NULL,NULL,'',19.99,0,4),('GOLFTDI','CAR','Golf TDI','golf\r\n','','B','1800-01-01',0.0000,0.0000,0.0000,0.0000,0.0000,0,0,0,0,0.0000,0.0000,'','',1,0,0,1168,0.00,NULL,NULL,NULL,NULL,NULL,NULL,NULL,NULL,NULL,NULL,NULL,'test/product/GOLFTDI.jpg',NULL,0,0),('H01','HT','Lapel Pin','Lapel Pin','each','M','1800-01-01',0.0000,0.0000,0.0000,0.0000,0.0000,0,0,1,25,0.0000,1.0000,'H01','',1,0,0,1040,1.00,NULL,NULL,NULL,NULL,NULL,NULL,NULL,NULL,NULL,NULL,NULL,'',29.99,1,5),('H02','HT','Mug','Coffee Mug','each','M','1800-01-01',0.0000,0.0000,0.0000,0.0000,0.0000,0,0,1,100,0.0000,1.0000,'H02','',1,0,0,1032,1.00,NULL,NULL,NULL,NULL,NULL,NULL,NULL,NULL,NULL,NULL,NULL,'',1.00,1,6),('JRTUY9','CAR','hjrj0','jodrfhjo','','B','1800-01-01',0.0000,0.0000,0.0000,0.0000,0.0000,0,0,0,0,0.0000,53.0000,'','',1,0,0,1152,0.00,NULL,NULL,NULL,NULL,NULL,NULL,NULL,NULL,NULL,NULL,NULL,'',NULL,0,0),('L01','GT','Ladder - Metal','Ladder - Metal\r\n    *  Hand crafted handle with maximum grip torque\r\n    * Titanium tipped shovel platter\r\n    * Half degree offset for less accidents\r\n    * Includes HowTo Video narrated by Bob Costas \r\n\r\nSpecifications\r\n5\\\" Diameter\r\nTungsten handle tip with 5 point loft\r\n','each','B','1800-01-01',0.0000,0.0000,0.0000,0.0000,0.0000,0,0,1,5,0.0000,10.0000,'L01','',1,1,0,1033,1.00,NULL,NULL,NULL,NULL,NULL,NULL,NULL,NULL,NULL,NULL,NULL,'test/product/L01.jpg',79.99,1,14),('L02','GT','Ladder - Wooden','Ladder - Wooden\r\n    *  Hand crafted handle with maximum grip torque\r\n    * Titanium tipped shovel platter\r\n    * Half degree offset for less accidents\r\n    * Includes HowTo Video narrated by Bob Costas \r\n\r\nSpecifications\r\n5\\\" Diameter\r\nTungsten handle tip with 5 point loft\r\n','each','B','1800-01-01',0.0000,0.0000,0.0000,0.0000,0.0000,0,0,1,5,0.0000,10.0000,'L02','',1,1,0,1034,1.00,NULL,NULL,NULL,NULL,NULL,NULL,NULL,NULL,NULL,NULL,NULL,'test/product/L02.jpg',49.99,1,16),('L03','GT','Ladder - Plastic','Ladder - Plastic\r\n    *  Hand crafted handle with maximum grip torque\r\n    * Titanium tipped shovel platter\r\n    * Half degree offset for less accidents\r\n    * Includes HowTo Video narrated by Bob Costas \r\n\r\nSpecifications\r\n5\\\" Diameter\r\nTungsten handle tip with 5 point loft\r\n','each','B','1800-01-01',0.0000,0.0000,0.0000,0.0000,0.0000,0,0,1,5,0.0000,10.0000,'L03','',1,1,0,1035,1.00,NULL,NULL,NULL,NULL,NULL,NULL,NULL,NULL,NULL,NULL,NULL,'test/product/L03.jpg',59.99,1,15),('P01','OT','Chain saw','    *  Tool-free tensioner for easy, convenient chain adjustment\r\n    * 3-Way Auto Stop; stops chain a fraction of a second\r\n    * Automatic chain oiler regulates oil for proper chain lubrication\r\n    * Small radius guide bar reduces kick-back \r\n\r\n\r\nSpecifications\r\n12.5 AMPS\r\n16\\\\\\\\\\\\\\\" Bar Length\r\n3.5 HP\r\n8.05 LBS. Weight ','each','B','1800-01-01',0.0000,0.0000,0.0000,0.0000,0.0000,0,0,1,10,0.0000,4.0000,'P01','',1,1,0,1029,1.00,NULL,NULL,NULL,NULL,NULL,NULL,NULL,NULL,NULL,NULL,NULL,'test/product/P01.jpg',149.99,0,7),('P02','PT','Circular Saw','    *  Patented Sightline; Window provides maximum visibility for straight cuts\r\n    * Adjustable dust chute for cleaner work area\r\n    * Bail handle for controlled cutting in 90 to 45 applications\r\n    * 1-1/2 to 2-1/2 lbs. lighter and 40% less noise than the average circular saw\r\n    * Includes:Carbide blade \r\n\r\n\r\nSpecifications\r\n10.0 AMPS\r\n4,300 RPM\r\nCapacity: 2-1/16\\\" at 90, 1-3/4\\\" at 45','each','B','1800-01-01',0.0000,0.0000,0.0000,0.0000,0.0000,0,0,1,5,0.0000,4.5000,'P02','',1,1,0,1030,1.00,NULL,NULL,NULL,NULL,NULL,NULL,NULL,NULL,NULL,NULL,NULL,'test/product/P02.jpg',220.90,1,8),('P03','IT','Drill','Drill\r\n    * High power motor and double gear reduction for increased durability and improved performance\r\n    * Mid-handle design and two finger trigger for increased balance and comfort\r\n    * Variable speed switch with lock-on button for continuous use\r\n    * Includes: Chuck key & holder \r\n\r\n\r\nSpecifications\r\n4.0 AMPS\r\n0-1,350 RPM\r\nCapacity: 3/8\\\" Steel, 1\\\" Wood\r\n','each','B','1800-01-01',0.0000,0.0000,0.0000,0.0000,0.0000,0,0,1,10,0.0000,2.0000,'P03','',1,1,0,1031,1.00,NULL,NULL,NULL,NULL,NULL,NULL,NULL,NULL,NULL,NULL,NULL,'test/product/P03.jpg',48.12,1,9),('P04','PT','Power Sander','Power Sander\r\n    *  Lever activated paper clamps for simple sandpaper changes\r\n    * Dust sealed rocker switch extends product life and keeps dust out of motor\r\n    * Flush sands on three sides to get into corners\r\n    * Front handle for extra control\r\n    * Dust extraction port for cleaner work environment ','each','B','1800-01-01',0.0000,0.0000,0.0000,0.0000,0.0000,0,0,1,10,0.0000,1.7500,'P04','',1,1,0,1041,1.00,NULL,NULL,NULL,NULL,NULL,NULL,NULL,NULL,NULL,NULL,NULL,'test/product/P04.jpg',79.99,1,10),('POW02','TE','power inverter','General Power inverter dc to ac~ ','10kg','B','1800-01-01',0.0000,0.0000,0.0000,0.0000,0.0000,0,0,0,0,0.0000,0.0000,'','',1,0,0,1181,0.00,NULL,NULL,NULL,NULL,NULL,NULL,NULL,NULL,NULL,NULL,NULL,'test/product/POW02.jpg',NULL,1,0),('POW03','POWER','power inverter 250 volts','Pure sine wave inverters provide premium power that is identical to or even better than power supplied by your electric company.<p>Plugs into your cigarette lighter to power laptops, cell phone chargers and other small electronic devices in your vehicle! 	<br />      Features<br />	Pure Sine Wave Power Inverter<br />	300 watts continuous power<br />	350 watts (20 min)<br />	500 watts peak power<br />	Anodized aluminum case provides durability<br />	Built-in Cooling Fan<br />	120 volt AC outlet<br />	Overload Indicator<br />	Power ON/OFF Switch<br />	<br />      Specifications<br />Output Wave Form 	Pure Sine Wave<br />No-load draw 	less than 0.5 amp<br />Harmonic Distortion 	less than 3%<br />Input voltage range 	10-15 VDC<br />Over voltage shutdown 	over 15 VDC<br />Under voltage shutdown 	under 10 VDC<br />Overload shutdown 	Yes<br />Thermal shutdown 	Yes<br />Short circuit shutdown 	Yes<br />AC receptacle 	One 3-Prong<br />Warranty 	1 year<br />Dimensions (W x H x D) 	11 x 2.4 x 4.2 in.<br />Weight 	5 lbs.</p><br />     ','pounds','B','1800-01-01',0.0000,0.0000,44.0000,0.0000,0.0000,0,0,0,0,0.0000,5.0000,'','',1,0,0,1183,0.00,NULL,NULL,NULL,NULL,NULL,NULL,NULL,NULL,NULL,NULL,NULL,'',53.00,0,0),('POWER030','POWER','power Invertors 300 amp','V/50Hz 900 Watt 12V Power Inverter<br />This heavy duty 220V / 50Hz inverter plugs directly to a 12 Volt DC battery to power EUROPEAN 220V/50Hz laptops, televisions, gaming consoles and other electronics and small appliances in your vehicle!<br />  Features<br />	900 watts continuous power<br />	1800 watts peak power<br />	Provides 4.1 Amps<br />	Anodized aluminum case provides durability<br />	Built-in Cooling Fan<br />	External, Replaceable 30 Amp spade-type Fuse<br />	Single Universal 220 volt 50Hz AC (EUROPEAN OUTLET)<br />	Overload Indicator<br />	Power ON/OFF Switch<br />	<br />	<br />	<br />  Specifications<br />Optimum efficiency 	up to 90%<br />No-load draw 	&lt; 0.9 amp<br />Output Wave Form 	Modified Sinewave<br />Input voltage range 	10-15 VDC<br />Over voltage shutdown 	over 15 VDC<br />Under voltage shutdown 	under 10 VDC<br />Low voltage alarm 	Audible<br />Overload shutdown 	Yes<br />Thermal shutdown 	Yes<br />Short circuit shutdown 	Yes<br />AC receptacle 	1 - Universal 3 Prong<br />Warranty 	1 year<br />Inverter weight 	5.00 lbs<br />Dimensions (W x H x D) 	5 x 2.75 x 10.6 in.<br />  <br /><br /> ','10kg','B','1800-01-01',0.0000,0.0000,0.0000,0.0000,0.0000,0,0,0,0,0.0000,0.0000,'','',1,0,0,1193,0.00,NULL,NULL,NULL,NULL,NULL,NULL,NULL,NULL,NULL,NULL,NULL,'',NULL,0,0),('PW3500','TE','power Invertors','<br />24V DC to AC 1500 Watt Power Inverter<br />This heavy duty inverter plugs directly to a 24 Volt DC battery to power laptops, televisions, gaming consoles and other electronics and small appliances in your vehicle<br />  Features<br />	1500 watts continuous power<br />	3000 watts peak power<br />	Provides 12.5 Amps<br />	Anodized aluminum case provides durability<br />	LED Display- Input Voltage/Output Wattage<br />	Built-in Cooling Fan<br />	Internal, Replaceable 30 Amp spade-type Fuses<br />	Dual 3 Prong 120 volt AC outlet<br />	Overload Indicator<br />	Power ON/OFF Switch<br />	Cables not included<br />	<br />	<br />	<br />  Specifications<br />Optimum efficiency 	up to 90%<br />No-load draw 	&lt; 0.18 amp (24V)<br />Output Wave Form 	Modified Sinewave<br />Input voltage range 	20-30 VDC<br />Over voltage shutdown 	over 30 VDC<br />Under voltage shutdown 	under 20 VDC<br />Low voltage alarm 	Audible<br />Overload shutdown 	Yes<br />Thermal shutdown 	Yes<br />Short circuit shutdown 	Yes<br />AC receptacle 	2 - three-prong receptacle<br />Warranty 	1 year<br />Inverter weight 	8.00 lbs<br />Dimensions (W x H x D) 	10.25 x 3.5 x 11.6 in.<br />Weight 	11.5 lbs.<br /> ','10kg','B','1800-01-01',0.0000,0.0000,0.0000,0.0000,0.0000,0,0,0,0,0.0000,0.0000,'','',1,0,0,1179,0.00,NULL,NULL,NULL,NULL,NULL,NULL,NULL,NULL,NULL,NULL,NULL,'test/product/PW3500.jpg',NULL,0,0),('PW3502','POWER','power Invertors','<br />24V DC to AC 1500 Watt Power Inverter<br />This heavy duty inverter plugs directly to a 24 Volt DC battery to power laptops, televisions, gaming consoles and other electronics and small appliances in your vehicle<br />  Features<br />	1500 watts continuous power<br />	3000 watts peak power<br />	Provides 12.5 Amps<br />	Anodized aluminum case provides durability<br />	LED Display- Input Voltage/Output Wattage<br />	Built-in Cooling Fan<br />	Internal, Replaceable 30 Amp spade-type Fuses<br />	Dual 3 Prong 120 volt AC outlet<br />	Overload Indicator<br />	Power ON/OFF Switch<br />	Cables not included<br />	<br />	<br />	<br />  Specifications<br />Optimum efficiency 	up to 90%<br />No-load draw 	&lt; 0.18 amp (24V)<br />Output Wave Form 	Modified Sinewave<br />Input voltage range 	20-30 VDC<br />Over voltage shutdown 	over 30 VDC<br />Under voltage shutdown 	under 20 VDC<br />Low voltage alarm 	Audible<br />Overload shutdown 	Yes<br />Thermal shutdown 	Yes<br />Short circuit shutdown 	Yes<br />AC receptacle 	2 - three-prong receptacle<br />Warranty 	1 year<br />Inverter weight 	8.00 lbs<br />Dimensions (W x H x D) 	10.25 x 3.5 x 11.6 in.<br />Weight 	11.5 lbs.<br />     ','10kg','B','1800-01-01',0.0000,0.0000,0.0000,0.0000,0.0000,0,0,0,0,0.0000,0.0000,'44848838','7t',1,0,0,1180,0.00,NULL,NULL,NULL,NULL,NULL,NULL,NULL,NULL,NULL,NULL,NULL,'test/product/PW3502.jpg',NULL,1,0),('PW3553','TE','power Invertors','http://demo.mwds/redriven/prod-picts//POW02.jpg<br /> ','10kg','B','1800-01-01',0.0000,0.0000,0.0000,0.0000,0.0000,0,0,0,0,0.0000,0.0000,'','',1,0,0,1182,0.00,NULL,NULL,NULL,NULL,NULL,NULL,NULL,NULL,NULL,NULL,NULL,'',NULL,1,0),('R01-H01','RM','Nice Saw Handle','Nice Saw Handle','units','B','1800-01-01',0.0000,0.0000,0.0000,0.0000,0.0000,0,0,1,100,0.0000,0.0000,'R01-H01','',7,0,0,1044,0.00,NULL,NULL,NULL,NULL,NULL,NULL,NULL,NULL,NULL,NULL,NULL,'',NULL,0,0),('R02-H01','RM','Nice Saw Blade','Nice Saw Blade','units','B','1800-01-01',0.0000,0.0000,0.0000,0.0000,0.0000,0,0,1,100,0.0000,0.0000,'R02-H01','',7,0,0,1045,0.00,NULL,NULL,NULL,NULL,NULL,NULL,NULL,NULL,NULL,NULL,NULL,'',NULL,0,0),('R03-H02','RM','Hammer Handle','Hammer Handle','units','B','1800-01-01',0.0000,0.0000,0.0000,0.0000,0.0000,0,0,1,250,0.0000,0.0000,'','',7,0,0,1046,0.00,NULL,NULL,NULL,NULL,NULL,NULL,NULL,NULL,NULL,NULL,NULL,'',NULL,0,0),('R04-H02','RM','Hammer Head','Hammer Head','units','B','1800-01-01',0.0000,0.0000,0.0000,0.0000,0.0000,0,0,1,250,0.0000,0.0000,'R04-H02','',7,0,0,1047,0.00,NULL,NULL,NULL,NULL,NULL,NULL,NULL,NULL,NULL,NULL,NULL,'',NULL,0,0),('RN','CAR','renhj','beh','','B','1800-01-01',0.0000,0.0000,0.0000,0.0000,0.0000,0,0,0,0,0.0000,0.0000,'','',1,0,0,1153,0.00,NULL,NULL,NULL,NULL,NULL,NULL,NULL,NULL,NULL,NULL,NULL,'',NULL,0,0),('S01','IT','jig saw','Jig saw','','B','1800-01-01',0.0000,0.0000,0.0000,0.0000,0.0000,0,0,0,0,0.0000,0.0000,'','',1,0,0,1145,0.00,NULL,NULL,NULL,NULL,NULL,NULL,NULL,NULL,NULL,NULL,NULL,'',56.00,1,0),('ST01','IT','table Sqw','Tablew saw','','B','1800-01-01',0.0000,0.0000,0.0000,0.0000,0.0000,0,0,0,0,0.0000,0.0000,'','',9,0,0,1146,0.00,NULL,NULL,NULL,NULL,NULL,NULL,NULL,NULL,NULL,NULL,NULL,'',NULL,0,0),('TESJH','CAR','TE','TEST','','B','1800-01-01',0.0000,0.0000,0.0000,0.0000,0.0000,0,0,0,1,1.0000,17.0000,'2','',1,0,0,1149,0.00,NULL,NULL,NULL,NULL,NULL,NULL,NULL,NULL,NULL,NULL,NULL,'',NULL,0,0),('TEST','IT','test','tesst','','B','1800-01-01',0.0000,0.0000,0.0000,0.0000,0.0000,0,0,0,0,0.0000,0.0000,'','',1,0,0,1135,0.00,NULL,NULL,NULL,NULL,NULL,NULL,NULL,NULL,NULL,NULL,NULL,'',NULL,0,0),('TEST-131','CAR','test','test','','B','1800-01-01',0.0000,0.0000,0.0000,0.0000,0.0000,0,0,0,6,0.0000,2.0000,'43','',1,0,0,1166,0.00,NULL,NULL,NULL,NULL,NULL,NULL,NULL,NULL,NULL,NULL,NULL,'test/product/TEST-131.jpg',NULL,1,0),('TEST-132','CAR','test','tesrt 131','','B','1800-01-01',0.0000,0.0000,0.0000,0.0000,0.0000,0,0,0,0,0.0000,0.0000,'','',1,0,0,1167,0.00,NULL,NULL,NULL,NULL,NULL,NULL,NULL,NULL,NULL,NULL,NULL,'test/product/TEST-132.jpg',NULL,1,0),('TEST127','CAR','test','test','','B','1800-01-01',0.0000,0.0000,0.0000,0.0000,0.0000,0,0,0,0,0.0000,0.0000,'','',1,0,0,1159,0.00,NULL,NULL,NULL,NULL,NULL,NULL,NULL,NULL,NULL,NULL,NULL,'test/product/TEST127.jpg',NULL,1,0),('TEST38','TE','test','test','','B','1800-01-01',0.0000,0.0000,0.0000,0.0000,0.0000,0,0,0,0,0.0000,0.0000,'1','',1,0,0,1160,0.00,NULL,NULL,NULL,NULL,NULL,NULL,NULL,NULL,NULL,NULL,NULL,'test/product/TEST38.jpg',NULL,1,0),('TEST42','CAR','test','TESTY','','B','1800-01-01',0.0000,0.0000,0.0000,0.0000,0.0000,0,0,0,0,0.0000,0.0000,'','',1,0,0,1161,0.00,NULL,NULL,NULL,NULL,NULL,NULL,NULL,NULL,NULL,NULL,NULL,'test/product/TEST42.jpg',NULL,1,0),('TURBO','CARPRT','Turbo','Turbo Charger','','B','1800-01-01',0.0000,0.0000,0.0000,0.0000,0.0000,0,0,0,0,0.0000,0.0000,'','',1,0,0,1175,0.00,NULL,NULL,NULL,NULL,NULL,NULL,NULL,NULL,NULL,NULL,NULL,'test/product/TURBO.jpg',NULL,1,0),('TURBO-TEST','CAR','Turbo','Turbo','','B','1800-01-01',0.0000,0.0000,0.0000,0.0000,0.0000,0,0,0,0,0.0000,0.0000,'','',1,0,0,1176,0.00,NULL,NULL,NULL,NULL,NULL,NULL,NULL,NULL,NULL,NULL,NULL,'test/product/TURBO-TEST.jpg',400.00,0,0),('VOLKS-TDI','TE','tdi goft','tfrest ','','B','1800-01-01',0.0000,0.0000,0.0000,0.0000,0.0000,0,0,0,0,0.0000,0.0000,'','',1,0,0,1165,0.00,NULL,NULL,NULL,NULL,NULL,NULL,NULL,NULL,NULL,NULL,NULL,'test/product/VOLKS-TDI.jpg',NULL,0,0),('VOLKS-TDI1','CAR','tdi goft','tdi','','B','1800-01-01',0.0000,0.0000,0.0000,0.0000,0.0000,0,0,0,0,0.0000,0.0000,'f4131','',1,0,0,1164,0.00,NULL,NULL,NULL,NULL,NULL,NULL,NULL,NULL,NULL,NULL,NULL,'test/product/VOLKS-TDI1.jpg',NULL,1,0),('VW-001-01','TE','Vw Rabbit','1977 Red Volkswagen Rabbit Desel','','B','1800-01-01',0.0000,0.0000,0.0000,0.0000,0.0000,0,0,0,0,0.0000,0.0000,'','',1,0,0,1172,0.00,NULL,NULL,NULL,NULL,NULL,NULL,NULL,NULL,NULL,NULL,NULL,'test/product/VW-001-01.jpg',NULL,0,0),('VW-001-03','CAR','Vw Rabbit','1977 Rabbit Mint Condition Lady Driver ','','B','1800-01-01',0.0000,0.0000,0.0000,0.0000,0.0000,0,0,0,0,0.0000,0.0000,'','',1,0,0,1174,0.00,NULL,NULL,NULL,NULL,NULL,NULL,NULL,NULL,NULL,NULL,NULL,'test/product/VW-001-03.jpg',36.00,0,0),('VW-RABIT','CAR','Volks','VW Rabbit 1980','','B','1800-01-01',0.0000,0.0000,0.0000,0.0000,0.0000,0,0,0,0,0.0000,0.0000,'','',1,0,0,1162,0.00,NULL,NULL,NULL,NULL,NULL,NULL,NULL,NULL,NULL,NULL,NULL,'test/product/VW-RABIT.jpg',NULL,1,0),('VW001','CAR','Vw Golf','2006 GTI','','B','1800-01-01',0.0000,0.0000,0.0000,0.0000,0.0000,0,0,0,2,0.0000,0.0000,'','',1,0,0,1147,0.00,NULL,NULL,NULL,NULL,NULL,NULL,NULL,NULL,NULL,NULL,NULL,'',NULL,1,0),('VW0013','TE','Volks','vW Rabbit 1980','','B','1800-01-01',0.0000,0.0000,0.0000,0.0000,0.0000,0,0,0,0,0.0000,0.0000,'','',1,0,0,1163,0.00,NULL,NULL,NULL,NULL,NULL,NULL,NULL,NULL,NULL,NULL,NULL,'test/product/VW0013.jpg',NULL,0,0),('VW002','TE','Jetta','Vw Jetta','','B','1800-01-01',0.0000,0.0000,0.0000,0.0000,0.0000,0,0,0,28,0.0000,0.0000,'','',1,0,0,1148,0.00,NULL,NULL,NULL,NULL,NULL,NULL,NULL,NULL,NULL,NULL,NULL,'',NULL,1,0),('VW004','CAR','RAbIT','TRAN','','B','1800-01-01',0.0000,0.0000,0.0000,0.0000,0.0000,0,0,0,0,0.0000,0.0000,'38','3',1,0,0,1156,0.00,NULL,NULL,NULL,NULL,NULL,NULL,NULL,NULL,NULL,NULL,NULL,'',NULL,0,0),('VW1','CAR','Goft tdi','testr','','B','1800-01-01',0.0000,0.0000,0.0000,0.0000,0.0000,0,0,0,0,0.0000,0.0000,'','',1,0,0,1154,0.00,NULL,NULL,NULL,NULL,NULL,NULL,NULL,NULL,NULL,NULL,NULL,'',NULL,0,0),('VW2','TE','Vw Rabbit','4587','','B','1800-01-01',0.0000,0.0000,0.0000,0.0000,0.0000,0,0,0,48,3.0000,2.0000,'','',1,0,0,1155,0.00,NULL,NULL,NULL,NULL,NULL,NULL,NULL,NULL,NULL,NULL,NULL,'',NULL,1,0);
/*!40000 ALTER TABLE `stockmaster` ENABLE KEYS */;
UNLOCK TABLES;

--
-- Table structure for table `stockmoves`
--

DROP TABLE IF EXISTS `stockmoves`;
/*!40101 SET @saved_cs_client     = @@character_set_client */;
/*!40101 SET character_set_client = utf8 */;
CREATE TABLE `stockmoves` (
  `stkmoveno` int(11) NOT NULL AUTO_INCREMENT,
  `stockid` varchar(20) NOT NULL DEFAULT '',
  `type` smallint(6) NOT NULL DEFAULT '0',
  `transno` int(11) NOT NULL DEFAULT '0',
  `loccode` varchar(5) NOT NULL DEFAULT '',
  `trandate` date NOT NULL DEFAULT '0000-00-00',
  `debtorno` varchar(10) NOT NULL DEFAULT '',
  `branchcode` varchar(10) NOT NULL DEFAULT '',
  `price` decimal(20,4) NOT NULL DEFAULT '0.0000',
  `prd` smallint(6) NOT NULL DEFAULT '0',
  `reference` varchar(40) NOT NULL DEFAULT '',
  `qty` double NOT NULL DEFAULT '1',
  `discountpercent` double NOT NULL DEFAULT '0',
  `standardcost` double NOT NULL DEFAULT '0',
  `show_on_inv_crds` tinyint(4) NOT NULL DEFAULT '1',
  `newqoh` double NOT NULL DEFAULT '0',
  `hidemovt` tinyint(4) NOT NULL DEFAULT '0',
  `narrative` text NOT NULL,
  PRIMARY KEY (`stkmoveno`),
  KEY `DebtorNo` (`debtorno`),
  KEY `LocCode` (`loccode`),
  KEY `Prd` (`prd`),
  KEY `StockID` (`stockid`,`loccode`),
  KEY `StockID_2` (`stockid`),
  KEY `TranDate` (`trandate`),
  KEY `TransNo` (`transno`),
  KEY `Type` (`type`),
  KEY `Show_On_Inv_Crds` (`show_on_inv_crds`),
  KEY `Hide` (`hidemovt`),
  CONSTRAINT `stockmoves_ibfk_1` FOREIGN KEY (`stockid`) REFERENCES `stockmaster` (`stockid`),
  CONSTRAINT `stockmoves_ibfk_2` FOREIGN KEY (`type`) REFERENCES `systypes` (`typeid`),
  CONSTRAINT `stockmoves_ibfk_3` FOREIGN KEY (`loccode`) REFERENCES `locations` (`loccode`),
  CONSTRAINT `stockmoves_ibfk_4` FOREIGN KEY (`prd`) REFERENCES `periods` (`periodno`)
) ENGINE=InnoDB AUTO_INCREMENT=59 DEFAULT CHARSET=latin1;
/*!40101 SET character_set_client = @saved_cs_client */;

--
-- Dumping data for table `stockmoves`
--

LOCK TABLES `stockmoves` WRITE;
/*!40000 ALTER TABLE `stockmoves` DISABLE KEYS */;
INSERT INTO `stockmoves` VALUES (1,'H01',17,3,'TOR','2007-04-16','','',0.0000,2,'',300,0,0,1,300,0,''),(2,'G01-02',17,5,'TOR','0000-00-00','','',0.0000,14,'',500,0,0,1,500,0,''),(3,'H02',17,6,'TOR','0000-00-00','','',0.0000,14,'',500,0,0,1,500,0,''),(4,'P02',17,7,'HQ','0000-00-00','','',0.0000,14,'testing',6,0,0,1,6,0,''),(5,'H02',10,1001,'TOR','2007-04-17','WWW1070','WWW1070',1.0000,2,'5',-2,0,0,1,498,0,'Hammer'),(6,'H01',10,1001,'TOR','2007-04-17','WWW1070','WWW1070',23.1424,2,'5',-3,0,0,1,297,0,'Nice Saw'),(7,'G01-02',10,1002,'TOR','2007-04-17','WWW1087','WWW1087',4.9900,2,'11',-250,0,0,1,250,0,'Hand Shovel'),(8,'H02',10,1002,'TOR','2007-04-17','WWW1087','WWW1087',1.0000,2,'11',-1,0,0,1,497,0,'Hammer'),(9,'P04',17,8,'TOR','0000-00-00','','',0.0000,14,'test',1,0,0,1,1,0,''),(10,'P04',10,1003,'TOR','2007-04-17','WWW1087','WWW1087',73.1424,2,'13',-1,0,0,1,0,0,'Power Sander'),(11,'H02',10,1004,'TOR','2007-04-17','WWW1064','WWW1064',1.0000,2,'9',-247,0,0,1,250,0,'Hammer'),(12,'H02',10,1005,'TOR','2007-04-17','WWW1080','WWW1080',1.0000,2,'8',-5,0,0,1,245,0,'Hammer'),(13,'G01-01',17,10,'TOR','0000-00-00','','',0.0000,14,'',10000,0,0,1,10000,0,''),(14,'G01-01',10,1006,'TOR','2007-04-17','WWW1084','WWW1084',4.9900,2,'10',-23,0,0,1,9977,0,''),(15,'P03',17,11,'TOR','0000-00-00','','',0.0000,14,'',1,0,0,1,1,0,''),(16,'P03',10,1007,'TOR','2007-04-17','WWW1087','WWW1087',48.1200,2,'14',-1,0,0,1,0,0,'Drill'),(17,'H02',10,1008,'TOR','2007-05-08','WWW1103','WWW1103',0.2500,3,'24',-1,0,0,1,244,0,'Mug'),(18,'H01',10,1009,'TOR','2007-05-15','WWW1109','WWW1109',0.2500,3,'25',-2,0,0,1,295,0,'Lapel Pin'),(19,'VW2',10,1010,'HQ','2007-08-20','WWW1070','WWW1070',3490.0000,6,'1003',-1,0,0,1,-1,0,''),(20,'VW004',10,1011,'TOR','2007-08-20','WWW1131','WWW1131',56.0000,6,'31',-1,0,0,1,-1,0,'RAbIT'),(21,'R03-H02',17,12,'HQ','2010-09-29','','',0.0000,43,'',27,0,0,1,27,0,''),(22,'G01-01',16,11,'TOR','2010-09-29','','',0.0000,43,'To HQ',-41,0,0,1,9936,0,''),(23,'G01-01',16,11,'HQ','2010-09-29','','',0.0000,43,'From TOR',41,0,0,1,41,0,''),(24,'G01-01',10,1012,'HQ','2010-09-30','MON1053','MON1053',5.4000,43,'1005',-3,0,0,1,38,0,''),(25,'POW03',10,1013,'TOR','2010-09-30','WWW1184','WWW1184',56.0000,43,'32',-1,0,0,1,-1,0,'power inverter 250 volts'),(26,'H02',10,1014,'TOR','2010-09-30','WWW1184','WWW1184',0.2500,43,'33',-244,0,0,1,0,0,'Mug'),(27,'POW03',10,1015,'TOR','2010-09-30','WWW1184','WWW1184',53.0000,43,'1007',-3,0,44,1,-4,0,''),(28,'POW03',10,1016,'HQ','2010-09-30','WWW1184','WWW1184',53.0000,43,'1008',-6,0,44,1,-6,0,''),(29,'G01-01',10,1017,'HQ','2010-09-30','WWW1080','WWW1080',5.4000,43,'1009',-3,0,0,1,35,0,''),(30,'POW03',10,1018,'TOR','2010-09-30','WWW1184','WWW1184',53.0000,43,'1006',-1,0,44,1,-5,0,''),(31,'POWER030',10,1019,'TOR','2010-09-30','WWW1184','WWW1184',56.0000,43,'35',-1,0,0,1,-1,0,''),(32,'G01-02',17,13,'HQ','2010-10-02','','',0.0000,44,'',131,0,0,1,131,0,''),(33,'G01-02',10,1020,'HQ','2010-10-04','WWW1064','WWW1064',5.4000,44,'1013',-131,0,18,1,0,0,''),(34,'G03',10,1021,'HQ','2010-12-08','WWW1087','WWW1087',24.9900,46,'1014',-4,0,0,1,-4,0,''),(35,'G01-01',10,1022,'HQ','2010-12-08','MWD1197','MWD1197',5.4000,46,'1012',-35,0,0,1,0,0,''),(36,'PW3502',10,1023,'HQ','2010-12-08','WWW1094','WWW1094',3500.0000,46,'1015',-1,0.03,0,1,-1,0,''),(37,'P03',17,14,'HQ','2010-12-08','','',0.0000,46,'',2,0,0,1,2,0,''),(38,'PW3553',10,1024,'HQ','2010-12-08','WWW1131','WWW1131',37.0000,46,'1016',-1,0,0,1,-1,0,''),(39,'P03',10,1024,'HQ','2010-12-08','WWW1131','WWW1131',48.1200,46,'1016',-1,0,0,1,1,0,''),(40,'POW02',10,1025,'HQ','2010-12-08','TUR1212','TUR1212',23.0000,46,'1017',-2,0,0,1,-2,0,''),(41,'PW3502',10,1026,'HQ','2010-12-09','TOR1226','TOR1226',2.0000,46,'1018',-11,0,0,1,-12,0,''),(42,'POW03',10,1027,'TOR','2010-12-13','WWW1230','WWW1230',53.0000,46,'38',-1,0,44,1,-6,0,'power inverter 250 volts'),(43,'PW3553',10,1028,'HQ','2010-12-13','WWW1230','WWW1230',370.0000,46,'1019',-2,0,0,1,-2,0,''),(44,'POW03',10,1029,'TOR','2010-12-13','WWW1230','WWW1230',53.0000,46,'39',-1,0,44,1,-7,0,'power inverter 250 volts'),(45,'POW03',10,1030,'TOR','2010-12-13','WWW1230','WWW1230',53.0000,46,'40',-1,0,44,1,-8,0,'power inverter 250 volts'),(46,'POW03',10,1031,'TOR','2010-12-13','WWW1238','WWW1238',53.0000,46,'41',-1,0,44,1,-9,0,'power inverter 250 volts'),(47,'POW03',10,1032,'TOR','2010-12-13','WWW1230','WWW1230',53.0000,46,'37',-1,0,44,1,-10,0,'power inverter 250 volts'),(48,'POW02',10,1033,'HQ','2010-12-13','MON1053','MON1053',370.0000,46,'1021',-12,0,0,1,-12,0,''),(49,'POW02',10,1034,'HQ','2010-12-13','CAN1219','CAN1219',233.0000,46,'1022',-3,0,0,1,-3,0,''),(50,'POW03',10,1035,'TOR','2010-12-13','WWW1230','WWW1230',53.0000,46,'42',-2,0,44,1,-12,0,'power inverter 250 volts'),(51,'POW02',10,1036,'HQ','2010-12-13','DB 1248','DB 1248',282.0000,46,'1023',-2,0,0,1,-2,0,''),(52,'P04',25,1012,'HQ','2010-12-12','','',44.6470,46,'0004 (NY Saw Supplies) - 2',1,0,0,1,1,0,''),(53,'G01-02',25,1013,'TOR','2010-12-13','','',11.1617,46,'0004 (NY Saw Supplies) - 3',50,0,18,1,300,0,''),(54,'G01',10,1037,'TOR','2010-12-13','WWW1230','WWW1230',0.8500,46,'44',-1,0,0,1,-1,0,'Tie'),(55,'VW004',10,1038,'TOR','2010-12-13','WWW1230','WWW1230',56.0000,46,'45',-1,0,0,1,-1,0,'RAbIT'),(56,'POW03',10,1039,'TOR','2010-12-13','WWW1254','WWW1254',53.0000,46,'46',-1,0,44,1,-13,0,'power inverter 250 volts'),(57,'PW3553',10,1040,'HQ','2010-12-29','MWD1258','MWD1258',370.0000,46,'1024',-1,0,0,1,-1,0,''),(58,'PW3553',10,1041,'HQ','2010-12-29','MWD1258','MWD1258',239.0000,46,'1025',-2,0,0,1,-2,0,'');
/*!40000 ALTER TABLE `stockmoves` ENABLE KEYS */;
UNLOCK TABLES;

--
-- Table structure for table `stockmovestaxes`
--

DROP TABLE IF EXISTS `stockmovestaxes`;
/*!40101 SET @saved_cs_client     = @@character_set_client */;
/*!40101 SET character_set_client = utf8 */;
CREATE TABLE `stockmovestaxes` (
  `stkmoveno` int(11) NOT NULL DEFAULT '0',
  `taxauthid` tinyint(4) NOT NULL DEFAULT '0',
  `taxrate` double NOT NULL DEFAULT '0',
  `taxontax` tinyint(4) NOT NULL DEFAULT '0',
  `taxcalculationorder` tinyint(4) NOT NULL DEFAULT '0',
  PRIMARY KEY (`stkmoveno`,`taxauthid`),
  KEY `taxauthid` (`taxauthid`),
  KEY `calculationorder` (`taxcalculationorder`),
  CONSTRAINT `stockmovestaxes_ibfk_1` FOREIGN KEY (`taxauthid`) REFERENCES `taxauthorities` (`taxid`)
) ENGINE=InnoDB DEFAULT CHARSET=latin1;
/*!40101 SET character_set_client = @saved_cs_client */;

--
-- Dumping data for table `stockmovestaxes`
--

LOCK TABLES `stockmovestaxes` WRITE;
/*!40000 ALTER TABLE `stockmovestaxes` DISABLE KEYS */;
INSERT INTO `stockmovestaxes` VALUES (11,11,0.06,0,1),(11,12,0,0,2),(12,11,0.06,0,1),(12,12,0,0,2),(14,11,0.06,0,1),(14,12,0,0,2),(17,11,0.06,0,1),(17,12,0,0,2),(18,11,0.06,0,1),(18,12,0,0,2),(24,11,0.06,0,1),(24,14,0,1,2),(29,11,0.06,0,1),(29,12,0,0,2),(33,17,0.15,0,0),(35,17,0.15,0,0),(36,17,0.15,0,0),(40,17,0.15,0,0),(41,17,0.15,0,0),(46,17,0.15,0,0),(48,11,0.06,0,1),(48,14,0,1,2),(49,17,0.15,0,0),(51,17,0.15,0,0),(57,17,0.15,0,0),(58,17,0.15,0,0);
/*!40000 ALTER TABLE `stockmovestaxes` ENABLE KEYS */;
UNLOCK TABLES;

--
-- Table structure for table `stockserialitems`
--

DROP TABLE IF EXISTS `stockserialitems`;
/*!40101 SET @saved_cs_client     = @@character_set_client */;
/*!40101 SET character_set_client = utf8 */;
CREATE TABLE `stockserialitems` (
  `stockid` varchar(20) NOT NULL DEFAULT '',
  `loccode` varchar(5) NOT NULL DEFAULT '',
  `serialno` varchar(30) NOT NULL DEFAULT '',
  `quantity` double NOT NULL DEFAULT '0',
  PRIMARY KEY (`stockid`,`serialno`,`loccode`),
  KEY `StockID` (`stockid`),
  KEY `LocCode` (`loccode`),
  KEY `serialno` (`serialno`),
  CONSTRAINT `stockserialitems_ibfk_1` FOREIGN KEY (`stockid`) REFERENCES `stockmaster` (`stockid`),
  CONSTRAINT `stockserialitems_ibfk_2` FOREIGN KEY (`loccode`) REFERENCES `locations` (`loccode`)
) ENGINE=InnoDB DEFAULT CHARSET=latin1;
/*!40101 SET character_set_client = @saved_cs_client */;

--
-- Dumping data for table `stockserialitems`
--

LOCK TABLES `stockserialitems` WRITE;
/*!40000 ALTER TABLE `stockserialitems` DISABLE KEYS */;
INSERT INTO `stockserialitems` VALUES ('G01-01','HQ','00-01-02',0),('G01-01','TOR','00-01-02',9936),('G01-02','TOR','00-01-01',0),('G01-02','TOR','01-02-02',250),('G01-02','HQ','327',0),('G01-02','TOR','34849',50),('H01','TOR','0001',295),('H02','TOR','01-10-1028',0),('H02','TOR','01-10-1262',0),('P02','HQ','218',1),('P02','HQ','238',1),('P02','HQ','372',1),('P02','HQ','91828',1),('P02','HQ','9218219',1),('P02','HQ','92819',1),('P03','TOR','12345',0),('P03','HQ','3398',0),('P03','HQ','3399',1),('P04','TOR','2029',0),('P04','HQ','347',1),('R03-H02','HQ','327',27);
/*!40000 ALTER TABLE `stockserialitems` ENABLE KEYS */;
UNLOCK TABLES;

--
-- Table structure for table `stockserialmoves`
--

DROP TABLE IF EXISTS `stockserialmoves`;
/*!40101 SET @saved_cs_client     = @@character_set_client */;
/*!40101 SET character_set_client = utf8 */;
CREATE TABLE `stockserialmoves` (
  `stkitmmoveno` int(11) NOT NULL AUTO_INCREMENT,
  `stockmoveno` int(11) NOT NULL DEFAULT '0',
  `stockid` varchar(20) NOT NULL DEFAULT '',
  `serialno` varchar(30) NOT NULL DEFAULT '',
  `moveqty` double NOT NULL DEFAULT '0',
  PRIMARY KEY (`stkitmmoveno`),
  KEY `StockMoveNo` (`stockmoveno`),
  KEY `StockID_SN` (`stockid`,`serialno`),
  KEY `serialno` (`serialno`),
  CONSTRAINT `stockserialmoves_ibfk_1` FOREIGN KEY (`stockmoveno`) REFERENCES `stockmoves` (`stkmoveno`),
  CONSTRAINT `stockserialmoves_ibfk_2` FOREIGN KEY (`stockid`, `serialno`) REFERENCES `stockserialitems` (`stockid`, `serialno`)
) ENGINE=InnoDB AUTO_INCREMENT=40 DEFAULT CHARSET=latin1;
/*!40101 SET character_set_client = @saved_cs_client */;

--
-- Dumping data for table `stockserialmoves`
--

LOCK TABLES `stockserialmoves` WRITE;
/*!40000 ALTER TABLE `stockserialmoves` DISABLE KEYS */;
INSERT INTO `stockserialmoves` VALUES (1,1,'H01','0001',300),(2,2,'G01-02','00-01-01',250),(3,2,'G01-02','01-02-02',250),(4,3,'H02','01-10-1028',250),(5,3,'H02','01-10-1262',250),(6,4,'P02','238',1),(7,4,'P02','372',1),(8,4,'P02','92819',1),(9,4,'P02','9218219',1),(10,4,'P02','91828',1),(11,4,'P02','218',1),(12,5,'H02','01-10-1028',-2),(13,6,'H01','0001',-3),(14,7,'G01-02','00-01-01',-250),(15,8,'H02','01-10-1028',-1),(16,9,'P04','2029',1),(17,10,'P04','2029',-1),(18,11,'H02','01-10-1028',-247),(19,12,'H02','01-10-1262',-5),(20,13,'G01-01','00-01-02',10000),(21,14,'G01-01','00-01-02',-23),(22,15,'P03','12345',1),(23,16,'P03','12345',-1),(24,17,'H02','01-10-1262',-1),(25,18,'H01','0001',-2),(26,21,'R03-H02','327',27),(27,22,'G01-01','00-01-02',-41),(28,23,'G01-01','00-01-02',41),(29,24,'G01-01','00-01-02',-3),(30,26,'H02','01-10-1262',-244),(31,29,'G01-01','00-01-02',-3),(32,32,'G01-02','327',131),(33,33,'G01-02','327',-131),(34,35,'G01-01','00-01-02',-35),(35,37,'P03','3398',1),(36,37,'P03','3399',1),(37,39,'P03','3398',-1),(38,52,'P04','347',1),(39,53,'G01-02','34849',50);
/*!40000 ALTER TABLE `stockserialmoves` ENABLE KEYS */;
UNLOCK TABLES;

--
-- Table structure for table `suppallocs`
--

DROP TABLE IF EXISTS `suppallocs`;
/*!40101 SET @saved_cs_client     = @@character_set_client */;
/*!40101 SET character_set_client = utf8 */;
CREATE TABLE `suppallocs` (
  `id` int(11) NOT NULL AUTO_INCREMENT,
  `amt` double NOT NULL DEFAULT '0',
  `datealloc` date NOT NULL DEFAULT '0000-00-00',
  `transid_allocfrom` int(11) NOT NULL DEFAULT '0',
  `transid_allocto` int(11) NOT NULL DEFAULT '0',
  PRIMARY KEY (`id`),
  KEY `TransID_AllocFrom` (`transid_allocfrom`),
  KEY `TransID_AllocTo` (`transid_allocto`),
  KEY `DateAlloc` (`datealloc`),
  CONSTRAINT `suppallocs_ibfk_1` FOREIGN KEY (`transid_allocfrom`) REFERENCES `supptrans` (`id`),
  CONSTRAINT `suppallocs_ibfk_2` FOREIGN KEY (`transid_allocto`) REFERENCES `supptrans` (`id`)
) ENGINE=InnoDB DEFAULT CHARSET=latin1;
/*!40101 SET character_set_client = @saved_cs_client */;

--
-- Dumping data for table `suppallocs`
--

LOCK TABLES `suppallocs` WRITE;
/*!40000 ALTER TABLE `suppallocs` DISABLE KEYS */;
/*!40000 ALTER TABLE `suppallocs` ENABLE KEYS */;
UNLOCK TABLES;

--
-- Table structure for table `suppliercontacts`
--

DROP TABLE IF EXISTS `suppliercontacts`;
/*!40101 SET @saved_cs_client     = @@character_set_client */;
/*!40101 SET character_set_client = utf8 */;
CREATE TABLE `suppliercontacts` (
  `supplierid` varchar(10) NOT NULL DEFAULT '',
  `contact` varchar(30) NOT NULL DEFAULT '',
  `position` varchar(30) NOT NULL DEFAULT '',
  `tel` varchar(30) NOT NULL DEFAULT '',
  `fax` varchar(30) NOT NULL DEFAULT '',
  `mobile` varchar(30) NOT NULL DEFAULT '',
  `email` varchar(55) NOT NULL DEFAULT '',
  `ordercontact` tinyint(1) NOT NULL DEFAULT '0',
  PRIMARY KEY (`supplierid`,`contact`),
  KEY `Contact` (`contact`),
  KEY `SupplierID` (`supplierid`),
  CONSTRAINT `suppliercontacts_ibfk_1` FOREIGN KEY (`supplierid`) REFERENCES `suppliers` (`supplierid`)
) ENGINE=InnoDB DEFAULT CHARSET=latin1;
/*!40101 SET character_set_client = @saved_cs_client */;

--
-- Dumping data for table `suppliercontacts`
--

LOCK TABLES `suppliercontacts` WRITE;
/*!40000 ALTER TABLE `suppliercontacts` DISABLE KEYS */;
/*!40000 ALTER TABLE `suppliercontacts` ENABLE KEYS */;
UNLOCK TABLES;

--
-- Table structure for table `suppliers`
--

DROP TABLE IF EXISTS `suppliers`;
/*!40101 SET @saved_cs_client     = @@character_set_client */;
/*!40101 SET character_set_client = utf8 */;
CREATE TABLE `suppliers` (
  `supplierid` varchar(10) NOT NULL DEFAULT '',
  `suppname` varchar(40) NOT NULL DEFAULT '',
  `address1` varchar(40) NOT NULL DEFAULT '',
  `address2` varchar(40) NOT NULL DEFAULT '',
  `address3` varchar(40) NOT NULL DEFAULT '',
  `address4` varchar(50) NOT NULL DEFAULT '',
  `address5` varchar(20) NOT NULL DEFAULT '',
  `address6` varchar(15) NOT NULL DEFAULT '',
  `currcode` char(3) NOT NULL DEFAULT '',
  `suppliersince` date NOT NULL DEFAULT '0000-00-00',
  `paymentterms` char(2) NOT NULL DEFAULT '',
  `lastpaid` double NOT NULL DEFAULT '0',
  `lastpaiddate` datetime DEFAULT NULL,
  `bankact` varchar(30) NOT NULL DEFAULT '',
  `bankref` varchar(12) NOT NULL DEFAULT '',
  `bankpartics` varchar(12) NOT NULL DEFAULT '',
  `remittance` tinyint(4) NOT NULL DEFAULT '1',
  `taxgroupid` tinyint(4) NOT NULL DEFAULT '1',
  PRIMARY KEY (`supplierid`),
  KEY `CurrCode` (`currcode`),
  KEY `PaymentTerms` (`paymentterms`),
  KEY `SupplierID` (`supplierid`),
  KEY `SuppName` (`suppname`),
  KEY `taxgroupid` (`taxgroupid`),
  CONSTRAINT `suppliers_ibfk_1` FOREIGN KEY (`currcode`) REFERENCES `currencies` (`currabrev`),
  CONSTRAINT `suppliers_ibfk_2` FOREIGN KEY (`paymentterms`) REFERENCES `paymentterms` (`termsindicator`),
  CONSTRAINT `suppliers_ibfk_3` FOREIGN KEY (`taxgroupid`) REFERENCES `taxgroups` (`taxgroupid`)
) ENGINE=InnoDB DEFAULT CHARSET=latin1;
/*!40101 SET character_set_client = @saved_cs_client */;

--
-- Dumping data for table `suppliers`
--

LOCK TABLES `suppliers` WRITE;
/*!40000 ALTER TABLE `suppliers` DISABLE KEYS */;
INSERT INTO `suppliers` VALUES ('0001','Handle Makers Inc.','735 Industrial Way','Warehouse B','Kingston','ON','Canada','K0T 4K2','CDN','2007-03-22','20',0,NULL,'','0','',0,1),('0002','Tokyo Hammer Heads','87 Sakuro','','Tokyo','','Japan','','USD','2007-03-22','20',0,NULL,'','0','',0,3),('0003','Quebec Hardware Supplies','1143 Mont Bleu','','Trois Rivires','QC','Canada','H3G 4B4','CDN','2007-03-22','20',0,NULL,'','0','',0,2),('0004','NY Saw Supplies','76 Rochester St.','Unit 45','Buffalo','NY','USA','67665','USD','2007-03-22','20',0,NULL,'','0','',0,3),('0005','Maritime Handles Co.','8723 Habour Bay','','Halifax','NS','Canada','C3P 2K3','CDN','2007-03-22','20',0,NULL,'','0','',0,4);
/*!40000 ALTER TABLE `suppliers` ENABLE KEYS */;
UNLOCK TABLES;

--
-- Table structure for table `supptrans`
--

DROP TABLE IF EXISTS `supptrans`;
/*!40101 SET @saved_cs_client     = @@character_set_client */;
/*!40101 SET character_set_client = utf8 */;
CREATE TABLE `supptrans` (
  `transno` int(11) NOT NULL DEFAULT '0',
  `type` smallint(6) NOT NULL DEFAULT '0',
  `supplierno` varchar(10) NOT NULL DEFAULT '',
  `suppreference` varchar(20) NOT NULL DEFAULT '',
  `trandate` date NOT NULL DEFAULT '0000-00-00',
  `duedate` date NOT NULL DEFAULT '0000-00-00',
  `settled` tinyint(4) NOT NULL DEFAULT '0',
  `rate` double NOT NULL DEFAULT '1',
  `ovamount` double NOT NULL DEFAULT '0',
  `ovgst` double NOT NULL DEFAULT '0',
  `diffonexch` double NOT NULL DEFAULT '0',
  `alloc` double NOT NULL DEFAULT '0',
  `transtext` longblob,
  `hold` tinyint(4) NOT NULL DEFAULT '0',
  `id` int(11) NOT NULL AUTO_INCREMENT,
  PRIMARY KEY (`id`),
  UNIQUE KEY `TypeTransNo` (`transno`,`type`),
  KEY `DueDate` (`duedate`),
  KEY `Hold` (`hold`),
  KEY `SupplierNo` (`supplierno`),
  KEY `Settled` (`settled`),
  KEY `SupplierNo_2` (`supplierno`,`suppreference`),
  KEY `SuppReference` (`suppreference`),
  KEY `TranDate` (`trandate`),
  KEY `TransNo` (`transno`),
  KEY `Type` (`type`),
  CONSTRAINT `supptrans_ibfk_1` FOREIGN KEY (`type`) REFERENCES `systypes` (`typeid`),
  CONSTRAINT `supptrans_ibfk_2` FOREIGN KEY (`supplierno`) REFERENCES `suppliers` (`supplierid`)
) ENGINE=InnoDB DEFAULT CHARSET=latin1;
/*!40101 SET character_set_client = @saved_cs_client */;

--
-- Dumping data for table `supptrans`
--

LOCK TABLES `supptrans` WRITE;
/*!40000 ALTER TABLE `supptrans` DISABLE KEYS */;
/*!40000 ALTER TABLE `supptrans` ENABLE KEYS */;
UNLOCK TABLES;

--
-- Table structure for table `supptranstaxes`
--

DROP TABLE IF EXISTS `supptranstaxes`;
/*!40101 SET @saved_cs_client     = @@character_set_client */;
/*!40101 SET character_set_client = utf8 */;
CREATE TABLE `supptranstaxes` (
  `supptransid` int(11) NOT NULL DEFAULT '0',
  `taxauthid` tinyint(4) NOT NULL DEFAULT '0',
  `taxamount` double NOT NULL DEFAULT '0',
  PRIMARY KEY (`supptransid`,`taxauthid`),
  KEY `taxauthid` (`taxauthid`),
  CONSTRAINT `supptranstaxes_ibfk_1` FOREIGN KEY (`taxauthid`) REFERENCES `taxauthorities` (`taxid`),
  CONSTRAINT `supptranstaxes_ibfk_2` FOREIGN KEY (`supptransid`) REFERENCES `supptrans` (`id`)
) ENGINE=InnoDB DEFAULT CHARSET=latin1;
/*!40101 SET character_set_client = @saved_cs_client */;

--
-- Dumping data for table `supptranstaxes`
--

LOCK TABLES `supptranstaxes` WRITE;
/*!40000 ALTER TABLE `supptranstaxes` DISABLE KEYS */;
/*!40000 ALTER TABLE `supptranstaxes` ENABLE KEYS */;
UNLOCK TABLES;

--
-- Table structure for table `systems`
--

DROP TABLE IF EXISTS `systems`;
/*!40101 SET @saved_cs_client     = @@character_set_client */;
/*!40101 SET character_set_client = utf8 */;
CREATE TABLE `systems` (
  `id` int(19) NOT NULL DEFAULT '0',
  `server` varchar(30) DEFAULT NULL,
  `server_username` varchar(30) DEFAULT NULL,
  `server_password` varchar(30) DEFAULT NULL,
  `server_type` varchar(20) DEFAULT NULL,
  PRIMARY KEY (`id`)
) ENGINE=MyISAM DEFAULT CHARSET=latin1;
/*!40101 SET character_set_client = @saved_cs_client */;

--
-- Dumping data for table `systems`
--

LOCK TABLES `systems` WRITE;
/*!40000 ALTER TABLE `systems` DISABLE KEYS */;
/*!40000 ALTER TABLE `systems` ENABLE KEYS */;
UNLOCK TABLES;

--
-- Table structure for table `systems_seq`
--

DROP TABLE IF EXISTS `systems_seq`;
/*!40101 SET @saved_cs_client     = @@character_set_client */;
/*!40101 SET character_set_client = utf8 */;
CREATE TABLE `systems_seq` (
  `id` int(11) NOT NULL DEFAULT '0'
) ENGINE=MyISAM DEFAULT CHARSET=latin1;
/*!40101 SET character_set_client = @saved_cs_client */;

--
-- Dumping data for table `systems_seq`
--

LOCK TABLES `systems_seq` WRITE;
/*!40000 ALTER TABLE `systems_seq` DISABLE KEYS */;
INSERT INTO `systems_seq` VALUES (1);
/*!40000 ALTER TABLE `systems_seq` ENABLE KEYS */;
UNLOCK TABLES;

--
-- Table structure for table `systypes`
--

DROP TABLE IF EXISTS `systypes`;
/*!40101 SET @saved_cs_client     = @@character_set_client */;
/*!40101 SET character_set_client = utf8 */;
CREATE TABLE `systypes` (
  `typeid` smallint(6) NOT NULL DEFAULT '0',
  `typename` char(50) NOT NULL DEFAULT '',
  `typeno` int(11) NOT NULL DEFAULT '1',
  PRIMARY KEY (`typeid`),
  KEY `TypeNo` (`typeno`)
) ENGINE=InnoDB DEFAULT CHARSET=latin1;
/*!40101 SET character_set_client = @saved_cs_client */;

--
-- Dumping data for table `systypes`
--

LOCK TABLES `systypes` WRITE;
/*!40000 ALTER TABLE `systypes` DISABLE KEYS */;
INSERT INTO `systypes` VALUES (0,'Journal - GL',100),(1,'Payment - GL',150),(2,'Receipt - GL',5100),(3,'Standing Journal',0),(10,'Sales Invoice',1041),(11,'Credit Note',100),(12,'Receipt',1000),(15,'Journal - Debtors',0),(16,'Location Transfer',11),(17,'Stock Adjustment',14),(18,'Purchase Order',0),(20,'Purchase Invoice',561),(21,'Debit Note',25),(22,'Creditors Payment',500),(23,'Creditors Journal',0),(25,'Purchase Order Delivery',1013),(26,'Work Order Receipt',0),(28,'Work Order Issue',0),(29,'Work Order Variance',0),(30,'Sales Order',0),(31,'Shipment Close',227),(35,'Cost Update',28),(50,'Opening Balance',0),(500,'Auto Debtor Number',0);
/*!40000 ALTER TABLE `systypes` ENABLE KEYS */;
UNLOCK TABLES;

--
-- Table structure for table `tab`
--

DROP TABLE IF EXISTS `tab`;
/*!40101 SET @saved_cs_client     = @@character_set_client */;
/*!40101 SET character_set_client = utf8 */;
CREATE TABLE `tab` (
  `tabid` int(19) NOT NULL DEFAULT '0',
  `name` varchar(25) NOT NULL DEFAULT '',
  `presence` int(19) NOT NULL DEFAULT '1',
  `tabsequence` int(10) DEFAULT NULL,
  `tablabel` varchar(25) NOT NULL DEFAULT '',
  `modifiedby` int(19) DEFAULT NULL,
  `modifiedtime` int(19) DEFAULT NULL,
  `customized` int(1) DEFAULT NULL,
  PRIMARY KEY (`tabid`),
  UNIQUE KEY `Tab_UK0` (`name`),
  KEY `Tab_IDX0` (`modifiedby`),
  KEY `tabid` (`tabid`)
) ENGINE=InnoDB DEFAULT CHARSET=latin1;
/*!40101 SET character_set_client = @saved_cs_client */;

--
-- Dumping data for table `tab`
--

LOCK TABLES `tab` WRITE;
/*!40000 ALTER TABLE `tab` DISABLE KEYS */;
INSERT INTO `tab` VALUES (1,'Dashboard',0,14,'Dashboards',0,0,1),(2,'Potentials',0,6,'Potentials',0,0,1),(3,'Home',0,1,'Home',0,0,1),(4,'Contacts',0,5,'Contacts',0,0,1),(6,'Accounts',0,4,'Accounts',0,0,1),(7,'Leads',0,7,'Leads',0,0,1),(8,'Notes',0,11,'Notes',0,0,1),(9,'Activities',0,9,'Activities',0,0,1),(10,'Emails',0,10,'Emails',0,0,1),(13,'HelpDesk',0,13,'HelpDesk',0,0,1),(14,'Products',0,8,'Products',0,0,1),(15,'Faq',2,14,'Faq',0,0,1),(16,'Events',2,13,'Events',0,0,1),(17,'Calendar',0,13,'Calendar',0,0,1),(18,'Vendor',2,15,'Vendor',0,0,1),(19,'PriceBook',2,16,'PriceBook',0,0,1),(20,'Quotes',0,3,'Quotes',0,0,1),(21,'Orders',0,2,'Orders',0,0,1),(22,'SalesOrder',2,19,'SalesOrder',0,0,1),(23,'Invoice',0,20,'Invoice',0,0,1),(24,'Rss',0,21,'Rss',0,0,1),(25,'Reports',0,22,'Reports',0,0,1),(27,'Temp',3,0,'Temp',0,0,1);
/*!40000 ALTER TABLE `tab` ENABLE KEYS */;
UNLOCK TABLES;

--
-- Table structure for table `taskpriority`
--

DROP TABLE IF EXISTS `taskpriority`;
/*!40101 SET @saved_cs_client     = @@character_set_client */;
/*!40101 SET character_set_client = utf8 */;
CREATE TABLE `taskpriority` (
  `taskpriorityid` int(19) NOT NULL AUTO_INCREMENT,
  `taskpriority` varchar(100) DEFAULT NULL,
  `sortorderid` int(19) NOT NULL DEFAULT '0',
  `presence` int(1) NOT NULL DEFAULT '1',
  PRIMARY KEY (`taskpriorityid`)
) ENGINE=MyISAM AUTO_INCREMENT=4 DEFAULT CHARSET=latin1;
/*!40101 SET character_set_client = @saved_cs_client */;

--
-- Dumping data for table `taskpriority`
--

LOCK TABLES `taskpriority` WRITE;
/*!40000 ALTER TABLE `taskpriority` DISABLE KEYS */;
INSERT INTO `taskpriority` VALUES (1,'High',0,1),(2,'Medium',1,1),(3,'Low',2,1);
/*!40000 ALTER TABLE `taskpriority` ENABLE KEYS */;
UNLOCK TABLES;

--
-- Table structure for table `taskstatus`
--

DROP TABLE IF EXISTS `taskstatus`;
/*!40101 SET @saved_cs_client     = @@character_set_client */;
/*!40101 SET character_set_client = utf8 */;
CREATE TABLE `taskstatus` (
  `taskstatusid` int(19) NOT NULL AUTO_INCREMENT,
  `taskstatus` varchar(100) DEFAULT NULL,
  `sortorderid` int(19) NOT NULL DEFAULT '0',
  `presence` int(1) NOT NULL DEFAULT '1',
  PRIMARY KEY (`taskstatusid`)
) ENGINE=MyISAM AUTO_INCREMENT=7 DEFAULT CHARSET=latin1;
/*!40101 SET character_set_client = @saved_cs_client */;

--
-- Dumping data for table `taskstatus`
--

LOCK TABLES `taskstatus` WRITE;
/*!40000 ALTER TABLE `taskstatus` DISABLE KEYS */;
INSERT INTO `taskstatus` VALUES (1,'Not Started',0,1),(2,'In Progress',1,1),(3,'Completed',2,1),(4,'Pending Input',3,1),(5,'Deferred',4,1),(6,'Planned',5,1);
/*!40000 ALTER TABLE `taskstatus` ENABLE KEYS */;
UNLOCK TABLES;

--
-- Table structure for table `taxauthorities`
--

DROP TABLE IF EXISTS `taxauthorities`;
/*!40101 SET @saved_cs_client     = @@character_set_client */;
/*!40101 SET character_set_client = utf8 */;
CREATE TABLE `taxauthorities` (
  `taxid` tinyint(4) NOT NULL AUTO_INCREMENT,
  `description` varchar(20) NOT NULL DEFAULT '',
  `taxglcode` int(11) NOT NULL DEFAULT '0',
  `purchtaxglaccount` int(11) NOT NULL DEFAULT '0',
  `bank` varchar(50) NOT NULL DEFAULT '',
  `bankacctype` varchar(20) NOT NULL DEFAULT '',
  `bankacc` varchar(50) NOT NULL DEFAULT '',
  `bankswift` varchar(30) NOT NULL DEFAULT '',
  `country_abr` varchar(3) NOT NULL,
  `state_abr` varchar(3) NOT NULL,
  PRIMARY KEY (`taxid`),
  KEY `TaxGLCode` (`taxglcode`),
  KEY `PurchTaxGLAccount` (`purchtaxglaccount`),
  CONSTRAINT `taxauthorities_ibfk_1` FOREIGN KEY (`taxglcode`) REFERENCES `chartmaster` (`accountcode`),
  CONSTRAINT `taxauthorities_ibfk_2` FOREIGN KEY (`purchtaxglaccount`) REFERENCES `chartmaster` (`accountcode`)
) ENGINE=InnoDB AUTO_INCREMENT=18 DEFAULT CHARSET=latin1;
/*!40101 SET character_set_client = @saved_cs_client */;

--
-- Dumping data for table `taxauthorities`
--

LOCK TABLES `taxauthorities` WRITE;
/*!40000 ALTER TABLE `taxauthorities` DISABLE KEYS */;
INSERT INTO `taxauthorities` VALUES (11,'Canadian GST',2050,2051,'','','','','',''),(12,'Ontario PST',2060,2060,'','','','','',''),(14,'Quebec PST',2060,2060,'','','','','',''),(15,'Maritimes HST',2050,2051,'','','','','',''),(16,'BC HST',2060,1510,'','','','','CAN','BC'),(17,'ONT HST',2060,2050,'','','','','CAN','ONT');
/*!40000 ALTER TABLE `taxauthorities` ENABLE KEYS */;
UNLOCK TABLES;

--
-- Table structure for table `taxauthrates`
--

DROP TABLE IF EXISTS `taxauthrates`;
/*!40101 SET @saved_cs_client     = @@character_set_client */;
/*!40101 SET character_set_client = utf8 */;
CREATE TABLE `taxauthrates` (
  `taxauthority` tinyint(4) NOT NULL DEFAULT '1',
  `dispatchtaxprovince` tinyint(4) NOT NULL DEFAULT '1',
  `taxcatid` tinyint(4) NOT NULL DEFAULT '0',
  `taxrate` double NOT NULL DEFAULT '0',
  PRIMARY KEY (`taxauthority`,`dispatchtaxprovince`,`taxcatid`),
  KEY `TaxAuthority` (`taxauthority`),
  KEY `dispatchtaxprovince` (`dispatchtaxprovince`),
  KEY `taxcatid` (`taxcatid`),
  CONSTRAINT `taxauthrates_ibfk_1` FOREIGN KEY (`taxauthority`) REFERENCES `taxauthorities` (`taxid`),
  CONSTRAINT `taxauthrates_ibfk_2` FOREIGN KEY (`taxcatid`) REFERENCES `taxcategories` (`taxcatid`),
  CONSTRAINT `taxauthrates_ibfk_3` FOREIGN KEY (`dispatchtaxprovince`) REFERENCES `taxprovinces` (`taxprovinceid`)
) ENGINE=InnoDB DEFAULT CHARSET=latin1;
/*!40101 SET character_set_client = @saved_cs_client */;

--
-- Dumping data for table `taxauthrates`
--

LOCK TABLES `taxauthrates` WRITE;
/*!40000 ALTER TABLE `taxauthrates` DISABLE KEYS */;
INSERT INTO `taxauthrates` VALUES (11,1,1,0.06),(11,1,2,0.06),(11,1,5,0.06),(11,1,7,0.06),(11,1,8,0.06),(11,1,9,0),(11,2,1,0.06),(11,2,2,0.06),(11,2,5,0.06),(11,2,7,0.06),(11,2,8,0),(11,2,9,0),(11,3,1,0),(11,3,2,0),(11,3,5,0),(11,3,7,0),(11,3,8,0),(11,3,9,0),(11,4,1,0),(11,4,2,0),(11,4,5,0),(11,4,7,0),(11,4,8,0),(11,4,9,0),(12,1,1,0),(12,1,2,0.08),(12,1,5,0),(12,1,7,0),(12,1,8,0),(12,1,9,0),(12,2,1,0),(12,2,2,0),(12,2,5,0),(12,2,7,0),(12,2,8,0),(12,2,9,0),(12,3,1,0),(12,3,2,0),(12,3,5,0),(12,3,7,0),(12,3,8,0),(12,3,9,0),(12,4,1,0),(12,4,2,0),(12,4,5,0),(12,4,7,0),(12,4,8,0),(12,4,9,0),(14,1,1,0),(14,1,2,0),(14,1,5,0),(14,1,7,0),(14,1,8,0),(14,1,9,0),(14,2,1,0.075),(14,2,2,0.075),(14,2,5,0),(14,2,7,0),(14,2,8,0),(14,2,9,0),(14,3,1,0),(14,3,2,0),(14,3,5,0),(14,3,7,0),(14,3,8,0),(14,3,9,0),(14,4,1,0),(14,4,2,0),(14,4,5,0),(14,4,7,0),(14,4,8,0),(14,4,9,0),(15,1,1,0.14),(15,1,2,0.14),(15,1,5,0.14),(15,1,7,0.14),(15,1,8,0),(15,1,9,0),(15,2,1,0.14),(15,2,2,0.14),(15,2,5,0.14),(15,2,7,0.14),(15,2,8,0),(15,2,9,0),(15,3,1,0.14),(15,3,2,0.14),(15,3,5,0.14),(15,3,7,0.14),(15,3,8,0),(15,3,9,0),(15,4,1,0),(15,4,2,0),(15,4,5,0),(15,4,7,0),(15,4,8,0),(15,4,9,0),(16,1,1,0),(16,1,2,0),(16,1,5,0),(16,1,7,0),(16,1,8,0),(16,1,9,0),(16,2,1,0),(16,2,2,0),(16,2,5,0),(16,2,7,0),(16,2,8,0),(16,2,9,0),(16,3,1,0),(16,3,2,0),(16,3,5,0),(16,3,7,0),(16,3,8,0),(16,3,9,0),(16,4,1,0.14),(16,4,2,0.14),(16,4,5,0.14),(16,4,7,0.14),(16,4,8,0.14),(16,4,9,0.14),(17,1,1,0.15),(17,1,2,0.15),(17,1,5,0.15),(17,1,7,0.15),(17,1,8,0.15),(17,1,9,0.15),(17,2,1,0),(17,2,2,0),(17,2,5,0),(17,2,7,0),(17,2,8,0),(17,2,9,0),(17,3,1,0),(17,3,2,0),(17,3,5,0),(17,3,7,0),(17,3,8,0),(17,3,9,0),(17,4,1,0),(17,4,2,0),(17,4,5,0),(17,4,7,0),(17,4,8,0),(17,4,9,0);
/*!40000 ALTER TABLE `taxauthrates` ENABLE KEYS */;
UNLOCK TABLES;

--
-- Table structure for table `taxcategories`
--

DROP TABLE IF EXISTS `taxcategories`;
/*!40101 SET @saved_cs_client     = @@character_set_client */;
/*!40101 SET character_set_client = utf8 */;
CREATE TABLE `taxcategories` (
  `taxcatid` tinyint(4) NOT NULL AUTO_INCREMENT,
  `taxcatname` varchar(30) NOT NULL DEFAULT '',
  PRIMARY KEY (`taxcatid`)
) ENGINE=InnoDB AUTO_INCREMENT=10 DEFAULT CHARSET=latin1;
/*!40101 SET character_set_client = @saved_cs_client */;

--
-- Dumping data for table `taxcategories`
--

LOCK TABLES `taxcategories` WRITE;
/*!40000 ALTER TABLE `taxcategories` DISABLE KEYS */;
INSERT INTO `taxcategories` VALUES (1,'Taxable supply'),(2,'Luxury Items'),(5,'Service'),(7,'Wholesale Items'),(8,'Freight'),(9,'GST Exempt');
/*!40000 ALTER TABLE `taxcategories` ENABLE KEYS */;
UNLOCK TABLES;

--
-- Table structure for table `taxclass`
--

DROP TABLE IF EXISTS `taxclass`;
/*!40101 SET @saved_cs_client     = @@character_set_client */;
/*!40101 SET character_set_client = utf8 */;
CREATE TABLE `taxclass` (
  `taxclassid` int(19) NOT NULL AUTO_INCREMENT,
  `taxclass` varchar(200) NOT NULL DEFAULT '',
  `sortorderid` int(19) NOT NULL DEFAULT '0',
  `presence` int(1) NOT NULL DEFAULT '1',
  PRIMARY KEY (`taxclassid`)
) ENGINE=InnoDB AUTO_INCREMENT=3 DEFAULT CHARSET=latin1;
/*!40101 SET character_set_client = @saved_cs_client */;

--
-- Dumping data for table `taxclass`
--

LOCK TABLES `taxclass` WRITE;
/*!40000 ALTER TABLE `taxclass` DISABLE KEYS */;
INSERT INTO `taxclass` VALUES (1,'SalesTax',0,1),(2,'Vat',1,1);
/*!40000 ALTER TABLE `taxclass` ENABLE KEYS */;
UNLOCK TABLES;

--
-- Table structure for table `taxgroups`
--

DROP TABLE IF EXISTS `taxgroups`;
/*!40101 SET @saved_cs_client     = @@character_set_client */;
/*!40101 SET character_set_client = utf8 */;
CREATE TABLE `taxgroups` (
  `taxgroupid` tinyint(4) NOT NULL AUTO_INCREMENT,
  `taxgroupdescription` varchar(30) NOT NULL DEFAULT '',
  PRIMARY KEY (`taxgroupid`)
) ENGINE=InnoDB AUTO_INCREMENT=7 DEFAULT CHARSET=latin1;
/*!40101 SET character_set_client = @saved_cs_client */;

--
-- Dumping data for table `taxgroups`
--

LOCK TABLES `taxgroups` WRITE;
/*!40000 ALTER TABLE `taxgroups` DISABLE KEYS */;
INSERT INTO `taxgroups` VALUES (1,'Ontario'),(2,'Quebec'),(3,'International'),(4,'Maritimes'),(5,'Tax Exempt'),(6,'BC HST');
/*!40000 ALTER TABLE `taxgroups` ENABLE KEYS */;
UNLOCK TABLES;

--
-- Table structure for table `taxgrouptaxes`
--

DROP TABLE IF EXISTS `taxgrouptaxes`;
/*!40101 SET @saved_cs_client     = @@character_set_client */;
/*!40101 SET character_set_client = utf8 */;
CREATE TABLE `taxgrouptaxes` (
  `taxgroupid` tinyint(4) NOT NULL DEFAULT '0',
  `taxauthid` tinyint(4) NOT NULL DEFAULT '0',
  `calculationorder` tinyint(4) NOT NULL DEFAULT '0',
  `taxontax` tinyint(4) NOT NULL DEFAULT '0',
  PRIMARY KEY (`taxgroupid`,`taxauthid`),
  KEY `taxgroupid` (`taxgroupid`),
  KEY `taxauthid` (`taxauthid`),
  CONSTRAINT `taxgrouptaxes_ibfk_1` FOREIGN KEY (`taxgroupid`) REFERENCES `taxgroups` (`taxgroupid`),
  CONSTRAINT `taxgrouptaxes_ibfk_2` FOREIGN KEY (`taxauthid`) REFERENCES `taxauthorities` (`taxid`)
) ENGINE=InnoDB DEFAULT CHARSET=latin1;
/*!40101 SET character_set_client = @saved_cs_client */;

--
-- Dumping data for table `taxgrouptaxes`
--

LOCK TABLES `taxgrouptaxes` WRITE;
/*!40000 ALTER TABLE `taxgrouptaxes` DISABLE KEYS */;
INSERT INTO `taxgrouptaxes` VALUES (1,17,0,0),(2,11,1,0),(2,14,2,1),(4,15,0,0),(6,16,0,0);
/*!40000 ALTER TABLE `taxgrouptaxes` ENABLE KEYS */;
UNLOCK TABLES;

--
-- Table structure for table `taxprovinces`
--

DROP TABLE IF EXISTS `taxprovinces`;
/*!40101 SET @saved_cs_client     = @@character_set_client */;
/*!40101 SET character_set_client = utf8 */;
CREATE TABLE `taxprovinces` (
  `taxprovinceid` tinyint(4) NOT NULL AUTO_INCREMENT,
  `taxprovincename` varchar(30) NOT NULL DEFAULT '',
  PRIMARY KEY (`taxprovinceid`)
) ENGINE=InnoDB AUTO_INCREMENT=5 DEFAULT CHARSET=latin1;
/*!40101 SET character_set_client = @saved_cs_client */;

--
-- Dumping data for table `taxprovinces`
--

LOCK TABLES `taxprovinces` WRITE;
/*!40000 ALTER TABLE `taxprovinces` DISABLE KEYS */;
INSERT INTO `taxprovinces` VALUES (1,'Ontario'),(2,'Quebec'),(3,'International'),(4,'BC');
/*!40000 ALTER TABLE `taxprovinces` ENABLE KEYS */;
UNLOCK TABLES;

--
-- Table structure for table `test`
--

DROP TABLE IF EXISTS `test`;
/*!40101 SET @saved_cs_client     = @@character_set_client */;
/*!40101 SET character_set_client = utf8 */;
CREATE TABLE `test` (
  `id` int(10) NOT NULL AUTO_INCREMENT,
  `testid` int(10) DEFAULT NULL,
  `testtext` varchar(255) DEFAULT NULL,
  PRIMARY KEY (`id`)
) ENGINE=MyISAM AUTO_INCREMENT=51 DEFAULT CHARSET=utf8;
/*!40101 SET character_set_client = @saved_cs_client */;

--
-- Dumping data for table `test`
--

LOCK TABLES `test` WRITE;
/*!40000 ALTER TABLE `test` DISABLE KEYS */;
INSERT INTO `test` VALUES (1,1032,''),(2,1029,''),(3,1029,''),(4,1030,''),(5,1032,''),(6,1040,''),(7,1032,''),(8,1037,''),(9,1032,''),(10,1032,''),(11,1037,''),(12,1038,''),(13,1032,''),(14,1030,''),(15,1040,''),(16,1041,''),(17,1031,''),(18,1029,''),(19,1029,''),(20,1029,''),(21,1029,''),(22,1029,''),(23,1029,''),(24,1029,''),(25,1032,''),(26,1040,''),(27,1032,''),(28,1040,''),(29,1040,''),(30,1040,''),(31,1032,''),(32,1040,''),(33,1032,''),(34,1156,''),(35,1183,''),(36,1032,''),(37,1180,''),(38,1193,''),(39,1040,''),(40,1183,''),(41,1183,''),(42,1183,''),(43,1183,''),(44,1183,''),(45,1183,''),(46,1106,''),(47,1042,''),(48,1106,''),(49,1156,''),(50,1183,'');
/*!40000 ALTER TABLE `test` ENABLE KEYS */;
UNLOCK TABLES;

--
-- Table structure for table `ticketcategories`
--

DROP TABLE IF EXISTS `ticketcategories`;
/*!40101 SET @saved_cs_client     = @@character_set_client */;
/*!40101 SET character_set_client = utf8 */;
CREATE TABLE `ticketcategories` (
  `ticketcategories_id` int(19) NOT NULL AUTO_INCREMENT,
  `ticketcategories` varchar(100) DEFAULT NULL,
  `SORTORDERID` int(19) NOT NULL DEFAULT '0',
  `PRESENCE` int(1) NOT NULL DEFAULT '0',
  PRIMARY KEY (`ticketcategories_id`)
) ENGINE=MyISAM AUTO_INCREMENT=4 DEFAULT CHARSET=latin1;
/*!40101 SET character_set_client = @saved_cs_client */;

--
-- Dumping data for table `ticketcategories`
--

LOCK TABLES `ticketcategories` WRITE;
/*!40000 ALTER TABLE `ticketcategories` DISABLE KEYS */;
INSERT INTO `ticketcategories` VALUES (1,'Big Problem',0,1),(2,'Small Problem',1,1),(3,'Other Problem',2,1);
/*!40000 ALTER TABLE `ticketcategories` ENABLE KEYS */;
UNLOCK TABLES;

--
-- Table structure for table `ticketcf`
--

DROP TABLE IF EXISTS `ticketcf`;
/*!40101 SET @saved_cs_client     = @@character_set_client */;
/*!40101 SET character_set_client = utf8 */;
CREATE TABLE `ticketcf` (
  `ticketid` int(19) NOT NULL DEFAULT '0',
  PRIMARY KEY (`ticketid`),
  CONSTRAINT `fk_HelpDeskCF` FOREIGN KEY (`ticketid`) REFERENCES `troubletickets` (`ticketid`) ON DELETE CASCADE
) ENGINE=InnoDB DEFAULT CHARSET=latin1;
/*!40101 SET character_set_client = @saved_cs_client */;

--
-- Dumping data for table `ticketcf`
--

LOCK TABLES `ticketcf` WRITE;
/*!40000 ALTER TABLE `ticketcf` DISABLE KEYS */;
/*!40000 ALTER TABLE `ticketcf` ENABLE KEYS */;
UNLOCK TABLES;

--
-- Table structure for table `ticketcomments`
--

DROP TABLE IF EXISTS `ticketcomments`;
/*!40101 SET @saved_cs_client     = @@character_set_client */;
/*!40101 SET character_set_client = utf8 */;
CREATE TABLE `ticketcomments` (
  `commentid` int(19) NOT NULL AUTO_INCREMENT,
  `ticketid` int(19) DEFAULT NULL,
  `comments` longtext,
  `ownerid` int(19) NOT NULL DEFAULT '0',
  `ownertype` varchar(10) DEFAULT NULL,
  `createdtime` datetime NOT NULL DEFAULT '0000-00-00 00:00:00',
  PRIMARY KEY (`commentid`),
  KEY `ticketcomments_IDX0` (`ticketid`),
  CONSTRAINT `fk_ticketcommentsCF` FOREIGN KEY (`ticketid`) REFERENCES `troubletickets` (`ticketid`) ON DELETE CASCADE
) ENGINE=InnoDB DEFAULT CHARSET=latin1;
/*!40101 SET character_set_client = @saved_cs_client */;

--
-- Dumping data for table `ticketcomments`
--

LOCK TABLES `ticketcomments` WRITE;
/*!40000 ALTER TABLE `ticketcomments` DISABLE KEYS */;
/*!40000 ALTER TABLE `ticketcomments` ENABLE KEYS */;
UNLOCK TABLES;

--
-- Table structure for table `ticketgrouprelation`
--

DROP TABLE IF EXISTS `ticketgrouprelation`;
/*!40101 SET @saved_cs_client     = @@character_set_client */;
/*!40101 SET character_set_client = utf8 */;
CREATE TABLE `ticketgrouprelation` (
  `ticketid` int(19) DEFAULT NULL,
  `groupname` varchar(100) DEFAULT NULL,
  KEY `ticketgrouprelation_IDX0` (`ticketid`),
  KEY `ticketgrouprelation_IDX1` (`groupname`),
  CONSTRAINT `fk_ticketgrouprelation1` FOREIGN KEY (`ticketid`) REFERENCES `troubletickets` (`ticketid`) ON DELETE CASCADE,
  CONSTRAINT `fk_ticketgrouprelation2` FOREIGN KEY (`groupname`) REFERENCES `groups` (`name`) ON DELETE CASCADE
) ENGINE=InnoDB DEFAULT CHARSET=latin1;
/*!40101 SET character_set_client = @saved_cs_client */;

--
-- Dumping data for table `ticketgrouprelation`
--

LOCK TABLES `ticketgrouprelation` WRITE;
/*!40000 ALTER TABLE `ticketgrouprelation` DISABLE KEYS */;
/*!40000 ALTER TABLE `ticketgrouprelation` ENABLE KEYS */;
UNLOCK TABLES;

--
-- Table structure for table `ticketpriorities`
--

DROP TABLE IF EXISTS `ticketpriorities`;
/*!40101 SET @saved_cs_client     = @@character_set_client */;
/*!40101 SET character_set_client = utf8 */;
CREATE TABLE `ticketpriorities` (
  `ticketpriorities_id` int(19) NOT NULL AUTO_INCREMENT,
  `ticketpriorities` varchar(100) DEFAULT NULL,
  `SORTORDERID` int(19) NOT NULL DEFAULT '0',
  `PRESENCE` int(1) NOT NULL DEFAULT '0',
  PRIMARY KEY (`ticketpriorities_id`)
) ENGINE=MyISAM AUTO_INCREMENT=5 DEFAULT CHARSET=latin1;
/*!40101 SET character_set_client = @saved_cs_client */;

--
-- Dumping data for table `ticketpriorities`
--

LOCK TABLES `ticketpriorities` WRITE;
/*!40000 ALTER TABLE `ticketpriorities` DISABLE KEYS */;
INSERT INTO `ticketpriorities` VALUES (1,'Low',0,1),(2,'Normal',1,1),(3,'High',2,1),(4,'Urgent',3,1);
/*!40000 ALTER TABLE `ticketpriorities` ENABLE KEYS */;
UNLOCK TABLES;

--
-- Table structure for table `ticketseverities`
--

DROP TABLE IF EXISTS `ticketseverities`;
/*!40101 SET @saved_cs_client     = @@character_set_client */;
/*!40101 SET character_set_client = utf8 */;
CREATE TABLE `ticketseverities` (
  `ticketseverities_id` int(19) NOT NULL AUTO_INCREMENT,
  `ticketseverities` varchar(100) DEFAULT NULL,
  `SORTORDERID` int(19) NOT NULL DEFAULT '0',
  `PRESENCE` int(1) NOT NULL DEFAULT '0',
  PRIMARY KEY (`ticketseverities_id`)
) ENGINE=MyISAM AUTO_INCREMENT=5 DEFAULT CHARSET=latin1;
/*!40101 SET character_set_client = @saved_cs_client */;

--
-- Dumping data for table `ticketseverities`
--

LOCK TABLES `ticketseverities` WRITE;
/*!40000 ALTER TABLE `ticketseverities` DISABLE KEYS */;
INSERT INTO `ticketseverities` VALUES (1,'Minor',0,1),(2,'Major',1,1),(3,'Feature',2,1),(4,'Critical',3,1);
/*!40000 ALTER TABLE `ticketseverities` ENABLE KEYS */;
UNLOCK TABLES;

--
-- Table structure for table `ticketstatus`
--

DROP TABLE IF EXISTS `ticketstatus`;
/*!40101 SET @saved_cs_client     = @@character_set_client */;
/*!40101 SET character_set_client = utf8 */;
CREATE TABLE `ticketstatus` (
  `ticketstatus_id` int(19) NOT NULL AUTO_INCREMENT,
  `ticketstatus` varchar(60) DEFAULT NULL,
  `SORTORDERID` int(19) NOT NULL DEFAULT '0',
  `PRESENCE` int(1) NOT NULL DEFAULT '0',
  PRIMARY KEY (`ticketstatus_id`)
) ENGINE=MyISAM AUTO_INCREMENT=5 DEFAULT CHARSET=latin1;
/*!40101 SET character_set_client = @saved_cs_client */;

--
-- Dumping data for table `ticketstatus`
--

LOCK TABLES `ticketstatus` WRITE;
/*!40000 ALTER TABLE `ticketstatus` DISABLE KEYS */;
INSERT INTO `ticketstatus` VALUES (1,'Open',0,1),(2,'In Progress',1,1),(3,'Wait For Response',2,1),(4,'Closed',3,1);
/*!40000 ALTER TABLE `ticketstatus` ENABLE KEYS */;
UNLOCK TABLES;

--
-- Table structure for table `ticketstracktime`
--

DROP TABLE IF EXISTS `ticketstracktime`;
/*!40101 SET @saved_cs_client     = @@character_set_client */;
/*!40101 SET character_set_client = utf8 */;
CREATE TABLE `ticketstracktime` (
  `ticket_id` int(11) NOT NULL DEFAULT '0',
  `supporter_id` int(11) NOT NULL DEFAULT '0',
  `minutes` int(11) DEFAULT '0',
  `date_logged` int(11) NOT NULL DEFAULT '0',
  KEY `idx_ticketstracktime` (`ticket_id`)
) ENGINE=MyISAM DEFAULT CHARSET=latin1;
/*!40101 SET character_set_client = @saved_cs_client */;

--
-- Dumping data for table `ticketstracktime`
--

LOCK TABLES `ticketstracktime` WRITE;
/*!40000 ALTER TABLE `ticketstracktime` DISABLE KEYS */;
/*!40000 ALTER TABLE `ticketstracktime` ENABLE KEYS */;
UNLOCK TABLES;

--
-- Table structure for table `tracker`
--

DROP TABLE IF EXISTS `tracker`;
/*!40101 SET @saved_cs_client     = @@character_set_client */;
/*!40101 SET character_set_client = utf8 */;
CREATE TABLE `tracker` (
  `id` int(11) NOT NULL AUTO_INCREMENT,
  `user_id` varchar(36) DEFAULT NULL,
  `module_name` varchar(25) DEFAULT NULL,
  `item_id` varchar(36) DEFAULT NULL,
  `item_summary` varchar(255) DEFAULT NULL,
  PRIMARY KEY (`id`)
) ENGINE=MyISAM AUTO_INCREMENT=8332 DEFAULT CHARSET=latin1;
/*!40101 SET character_set_client = @saved_cs_client */;

--
-- Dumping data for table `tracker`
--

LOCK TABLES `tracker` WRITE;
/*!40000 ALTER TABLE `tracker` DISABLE KEYS */;
INSERT INTO `tracker` VALUES (8227,'','Users','1082',''),(8323,'1','Users','662','andy larkin'),(8320,'1','Accounts','1265','MF Furgerson'),(8331,'1','Leads','1049','Berri Johnston'),(8327,'1','Potentials','1268','testing'),(8324,'662','Activities','1269','tetst'),(8325,'662','Accounts','1027','Spanglett, Gareth'),(8326,'662','Accounts','1087','Mahsie'),(8330,'1','Users','1',' Administrator');
/*!40000 ALTER TABLE `tracker` ENABLE KEYS */;
UNLOCK TABLES;

--
-- Table structure for table `troubletickets`
--

DROP TABLE IF EXISTS `troubletickets`;
/*!40101 SET @saved_cs_client     = @@character_set_client */;
/*!40101 SET character_set_client = utf8 */;
CREATE TABLE `troubletickets` (
  `ticketid` int(19) NOT NULL DEFAULT '0',
  `groupname` varchar(100) DEFAULT NULL,
  `parent_id` varchar(100) DEFAULT NULL,
  `product_id` varchar(100) DEFAULT NULL,
  `priority` varchar(150) DEFAULT NULL,
  `severity` varchar(150) DEFAULT NULL,
  `status` varchar(150) DEFAULT NULL,
  `category` varchar(150) DEFAULT NULL,
  `title` varchar(255) NOT NULL DEFAULT '',
  `description` longtext,
  `solution` longtext,
  `update_log` longtext,
  `version_id` int(11) DEFAULT NULL,
  PRIMARY KEY (`ticketid`),
  KEY `troubletickets_IDX0` (`ticketid`),
  KEY `status` (`status`),
  CONSTRAINT `fk_troubleticketsCF` FOREIGN KEY (`ticketid`) REFERENCES `crmentity` (`crmid`) ON DELETE CASCADE
) ENGINE=InnoDB DEFAULT CHARSET=latin1;
/*!40101 SET character_set_client = @saved_cs_client */;

--
-- Dumping data for table `troubletickets`
--

LOCK TABLES `troubletickets` WRITE;
/*!40000 ALTER TABLE `troubletickets` DISABLE KEYS */;
/*!40000 ALTER TABLE `troubletickets` ENABLE KEYS */;
UNLOCK TABLES;

--
-- Table structure for table `unitsofmeasure`
--

DROP TABLE IF EXISTS `unitsofmeasure`;
/*!40101 SET @saved_cs_client     = @@character_set_client */;
/*!40101 SET character_set_client = utf8 */;
CREATE TABLE `unitsofmeasure` (
  `unitid` tinyint(4) NOT NULL AUTO_INCREMENT,
  `unitname` varchar(15) NOT NULL DEFAULT '',
  PRIMARY KEY (`unitid`)
) ENGINE=InnoDB AUTO_INCREMENT=19 DEFAULT CHARSET=latin1;
/*!40101 SET character_set_client = @saved_cs_client */;

--
-- Dumping data for table `unitsofmeasure`
--

LOCK TABLES `unitsofmeasure` WRITE;
/*!40000 ALTER TABLE `unitsofmeasure` DISABLE KEYS */;
INSERT INTO `unitsofmeasure` VALUES (1,'each'),(2,'metres'),(3,'kg'),(4,'litres'),(5,'length'),(6,'pack'),(7,'bars'),(8,'tins'),(9,'bags'),(10,'sachets'),(11,'pouches'),(12,'units'),(13,'grams'),(14,'case'),(15,'pounds'),(16,'container'),(17,'10kg'),(18,'25kg');
/*!40000 ALTER TABLE `unitsofmeasure` ENABLE KEYS */;
UNLOCK TABLES;

--
-- Table structure for table `usageunit`
--

DROP TABLE IF EXISTS `usageunit`;
/*!40101 SET @saved_cs_client     = @@character_set_client */;
/*!40101 SET character_set_client = utf8 */;
CREATE TABLE `usageunit` (
  `usageunitid` int(19) NOT NULL AUTO_INCREMENT,
  `usageunit` varchar(200) NOT NULL DEFAULT '',
  `sortorderid` int(19) NOT NULL DEFAULT '0',
  `presence` int(1) NOT NULL DEFAULT '1',
  PRIMARY KEY (`usageunitid`),
  UNIQUE KEY `UsageUnit_UK0` (`usageunit`)
) ENGINE=InnoDB AUTO_INCREMENT=18 DEFAULT CHARSET=latin1;
/*!40101 SET character_set_client = @saved_cs_client */;

--
-- Dumping data for table `usageunit`
--

LOCK TABLES `usageunit` WRITE;
/*!40000 ALTER TABLE `usageunit` DISABLE KEYS */;
INSERT INTO `usageunit` VALUES (1,'Box',0,1),(2,'Carton',1,1),(3,'Caton',2,1),(4,'Dozen',3,1),(5,'Each',4,1),(6,'Hours',5,1),(7,'Impressions',6,1),(8,'Lb',7,1),(9,'M',8,1),(10,'Pack',9,1),(11,'Pages',10,1),(12,'Pieces',11,1),(13,'Quantity',12,1),(14,'Reams',13,1),(15,'Sheet',14,1),(16,'Spiral Binder',15,1),(17,'Sq Ft',16,1);
/*!40000 ALTER TABLE `usageunit` ENABLE KEYS */;
UNLOCK TABLES;

--
-- Table structure for table `user2role`
--

DROP TABLE IF EXISTS `user2role`;
/*!40101 SET @saved_cs_client     = @@character_set_client */;
/*!40101 SET character_set_client = utf8 */;
CREATE TABLE `user2role` (
  `userid` int(11) NOT NULL DEFAULT '0',
  `roleid` int(11) NOT NULL DEFAULT '0',
  PRIMARY KEY (`userid`),
  KEY `user2role_IDX1` (`roleid`),
  CONSTRAINT `fk_user2role1` FOREIGN KEY (`userid`) REFERENCES `users` (`id`) ON DELETE CASCADE,
  CONSTRAINT `fk_user2role2` FOREIGN KEY (`roleid`) REFERENCES `role` (`roleid`) ON DELETE CASCADE
) ENGINE=InnoDB DEFAULT CHARSET=latin1;
/*!40101 SET character_set_client = @saved_cs_client */;

--
-- Dumping data for table `user2role`
--

LOCK TABLES `user2role` WRITE;
/*!40000 ALTER TABLE `user2role` DISABLE KEYS */;
INSERT INTO `user2role` VALUES (1,1),(660,1),(661,1),(662,1),(657,2);
/*!40000 ALTER TABLE `user2role` ENABLE KEYS */;
UNLOCK TABLES;

--
-- Table structure for table `user_rel`
--

DROP TABLE IF EXISTS `user_rel`;
/*!40101 SET @saved_cs_client     = @@character_set_client */;
/*!40101 SET character_set_client = utf8 */;
CREATE TABLE `user_rel` (
  `id` int(19) NOT NULL AUTO_INCREMENT,
  `userid` varchar(19) NOT NULL DEFAULT '',
  `debtorid` varchar(19) NOT NULL DEFAULT '',
  `accountid` int(19) NOT NULL DEFAULT '0',
  `contactid` int(19) NOT NULL DEFAULT '0',
  PRIMARY KEY (`id`)
) ENGINE=MyISAM AUTO_INCREMENT=17 DEFAULT CHARSET=latin1;
/*!40101 SET character_set_client = @saved_cs_client */;

--
-- Dumping data for table `user_rel`
--

LOCK TABLES `user_rel` WRITE;
/*!40000 ALTER TABLE `user_rel` DISABLE KEYS */;
INSERT INTO `user_rel` VALUES (1,'79','',1068,1069),(2,'80','',1070,1071),(3,'81','',1080,1081),(4,'82','',1084,1085),(5,'78','',1087,1088),(6,'83','',1094,1095),(7,'84','',1103,1104),(8,'85','',1109,1110),(9,'86','',1118,1119),(10,'87','',1121,1122),(11,'88','',1128,1129),(12,'89','',1131,1132),(13,'90','',1184,1185),(14,'91','',1230,1231),(15,'92','',1238,1239),(16,'93','',1254,1255);
/*!40000 ALTER TABLE `user_rel` ENABLE KEYS */;
UNLOCK TABLES;

--
-- Table structure for table `users`
--

DROP TABLE IF EXISTS `users`;
/*!40101 SET @saved_cs_client     = @@character_set_client */;
/*!40101 SET character_set_client = utf8 */;
CREATE TABLE `users` (
  `id` int(11) NOT NULL AUTO_INCREMENT,
  `user_name` varchar(20) DEFAULT NULL,
  `user_password` varchar(30) DEFAULT NULL,
  `user_hash` varchar(32) DEFAULT NULL,
  `first_name` varchar(30) DEFAULT NULL,
  `last_name` varchar(30) DEFAULT NULL,
  `reports_to_id` varchar(36) DEFAULT NULL,
  `is_admin` char(3) DEFAULT '0',
  `description` longtext,
  `date_entered` timestamp NOT NULL DEFAULT CURRENT_TIMESTAMP ON UPDATE CURRENT_TIMESTAMP,
  `date_modified` timestamp NOT NULL DEFAULT '0000-00-00 00:00:00',
  `modified_user_id` varchar(36) DEFAULT NULL,
  `title` varchar(50) DEFAULT NULL,
  `department` varchar(50) DEFAULT NULL,
  `phone_home` varchar(50) DEFAULT NULL,
  `phone_mobile` varchar(50) DEFAULT NULL,
  `phone_work` varchar(50) DEFAULT NULL,
  `phone_other` varchar(50) DEFAULT NULL,
  `phone_fax` varchar(50) DEFAULT NULL,
  `email1` varchar(100) DEFAULT NULL,
  `email2` varchar(100) DEFAULT NULL,
  `yahoo_id` varchar(100) DEFAULT NULL,
  `status` varchar(25) DEFAULT NULL,
  `signature` varchar(250) DEFAULT NULL,
  `address_street` varchar(150) DEFAULT NULL,
  `address_city` varchar(100) DEFAULT NULL,
  `address_state` varchar(100) DEFAULT NULL,
  `address_country` varchar(25) DEFAULT NULL,
  `address_postalcode` varchar(9) DEFAULT NULL,
  `user_preferences` longtext,
  `tz` varchar(30) DEFAULT NULL,
  `holidays` varchar(60) DEFAULT NULL,
  `namedays` varchar(60) DEFAULT NULL,
  `workdays` varchar(30) DEFAULT NULL,
  `weekstart` int(11) DEFAULT NULL,
  `date_format` varchar(30) DEFAULT NULL,
  `deleted` int(1) NOT NULL DEFAULT '0',
  PRIMARY KEY (`id`),
  KEY `idx_user_name` (`user_name`),
  KEY `user_password` (`user_password`)
) ENGINE=InnoDB AUTO_INCREMENT=663 DEFAULT CHARSET=latin1;
/*!40101 SET character_set_client = @saved_cs_client */;

--
-- Dumping data for table `users`
--

LOCK TABLES `users` WRITE;
/*!40000 ALTER TABLE `users` DISABLE KEYS */;
INSERT INTO `users` VALUES (1,'admin','adpexzg3FUZAk','21232f297a57a5a743894a0e4a801fc3','','Administrator','','on','','2010-12-29 05:15:50','2010-12-30 23:15:23','1','','','','','','','','jeff@mwds.ca','','','Active','','','','','','','YTo1OntzOjE0OiJvYm1fZGF0ZV9zdGFydCI7czoxMDoiMjAwNC0wMS0wMiI7czoxMjoib2JtX2RhdGVfZW5kIjtzOjEwOiIyMDA2LTEyLTMxIjtzOjI4OiJBZG1pbmlzdHJhdGlvbl9VU0VSX09SREVSX0JZIjtzOjIxOiJmaXJzdF9uYW1lLCBsYXN0X25hbWUiO3M6MTk6IlVzZXJzX1VTRVJfT1JERVJfQlkiO3M6MjE6ImZpcnN0X25hbWUsIGxhc3RfbmFtZSI7czoyMDoiVXNlcnNfTE9HSU5fT1JERVJfQlkiO3M6ODoibG9naW5faWQiO30=','Europe/Berlin','de,en_uk,fr,it,us,','','0,1,2,3,4,5,6,',1,'yyyy-mm-dd',0),(657,'spartan','spL39pGDm8Pa6','d1efbc3501210630f69eccedd654488f','','Spartan','','off','','2007-03-22 17:07:14','2007-03-22 17:06:54','1','','','','','','','','gareth@agora-group.com','','','Active','','','','','','',NULL,'Europe/Berlin','de,en_uk,fr,it,us,','','0,1,2,3,4,5,6,',1,'dd-mm-yyyy',0),(658,'jwill',NULL,NULL,'Jeff','willames','','off','','2010-12-09 08:13:06','2010-12-09 08:13:06','1','','','','','','','','jwill@mwds.ca','','','Active','','','','','','',NULL,'Europe/Berlin','de,en_uk,fr,it,us,','','0,1,2,3,4,5,6,',1,'dd-mm-yyyy',0),(659,'gwill',NULL,NULL,'Geoffrey','willames','','off','','2010-12-09 08:16:33','2010-12-09 08:16:33','1','','','','','','','','gwill@mwds.ca','','','Active','','','','','','',NULL,'Europe/Berlin','de,en_uk,fr,it,us,','','0,1,2,3,4,5,6,',1,'dd-mm-yyyy',0),(660,'adean',NULL,NULL,'andy','Dean','','off','','2010-12-09 08:19:33','2010-12-09 08:19:33','1','','','','','','','','adean@mwds.ca','','','Active','','','','','','',NULL,'Europe/Berlin','de,en_uk,fr,it,us,','','0,1,2,3,4,5,6,',1,'dd-mm-yyyy',0),(661,'jacky',NULL,NULL,'jackie','smith','','off','','2010-12-09 08:53:55','2010-12-09 08:53:55','1','','','','','','','','jsmith@mwds.ca','','','Active','','','','','','',NULL,'Europe/Berlin','de,en_uk,fr,it,us,','','0,1,2,3,4,5,6,',1,'dd-mm-yyyy',0),(662,'alarkin','alKO32XTbYKbE','2de26383c0193a0f903043d869269cac','andy','larkin','','off','','2010-12-29 05:17:31','2010-12-09 08:57:44','1','','','','','','','','alarkin@mwds.ca','','','Active','','','','','','','YTozOntzOjE0OiJvYm1fZGF0ZV9zdGFydCI7czoxMDoiMjAwNi0xMi0yOSI7czoxMjoib2JtX2RhdGVfZW5kIjtzOjEwOiIyMDEwLTEyLTIzIjtzOjc6Im9ibV9pZHMiO2E6NTp7aTowO3M6MzoiNjYwIjtpOjE7czoxOiIxIjtpOjI7czozOiI2NjIiO2k6MztzOjM6IjY1OSI7aTo0O3M6MzoiNjYxIjt9fQ==','Europe/Berlin','de,en_uk,fr,it,us,','','0,1,2,3,4,5,6,',1,'dd-mm-yyyy',0);
/*!40000 ALTER TABLE `users` ENABLE KEYS */;
UNLOCK TABLES;

--
-- Table structure for table `users2group`
--

DROP TABLE IF EXISTS `users2group`;
/*!40101 SET @saved_cs_client     = @@character_set_client */;
/*!40101 SET character_set_client = utf8 */;
CREATE TABLE `users2group` (
  `groupname` varchar(100) DEFAULT NULL,
  `userid` varchar(50) DEFAULT NULL,
  KEY `idx_users2group` (`groupname`,`userid`)
) ENGINE=MyISAM DEFAULT CHARSET=latin1;
/*!40101 SET character_set_client = @saved_cs_client */;

--
-- Dumping data for table `users2group`
--

LOCK TABLES `users2group` WRITE;
/*!40000 ALTER TABLE `users2group` DISABLE KEYS */;
/*!40000 ALTER TABLE `users2group` ENABLE KEYS */;
UNLOCK TABLES;

--
-- Table structure for table `users_last_import`
--

DROP TABLE IF EXISTS `users_last_import`;
/*!40101 SET @saved_cs_client     = @@character_set_client */;
/*!40101 SET character_set_client = utf8 */;
CREATE TABLE `users_last_import` (
  `id` int(36) NOT NULL AUTO_INCREMENT,
  `assigned_user_id` varchar(36) DEFAULT NULL,
  `bean_type` varchar(36) DEFAULT NULL,
  `bean_id` varchar(36) DEFAULT NULL,
  `deleted` int(1) NOT NULL DEFAULT '0',
  PRIMARY KEY (`id`),
  KEY `idx_user_id` (`assigned_user_id`)
) ENGINE=MyISAM AUTO_INCREMENT=645 DEFAULT CHARSET=latin1;
/*!40101 SET character_set_client = @saved_cs_client */;

--
-- Dumping data for table `users_last_import`
--

LOCK TABLES `users_last_import` WRITE;
/*!40000 ALTER TABLE `users_last_import` DISABLE KEYS */;
/*!40000 ALTER TABLE `users_last_import` ENABLE KEYS */;
UNLOCK TABLES;

--
-- Table structure for table `users_seq`
--

DROP TABLE IF EXISTS `users_seq`;
/*!40101 SET @saved_cs_client     = @@character_set_client */;
/*!40101 SET character_set_client = utf8 */;
CREATE TABLE `users_seq` (
  `id` int(11) NOT NULL DEFAULT '0'
) ENGINE=MyISAM DEFAULT CHARSET=latin1;
/*!40101 SET character_set_client = @saved_cs_client */;

--
-- Dumping data for table `users_seq`
--

LOCK TABLES `users_seq` WRITE;
/*!40000 ALTER TABLE `users_seq` DISABLE KEYS */;
INSERT INTO `users_seq` VALUES (662);
/*!40000 ALTER TABLE `users_seq` ENABLE KEYS */;
UNLOCK TABLES;

--
-- Table structure for table `usertype`
--

DROP TABLE IF EXISTS `usertype`;
/*!40101 SET @saved_cs_client     = @@character_set_client */;
/*!40101 SET character_set_client = utf8 */;
CREATE TABLE `usertype` (
  `usertypeid` int(19) NOT NULL AUTO_INCREMENT,
  `usertype` varchar(200) NOT NULL DEFAULT '',
  `sortorderid` int(19) NOT NULL DEFAULT '0',
  `presence` int(1) NOT NULL DEFAULT '1',
  PRIMARY KEY (`usertypeid`),
  UNIQUE KEY `UserType_UK0` (`usertype`)
) ENGINE=InnoDB DEFAULT CHARSET=latin1;
/*!40101 SET character_set_client = @saved_cs_client */;

--
-- Dumping data for table `usertype`
--

LOCK TABLES `usertype` WRITE;
/*!40000 ALTER TABLE `usertype` DISABLE KEYS */;
/*!40000 ALTER TABLE `usertype` ENABLE KEYS */;
UNLOCK TABLES;

--
-- Table structure for table `vendor`
--

DROP TABLE IF EXISTS `vendor`;
/*!40101 SET @saved_cs_client     = @@character_set_client */;
/*!40101 SET character_set_client = utf8 */;
CREATE TABLE `vendor` (
  `vendorid` int(19) NOT NULL DEFAULT '0',
  `company_name` varchar(100) DEFAULT NULL,
  `vendorname` varchar(100) DEFAULT NULL,
  `phone` varchar(100) DEFAULT NULL,
  `email` varchar(100) DEFAULT NULL,
  `website` varchar(100) DEFAULT NULL,
  `glacct` varchar(50) DEFAULT NULL,
  `category` varchar(50) DEFAULT NULL,
  `street` longtext,
  `city` varchar(30) DEFAULT NULL,
  `state` varchar(30) DEFAULT NULL,
  `postalcode` varchar(100) DEFAULT NULL,
  `country` varchar(100) DEFAULT NULL,
  `description` longtext,
  PRIMARY KEY (`vendorid`),
  CONSTRAINT `fk_Vendor` FOREIGN KEY (`vendorid`) REFERENCES `crmentity` (`crmid`) ON DELETE CASCADE
) ENGINE=InnoDB DEFAULT CHARSET=latin1;
/*!40101 SET character_set_client = @saved_cs_client */;

--
-- Dumping data for table `vendor`
--

LOCK TABLES `vendor` WRITE;
/*!40000 ALTER TABLE `vendor` DISABLE KEYS */;
/*!40000 ALTER TABLE `vendor` ENABLE KEYS */;
UNLOCK TABLES;

--
-- Table structure for table `vendorcf`
--

DROP TABLE IF EXISTS `vendorcf`;
/*!40101 SET @saved_cs_client     = @@character_set_client */;
/*!40101 SET character_set_client = utf8 */;
CREATE TABLE `vendorcf` (
  `vendorid` int(19) NOT NULL DEFAULT '0',
  PRIMARY KEY (`vendorid`),
  CONSTRAINT `fk_VendorCF` FOREIGN KEY (`vendorid`) REFERENCES `vendor` (`vendorid`) ON DELETE CASCADE
) ENGINE=InnoDB DEFAULT CHARSET=latin1;
/*!40101 SET character_set_client = @saved_cs_client */;

--
-- Dumping data for table `vendorcf`
--

LOCK TABLES `vendorcf` WRITE;
/*!40000 ALTER TABLE `vendorcf` DISABLE KEYS */;
/*!40000 ALTER TABLE `vendorcf` ENABLE KEYS */;
UNLOCK TABLES;

--
-- Table structure for table `vendorcontactrel`
--

DROP TABLE IF EXISTS `vendorcontactrel`;
/*!40101 SET @saved_cs_client     = @@character_set_client */;
/*!40101 SET character_set_client = utf8 */;
CREATE TABLE `vendorcontactrel` (
  `vendorid` int(19) NOT NULL DEFAULT '0',
  `contactid` int(19) NOT NULL DEFAULT '0',
  PRIMARY KEY (`vendorid`,`contactid`),
  KEY `VendorContactRel_IDX0` (`vendorid`),
  KEY `VendorContactRel_IDX1` (`contactid`),
  CONSTRAINT `fk_VendorContactRel` FOREIGN KEY (`contactid`) REFERENCES `contactdetails` (`contactid`) ON DELETE CASCADE
) ENGINE=InnoDB DEFAULT CHARSET=latin1;
/*!40101 SET character_set_client = @saved_cs_client */;

--
-- Dumping data for table `vendorcontactrel`
--

LOCK TABLES `vendorcontactrel` WRITE;
/*!40000 ALTER TABLE `vendorcontactrel` DISABLE KEYS */;
/*!40000 ALTER TABLE `vendorcontactrel` ENABLE KEYS */;
UNLOCK TABLES;

--
-- Table structure for table `wordtemplates`
--

DROP TABLE IF EXISTS `wordtemplates`;
/*!40101 SET @saved_cs_client     = @@character_set_client */;
/*!40101 SET character_set_client = utf8 */;
CREATE TABLE `wordtemplates` (
  `templateid` int(19) NOT NULL DEFAULT '0',
  `filename` varchar(100) NOT NULL DEFAULT '',
  `module` varchar(30) NOT NULL DEFAULT '',
  `date_entered` timestamp NOT NULL DEFAULT CURRENT_TIMESTAMP ON UPDATE CURRENT_TIMESTAMP,
  `parent_type` varchar(50) NOT NULL DEFAULT '',
  `data` longblob,
  `description` longtext,
  `filesize` varchar(50) NOT NULL DEFAULT '',
  `filetype` varchar(20) NOT NULL DEFAULT '',
  `deleted` int(1) NOT NULL DEFAULT '0',
  PRIMARY KEY (`templateid`)
) ENGINE=MyISAM DEFAULT CHARSET=latin1;
/*!40101 SET character_set_client = @saved_cs_client */;

--
-- Dumping data for table `wordtemplates`
--

LOCK TABLES `wordtemplates` WRITE;
/*!40000 ALTER TABLE `wordtemplates` DISABLE KEYS */;
/*!40000 ALTER TABLE `wordtemplates` ENABLE KEYS */;
UNLOCK TABLES;

--
-- Table structure for table `workcentres`
--

DROP TABLE IF EXISTS `workcentres`;
/*!40101 SET @saved_cs_client     = @@character_set_client */;
/*!40101 SET character_set_client = utf8 */;
CREATE TABLE `workcentres` (
  `code` char(5) NOT NULL DEFAULT '',
  `location` char(5) NOT NULL DEFAULT '',
  `description` char(20) NOT NULL DEFAULT '',
  `capacity` double NOT NULL DEFAULT '1',
  `overheadperhour` decimal(10,0) NOT NULL DEFAULT '0',
  `overheadrecoveryact` int(11) NOT NULL DEFAULT '0',
  `setuphrs` decimal(10,0) NOT NULL DEFAULT '0',
  PRIMARY KEY (`code`),
  KEY `Description` (`description`),
  KEY `Location` (`location`),
  CONSTRAINT `workcentres_ibfk_1` FOREIGN KEY (`location`) REFERENCES `locations` (`loccode`)
) ENGINE=InnoDB DEFAULT CHARSET=latin1;
/*!40101 SET character_set_client = @saved_cs_client */;

--
-- Dumping data for table `workcentres`
--

LOCK TABLES `workcentres` WRITE;
/*!40000 ALTER TABLE `workcentres` DISABLE KEYS */;
INSERT INTO `workcentres` VALUES ('NY1','NY','New York Plant',1,0,5300,0),('TO1','TOR','Toronto Warehouse',1,0,5300,0);
/*!40000 ALTER TABLE `workcentres` ENABLE KEYS */;
UNLOCK TABLES;

--
-- Table structure for table `worksorders`
--

DROP TABLE IF EXISTS `worksorders`;
/*!40101 SET @saved_cs_client     = @@character_set_client */;
/*!40101 SET character_set_client = utf8 */;
CREATE TABLE `worksorders` (
  `woref` char(20) NOT NULL DEFAULT '',
  `loccode` char(5) NOT NULL DEFAULT '',
  `unitsreqd` smallint(6) NOT NULL DEFAULT '1',
  `unitsrecd` double NOT NULL DEFAULT '0',
  `stockid` char(20) NOT NULL DEFAULT '',
  `stdcost` decimal(20,4) NOT NULL DEFAULT '0.0000',
  `requiredby` date NOT NULL DEFAULT '0000-00-00',
  `releaseddate` date NOT NULL DEFAULT '1800-01-01',
  `accumvalueissued` decimal(20,4) NOT NULL DEFAULT '0.0000',
  `accumvaluetrfd` decimal(20,4) NOT NULL DEFAULT '0.0000',
  `closed` tinyint(4) NOT NULL DEFAULT '0',
  `released` tinyint(4) NOT NULL DEFAULT '0',
  PRIMARY KEY (`woref`),
  KEY `StockID` (`stockid`),
  KEY `LocCode` (`loccode`),
  KEY `ReleasedDate` (`releaseddate`),
  KEY `RequiredBy` (`requiredby`),
  KEY `WORef` (`woref`,`loccode`),
  CONSTRAINT `worksorders_ibfk_1` FOREIGN KEY (`loccode`) REFERENCES `locations` (`loccode`),
  CONSTRAINT `worksorders_ibfk_2` FOREIGN KEY (`stockid`) REFERENCES `stockmaster` (`stockid`)
) ENGINE=InnoDB DEFAULT CHARSET=latin1;
/*!40101 SET character_set_client = @saved_cs_client */;

--
-- Dumping data for table `worksorders`
--

LOCK TABLES `worksorders` WRITE;
/*!40000 ALTER TABLE `worksorders` DISABLE KEYS */;
/*!40000 ALTER TABLE `worksorders` ENABLE KEYS */;
UNLOCK TABLES;

--
-- Table structure for table `www_users`
--

DROP TABLE IF EXISTS `www_users`;
/*!40101 SET @saved_cs_client     = @@character_set_client */;
/*!40101 SET character_set_client = utf8 */;
CREATE TABLE `www_users` (
  `userid` varchar(20) NOT NULL DEFAULT '',
  `password` text NOT NULL,
  `realname` varchar(35) NOT NULL DEFAULT '',
  `customerid` varchar(10) NOT NULL DEFAULT '',
  `phone` varchar(30) NOT NULL DEFAULT '',
  `email` varchar(55) DEFAULT NULL,
  `defaultlocation` varchar(5) NOT NULL DEFAULT '',
  `fullaccess` int(11) NOT NULL DEFAULT '1',
  `lastvisitdate` datetime DEFAULT NULL,
  `branchcode` varchar(10) NOT NULL DEFAULT '',
  `pagesize` varchar(20) NOT NULL DEFAULT 'A4',
  `modulesallowed` varchar(20) NOT NULL DEFAULT '',
  `blocked` tinyint(4) NOT NULL DEFAULT '0',
  `displayrecordsmax` int(11) NOT NULL DEFAULT '0',
  `theme` varchar(30) NOT NULL DEFAULT 'fresh',
  `language` varchar(5) NOT NULL DEFAULT 'en_GB',
  PRIMARY KEY (`userid`),
  KEY `CustomerID` (`customerid`),
  KEY `DefaultLocation` (`defaultlocation`),
  CONSTRAINT `www_users_ibfk_1` FOREIGN KEY (`defaultlocation`) REFERENCES `locations` (`loccode`)
) ENGINE=InnoDB DEFAULT CHARSET=latin1;
/*!40101 SET character_set_client = @saved_cs_client */;

--
-- Dumping data for table `www_users`
--

LOCK TABLES `www_users` WRITE;
/*!40000 ALTER TABLE `www_users` DISABLE KEYS */;
INSERT INTO `www_users` VALUES ('admin','d033e22ae348aeb5660fc2140aec35850c4da997','Administrator','','','','HQ',8,'2011-03-23 01:17:38','','letter','1,1,1,1,1,1,1,1,',0,50,'professional','en_GB'),('gareth','022e3786d7c17bbe8420b24c77dca9710a27ad2d','Gareth Spanglett','','613-761-1489','gareth@agora-group.com','HQ',8,'2007-08-19 19:30:20','','letter','1,1,1,1,1,1,1,1,',0,50,'professional','en_GB'),('user','f0f77a7f88e7c1e93ab4e316b4574c7843b00ea4','user','','','','HQ',2,'2010-09-30 02:30:11','','A4','1,1,1,1,1,1,1,1,',0,50,'professional','en_GB');
/*!40000 ALTER TABLE `www_users` ENABLE KEYS */;
UNLOCK TABLES;
/*!40103 SET TIME_ZONE=@OLD_TIME_ZONE */;

/*!40101 SET SQL_MODE=@OLD_SQL_MODE */;
/*!40014 SET FOREIGN_KEY_CHECKS=@OLD_FOREIGN_KEY_CHECKS */;
/*!40014 SET UNIQUE_CHECKS=@OLD_UNIQUE_CHECKS */;
/*!40101 SET CHARACTER_SET_CLIENT=@OLD_CHARACTER_SET_CLIENT */;
/*!40101 SET CHARACTER_SET_RESULTS=@OLD_CHARACTER_SET_RESULTS */;
/*!40101 SET COLLATION_CONNECTION=@OLD_COLLATION_CONNECTION */;
/*!40111 SET SQL_NOTES=@OLD_SQL_NOTES */;

-- Dump completed on 2013-09-08 21:44:34

-- PATCH FOR ZONES
CREATE TABLE `zones` (
  `zoneid` int(11) NOT NULL AUTO_INCREMENT,
  `loc` varchar(3) DEFAULT NULL,
  `region` varchar(3) DEFAULT NULL,
  PRIMARY KEY (`zoneid`),
  KEY `loc_idx` (`loc`),
  CONSTRAINT `loc` FOREIGN KEY (`loc`) REFERENCES `locations` (`loccode`) ON DELETE NO ACTION ON UPDATE NO ACTION
) ENGINE=InnoDB AUTO_INCREMENT=72 DEFAULT CHARSET=latin1 
